# Blender 4.4.0
# www.blender.org
mtllib Holomap 2.0 .mtl
o Cylinder.045
v 0.000000 1.865992 -0.599966
v 0.000000 1.925627 -0.599966
v 0.519586 1.865992 -0.299983
v 0.519586 1.925627 -0.299983
v 0.519586 1.865992 0.299983
v 0.519586 1.925627 0.299983
v 0.000000 1.865992 0.599966
v 0.000000 1.925627 0.599966
v -0.519586 1.865992 0.299983
v -0.519586 1.925627 0.299983
v -0.519586 1.865992 -0.299983
v -0.519586 1.925627 -0.299983
v 0.022838 -1.211028 -0.614624
v 0.022838 1.211028 -0.614624
v 0.582607 -1.211028 -0.291441
v 0.582607 1.211028 -0.291441
v 0.582607 -1.211028 0.354925
v 0.582607 1.211028 0.354925
v 0.022838 -1.211028 0.678108
v 0.022838 1.211028 0.678108
v -0.536931 -1.211028 0.354925
v -0.536931 1.211028 0.354925
v -0.536931 -1.211028 -0.291441
v -0.536931 1.211028 -0.291441
v -2.113237 1.179783 -3.627489
v -2.113237 1.873312 -3.627489
v 2.110558 1.179783 -3.631622
v 2.110558 1.873312 -3.631622
v 4.226036 1.179783 0.024225
v 4.226036 1.873312 0.024225
v 2.117718 1.179783 3.684207
v 2.117718 1.873312 3.684207
v -2.106077 1.179783 3.688340
v -2.106077 1.873312 3.688340
v -4.221556 1.179783 0.032493
v -4.221556 1.873312 0.032493
v -0.001339 1.873312 -3.629555
v 3.168297 1.873312 -1.803698
v 3.171877 1.873312 1.854216
v 0.005820 1.873312 3.686274
v -3.163816 1.873312 1.860417
v -3.167396 1.873312 -1.797498
v -1.057289 1.873312 -3.628522
v 2.639428 1.873312 -2.717660
v 3.698957 1.873312 0.939221
v 1.061769 1.873312 3.685240
v -2.634947 1.873312 2.774379
v -3.694476 1.873312 -0.882503
v 1.054610 1.873312 -3.630589
v 3.697166 1.873312 -0.889736
v 2.644798 1.873312 2.769211
v -1.050129 1.873312 3.687307
v -3.692686 1.873312 0.946455
v -2.640317 1.873312 -2.712493
v -1.268478 1.873312 -3.628315
v -1.479668 1.873312 -3.628109
v -1.690858 1.873312 -3.627902
v -1.902048 1.873312 -3.627695
v 2.533654 1.873312 -2.900453
v 2.427880 1.873312 -3.083245
v 2.322106 1.873312 -3.266037
v 2.216332 1.873312 -3.448830
v 3.804373 1.873312 0.756222
v 3.909789 1.873312 0.573223
v 4.015204 1.873312 0.390224
v 4.120620 1.873312 0.207224
v 1.272959 1.873312 3.685033
v 1.484149 1.873312 3.684827
v 1.695339 1.873312 3.684620
v 1.906529 1.873312 3.684413
v -2.529173 1.873312 2.957171
v -2.423399 1.873312 3.139964
v -2.317625 1.873312 3.322756
v -2.211851 1.873312 3.505548
v -3.799892 1.873312 -0.699504
v -3.905308 1.873312 -0.516505
v -4.010724 1.873312 -0.333505
v -4.116139 1.873312 -0.150506
v 0.843420 1.873312 -3.630382
v 0.632230 1.873312 -3.630175
v 0.421040 1.873312 -3.629969
v 0.209850 1.873312 -3.629762
v 3.591393 1.873312 -1.072529
v 3.485619 1.873312 -1.255321
v 3.379845 1.873312 -1.438114
v 3.274071 1.873312 -1.620906
v 2.750214 1.873312 2.586213
v 2.855629 1.873312 2.403214
v 2.961045 1.873312 2.220214
v 3.066461 1.873312 2.037215
v -0.838939 1.873312 3.687100
v -0.627749 1.873312 3.686893
v -0.416559 1.873312 3.686687
v -0.205369 1.873312 3.686480
v -3.586912 1.873312 1.129247
v -3.481138 1.873312 1.312039
v -3.375364 1.873312 1.494832
v -3.269590 1.873312 1.677624
v -2.745733 1.873312 -2.529494
v -2.851149 1.873312 -2.346495
v -2.956565 1.873312 -2.163496
v -3.061980 1.873312 -1.980497
v -0.212529 1.873312 -3.629349
v -0.423719 1.873312 -3.629142
v -0.634909 1.873312 -3.628935
v -0.846099 1.873312 -3.628729
v 3.062523 1.873312 -1.986491
v 2.956749 1.873312 -2.169283
v 2.850975 1.873312 -2.352076
v 2.745202 1.873312 -2.534868
v 3.277293 1.873312 1.671217
v 3.382709 1.873312 1.488218
v 3.488125 1.873312 1.305219
v 3.593540 1.873312 1.122220
v 0.217010 1.873312 3.686067
v 0.428200 1.873312 3.685860
v 0.639390 1.873312 3.685654
v 0.850580 1.873312 3.685447
v -3.058043 1.873312 2.043209
v -2.952269 1.873312 2.226001
v -2.846495 1.873312 2.408794
v -2.740721 1.873312 2.591586
v -3.272812 1.873312 -1.614499
v -3.378229 1.873312 -1.431500
v -3.483644 1.873312 -1.248501
v -3.589060 1.873312 -1.065502
v 1.899369 1.873312 -3.631415
v 1.688179 1.873312 -3.631209
v 1.476989 1.873312 -3.631002
v 1.265799 1.873312 -3.630795
v 4.120262 1.873312 -0.158567
v 4.014488 1.873312 -0.341359
v 3.908714 1.873312 -0.524152
v 3.802941 1.873312 -0.706944
v 2.223134 1.873312 3.501208
v 2.328550 1.873312 3.318209
v 2.433966 1.873312 3.135210
v 2.539382 1.873312 2.952211
v -1.894888 1.873312 3.688134
v -1.683698 1.873312 3.687927
v -1.472508 1.873312 3.687720
v -1.261318 1.873312 3.687514
v -4.115781 1.873312 0.215285
v -4.010007 1.873312 0.398078
v -3.904234 1.873312 0.580870
v -3.798460 1.873312 0.763662
v -2.218653 1.873312 -3.444489
v -2.324069 1.873312 -3.261491
v -2.429485 1.873312 -3.078491
v -2.534901 1.873312 -2.895492
v -2.007643 1.873312 -3.627592
v 2.163445 1.873312 -3.540226
v 4.173328 1.873312 0.115725
v 2.012123 1.873312 3.684310
v -2.158964 1.873312 3.596944
v -4.168848 1.873312 -0.059007
v 0.104255 1.873312 -3.629658
v 3.221184 1.873312 -1.712302
v 3.119169 1.873312 1.945716
v -0.099774 1.873312 3.686377
v -3.216704 1.873312 1.769020
v -3.114688 1.873312 -1.888997
v -0.951694 1.873312 -3.628625
v 2.692315 1.873312 -2.626264
v 3.646249 1.873312 1.030720
v 0.956174 1.873312 3.685344
v -2.687834 1.873312 2.682982
v -3.641768 1.873312 -0.974002
v 1.160204 1.873312 -3.630692
v 3.750054 1.873312 -0.798340
v 2.592090 1.873312 2.860711
v -1.155723 1.873312 3.687410
v -3.745573 1.873312 0.855058
v -2.587609 1.873312 -2.803993
v -1.162883 1.873312 -3.628419
v -1.374073 1.873312 -3.628212
v -1.585263 1.873312 -3.628005
v -1.796453 1.873312 -3.627798
v 2.586541 1.873312 -2.809057
v 2.480767 1.873312 -2.991849
v 2.374993 1.873312 -3.174641
v 2.269219 1.873312 -3.357434
v 3.751664 1.873312 0.847721
v 3.857081 1.873312 0.664722
v 3.962497 1.873312 0.481723
v 4.067913 1.873312 0.298724
v 1.167364 1.873312 3.685137
v 1.378554 1.873312 3.684930
v 1.589744 1.873312 3.684724
v 1.800933 1.873312 3.684517
v -2.582060 1.873312 2.865775
v -2.476286 1.873312 3.048567
v -2.370512 1.873312 3.231360
v -2.264738 1.873312 3.414152
v -3.747184 1.873312 -0.791003
v -3.852600 1.873312 -0.608004
v -3.958016 1.873312 -0.425005
v -4.063432 1.873312 -0.242006
v 0.949015 1.873312 -3.630485
v 0.737825 1.873312 -3.630279
v 0.526635 1.873312 -3.630072
v 0.315445 1.873312 -3.629865
v 3.644280 1.873312 -0.981133
v 3.538506 1.873312 -1.163925
v 3.432732 1.873312 -1.346717
v 3.326958 1.873312 -1.529510
v 2.697506 1.873312 2.677712
v 2.802922 1.873312 2.494713
v 2.908337 1.873312 2.311714
v 3.013753 1.873312 2.128715
v -0.944534 1.873312 3.687204
v -0.733344 1.873312 3.686997
v -0.522154 1.873312 3.686790
v -0.310964 1.873312 3.686583
v -3.639799 1.873312 1.037851
v -3.534025 1.873312 1.220643
v -3.428251 1.873312 1.403436
v -3.322477 1.873312 1.586228
v -2.693025 1.873312 -2.620994
v -2.798441 1.873312 -2.437995
v -2.903857 1.873312 -2.254996
v -3.009273 1.873312 -2.071996
v -0.106934 1.873312 -3.629452
v -0.318124 1.873312 -3.629246
v -0.529314 1.873312 -3.629039
v -0.740504 1.873312 -3.628832
v 3.115410 1.873312 -1.895095
v 3.009636 1.873312 -2.077887
v 2.903862 1.873312 -2.260679
v 2.798089 1.873312 -2.443472
v 3.224585 1.873312 1.762717
v 3.330001 1.873312 1.579718
v 3.435417 1.873312 1.396718
v 3.540833 1.873312 1.213720
v 0.111415 1.873312 3.686170
v 0.322605 1.873312 3.685964
v 0.533795 1.873312 3.685757
v 0.744985 1.873312 3.685550
v -3.110929 1.873312 1.951813
v -3.005156 1.873312 2.134605
v -2.899382 1.873312 2.317398
v -2.793608 1.873312 2.500190
v -3.220104 1.873312 -1.705998
v -3.325521 1.873312 -1.522999
v -3.430936 1.873312 -1.340000
v -3.536352 1.873312 -1.157001
v 2.004964 1.873312 -3.631519
v 1.793774 1.873312 -3.631312
v 1.582584 1.873312 -3.631106
v 1.371394 1.873312 -3.630899
v 4.173149 1.873312 -0.067171
v 4.067375 1.873312 -0.249963
v 3.961601 1.873312 -0.432755
v 3.855828 1.873312 -0.615548
v 2.170426 1.873312 3.592707
v 2.275842 1.873312 3.409708
v 2.381258 1.873312 3.226709
v 2.486674 1.873312 3.043710
v -2.000483 1.873312 3.688237
v -1.789293 1.873312 3.688030
v -1.578103 1.873312 3.687824
v -1.366913 1.873312 3.687617
v -4.168668 1.873312 0.123889
v -4.062894 1.873312 0.306681
v -3.957121 1.873312 0.489474
v -3.851347 1.873312 0.672266
v -2.165945 1.873312 -3.535989
v -2.271361 1.873312 -3.352990
v -2.376777 1.873312 -3.169991
v -2.482193 1.873312 -2.986992
v -2.060440 1.873312 -3.627540
v 2.137002 1.873312 -3.585924
v 4.199682 1.873312 0.069975
v 2.064921 1.873312 3.684258
v -2.132521 1.873312 3.642642
v -4.195201 1.873312 -0.013257
v 0.051458 1.873312 -3.629607
v 3.194741 1.873312 -1.758000
v 3.145523 1.873312 1.899966
v -0.046977 1.873312 3.686325
v -3.190260 1.873312 1.814719
v -3.141043 1.873312 -1.843248
v -1.004491 1.873312 -3.628573
v 2.665871 1.873312 -2.671962
v 3.672603 1.873312 0.984971
v 1.008972 1.873312 3.685292
v -2.661391 1.873312 2.728680
v -3.668122 1.873312 -0.928252
v 1.107407 1.873312 -3.630640
v 3.723610 1.873312 -0.844038
v 2.618444 1.873312 2.814961
v -1.102926 1.873312 3.687359
v -3.719129 1.873312 0.900757
v -2.613963 1.873312 -2.758243
v -1.215681 1.873312 -3.628367
v -1.426870 1.873312 -3.628160
v -1.638061 1.873312 -3.627954
v -1.849250 1.873312 -3.627747
v 2.560097 1.873312 -2.854755
v 2.454323 1.873312 -3.037547
v 2.348550 1.873312 -3.220339
v 2.242776 1.873312 -3.403131
v 3.778019 1.873312 0.801972
v 3.883435 1.873312 0.618973
v 3.988851 1.873312 0.435973
v 4.094267 1.873312 0.252974
v 1.220162 1.873312 3.685085
v 1.431351 1.873312 3.684878
v 1.642542 1.873312 3.684672
v 1.853731 1.873312 3.684465
v -2.555617 1.873312 2.911473
v -2.449843 1.873312 3.094265
v -2.344069 1.873312 3.277057
v -2.238295 1.873312 3.459850
v -3.773538 1.873312 -0.745253
v -3.878954 1.873312 -0.562254
v -3.984370 1.873312 -0.379255
v -4.089786 1.873312 -0.196256
v 0.896217 1.873312 -3.630434
v 0.685027 1.873312 -3.630227
v 0.473837 1.873312 -3.630020
v 0.262648 1.873312 -3.629814
v 3.617836 1.873312 -1.026831
v 3.512062 1.873312 -1.209623
v 3.406289 1.873312 -1.392416
v 3.300514 1.873312 -1.575208
v 2.723860 1.873312 2.631963
v 2.829276 1.873312 2.448963
v 2.934691 1.873312 2.265964
v 3.040107 1.873312 2.082965
v -0.891736 1.873312 3.687152
v -0.680546 1.873312 3.686945
v -0.469356 1.873312 3.686738
v -0.258167 1.873312 3.686532
v -3.613356 1.873312 1.083549
v -3.507581 1.873312 1.266341
v -3.401808 1.873312 1.449134
v -3.296034 1.873312 1.631926
v -2.719379 1.873312 -2.575244
v -2.824795 1.873312 -2.392245
v -2.930211 1.873312 -2.209246
v -3.035627 1.873312 -2.026247
v -0.159732 1.873312 -3.629400
v -0.370921 1.873312 -3.629193
v -0.582111 1.873312 -3.628987
v -0.793301 1.873312 -3.628780
v 3.088967 1.873312 -1.940793
v 2.983193 1.873312 -2.123585
v 2.877419 1.873312 -2.306377
v 2.771645 1.873312 -2.489170
v 3.250939 1.873312 1.716967
v 3.356355 1.873312 1.533968
v 3.461771 1.873312 1.350969
v 3.567187 1.873312 1.167970
v 0.164213 1.873312 3.686119
v 0.375402 1.873312 3.685912
v 0.586592 1.873312 3.685705
v 0.797782 1.873312 3.685498
v -3.084486 1.873312 1.997511
v -2.978712 1.873312 2.180303
v -2.872938 1.873312 2.363096
v -2.767164 1.873312 2.545888
v -3.246459 1.873312 -1.660249
v -3.351874 1.873312 -1.477250
v -3.457290 1.873312 -1.294250
v -3.562706 1.873312 -1.111251
v 1.952166 1.873312 -3.631467
v 1.740976 1.873312 -3.631260
v 1.529786 1.873312 -3.631054
v 1.318596 1.873312 -3.630847
v 4.146706 1.873312 -0.112869
v 4.040932 1.873312 -0.295661
v 3.935158 1.873312 -0.478454
v 3.829384 1.873312 -0.661246
v 2.196780 1.873312 3.546958
v 2.302196 1.873312 3.363959
v 2.407612 1.873312 3.180959
v 2.513028 1.873312 2.997960
v -1.947685 1.873312 3.688185
v -1.736495 1.873312 3.687978
v -1.525305 1.873312 3.687772
v -1.314116 1.873312 3.687565
v -4.142225 1.873312 0.169587
v -4.036451 1.873312 0.352380
v -3.930677 1.873312 0.535172
v -3.824903 1.873312 0.717964
v -2.192299 1.873312 -3.490239
v -2.297715 1.873312 -3.307241
v -2.403131 1.873312 -3.124241
v -2.508547 1.873312 -2.941242
v -1.954845 1.873312 -3.627644
v 2.189889 1.873312 -3.494528
v 4.146974 1.873312 0.161475
v 1.959326 1.873312 3.684362
v -2.185408 1.873312 3.551246
v -4.142493 1.873312 -0.104756
v 0.157053 1.873312 -3.629711
v 3.247628 1.873312 -1.666604
v 3.092815 1.873312 1.991465
v -0.152572 1.873312 3.686429
v -3.243147 1.873312 1.723322
v -3.088335 1.873312 -1.934747
v -0.898896 1.873312 -3.628677
v 2.718758 1.873312 -2.580566
v 3.619895 1.873312 1.076470
v 0.903377 1.873312 3.685395
v -2.714278 1.873312 2.637284
v -3.615414 1.873312 -1.019752
v 1.213002 1.873312 -3.630744
v 3.776497 1.873312 -0.752642
v 2.565736 1.873312 2.906461
v -1.208521 1.873312 3.687462
v -3.772017 1.873312 0.809360
v -2.561255 1.873312 -2.849742
v -1.110086 1.873312 -3.628470
v -1.321276 1.873312 -3.628263
v -1.532465 1.873312 -3.628057
v -1.743655 1.873312 -3.627850
v 2.612984 1.873312 -2.763358
v 2.507210 1.873312 -2.946151
v 2.401437 1.873312 -3.128943
v 2.295663 1.873312 -3.311736
v 3.725311 1.873312 0.893471
v 3.830727 1.873312 0.710472
v 3.936143 1.873312 0.527473
v 4.041558 1.873312 0.344474
v 1.114567 1.873312 3.685189
v 1.325757 1.873312 3.684982
v 1.536946 1.873312 3.684775
v 1.748136 1.873312 3.684568
v -2.608504 1.873312 2.820077
v -2.502730 1.873312 3.002869
v -2.396956 1.873312 3.185662
v -2.291182 1.873312 3.368454
v -3.720830 1.873312 -0.836753
v -3.826246 1.873312 -0.653754
v -3.931662 1.873312 -0.470755
v -4.037078 1.873312 -0.287756
v 1.001812 1.873312 -3.630537
v 0.790622 1.873312 -3.630330
v 0.579432 1.873312 -3.630123
v 0.368243 1.873312 -3.629917
v 3.670723 1.873312 -0.935435
v 3.564949 1.873312 -1.118227
v 3.459176 1.873312 -1.301019
v 3.353401 1.873312 -1.483812
v 2.671152 1.873312 2.723462
v 2.776567 1.873312 2.540463
v 2.881984 1.873312 2.357464
v 2.987400 1.873312 2.174464
v -0.997331 1.873312 3.687255
v -0.786141 1.873312 3.687048
v -0.574951 1.873312 3.686842
v -0.363762 1.873312 3.686635
v -3.666242 1.873312 0.992153
v -3.560469 1.873312 1.174945
v -3.454695 1.873312 1.357738
v -3.348921 1.873312 1.540530
v -2.666671 1.873312 -2.666743
v -2.772087 1.873312 -2.483745
v -2.877503 1.873312 -2.300745
v -2.982919 1.873312 -2.117746
v -0.054137 1.873312 -3.629504
v -0.265327 1.873312 -3.629297
v -0.476517 1.873312 -3.629090
v -0.687706 1.873312 -3.628884
v 3.141854 1.873312 -1.849396
v 3.036080 1.873312 -2.032189
v 2.930306 1.873312 -2.214981
v 2.824532 1.873312 -2.397774
v 3.198231 1.873312 1.808466
v 3.303647 1.873312 1.625467
v 3.409063 1.873312 1.442468
v 3.514479 1.873312 1.259470
v 0.058618 1.873312 3.686222
v 0.269808 1.873312 3.686015
v 0.480998 1.873312 3.685809
v 0.692187 1.873312 3.685602
v -3.137373 1.873312 1.906115
v -3.031599 1.873312 2.088907
v -2.925825 1.873312 2.271699
v -2.820051 1.873312 2.454492
v -3.193751 1.873312 -1.751748
v -3.299166 1.873312 -1.568749
v -3.404582 1.873312 -1.385750
v -3.509998 1.873312 -1.202751
v 2.057761 1.873312 -3.631571
v 1.846571 1.873312 -3.631364
v 1.635381 1.873312 -3.631157
v 1.424192 1.873312 -3.630950
v 4.199593 1.873312 -0.021473
v 4.093819 1.873312 -0.204265
v 3.988045 1.873312 -0.387057
v 3.882271 1.873312 -0.569850
v 2.144072 1.873312 3.638457
v 2.249488 1.873312 3.455458
v 2.354904 1.873312 3.272459
v 2.460320 1.873312 3.089460
v -2.053280 1.873312 3.688289
v -1.842090 1.873312 3.688082
v -1.630900 1.873312 3.687875
v -1.419711 1.873312 3.687669
v -4.195112 1.873312 0.078191
v -4.089338 1.873312 0.260983
v -3.983564 1.873312 0.443776
v -3.877790 1.873312 0.626568
v -2.139591 1.873312 -3.581739
v -2.245007 1.873312 -3.398740
v -2.350423 1.873312 -3.215741
v -2.455839 1.873312 -3.032742
v -2.086839 1.873312 -3.627514
v 2.123780 1.873312 -3.608773
v 4.212859 1.873312 0.047100
v 2.091320 1.873312 3.684233
v -2.119299 1.873312 3.665491
v -4.208379 1.873312 0.009618
v 0.025059 1.873312 -3.629581
v 3.181519 1.873312 -1.780849
v 3.158700 1.873312 1.877091
v -0.020578 1.873312 3.686300
v -3.177038 1.873312 1.837568
v -3.154219 1.873312 -1.820373
v -1.030890 1.873312 -3.628548
v 2.652650 1.873312 -2.694811
v 3.685780 1.873312 0.962096
v 1.035371 1.873312 3.685266
v -2.648169 1.873312 2.751529
v -3.681299 1.873312 -0.905377
v 1.081008 1.873312 -3.630615
v 3.710388 1.873312 -0.866887
v 2.631621 1.873312 2.792086
v -1.076527 1.873312 3.687333
v -3.705908 1.873312 0.923606
v -2.627140 1.873312 -2.735368
v -1.242079 1.873312 -3.628341
v -1.453269 1.873312 -3.628134
v -1.664459 1.873312 -3.627928
v -1.875649 1.873312 -3.627721
v 2.546875 1.873312 -2.877604
v 2.441102 1.873312 -3.060396
v 2.335328 1.873312 -3.243188
v 2.229554 1.873312 -3.425981
v 3.791196 1.873312 0.779097
v 3.896612 1.873312 0.596098
v 4.002028 1.873312 0.413099
v 4.107443 1.873312 0.230099
v 1.246560 1.873312 3.685059
v 1.457750 1.873312 3.684853
v 1.668940 1.873312 3.684646
v 1.880130 1.873312 3.684439
v -2.542395 1.873312 2.934322
v -2.436621 1.873312 3.117114
v -2.330847 1.873312 3.299906
v -2.225073 1.873312 3.482699
v -3.786715 1.873312 -0.722379
v -3.892131 1.873312 -0.539379
v -3.997547 1.873312 -0.356380
v -4.102962 1.873312 -0.173381
v 0.869819 1.873312 -3.630408
v 0.658629 1.873312 -3.630201
v 0.447439 1.873312 -3.629994
v 0.236249 1.873312 -3.629788
v 3.604614 1.873312 -1.049680
v 3.498841 1.873312 -1.232472
v 3.393067 1.873312 -1.415264
v 3.287293 1.873312 -1.598057
v 2.737037 1.873312 2.609087
v 2.842453 1.873312 2.426089
v 2.947868 1.873312 2.243089
v 3.053284 1.873312 2.060090
v -0.865337 1.873312 3.687126
v -0.654148 1.873312 3.686919
v -0.442958 1.873312 3.686713
v -0.231768 1.873312 3.686506
v -3.600134 1.873312 1.106398
v -3.494360 1.873312 1.289190
v -3.388586 1.873312 1.471983
v -3.282812 1.873312 1.654775
v -2.732556 1.873312 -2.552369
v -2.837972 1.873312 -2.369370
v -2.943388 1.873312 -2.186371
v -3.048804 1.873312 -2.003372
v -0.186130 1.873312 -3.629374
v -0.397320 1.873312 -3.629168
v -0.608510 1.873312 -3.628961
v -0.819700 1.873312 -3.628755
v 3.075745 1.873312 -1.963642
v 2.969971 1.873312 -2.146434
v 2.864197 1.873312 -2.329226
v 2.758423 1.873312 -2.512019
v 3.264116 1.873312 1.694092
v 3.369532 1.873312 1.511093
v 3.474948 1.873312 1.328094
v 3.580364 1.873312 1.145095
v 0.190611 1.873312 3.686092
v 0.401801 1.873312 3.685886
v 0.612991 1.873312 3.685679
v 0.824181 1.873312 3.685473
v -3.071264 1.873312 2.020360
v -2.965491 1.873312 2.203152
v -2.859716 1.873312 2.385945
v -2.753943 1.873312 2.568737
v -3.259636 1.873312 -1.637374
v -3.365052 1.873312 -1.454375
v -3.470467 1.873312 -1.271376
v -3.575883 1.873312 -1.088377
v 1.925768 1.873312 -3.631441
v 1.714577 1.873312 -3.631234
v 1.503388 1.873312 -3.631028
v 1.292198 1.873312 -3.630821
v 4.133484 1.873312 -0.135718
v 4.027710 1.873312 -0.318510
v 3.921936 1.873312 -0.501303
v 3.816162 1.873312 -0.684095
v 2.209957 1.873312 3.524083
v 2.315373 1.873312 3.341084
v 2.420789 1.873312 3.158084
v 2.526205 1.873312 2.975085
v -1.921287 1.873312 3.688160
v -1.710096 1.873312 3.687953
v -1.498907 1.873312 3.687746
v -1.287717 1.873312 3.687540
v -4.129003 1.873312 0.192436
v -4.023229 1.873312 0.375229
v -3.917455 1.873312 0.558021
v -3.811682 1.873312 0.740813
v -2.205477 1.873312 -3.467365
v -2.310892 1.873312 -3.284365
v -2.416308 1.873312 -3.101366
v -2.521724 1.873312 -2.918367
v -1.981244 1.873312 -3.627618
v 2.176667 1.873312 -3.517377
v 4.160151 1.873312 0.138600
v 1.985725 1.873312 3.684336
v -2.172186 1.873312 3.574095
v -4.155671 1.873312 -0.081882
v 0.130654 1.873312 -3.629684
v 3.234406 1.873312 -1.689453
v 3.105993 1.873312 1.968590
v -0.126173 1.873312 3.686403
v -3.229925 1.873312 1.746171
v -3.101512 1.873312 -1.911872
v -0.925295 1.873312 -3.628651
v 2.705536 1.873312 -2.603415
v 3.633072 1.873312 1.053595
v 0.929776 1.873312 3.685369
v -2.701056 1.873312 2.660133
v -3.628591 1.873312 -0.996877
v 1.186603 1.873312 -3.630718
v 3.763275 1.873312 -0.775491
v 2.578913 1.873312 2.883586
v -1.182122 1.873312 3.687437
v -3.758795 1.873312 0.832209
v -2.574432 1.873312 -2.826868
v -1.136485 1.873312 -3.628444
v -1.347674 1.873312 -3.628237
v -1.558864 1.873312 -3.628031
v -1.770054 1.873312 -3.627824
v 2.599763 1.873312 -2.786207
v 2.493989 1.873312 -2.969000
v 2.388215 1.873312 -3.151792
v 2.282441 1.873312 -3.334585
v 3.738488 1.873312 0.870596
v 3.843904 1.873312 0.687597
v 3.949319 1.873312 0.504598
v 4.054735 1.873312 0.321599
v 1.140965 1.873312 3.685163
v 1.352155 1.873312 3.684956
v 1.563345 1.873312 3.684750
v 1.774535 1.873312 3.684542
v -2.595282 1.873312 2.842926
v -2.489508 1.873312 3.025718
v -2.383734 1.873312 3.208511
v -2.277960 1.873312 3.391303
v -3.734007 1.873312 -0.813878
v -3.839423 1.873312 -0.630879
v -3.944839 1.873312 -0.447880
v -4.050255 1.873312 -0.264881
v 0.975413 1.873312 -3.630511
v 0.764224 1.873312 -3.630305
v 0.553034 1.873312 -3.630098
v 0.341844 1.873312 -3.629891
v 3.657501 1.873312 -0.958284
v 3.551728 1.873312 -1.141076
v 3.445954 1.873312 -1.323868
v 3.340180 1.873312 -1.506661
v 2.684329 1.873312 2.700587
v 2.789745 1.873312 2.517588
v 2.895160 1.873312 2.334589
v 3.000577 1.873312 2.151590
v -0.970932 1.873312 3.687229
v -0.759743 1.873312 3.687023
v -0.548553 1.873312 3.686816
v -0.337363 1.873312 3.686609
v -3.653021 1.873312 1.015002
v -3.547247 1.873312 1.197794
v -3.441473 1.873312 1.380587
v -3.335699 1.873312 1.563379
v -2.679848 1.873312 -2.643869
v -2.785264 1.873312 -2.460870
v -2.890680 1.873312 -2.277870
v -2.996096 1.873312 -2.094871
v -0.080536 1.873312 -3.629478
v -0.291725 1.873312 -3.629271
v -0.502915 1.873312 -3.629065
v -0.714105 1.873312 -3.628858
v 3.128632 1.873312 -1.872245
v 3.022858 1.873312 -2.055038
v 2.917084 1.873312 -2.237830
v 2.811310 1.873312 -2.420623
v 3.211408 1.873312 1.785592
v 3.316824 1.873312 1.602593
v 3.422240 1.873312 1.419593
v 3.527656 1.873312 1.236594
v 0.085017 1.873312 3.686196
v 0.296206 1.873312 3.685989
v 0.507396 1.873312 3.685783
v 0.718586 1.873312 3.685576
v -3.124151 1.873312 1.928964
v -3.018378 1.873312 2.111756
v -2.912603 1.873312 2.294549
v -2.806830 1.873312 2.477341
v -3.206928 1.873312 -1.728873
v -3.312344 1.873312 -1.545874
v -3.417759 1.873312 -1.362875
v -3.523175 1.873312 -1.179876
v 2.031362 1.873312 -3.631545
v 1.820173 1.873312 -3.631338
v 1.608983 1.873312 -3.631131
v 1.397793 1.873312 -3.630924
v 4.186371 1.873312 -0.044322
v 4.080597 1.873312 -0.227114
v 3.974823 1.873312 -0.409906
v 3.869049 1.873312 -0.592699
v 2.157249 1.873312 3.615582
v 2.262665 1.873312 3.432583
v 2.368081 1.873312 3.249584
v 2.473497 1.873312 3.066585
v -2.026881 1.873312 3.688263
v -1.815692 1.873312 3.688056
v -1.604502 1.873312 3.687850
v -1.393312 1.873312 3.687643
v -4.181890 1.873312 0.101040
v -4.076116 1.873312 0.283832
v -3.970342 1.873312 0.466625
v -3.864569 1.873312 0.649417
v -2.152768 1.873312 -3.558864
v -2.258184 1.873312 -3.375865
v -2.363600 1.873312 -3.192866
v -2.469016 1.873312 -3.009867
v -2.034041 1.873312 -3.627566
v 2.150223 1.873312 -3.563075
v 4.186505 1.873312 0.092850
v 2.038522 1.873312 3.684285
v -2.145743 1.873312 3.619793
v -4.182025 1.873312 -0.036132
v 0.077857 1.873312 -3.629633
v 3.207963 1.873312 -1.735151
v 3.132346 1.873312 1.922841
v -0.073376 1.873312 3.686351
v -3.203482 1.873312 1.791870
v -3.127866 1.873312 -1.866122
v -0.978092 1.873312 -3.628599
v 2.679093 1.873312 -2.649113
v 3.659425 1.873312 1.007845
v 0.982573 1.873312 3.685318
v -2.674613 1.873312 2.705832
v -3.654945 1.873312 -0.951127
v 1.133806 1.873312 -3.630666
v 3.736832 1.873312 -0.821189
v 2.605267 1.873312 2.837836
v -1.129325 1.873312 3.687385
v -3.732351 1.873312 0.877908
v -2.600786 1.873312 -2.781118
v -1.189282 1.873312 -3.628393
v -1.400472 1.873312 -3.628186
v -1.611662 1.873312 -3.627980
v -1.822851 1.873312 -3.627773
v 2.573319 1.873312 -2.831906
v 2.467545 1.873312 -3.014698
v 2.361771 1.873312 -3.197490
v 2.255997 1.873312 -3.380283
v 3.764841 1.873312 0.824846
v 3.870258 1.873312 0.641847
v 3.975674 1.873312 0.458848
v 4.081089 1.873312 0.275849
v 1.193763 1.873312 3.685111
v 1.404953 1.873312 3.684904
v 1.616143 1.873312 3.684698
v 1.827332 1.873312 3.684491
v -2.568838 1.873312 2.888624
v -2.463064 1.873312 3.071416
v -2.357291 1.873312 3.254209
v -2.251517 1.873312 3.437001
v -3.760361 1.873312 -0.768128
v -3.865777 1.873312 -0.585129
v -3.971193 1.873312 -0.402130
v -4.076609 1.873312 -0.219131
v 0.922616 1.873312 -3.630460
v 0.711426 1.873312 -3.630253
v 0.500236 1.873312 -3.630046
v 0.289046 1.873312 -3.629839
v 3.631058 1.873312 -1.003982
v 3.525284 1.873312 -1.186774
v 3.419510 1.873312 -1.369566
v 3.313736 1.873312 -1.552359
v 2.710683 1.873312 2.654837
v 2.816099 1.873312 2.471838
v 2.921515 1.873312 2.288839
v 3.026930 1.873312 2.105840
v -0.918135 1.873312 3.687178
v -0.706945 1.873312 3.686971
v -0.495755 1.873312 3.686764
v -0.284565 1.873312 3.686558
v -3.626577 1.873312 1.060700
v -3.520803 1.873312 1.243492
v -3.415030 1.873312 1.426285
v -3.309256 1.873312 1.609077
v -2.706202 1.873312 -2.598119
v -2.811618 1.873312 -2.415120
v -2.917034 1.873312 -2.232121
v -3.022450 1.873312 -2.049121
v -0.133333 1.873312 -3.629426
v -0.344523 1.873312 -3.629220
v -0.555713 1.873312 -3.629013
v -0.766902 1.873312 -3.628806
v 3.102188 1.873312 -1.917944
v 2.996415 1.873312 -2.100736
v 2.890641 1.873312 -2.283528
v 2.784867 1.873312 -2.466321
v 3.237762 1.873312 1.739842
v 3.343178 1.873312 1.556843
v 3.448594 1.873312 1.373843
v 3.554010 1.873312 1.190845
v 0.137814 1.873312 3.686145
v 0.349004 1.873312 3.685938
v 0.560194 1.873312 3.685731
v 0.771383 1.873312 3.685524
v -3.097708 1.873312 1.974662
v -2.991934 1.873312 2.157454
v -2.886160 1.873312 2.340247
v -2.780386 1.873312 2.523039
v -3.233281 1.873312 -1.683123
v -3.338697 1.873312 -1.500125
v -3.444113 1.873312 -1.317125
v -3.549529 1.873312 -1.134126
v 1.978565 1.873312 -3.631493
v 1.767375 1.873312 -3.631286
v 1.556185 1.873312 -3.631080
v 1.344995 1.873312 -3.630873
v 4.159927 1.873312 -0.090020
v 4.054153 1.873312 -0.272812
v 3.948380 1.873312 -0.455605
v 3.842606 1.873312 -0.638397
v 2.183603 1.873312 3.569833
v 2.289019 1.873312 3.386833
v 2.394435 1.873312 3.203834
v 2.499851 1.873312 3.020835
v -1.974084 1.873312 3.688211
v -1.762894 1.873312 3.688005
v -1.551704 1.873312 3.687798
v -1.340515 1.873312 3.687591
v -4.155447 1.873312 0.146738
v -4.049673 1.873312 0.329530
v -3.943899 1.873312 0.512323
v -3.838125 1.873312 0.695115
v -2.179122 1.873312 -3.513114
v -2.284538 1.873312 -3.330115
v -2.389954 1.873312 -3.147116
v -2.495370 1.873312 -2.964117
v -1.928446 1.873312 -3.627669
v 2.203111 1.873312 -3.471679
v 4.133797 1.873312 0.184349
v 1.932927 1.873312 3.684388
v -2.198630 1.873312 3.528397
v -4.129316 1.873312 -0.127631
v 0.183452 1.873312 -3.629736
v 3.260849 1.873312 -1.643755
v 3.079638 1.873312 2.014340
v -0.178971 1.873312 3.686455
v -3.256369 1.873312 1.700473
v -3.075158 1.873312 -1.957622
v -0.872498 1.873312 -3.628703
v 2.731980 1.873312 -2.557717
v 3.606718 1.873312 1.099345
v 0.876979 1.873312 3.685421
v -2.727499 1.873312 2.614435
v -3.602237 1.873312 -1.042627
v 1.239400 1.873312 -3.630770
v 3.789719 1.873312 -0.729793
v 2.552559 1.873312 2.929336
v -1.234919 1.873312 3.687488
v -3.785238 1.873312 0.786511
v -2.548078 1.873312 -2.872617
v -1.083687 1.873312 -3.628496
v -1.294877 1.873312 -3.628289
v -1.506067 1.873312 -3.628083
v -1.717257 1.873312 -3.627876
v 2.626206 1.873312 -2.740509
v 2.520432 1.873312 -2.923302
v 2.414658 1.873312 -3.106094
v 2.308884 1.873312 -3.288887
v 3.712133 1.873312 0.916346
v 3.817550 1.873312 0.733347
v 3.922966 1.873312 0.550348
v 4.028381 1.873312 0.367349
v 1.088168 1.873312 3.685215
v 1.299358 1.873312 3.685008
v 1.510548 1.873312 3.684801
v 1.721738 1.873312 3.684594
v -2.621725 1.873312 2.797227
v -2.515951 1.873312 2.980020
v -2.410177 1.873312 3.162812
v -2.304403 1.873312 3.345605
v -3.707653 1.873312 -0.859628
v -3.813069 1.873312 -0.676629
v -3.918485 1.873312 -0.493630
v -4.023901 1.873312 -0.310630
v 1.028211 1.873312 -3.630563
v 0.817021 1.873312 -3.630356
v 0.605831 1.873312 -3.630149
v 0.394641 1.873312 -3.629943
v 3.683945 1.873312 -0.912585
v 3.578171 1.873312 -1.095378
v 3.472397 1.873312 -1.278170
v 3.366623 1.873312 -1.460963
v 2.657975 1.873312 2.746336
v 2.763391 1.873312 2.563338
v 2.868807 1.873312 2.380338
v 2.974222 1.873312 2.197340
v -1.023730 1.873312 3.687281
v -0.812540 1.873312 3.687074
v -0.601350 1.873312 3.686868
v -0.390160 1.873312 3.686661
v -3.679464 1.873312 0.969304
v -3.573690 1.873312 1.152096
v -3.467917 1.873312 1.334888
v -3.362143 1.873312 1.517681
v -2.653494 1.873312 -2.689618
v -2.758910 1.873312 -2.506619
v -2.864326 1.873312 -2.323620
v -2.969742 1.873312 -2.140621
v -0.027738 1.873312 -3.629530
v -0.238928 1.873312 -3.629323
v -0.450118 1.873312 -3.629116
v -0.661308 1.873312 -3.628910
v 3.155076 1.873312 -1.826547
v 3.049302 1.873312 -2.009340
v 2.943528 1.873312 -2.192132
v 2.837754 1.873312 -2.374925
v 3.185054 1.873312 1.831341
v 3.290470 1.873312 1.648342
v 3.395886 1.873312 1.465343
v 3.501302 1.873312 1.282344
v 0.032219 1.873312 3.686248
v 0.243409 1.873312 3.686041
v 0.454599 1.873312 3.685834
v 0.665789 1.873312 3.685628
v -3.150595 1.873312 1.883266
v -3.044821 1.873312 2.066058
v -2.939047 1.873312 2.248851
v -2.833273 1.873312 2.431643
v -3.180573 1.873312 -1.774623
v -3.285989 1.873312 -1.591624
v -3.391405 1.873312 -1.408625
v -3.496821 1.873312 -1.225626
v 2.084160 1.873312 -3.631597
v 1.872970 1.873312 -3.631389
v 1.661780 1.873312 -3.631183
v 1.450590 1.873312 -3.630976
v 4.212814 1.873312 0.001377
v 4.107040 1.873312 -0.181416
v 4.001266 1.873312 -0.364208
v 3.895493 1.873312 -0.547001
v 2.130895 1.873312 3.661332
v 2.236311 1.873312 3.478333
v 2.341727 1.873312 3.295334
v 2.447143 1.873312 3.112335
v -2.079679 1.873312 3.688315
v -1.868489 1.873312 3.688108
v -1.657299 1.873312 3.687901
v -1.446109 1.873312 3.687695
v -4.208334 1.873312 0.055342
v -4.102560 1.873312 0.238134
v -3.996786 1.873312 0.420927
v -3.891012 1.873312 0.603719
v -2.126414 1.873312 -3.604614
v -2.231830 1.873312 -3.421614
v -2.337246 1.873312 -3.238616
v -2.442662 1.873312 -3.055616
v -2.100038 1.873312 -3.627501
v 2.117169 1.873312 -3.620198
v 4.219448 1.873312 0.035663
v 2.104519 1.873312 3.684220
v -2.112688 1.873312 3.676916
v -4.214967 1.873312 0.021056
v 0.011860 1.873312 -3.629568
v 3.174908 1.873312 -1.792274
v 3.165289 1.873312 1.865653
v -0.007379 1.873312 3.686287
v -3.170427 1.873312 1.848992
v -3.160808 1.873312 -1.808935
v -1.044089 1.873312 -3.628535
v 2.646039 1.873312 -2.706236
v 3.692368 1.873312 0.950658
v 1.048570 1.873312 3.685253
v -2.641558 1.873312 2.762954
v -3.687887 1.873312 -0.893940
v 1.067809 1.873312 -3.630602
v 3.703778 1.873312 -0.878312
v 2.638209 1.873312 2.780649
v -1.063328 1.873312 3.687320
v -3.699297 1.873312 0.935030
v -2.633729 1.873312 -2.723931
v -1.255279 1.873312 -3.628328
v -1.466468 1.873312 -3.628121
v -1.677658 1.873312 -3.627915
v -1.888848 1.873312 -3.627708
v 2.540265 1.873312 -2.889028
v 2.434491 1.873312 -3.071820
v 2.328717 1.873312 -3.254613
v 2.222943 1.873312 -3.437405
v 3.797784 1.873312 0.767659
v 3.903200 1.873312 0.584660
v 4.008616 1.873312 0.401661
v 4.114032 1.873312 0.218662
v 1.259760 1.873312 3.685046
v 1.470950 1.873312 3.684840
v 1.682139 1.873312 3.684633
v 1.893329 1.873312 3.684427
v -2.535784 1.873312 2.945746
v -2.430010 1.873312 3.128539
v -2.324236 1.873312 3.311331
v -2.218462 1.873312 3.494123
v -3.793303 1.873312 -0.710941
v -3.898719 1.873312 -0.527942
v -4.004135 1.873312 -0.344943
v -4.109551 1.873312 -0.161943
v 0.856619 1.873312 -3.630395
v 0.645429 1.873312 -3.630188
v 0.434239 1.873312 -3.629981
v 0.223049 1.873312 -3.629775
v 3.598004 1.873312 -1.061104
v 3.492230 1.873312 -1.243897
v 3.386456 1.873312 -1.426689
v 3.280682 1.873312 -1.609482
v 2.743625 1.873312 2.597650
v 2.849041 1.873312 2.414651
v 2.954457 1.873312 2.231652
v 3.059873 1.873312 2.048653
v -0.852138 1.873312 3.687113
v -0.640948 1.873312 3.686907
v -0.429758 1.873312 3.686700
v -0.218569 1.873312 3.686494
v -3.593523 1.873312 1.117823
v -3.487749 1.873312 1.300615
v -3.381975 1.873312 1.483407
v -3.276201 1.873312 1.666200
v -2.739144 1.873312 -2.540931
v -2.844560 1.873312 -2.357933
v -2.949976 1.873312 -2.174934
v -3.055392 1.873312 -1.991934
v -0.199330 1.873312 -3.629362
v -0.410520 1.873312 -3.629155
v -0.621709 1.873312 -3.628948
v -0.832899 1.873312 -3.628742
v 3.069134 1.873312 -1.975066
v 2.963360 1.873312 -2.157859
v 2.857586 1.873312 -2.340651
v 2.751812 1.873312 -2.523443
v 3.270705 1.873312 1.682655
v 3.376121 1.873312 1.499656
v 3.481537 1.873312 1.316657
v 3.586952 1.873312 1.133657
v 0.203811 1.873312 3.686080
v 0.415000 1.873312 3.685873
v 0.626190 1.873312 3.685667
v 0.837380 1.873312 3.685460
v -3.064654 1.873312 2.031785
v -2.958880 1.873312 2.214577
v -2.853106 1.873312 2.397369
v -2.747332 1.873312 2.580162
v -3.266224 1.873312 -1.625936
v -3.371640 1.873312 -1.442937
v -3.477056 1.873312 -1.259938
v -3.582472 1.873312 -1.076939
v 1.912568 1.873312 -3.631428
v 1.701378 1.873312 -3.631222
v 1.490188 1.873312 -3.631015
v 1.278998 1.873312 -3.630809
v 4.126873 1.873312 -0.147142
v 4.021099 1.873312 -0.329935
v 3.915325 1.873312 -0.512727
v 3.809551 1.873312 -0.695519
v 2.216546 1.873312 3.512645
v 2.321962 1.873312 3.329646
v 2.427377 1.873312 3.146647
v 2.532793 1.873312 2.963648
v -1.908087 1.873312 3.688147
v -1.696897 1.873312 3.687940
v -1.485708 1.873312 3.687733
v -1.274517 1.873312 3.687527
v -4.122392 1.873312 0.203861
v -4.016619 1.873312 0.386653
v -3.910845 1.873312 0.569446
v -3.805071 1.873312 0.752238
v -2.212065 1.873312 -3.455927
v -2.317481 1.873312 -3.272928
v -2.422897 1.873312 -3.089929
v -2.528313 1.873312 -2.906930
v -1.994443 1.873312 -3.627605
v 2.170056 1.873312 -3.528802
v 4.166740 1.873312 0.127162
v 1.998924 1.873312 3.684323
v -2.165575 1.873312 3.585520
v -4.162259 1.873312 -0.070444
v 0.117455 1.873312 -3.629672
v 3.227795 1.873312 -1.700878
v 3.112581 1.873312 1.957153
v -0.112974 1.873312 3.686390
v -3.223315 1.873312 1.757596
v -3.108100 1.873312 -1.900435
v -0.938494 1.873312 -3.628638
v 2.698925 1.873312 -2.614840
v 3.639660 1.873312 1.042158
v 0.942975 1.873312 3.685357
v -2.694445 1.873312 2.671558
v -3.635180 1.873312 -0.985440
v 1.173404 1.873312 -3.630705
v 3.756665 1.873312 -0.786916
v 2.585501 1.873312 2.872149
v -1.168923 1.873312 3.687423
v -3.752184 1.873312 0.843634
v -2.581021 1.873312 -2.815430
v -1.149684 1.873312 -3.628431
v -1.360874 1.873312 -3.628225
v -1.572064 1.873312 -3.628018
v -1.783253 1.873312 -3.627812
v 2.593152 1.873312 -2.797632
v 2.487378 1.873312 -2.980424
v 2.381604 1.873312 -3.163217
v 2.275830 1.873312 -3.346009
v 3.745076 1.873312 0.859159
v 3.850492 1.873312 0.676160
v 3.955908 1.873312 0.493160
v 4.061324 1.873312 0.310162
v 1.154165 1.873312 3.685149
v 1.365355 1.873312 3.684943
v 1.576545 1.873312 3.684736
v 1.787734 1.873312 3.684530
v -2.588671 1.873312 2.854350
v -2.482897 1.873312 3.037143
v -2.377123 1.873312 3.219935
v -2.271349 1.873312 3.402728
v -3.740596 1.873312 -0.802440
v -3.846011 1.873312 -0.619442
v -3.951427 1.873312 -0.436442
v -4.056843 1.873312 -0.253443
v 0.962214 1.873312 -3.630498
v 0.751024 1.873312 -3.630291
v 0.539834 1.873312 -3.630085
v 0.328645 1.873312 -3.629878
v 3.650890 1.873312 -0.969708
v 3.545117 1.873312 -1.152501
v 3.439343 1.873312 -1.335293
v 3.333569 1.873312 -1.518085
v 2.690917 1.873312 2.689149
v 2.796333 1.873312 2.506151
v 2.901749 1.873312 2.323151
v 3.007165 1.873312 2.140152
v -0.957733 1.873312 3.687217
v -0.746543 1.873312 3.687010
v -0.535353 1.873312 3.686803
v -0.324164 1.873312 3.686597
v -3.646410 1.873312 1.026426
v -3.540636 1.873312 1.209219
v -3.434862 1.873312 1.392011
v -3.329088 1.873312 1.574804
v -2.686437 1.873312 -2.632431
v -2.791852 1.873312 -2.449432
v -2.897268 1.873312 -2.266433
v -3.002684 1.873312 -2.083434
v -0.093735 1.873312 -3.629465
v -0.304925 1.873312 -3.629258
v -0.516115 1.873312 -3.629051
v -0.727304 1.873312 -3.628845
v 3.122021 1.873312 -1.883670
v 3.016247 1.873312 -2.066463
v 2.910473 1.873312 -2.249255
v 2.804699 1.873312 -2.432047
v 3.217997 1.873312 1.774154
v 3.323413 1.873312 1.591155
v 3.428829 1.873312 1.408156
v 3.534244 1.873312 1.225157
v 0.098216 1.873312 3.686183
v 0.309406 1.873312 3.685976
v 0.520596 1.873312 3.685770
v 0.731785 1.873312 3.685563
v -3.117540 1.873312 1.940388
v -3.011767 1.873312 2.123181
v -2.905993 1.873312 2.305973
v -2.800219 1.873312 2.488765
v -3.213516 1.873312 -1.717436
v -3.318932 1.873312 -1.534437
v -3.424348 1.873312 -1.351438
v -3.529763 1.873312 -1.168438
v 2.018163 1.873312 -3.631532
v 1.806973 1.873312 -3.631325
v 1.595783 1.873312 -3.631119
v 1.384593 1.873312 -3.630912
v 4.179760 1.873312 -0.055746
v 4.073986 1.873312 -0.238539
v 3.968212 1.873312 -0.421331
v 3.862438 1.873312 -0.604123
v 2.163838 1.873312 3.604145
v 2.269254 1.873312 3.421146
v 2.374670 1.873312 3.238147
v 2.480085 1.873312 3.055148
v -2.013682 1.873312 3.688250
v -1.802492 1.873312 3.688043
v -1.591302 1.873312 3.687837
v -1.380112 1.873312 3.687630
v -4.175280 1.873312 0.112465
v -4.069505 1.873312 0.295257
v -3.963732 1.873312 0.478049
v -3.857958 1.873312 0.660842
v -2.159357 1.873312 -3.547426
v -2.264773 1.873312 -3.364428
v -2.370189 1.873312 -3.181428
v -2.475605 1.873312 -2.998429
v -2.047240 1.873312 -3.627553
v 2.143613 1.873312 -3.574499
v 4.193094 1.873312 0.081413
v 2.051722 1.873312 3.684271
v -2.139132 1.873312 3.631218
v -4.188613 1.873312 -0.024694
v 0.064657 1.873312 -3.629620
v 3.201352 1.873312 -1.746576
v 3.138935 1.873312 1.911403
v -0.060176 1.873312 3.686338
v -3.196871 1.873312 1.803294
v -3.134454 1.873312 -1.854685
v -0.991292 1.873312 -3.628587
v 2.672482 1.873312 -2.660538
v 3.666014 1.873312 0.996408
v 0.995773 1.873312 3.685305
v -2.668002 1.873312 2.717256
v -3.661534 1.873312 -0.939690
v 1.120606 1.873312 -3.630654
v 3.730221 1.873312 -0.832614
v 2.611855 1.873312 2.826399
v -1.116125 1.873312 3.687372
v -3.725740 1.873312 0.889332
v -2.607374 1.873312 -2.769680
v -1.202481 1.873312 -3.628380
v -1.413671 1.873312 -3.628173
v -1.624861 1.873312 -3.627967
v -1.836051 1.873312 -3.627760
v 2.566708 1.873312 -2.843330
v 2.460934 1.873312 -3.026123
v 2.355160 1.873312 -3.208915
v 2.249387 1.873312 -3.391707
v 3.771430 1.873312 0.813409
v 3.876846 1.873312 0.630410
v 3.982262 1.873312 0.447411
v 4.087678 1.873312 0.264412
v 1.206962 1.873312 3.685098
v 1.418152 1.873312 3.684891
v 1.629342 1.873312 3.684685
v 1.840532 1.873312 3.684478
v -2.562227 1.873312 2.900048
v -2.456454 1.873312 3.082841
v -2.350680 1.873312 3.265633
v -2.244906 1.873312 3.448425
v -3.766950 1.873312 -0.756691
v -3.872365 1.873312 -0.573692
v -3.977781 1.873312 -0.390692
v -4.083197 1.873312 -0.207693
v 0.909417 1.873312 -3.630447
v 0.698227 1.873312 -3.630240
v 0.487037 1.873312 -3.630033
v 0.275847 1.873312 -3.629827
v 3.624447 1.873312 -1.015406
v 3.518673 1.873312 -1.198199
v 3.412899 1.873312 -1.380991
v 3.307125 1.873312 -1.563783
v 2.717271 1.873312 2.643399
v 2.822687 1.873312 2.460401
v 2.928103 1.873312 2.277401
v 3.033519 1.873312 2.094402
v -0.904936 1.873312 3.687165
v -0.693746 1.873312 3.686958
v -0.482556 1.873312 3.686752
v -0.271366 1.873312 3.686545
v -3.619967 1.873312 1.072124
v -3.514193 1.873312 1.254917
v -3.408419 1.873312 1.437709
v -3.302645 1.873312 1.620502
v -2.712790 1.873312 -2.586681
v -2.818207 1.873312 -2.403682
v -2.923622 1.873312 -2.220683
v -3.029038 1.873312 -2.037684
v -0.146532 1.873312 -3.629413
v -0.357722 1.873312 -3.629206
v -0.568912 1.873312 -3.629000
v -0.780102 1.873312 -3.628793
v 3.095577 1.873312 -1.929368
v 2.989804 1.873312 -2.112160
v 2.884030 1.873312 -2.294953
v 2.778256 1.873312 -2.477746
v 3.244351 1.873312 1.728404
v 3.349767 1.873312 1.545405
v 3.455182 1.873312 1.362406
v 3.560598 1.873312 1.179407
v 0.151013 1.873312 3.686132
v 0.362203 1.873312 3.685925
v 0.573393 1.873312 3.685718
v 0.784583 1.873312 3.685512
v -3.091097 1.873312 1.986086
v -2.985323 1.873312 2.168879
v -2.879549 1.873312 2.351671
v -2.773775 1.873312 2.534464
v -3.239870 1.873312 -1.671686
v -3.345286 1.873312 -1.488687
v -3.450702 1.873312 -1.305688
v -3.556118 1.873312 -1.122689
v 1.965366 1.873312 -3.631480
v 1.754176 1.873312 -3.631273
v 1.542986 1.873312 -3.631067
v 1.331796 1.873312 -3.630860
v 4.153316 1.873312 -0.101444
v 4.047543 1.873312 -0.284237
v 3.941769 1.873312 -0.467029
v 3.835995 1.873312 -0.649821
v 2.190192 1.873312 3.558395
v 2.295608 1.873312 3.375396
v 2.401023 1.873312 3.192396
v 2.506439 1.873312 3.009398
v -1.960885 1.873312 3.688199
v -1.749695 1.873312 3.687991
v -1.538505 1.873312 3.687785
v -1.327315 1.873312 3.687578
v -4.148836 1.873312 0.158163
v -4.043062 1.873312 0.340955
v -3.937288 1.873312 0.523747
v -3.831514 1.873312 0.706540
v -2.185711 1.873312 -3.501677
v -2.291127 1.873312 -3.318678
v -2.396543 1.873312 -3.135678
v -2.501959 1.873312 -2.952680
v -1.941646 1.873312 -3.627657
v 2.196500 1.873312 -3.483104
v 4.140386 1.873312 0.172912
v 1.946127 1.873312 3.684375
v -2.192019 1.873312 3.539822
v -4.135905 1.873312 -0.116194
v 0.170252 1.873312 -3.629724
v 3.254239 1.873312 -1.655180
v 3.086227 1.873312 2.002903
v -0.165771 1.873312 3.686442
v -3.249758 1.873312 1.711898
v -3.081746 1.873312 -1.946184
v -0.885697 1.873312 -3.628690
v 2.725369 1.873312 -2.569141
v 3.613306 1.873312 1.087907
v 0.890178 1.873312 3.685408
v -2.720888 1.873312 2.625860
v -3.608825 1.873312 -1.031189
v 1.226201 1.873312 -3.630757
v 3.783108 1.873312 -0.741217
v 2.559147 1.873312 2.917898
v -1.221720 1.873312 3.687475
v -3.778627 1.873312 0.797936
v -2.554667 1.873312 -2.861180
v -1.096887 1.873312 -3.628484
v -1.308076 1.873312 -3.628276
v -1.519266 1.873312 -3.628070
v -1.730456 1.873312 -3.627863
v 2.619595 1.873312 -2.751934
v 2.513821 1.873312 -2.934726
v 2.408047 1.873312 -3.117519
v 2.302274 1.873312 -3.300311
v 3.718722 1.873312 0.904908
v 3.824138 1.873312 0.721909
v 3.929554 1.873312 0.538910
v 4.034970 1.873312 0.355911
v 1.101368 1.873312 3.685202
v 1.312557 1.873312 3.684995
v 1.523747 1.873312 3.684788
v 1.734937 1.873312 3.684581
v -2.615114 1.873312 2.808652
v -2.509341 1.873312 2.991445
v -2.403567 1.873312 3.174237
v -2.297792 1.873312 3.357029
v -3.714241 1.873312 -0.848190
v -3.819657 1.873312 -0.665191
v -3.925073 1.873312 -0.482192
v -4.030489 1.873312 -0.299193
v 1.015011 1.873312 -3.630550
v 0.803821 1.873312 -3.630343
v 0.592632 1.873312 -3.630136
v 0.381442 1.873312 -3.629930
v 3.677334 1.873312 -0.924010
v 3.571560 1.873312 -1.106802
v 3.465786 1.873312 -1.289595
v 3.360012 1.873312 -1.472387
v 2.664563 1.873312 2.734899
v 2.769979 1.873312 2.551900
v 2.875395 1.873312 2.368901
v 2.980811 1.873312 2.185902
v -1.010530 1.873312 3.687268
v -0.799340 1.873312 3.687062
v -0.588151 1.873312 3.686855
v -0.376961 1.873312 3.686648
v -3.672853 1.873312 0.980728
v -3.567080 1.873312 1.163521
v -3.461306 1.873312 1.346313
v -3.355532 1.873312 1.529106
v -2.660082 1.873312 -2.678181
v -2.765499 1.873312 -2.495182
v -2.870914 1.873312 -2.312183
v -2.976330 1.873312 -2.129184
v -0.040938 1.873312 -3.629517
v -0.252127 1.873312 -3.629310
v -0.463317 1.873312 -3.629103
v -0.674507 1.873312 -3.628896
v 3.148465 1.873312 -1.837972
v 3.042691 1.873312 -2.020764
v 2.936917 1.873312 -2.203557
v 2.831143 1.873312 -2.386349
v 3.191643 1.873312 1.819904
v 3.297059 1.873312 1.636905
v 3.402474 1.873312 1.453906
v 3.507890 1.873312 1.270906
v 0.045419 1.873312 3.686235
v 0.256608 1.873312 3.686028
v 0.467798 1.873312 3.685822
v 0.678988 1.873312 3.685615
v -3.143984 1.873312 1.894690
v -3.038210 1.873312 2.077483
v -2.932436 1.873312 2.260275
v -2.826662 1.873312 2.443068
v -3.187162 1.873312 -1.763185
v -3.292578 1.873312 -1.580187
v -3.397994 1.873312 -1.397187
v -3.503410 1.873312 -1.214188
v 2.070960 1.873312 -3.631584
v 1.859771 1.873312 -3.631377
v 1.648581 1.873312 -3.631170
v 1.437391 1.873312 -3.630963
v 4.206203 1.873312 -0.010048
v 4.100430 1.873312 -0.192840
v 3.994656 1.873312 -0.375633
v 3.888882 1.873312 -0.558425
v 2.137484 1.873312 3.649894
v 2.242900 1.873312 3.466895
v 2.348316 1.873312 3.283896
v 2.453731 1.873312 3.100898
v -2.066479 1.873312 3.688302
v -1.855290 1.873312 3.688095
v -1.644100 1.873312 3.687888
v -1.432910 1.873312 3.687682
v -4.201723 1.873312 0.066766
v -4.095949 1.873312 0.249559
v -3.990175 1.873312 0.432351
v -3.884401 1.873312 0.615144
v -2.133003 1.873312 -3.593176
v -2.238419 1.873312 -3.410177
v -2.343835 1.873312 -3.227178
v -2.449251 1.873312 -3.044179
v -2.073639 1.873312 -3.627527
v 2.130391 1.873312 -3.597348
v 4.206271 1.873312 0.058538
v 2.078120 1.873312 3.684246
v -2.125910 1.873312 3.654067
v -4.201790 1.873312 -0.001820
v 0.038259 1.873312 -3.629594
v 3.188130 1.873312 -1.769425
v 3.152112 1.873312 1.888529
v -0.033778 1.873312 3.686312
v -3.183649 1.873312 1.826143
v -3.147631 1.873312 -1.831810
v -1.017690 1.873312 -3.628561
v 2.659261 1.873312 -2.683387
v 3.679191 1.873312 0.973533
v 1.022171 1.873312 3.685279
v -2.654780 1.873312 2.740105
v -3.674711 1.873312 -0.916815
v 1.094208 1.873312 -3.630627
v 3.716999 1.873312 -0.855463
v 2.625032 1.873312 2.803524
v -1.089727 1.873312 3.687346
v -3.712518 1.873312 0.912181
v -2.620552 1.873312 -2.746806
v -1.228880 1.873312 -3.628354
v -1.440070 1.873312 -3.628147
v -1.651260 1.873312 -3.627941
v -1.862449 1.873312 -3.627734
v 2.553486 1.873312 -2.866179
v 2.447712 1.873312 -3.048972
v 2.341939 1.873312 -3.231764
v 2.236165 1.873312 -3.414556
v 3.784607 1.873312 0.790534
v 3.890023 1.873312 0.607535
v 3.995439 1.873312 0.424536
v 4.100855 1.873312 0.241537
v 1.233361 1.873312 3.685072
v 1.444551 1.873312 3.684865
v 1.655741 1.873312 3.684659
v 1.866930 1.873312 3.684452
v -2.549006 1.873312 2.922898
v -2.443232 1.873312 3.105690
v -2.337458 1.873312 3.288482
v -2.231684 1.873312 3.471274
v -3.780127 1.873312 -0.733816
v -3.885543 1.873312 -0.550817
v -3.990958 1.873312 -0.367817
v -4.096374 1.873312 -0.184819
v 0.883018 1.873312 -3.630421
v 0.671828 1.873312 -3.630214
v 0.460638 1.873312 -3.630007
v 0.249448 1.873312 -3.629801
v 3.611225 1.873312 -1.038255
v 3.505451 1.873312 -1.221048
v 3.399678 1.873312 -1.403840
v 3.293904 1.873312 -1.586632
v 2.730448 1.873312 2.620525
v 2.835864 1.873312 2.437526
v 2.941280 1.873312 2.254526
v 3.046696 1.873312 2.071528
v -0.878537 1.873312 3.687139
v -0.667347 1.873312 3.686932
v -0.456157 1.873312 3.686726
v -0.244967 1.873312 3.686519
v -3.606745 1.873312 1.094974
v -3.500971 1.873312 1.277766
v -3.395197 1.873312 1.460558
v -3.289423 1.873312 1.643351
v -2.725968 1.873312 -2.563807
v -2.831384 1.873312 -2.380808
v -2.936799 1.873312 -2.197808
v -3.042215 1.873312 -2.014809
v -0.172931 1.873312 -3.629387
v -0.384121 1.873312 -3.629180
v -0.595311 1.873312 -3.628974
v -0.806500 1.873312 -3.628767
v 3.082356 1.873312 -1.952217
v 2.976582 1.873312 -2.135010
v 2.870808 1.873312 -2.317802
v 2.765034 1.873312 -2.500594
v 3.257528 1.873312 1.705530
v 3.362944 1.873312 1.522531
v 3.468359 1.873312 1.339531
v 3.573775 1.873312 1.156532
v 0.177412 1.873312 3.686106
v 0.388602 1.873312 3.685899
v 0.599792 1.873312 3.685693
v 0.810981 1.873312 3.685485
v -3.077875 1.873312 2.008935
v -2.972101 1.873312 2.191728
v -2.866327 1.873312 2.374520
v -2.760554 1.873312 2.557312
v -3.253047 1.873312 -1.648811
v -3.358463 1.873312 -1.465813
v -3.463879 1.873312 -1.282813
v -3.569295 1.873312 -1.099814
v 1.938967 1.873312 -3.631454
v 1.727777 1.873312 -3.631248
v 1.516587 1.873312 -3.631041
v 1.305398 1.873312 -3.630834
v 4.140095 1.873312 -0.124293
v 4.034321 1.873312 -0.307086
v 3.928547 1.873312 -0.489878
v 3.822773 1.873312 -0.672671
v 2.203369 1.873312 3.535521
v 2.308785 1.873312 3.352521
v 2.414200 1.873312 3.169522
v 2.519616 1.873312 2.986523
v -1.934486 1.873312 3.688172
v -1.723296 1.873312 3.687966
v -1.512106 1.873312 3.687759
v -1.300916 1.873312 3.687553
v -4.135614 1.873312 0.181012
v -4.029840 1.873312 0.363804
v -3.924066 1.873312 0.546596
v -3.818293 1.873312 0.729389
v -2.198888 1.873312 -3.478802
v -2.304304 1.873312 -3.295803
v -2.409719 1.873312 -3.112804
v -2.515136 1.873312 -2.929805
v -1.968045 1.873312 -3.627631
v 2.183278 1.873312 -3.505953
v 4.153563 1.873312 0.150037
v 1.972525 1.873312 3.684349
v -2.178797 1.873312 3.562671
v -4.149082 1.873312 -0.093319
v 0.143854 1.873312 -3.629698
v 3.241017 1.873312 -1.678029
v 3.099404 1.873312 1.980028
v -0.139373 1.873312 3.686416
v -3.236536 1.873312 1.734747
v -3.094923 1.873312 -1.923310
v -0.912095 1.873312 -3.628664
v 2.712147 1.873312 -2.591990
v 3.626483 1.873312 1.065032
v 0.916576 1.873312 3.685382
v -2.707667 1.873312 2.648709
v -3.622003 1.873312 -1.008314
v 1.199802 1.873312 -3.630731
v 3.769886 1.873312 -0.764067
v 2.572324 1.873312 2.895023
v -1.195321 1.873312 3.687449
v -3.765405 1.873312 0.820785
v -2.567844 1.873312 -2.838305
v -1.123285 1.873312 -3.628458
v -1.334475 1.873312 -3.628251
v -1.545665 1.873312 -3.628044
v -1.756855 1.873312 -3.627837
v 2.606374 1.873312 -2.774783
v 2.500599 1.873312 -2.957575
v 2.394826 1.873312 -3.140368
v 2.289052 1.873312 -3.323160
v 3.731899 1.873312 0.882034
v 3.837315 1.873312 0.699035
v 3.942731 1.873312 0.516036
v 4.048147 1.873312 0.333037
v 1.127766 1.873312 3.685176
v 1.338956 1.873312 3.684969
v 1.550146 1.873312 3.684762
v 1.761335 1.873312 3.684555
v -2.601893 1.873312 2.831501
v -2.496119 1.873312 3.014294
v -2.390345 1.873312 3.197086
v -2.284571 1.873312 3.379879
v -3.727418 1.873312 -0.825315
v -3.832834 1.873312 -0.642316
v -3.938250 1.873312 -0.459317
v -4.043666 1.873312 -0.276318
v 0.988613 1.873312 -3.630524
v 0.777423 1.873312 -3.630317
v 0.566233 1.873312 -3.630111
v 0.355043 1.873312 -3.629904
v 3.664112 1.873312 -0.946859
v 3.558338 1.873312 -1.129651
v 3.452565 1.873312 -1.312444
v 3.346791 1.873312 -1.495236
v 2.677740 1.873312 2.712024
v 2.783156 1.873312 2.529025
v 2.888572 1.873312 2.346026
v 2.993988 1.873312 2.163027
v -0.984132 1.873312 3.687243
v -0.772942 1.873312 3.687035
v -0.561752 1.873312 3.686829
v -0.350562 1.873312 3.686622
v -3.659631 1.873312 1.003577
v -3.553858 1.873312 1.186370
v -3.448084 1.873312 1.369162
v -3.342310 1.873312 1.551955
v -2.673259 1.873312 -2.655306
v -2.778676 1.873312 -2.472307
v -2.884092 1.873312 -2.289308
v -2.989507 1.873312 -2.106309
v -0.067336 1.873312 -3.629491
v -0.278526 1.873312 -3.629284
v -0.489716 1.873312 -3.629077
v -0.700905 1.873312 -3.628870
v 3.135243 1.873312 -1.860821
v 3.029469 1.873312 -2.043613
v 2.923695 1.873312 -2.226406
v 2.817921 1.873312 -2.409198
v 3.204820 1.873312 1.797029
v 3.310236 1.873312 1.614030
v 3.415652 1.873312 1.431031
v 3.521067 1.873312 1.248032
v 0.071817 1.873312 3.686209
v 0.283007 1.873312 3.686002
v 0.494197 1.873312 3.685796
v 0.705386 1.873312 3.685589
v -3.130762 1.873312 1.917539
v -3.024988 1.873312 2.100332
v -2.919214 1.873312 2.283124
v -2.813441 1.873312 2.465916
v -3.200339 1.873312 -1.740311
v -3.305755 1.873312 -1.557312
v -3.411171 1.873312 -1.374313
v -3.516587 1.873312 -1.191314
v 2.044562 1.873312 -3.631557
v 1.833372 1.873312 -3.631351
v 1.622182 1.873312 -3.631144
v 1.410992 1.873312 -3.630937
v 4.192982 1.873312 -0.032897
v 4.087208 1.873312 -0.215690
v 3.981434 1.873312 -0.398482
v 3.875660 1.873312 -0.581274
v 2.150661 1.873312 3.627020
v 2.256077 1.873312 3.444021
v 2.361493 1.873312 3.261022
v 2.466908 1.873312 3.078023
v -2.040081 1.873312 3.688276
v -1.828891 1.873312 3.688069
v -1.617701 1.873312 3.687862
v -1.406511 1.873312 3.687656
v -4.188501 1.873312 0.089615
v -4.082727 1.873312 0.272408
v -3.976953 1.873312 0.455200
v -3.871179 1.873312 0.637993
v -2.146180 1.873312 -3.570301
v -2.251596 1.873312 -3.387302
v -2.357012 1.873312 -3.204304
v -2.462428 1.873312 -3.021304
v -2.020842 1.873312 -3.627579
v 2.156834 1.873312 -3.551650
v 4.179916 1.873312 0.104287
v 2.025323 1.873312 3.684298
v -2.152354 1.873312 3.608369
v -4.175436 1.873312 -0.047569
v 0.091056 1.873312 -3.629646
v 3.214573 1.873312 -1.723727
v 3.125758 1.873312 1.934278
v -0.086575 1.873312 3.686364
v -3.210093 1.873312 1.780445
v -3.121277 1.873312 -1.877560
v -0.964893 1.873312 -3.628613
v 2.685704 1.873312 -2.637689
v 3.652837 1.873312 1.019283
v 0.969374 1.873312 3.685331
v -2.681223 1.873312 2.694407
v -3.648356 1.873312 -0.962564
v 1.147005 1.873312 -3.630679
v 3.743443 1.873312 -0.809765
v 2.598678 1.873312 2.849273
v -1.142524 1.873312 3.687397
v -3.738962 1.873312 0.866483
v -2.594198 1.873312 -2.792555
v -1.176083 1.873312 -3.628406
v -1.387272 1.873312 -3.628199
v -1.598462 1.873312 -3.627992
v -1.809652 1.873312 -3.627785
v 2.579930 1.873312 -2.820481
v 2.474156 1.873312 -3.003273
v 2.368382 1.873312 -3.186066
v 2.262608 1.873312 -3.368858
v 3.758253 1.873312 0.836284
v 3.863669 1.873312 0.653285
v 3.969085 1.873312 0.470286
v 4.074501 1.873312 0.287287
v 1.180564 1.873312 3.685124
v 1.391753 1.873312 3.684917
v 1.602943 1.873312 3.684710
v 1.814133 1.873312 3.684504
v -2.575449 1.873312 2.877199
v -2.469675 1.873312 3.059992
v -2.363901 1.873312 3.242784
v -2.258127 1.873312 3.425577
v -3.753772 1.873312 -0.779565
v -3.859188 1.873312 -0.596566
v -3.964604 1.873312 -0.413567
v -4.070021 1.873312 -0.230568
v 0.935815 1.873312 -3.630473
v 0.724625 1.873312 -3.630266
v 0.513436 1.873312 -3.630059
v 0.302246 1.873312 -3.629853
v 3.637669 1.873312 -0.992557
v 3.531895 1.873312 -1.175350
v 3.426121 1.873312 -1.358142
v 3.320347 1.873312 -1.540934
v 2.704094 1.873312 2.666275
v 2.809510 1.873312 2.483275
v 2.914926 1.873312 2.300277
v 3.020342 1.873312 2.117277
v -0.931334 1.873312 3.687191
v -0.720144 1.873312 3.686984
v -0.508955 1.873312 3.686777
v -0.297765 1.873312 3.686571
v -3.633188 1.873312 1.049275
v -3.527414 1.873312 1.232068
v -3.421640 1.873312 1.414860
v -3.315866 1.873312 1.597653
v -2.699614 1.873312 -2.609556
v -2.805029 1.873312 -2.426557
v -2.910445 1.873312 -2.243558
v -3.015861 1.873312 -2.060559
v -0.120134 1.873312 -3.629439
v -0.331323 1.873312 -3.629233
v -0.542513 1.873312 -3.629026
v -0.753703 1.873312 -3.628819
v 3.108799 1.873312 -1.906519
v 3.003026 1.873312 -2.089311
v 2.897252 1.873312 -2.272104
v 2.791478 1.873312 -2.454896
v 3.231174 1.873312 1.751279
v 3.336589 1.873312 1.568280
v 3.442005 1.873312 1.385281
v 3.547422 1.873312 1.202282
v 0.124615 1.873312 3.686157
v 0.335804 1.873312 3.685951
v 0.546994 1.873312 3.685744
v 0.758184 1.873312 3.685537
v -3.104319 1.873312 1.963237
v -2.998545 1.873312 2.146030
v -2.892771 1.873312 2.328822
v -2.786997 1.873312 2.511615
v -3.226693 1.873312 -1.694561
v -3.332109 1.873312 -1.511562
v -3.437525 1.873312 -1.328563
v -3.542941 1.873312 -1.145564
v 1.991764 1.873312 -3.631506
v 1.780575 1.873312 -3.631299
v 1.569385 1.873312 -3.631092
v 1.358195 1.873312 -3.630886
v 4.166538 1.873312 -0.078595
v 4.060764 1.873312 -0.261388
v 3.954990 1.873312 -0.444180
v 3.849217 1.873312 -0.626972
v 2.177015 1.873312 3.581270
v 2.282431 1.873312 3.398271
v 2.387847 1.873312 3.215272
v 2.493263 1.873312 3.032273
v -1.987283 1.873312 3.688224
v -1.776094 1.873312 3.688018
v -1.564904 1.873312 3.687811
v -1.353714 1.873312 3.687604
v -4.162057 1.873312 0.135313
v -4.056283 1.873312 0.318106
v -3.950510 1.873312 0.500898
v -3.844736 1.873312 0.683691
v -2.172534 1.873312 -3.524551
v -2.277950 1.873312 -3.341553
v -2.383366 1.873312 -3.158554
v -2.488782 1.873312 -2.975554
v -1.915247 1.873312 -3.627682
v 2.209722 1.873312 -3.460254
v 4.127209 1.873312 0.195787
v 1.919728 1.873312 3.684401
v -2.205240 1.873312 3.516973
v -4.122728 1.873312 -0.139069
v 0.196651 1.873312 -3.629749
v 3.267460 1.873312 -1.632331
v 3.073050 1.873312 2.025778
v -0.192170 1.873312 3.686467
v -3.262980 1.873312 1.689049
v -3.068569 1.873312 -1.969060
v -0.859298 1.873312 -3.628716
v 2.738591 1.873312 -2.546293
v 3.600129 1.873312 1.110782
v 0.863779 1.873312 3.685434
v -2.734110 1.873312 2.603011
v -3.595648 1.873312 -1.054064
v 1.252600 1.873312 -3.630783
v 3.796330 1.873312 -0.718369
v 2.545970 1.873312 2.940773
v -1.248119 1.873312 3.687501
v -3.791849 1.873312 0.775087
v -2.541490 1.873312 -2.884055
v -1.070488 1.873312 -3.628509
v -1.281677 1.873312 -3.628302
v -1.492867 1.873312 -3.628095
v -1.704057 1.873312 -3.627889
v 2.632817 1.873312 -2.729085
v 2.527043 1.873312 -2.911877
v 2.421269 1.873312 -3.094670
v 2.315495 1.873312 -3.277462
v 3.705545 1.873312 0.927783
v 3.810961 1.873312 0.744784
v 3.916377 1.873312 0.561785
v 4.021793 1.873312 0.378786
v 1.074969 1.873312 3.685227
v 1.286158 1.873312 3.685020
v 1.497348 1.873312 3.684814
v 1.708538 1.873312 3.684607
v -2.628336 1.873312 2.785803
v -2.522562 1.873312 2.968596
v -2.416788 1.873312 3.151388
v -2.311014 1.873312 3.334180
v -3.701065 1.873312 -0.871065
v -3.806481 1.873312 -0.688066
v -3.911896 1.873312 -0.505067
v -4.017312 1.873312 -0.322068
v 1.041410 1.873312 -3.630576
v 0.830220 1.873312 -3.630369
v 0.619030 1.873312 -3.630162
v 0.407841 1.873312 -3.629956
v 3.690556 1.873312 -0.901161
v 3.584782 1.873312 -1.083953
v 3.479008 1.873312 -1.266746
v 3.373234 1.873312 -1.449538
v 2.651386 1.873312 2.757774
v 2.756802 1.873312 2.574775
v 2.862218 1.873312 2.391776
v 2.967634 1.873312 2.208777
v -1.036929 1.873312 3.687294
v -0.825739 1.873312 3.687088
v -0.614549 1.873312 3.686880
v -0.403360 1.873312 3.686674
v -3.686075 1.873312 0.957879
v -3.580301 1.873312 1.140672
v -3.474528 1.873312 1.323464
v -3.368753 1.873312 1.506256
v -2.646906 1.873312 -2.701056
v -2.752321 1.873312 -2.518057
v -2.857738 1.873312 -2.335058
v -2.963153 1.873312 -2.152058
v -0.014539 1.873312 -3.629542
v -0.225729 1.873312 -3.629336
v -0.436918 1.873312 -3.629129
v -0.648108 1.873312 -3.628923
v 3.161686 1.873312 -1.815123
v 3.055912 1.873312 -1.997915
v 2.950139 1.873312 -2.180708
v 2.844365 1.873312 -2.363500
v 3.178466 1.873312 1.842779
v 3.283882 1.873312 1.659780
v 3.389298 1.873312 1.476781
v 3.494713 1.873312 1.293782
v 0.019020 1.873312 3.686261
v 0.230209 1.873312 3.686054
v 0.441399 1.873312 3.685847
v 0.652589 1.873312 3.685641
v -3.157206 1.873312 1.871841
v -3.051432 1.873312 2.054634
v -2.945658 1.873312 2.237426
v -2.839884 1.873312 2.420218
v -3.173985 1.873312 -1.786060
v -3.279401 1.873312 -1.603062
v -3.384817 1.873312 -1.420063
v -3.490232 1.873312 -1.237063
v 2.097359 1.873312 -3.631609
v 1.886169 1.873312 -3.631402
v 1.674979 1.873312 -3.631196
v 1.463790 1.873312 -3.630989
v 4.219425 1.873312 0.012801
v 4.113651 1.873312 -0.169992
v 4.007877 1.873312 -0.352784
v 3.902104 1.873312 -0.535576
v 2.124307 1.873312 3.672769
v 2.229723 1.873312 3.489771
v 2.335139 1.873312 3.306772
v 2.440554 1.873312 3.123772
v -2.092878 1.873312 3.688327
v -1.881688 1.873312 3.688121
v -1.670498 1.873312 3.687914
v -1.459309 1.873312 3.687708
v -4.214945 1.873312 0.043917
v -4.109170 1.873312 0.226710
v -4.003397 1.873312 0.409502
v -3.897623 1.873312 0.592295
v -2.119826 1.873312 -3.616051
v -2.225242 1.873312 -3.433053
v -2.330658 1.873312 -3.250053
v -2.436074 1.873312 -3.067054
v 4.670359 1.873312 0.280176
v 4.670359 1.179783 0.280176
v 2.562041 1.179783 3.940157
v 4.663770 1.873312 0.291613
v 2.562041 1.873312 3.940157
v 3.609611 1.873312 2.121604
v 3.616200 1.873312 2.110166
v 4.136691 1.873312 1.206608
v 4.143280 1.873312 1.195171
v 3.082532 1.873312 3.036599
v 3.089120 1.873312 3.025162
v 4.242107 1.873312 1.023610
v 4.248695 1.873312 1.012172
v 4.347523 1.873312 0.840610
v 4.354111 1.873312 0.829173
v 4.452939 1.873312 0.657612
v 4.459527 1.873312 0.646174
v 4.558354 1.873312 0.474612
v 4.564943 1.873312 0.463175
v 3.187948 1.873312 2.853600
v 3.194536 1.873312 2.842163
v 3.293364 1.873312 2.670601
v 3.299952 1.873312 2.659164
v 3.398779 1.873312 2.487602
v 3.405368 1.873312 2.476165
v 3.504195 1.873312 2.304603
v 3.510784 1.873312 2.293165
v 3.715027 1.873312 1.938605
v 3.721616 1.873312 1.927168
v 3.820443 1.873312 1.755606
v 3.827032 1.873312 1.744168
v 3.925859 1.873312 1.572607
v 3.932448 1.873312 1.561169
v 4.031275 1.873312 1.389607
v 4.037863 1.873312 1.378170
v 2.660868 1.873312 3.768596
v 2.667457 1.873312 3.757158
v 2.766284 1.873312 3.585597
v 2.772873 1.873312 3.574159
v 2.871700 1.873312 3.402597
v 2.878288 1.873312 3.391160
v 2.977116 1.873312 3.219598
v 2.983704 1.873312 3.208161
v 4.611063 1.873312 0.383113
v 4.617651 1.873312 0.371675
v 3.556903 1.873312 2.213104
v 3.563492 1.873312 2.201666
v 4.083983 1.873312 1.298108
v 4.090571 1.873312 1.286671
v 3.029824 1.873312 3.128099
v 3.036412 1.873312 3.116661
v 4.189399 1.873312 1.115109
v 4.195987 1.873312 1.103672
v 4.294815 1.873312 0.932110
v 4.301404 1.873312 0.920673
v 4.400230 1.873312 0.749111
v 4.406819 1.873312 0.737674
v 4.505646 1.873312 0.566112
v 4.512235 1.873312 0.554674
v 3.135240 1.873312 2.945100
v 3.141828 1.873312 2.933663
v 3.240655 1.873312 2.762101
v 3.247244 1.873312 2.750663
v 3.346071 1.873312 2.579101
v 3.352660 1.873312 2.567664
v 3.451487 1.873312 2.396103
v 3.458076 1.873312 2.384665
v 3.662319 1.873312 2.030105
v 3.668908 1.873312 2.018667
v 3.767735 1.873312 1.847106
v 3.774324 1.873312 1.835668
v 3.873151 1.873312 1.664106
v 3.879740 1.873312 1.652669
v 3.978567 1.873312 1.481107
v 3.985155 1.873312 1.469670
v 2.608160 1.873312 3.860095
v 2.614749 1.873312 3.848657
v 2.713576 1.873312 3.677096
v 2.720165 1.873312 3.665658
v 2.818992 1.873312 3.494097
v 2.825580 1.873312 3.482660
v 2.924408 1.873312 3.311098
v 2.930996 1.873312 3.299660
v 4.637416 1.873312 0.337363
v 4.644005 1.873312 0.325926
v 3.583257 1.873312 2.167354
v 3.589846 1.873312 2.155916
v 4.110337 1.873312 1.252358
v 4.116925 1.873312 1.240921
v 3.056178 1.873312 3.082349
v 3.062766 1.873312 3.070912
v 4.215753 1.873312 1.069359
v 4.222342 1.873312 1.057922
v 4.321169 1.873312 0.886360
v 4.327757 1.873312 0.874923
v 4.426585 1.873312 0.703361
v 4.433173 1.873312 0.691923
v 4.532001 1.873312 0.520362
v 4.538589 1.873312 0.508925
v 3.161594 1.873312 2.899350
v 3.168182 1.873312 2.887913
v 3.267010 1.873312 2.716351
v 3.273598 1.873312 2.704914
v 3.372425 1.873312 2.533352
v 3.379014 1.873312 2.521914
v 3.477841 1.873312 2.350353
v 3.484430 1.873312 2.338915
v 3.688673 1.873312 1.984355
v 3.695262 1.873312 1.972917
v 3.794089 1.873312 1.801356
v 3.800678 1.873312 1.789918
v 3.899505 1.873312 1.618356
v 3.906094 1.873312 1.606919
v 4.004921 1.873312 1.435357
v 4.011509 1.873312 1.423920
v 2.634514 1.873312 3.814345
v 2.641103 1.873312 3.802908
v 2.739930 1.873312 3.631346
v 2.746519 1.873312 3.619909
v 2.845346 1.873312 3.448347
v 2.851934 1.873312 3.436909
v 2.950762 1.873312 3.265348
v 2.957350 1.873312 3.253911
v 4.584708 1.873312 0.428862
v 4.591297 1.873312 0.417425
v 3.530549 1.873312 2.258853
v 3.537138 1.873312 2.247416
v 4.057629 1.873312 1.343858
v 4.064217 1.873312 1.332420
v 3.003469 1.873312 3.173848
v 3.010058 1.873312 3.162411
v 4.163044 1.873312 1.160859
v 4.169633 1.873312 1.149421
v 4.268460 1.873312 0.977860
v 4.275049 1.873312 0.966422
v 4.373877 1.873312 0.794860
v 4.380465 1.873312 0.783423
v 4.479293 1.873312 0.611862
v 4.485881 1.873312 0.600424
v 3.108886 1.873312 2.990849
v 3.115474 1.873312 2.979412
v 3.214302 1.873312 2.807850
v 3.220890 1.873312 2.796413
v 3.319717 1.873312 2.624851
v 3.326306 1.873312 2.613414
v 3.425133 1.873312 2.441853
v 3.431722 1.873312 2.430415
v 3.635965 1.873312 2.075854
v 3.642554 1.873312 2.064416
v 3.741381 1.873312 1.892855
v 3.747970 1.873312 1.881418
v 3.846797 1.873312 1.709856
v 3.853386 1.873312 1.698418
v 3.952213 1.873312 1.526857
v 3.958802 1.873312 1.515420
v 2.581806 1.873312 3.905845
v 2.588395 1.873312 3.894408
v 2.687222 1.873312 3.722846
v 2.693810 1.873312 3.711408
v 2.792638 1.873312 3.539847
v 2.799227 1.873312 3.528409
v 2.898054 1.873312 3.356848
v 2.904643 1.873312 3.345411
v 4.650593 1.873312 0.314488
v 4.657182 1.873312 0.303051
v 3.596435 1.873312 2.144479
v 3.603023 1.873312 2.133041
v 4.123514 1.873312 1.229483
v 4.130102 1.873312 1.218046
v 3.069355 1.873312 3.059474
v 3.075943 1.873312 3.048037
v 4.228930 1.873312 1.046485
v 4.235518 1.873312 1.035047
v 4.334346 1.873312 0.863486
v 4.340935 1.873312 0.852048
v 4.439762 1.873312 0.680486
v 4.446350 1.873312 0.669049
v 4.545177 1.873312 0.497487
v 4.551766 1.873312 0.486050
v 3.174771 1.873312 2.876475
v 3.181359 1.873312 2.865038
v 3.280187 1.873312 2.693476
v 3.286775 1.873312 2.682039
v 3.385602 1.873312 2.510477
v 3.392191 1.873312 2.499039
v 3.491019 1.873312 2.327478
v 3.497607 1.873312 2.316040
v 3.701850 1.873312 1.961480
v 3.708439 1.873312 1.950042
v 3.807266 1.873312 1.778481
v 3.813855 1.873312 1.767043
v 3.912682 1.873312 1.595481
v 3.919271 1.873312 1.584044
v 4.018098 1.873312 1.412483
v 4.024686 1.873312 1.401045
v 2.647691 1.873312 3.791471
v 2.654280 1.873312 3.780033
v 2.753107 1.873312 3.608472
v 2.759696 1.873312 3.597034
v 2.858523 1.873312 3.425472
v 2.865111 1.873312 3.414035
v 2.963939 1.873312 3.242473
v 2.970527 1.873312 3.231036
v 4.597885 1.873312 0.405987
v 4.604474 1.873312 0.394550
v 3.543726 1.873312 2.235978
v 3.550315 1.873312 2.224541
v 4.070806 1.873312 1.320983
v 4.077394 1.873312 1.309546
v 3.016647 1.873312 3.150974
v 3.023235 1.873312 3.139536
v 4.176222 1.873312 1.137984
v 4.182810 1.873312 1.126547
v 4.281638 1.873312 0.954985
v 4.288226 1.873312 0.943548
v 4.387053 1.873312 0.771986
v 4.393642 1.873312 0.760548
v 4.492470 1.873312 0.588987
v 4.499058 1.873312 0.577549
v 3.122062 1.873312 2.967975
v 3.128651 1.873312 2.956537
v 3.227479 1.873312 2.784976
v 3.234067 1.873312 2.773538
v 3.332895 1.873312 2.601977
v 3.339483 1.873312 2.590539
v 3.438311 1.873312 2.418978
v 3.444899 1.873312 2.407540
v 3.649143 1.873312 2.052979
v 3.655731 1.873312 2.041542
v 3.754558 1.873312 1.869980
v 3.761147 1.873312 1.858543
v 3.859974 1.873312 1.686981
v 3.866563 1.873312 1.675544
v 3.965390 1.873312 1.503982
v 3.971979 1.873312 1.492545
v 2.594983 1.873312 3.882970
v 2.601572 1.873312 3.871533
v 2.700399 1.873312 3.699971
v 2.706988 1.873312 3.688534
v 2.805815 1.873312 3.516972
v 2.812403 1.873312 3.505534
v 2.911231 1.873312 3.333973
v 2.917819 1.873312 3.322535
v 4.624239 1.873312 0.360238
v 4.630828 1.873312 0.348800
v 3.570080 1.873312 2.190228
v 3.576669 1.873312 2.178791
v 4.097159 1.873312 1.275233
v 4.103748 1.873312 1.263796
v 3.043001 1.873312 3.105224
v 3.049589 1.873312 3.093786
v 4.202575 1.873312 1.092234
v 4.209164 1.873312 1.080797
v 4.307992 1.873312 0.909235
v 4.314580 1.873312 0.897798
v 4.413408 1.873312 0.726236
v 4.419996 1.873312 0.714799
v 4.518824 1.873312 0.543237
v 4.525412 1.873312 0.531800
v 3.148417 1.873312 2.922225
v 3.155005 1.873312 2.910788
v 3.253833 1.873312 2.739226
v 3.260421 1.873312 2.727788
v 3.359248 1.873312 2.556227
v 3.365837 1.873312 2.544789
v 3.464664 1.873312 2.373228
v 3.471253 1.873312 2.361790
v 3.675496 1.873312 2.007230
v 3.682085 1.873312 1.995792
v 3.780912 1.873312 1.824230
v 3.787501 1.873312 1.812793
v 3.886328 1.873312 1.641232
v 3.892916 1.873312 1.629794
v 3.991744 1.873312 1.458232
v 3.998332 1.873312 1.446795
v 2.621337 1.873312 3.837220
v 2.627926 1.873312 3.825783
v 2.726753 1.873312 3.654221
v 2.733342 1.873312 3.642784
v 2.832169 1.873312 3.471222
v 2.838757 1.873312 3.459785
v 2.937585 1.873312 3.288223
v 2.944173 1.873312 3.276785
v 4.571531 1.873312 0.451737
v 4.578120 1.873312 0.440300
v 3.517372 1.873312 2.281728
v 3.523961 1.873312 2.270291
v 4.044452 1.873312 1.366733
v 4.051041 1.873312 1.355295
v 2.990293 1.873312 3.196723
v 2.996881 1.873312 3.185286
v 4.149868 1.873312 1.183734
v 4.156456 1.873312 1.172296
v 4.255284 1.873312 1.000735
v 4.261872 1.873312 0.989297
v 4.360700 1.873312 0.817736
v 4.367288 1.873312 0.806298
v 4.466115 1.873312 0.634736
v 4.472704 1.873312 0.623299
v 3.095709 1.873312 3.013724
v 3.102297 1.873312 3.002287
v 3.201125 1.873312 2.830726
v 3.207713 1.873312 2.819288
v 3.306540 1.873312 2.647726
v 3.313129 1.873312 2.636289
v 3.411957 1.873312 2.464727
v 3.418545 1.873312 2.453290
v 3.622788 1.873312 2.098729
v 3.629377 1.873312 2.087291
v 3.728204 1.873312 1.915730
v 3.734793 1.873312 1.904293
v 3.833621 1.873312 1.732731
v 3.840209 1.873312 1.721294
v 3.939036 1.873312 1.549732
v 3.945624 1.873312 1.538294
v 2.568629 1.873312 3.928720
v 2.575217 1.873312 3.917282
v 2.674045 1.873312 3.745721
v 2.680633 1.873312 3.734283
v 2.779461 1.873312 3.562722
v 2.786050 1.873312 3.551284
v 2.884877 1.873312 3.379723
v 2.891465 1.873312 3.368285
v 4.219448 2.014427 0.035663
v 4.226036 2.014427 0.024225
v 3.165288 2.014427 1.865654
v 3.171877 2.014427 1.854216
v 3.692368 2.014427 0.950658
v 3.698957 2.014427 0.939221
v 2.638209 2.014427 2.780649
v 2.644798 2.014427 2.769211
v 3.797784 2.014427 0.767659
v 3.804373 2.014427 0.756222
v 3.903200 2.014427 0.584660
v 3.909789 2.014427 0.573223
v 4.008616 2.014427 0.401661
v 4.015204 2.014427 0.390224
v 4.114032 2.014427 0.218662
v 4.120620 2.014427 0.207224
v 2.743625 2.014427 2.597650
v 2.750214 2.014427 2.586213
v 2.849041 2.014427 2.414651
v 2.855629 2.014427 2.403214
v 2.954457 2.014427 2.231652
v 2.961045 2.014427 2.220214
v 3.059873 2.014427 2.048653
v 3.066461 2.014427 2.037215
v 3.270705 2.014427 1.682655
v 3.277293 2.014427 1.671217
v 3.376121 2.014427 1.499656
v 3.382709 2.014427 1.488218
v 3.481537 2.014427 1.316657
v 3.488125 2.014427 1.305219
v 3.586952 2.014427 1.133657
v 3.593540 2.014427 1.122220
v 2.216546 2.014427 3.512645
v 2.223134 2.014427 3.501208
v 2.321962 2.014427 3.329646
v 2.328550 2.014427 3.318209
v 2.427377 2.014427 3.146647
v 2.433966 2.014427 3.135210
v 2.532793 2.014427 2.963648
v 2.539382 2.014427 2.952211
v 4.166740 2.014427 0.127162
v 4.173328 2.014427 0.115725
v 3.112581 2.014427 1.957153
v 3.119169 2.014427 1.945716
v 3.639660 2.014427 1.042158
v 3.646249 2.014427 1.030720
v 2.585501 2.014427 2.872149
v 2.592090 2.014427 2.860711
v 3.745076 2.014427 0.859159
v 3.751664 2.014427 0.847721
v 3.850492 2.014427 0.676160
v 3.857081 2.014427 0.664722
v 3.955908 2.014427 0.493160
v 3.962497 2.014427 0.481723
v 4.061324 2.014427 0.310162
v 4.067913 2.014427 0.298724
v 2.690917 2.014427 2.689150
v 2.697506 2.014427 2.677712
v 2.796333 2.014427 2.506151
v 2.802922 2.014427 2.494713
v 2.901749 2.014427 2.323151
v 2.908337 2.014427 2.311714
v 3.007165 2.014427 2.140152
v 3.013753 2.014427 2.128715
v 3.217997 2.014427 1.774154
v 3.224585 2.014427 1.762717
v 3.323413 2.014427 1.591155
v 3.330001 2.014427 1.579718
v 3.428829 2.014427 1.408156
v 3.435417 2.014427 1.396718
v 3.534244 2.014427 1.225157
v 3.540833 2.014427 1.213720
v 2.163838 2.014427 3.604145
v 2.170426 2.014427 3.592707
v 2.269254 2.014427 3.421146
v 2.275842 2.014427 3.409708
v 2.374670 2.014427 3.238147
v 2.381258 2.014427 3.226709
v 2.480085 2.014427 3.055148
v 2.486674 2.014427 3.043710
v 4.193094 2.014427 0.081413
v 4.199682 2.014427 0.069975
v 3.138935 2.014427 1.911403
v 3.145523 2.014427 1.899966
v 3.666014 2.014427 0.996408
v 3.672603 2.014427 0.984971
v 2.611855 2.014427 2.826399
v 2.618444 2.014427 2.814961
v 3.771430 2.014427 0.813409
v 3.778019 2.014427 0.801972
v 3.876846 2.014427 0.630410
v 3.883435 2.014427 0.618973
v 3.982262 2.014427 0.447411
v 3.988851 2.014427 0.435973
v 4.087678 2.014427 0.264412
v 4.094267 2.014427 0.252974
v 2.717271 2.014427 2.643399
v 2.723860 2.014427 2.631963
v 2.822687 2.014427 2.460401
v 2.829276 2.014427 2.448963
v 2.928102 2.014427 2.277402
v 2.934691 2.014427 2.265964
v 3.033519 2.014427 2.094402
v 3.040107 2.014427 2.082965
v 3.244351 2.014427 1.728405
v 3.250939 2.014427 1.716967
v 3.349767 2.014427 1.545405
v 3.356355 2.014427 1.533968
v 3.455182 2.014427 1.362406
v 3.461771 2.014427 1.350969
v 3.560598 2.014427 1.179407
v 3.567187 2.014427 1.167970
v 2.190192 2.014427 3.558395
v 2.196780 2.014427 3.546958
v 2.295608 2.014427 3.375396
v 2.302196 2.014427 3.363959
v 2.401023 2.014427 3.192396
v 2.407612 2.014427 3.180959
v 2.506439 2.014427 3.009398
v 2.513028 2.014427 2.997960
v 4.140386 2.014427 0.172912
v 4.146974 2.014427 0.161475
v 3.086227 2.014427 2.002903
v 3.092815 2.014427 1.991465
v 3.613306 2.014427 1.087907
v 3.619895 2.014427 1.076470
v 2.559147 2.014427 2.917898
v 2.565736 2.014427 2.906461
v 3.718722 2.014427 0.904908
v 3.725311 2.014427 0.893471
v 3.824138 2.014427 0.721909
v 3.830727 2.014427 0.710472
v 3.929554 2.014427 0.538910
v 3.936143 2.014427 0.527473
v 4.034970 2.014427 0.355911
v 4.041558 2.014427 0.344474
v 2.664563 2.014427 2.734899
v 2.671152 2.014427 2.723462
v 2.769979 2.014427 2.551900
v 2.776567 2.014427 2.540463
v 2.875395 2.014427 2.368901
v 2.881983 2.014427 2.357464
v 2.980811 2.014427 2.185902
v 2.987400 2.014427 2.174465
v 3.191643 2.014427 1.819904
v 3.198231 2.014427 1.808466
v 3.297059 2.014427 1.636905
v 3.303647 2.014427 1.625467
v 3.402474 2.014427 1.453906
v 3.409063 2.014427 1.442468
v 3.507890 2.014427 1.270906
v 3.514479 2.014427 1.259470
v 2.137484 2.014427 3.649894
v 2.144072 2.014427 3.638457
v 2.242900 2.014427 3.466895
v 2.249488 2.014427 3.455458
v 2.348316 2.014427 3.283896
v 2.354904 2.014427 3.272459
v 2.453731 2.014427 3.100898
v 2.460320 2.014427 3.089460
v 4.206271 2.014427 0.058538
v 4.212859 2.014427 0.047100
v 3.152112 2.014427 1.888529
v 3.158700 2.014427 1.877091
v 3.679191 2.014427 0.973533
v 3.685780 2.014427 0.962096
v 2.625032 2.014427 2.803524
v 2.631621 2.014427 2.792086
v 3.784607 2.014427 0.790534
v 3.791196 2.014427 0.779097
v 3.890023 2.014427 0.607535
v 3.896612 2.014427 0.596098
v 3.995439 2.014427 0.424536
v 4.002028 2.014427 0.413099
v 4.100855 2.014427 0.241537
v 4.107443 2.014427 0.230099
v 2.730448 2.014427 2.620525
v 2.737037 2.014427 2.609087
v 2.835864 2.014427 2.437526
v 2.842453 2.014427 2.426089
v 2.941280 2.014427 2.254527
v 2.947868 2.014427 2.243089
v 3.046696 2.014427 2.071528
v 3.053284 2.014427 2.060090
v 3.257528 2.014427 1.705530
v 3.264116 2.014427 1.694092
v 3.362944 2.014427 1.522531
v 3.369532 2.014427 1.511093
v 3.468359 2.014427 1.339531
v 3.474948 2.014427 1.328094
v 3.573775 2.014427 1.156532
v 3.580364 2.014427 1.145095
v 2.203369 2.014427 3.535521
v 2.209957 2.014427 3.524083
v 2.308785 2.014427 3.352521
v 2.315373 2.014427 3.341084
v 2.414200 2.014427 3.169522
v 2.420789 2.014427 3.158084
v 2.519616 2.014427 2.986523
v 2.526205 2.014427 2.975085
v 4.153563 2.014427 0.150037
v 4.160151 2.014427 0.138600
v 3.099404 2.014427 1.980028
v 3.105992 2.014427 1.968590
v 3.626483 2.014427 1.065032
v 3.633072 2.014427 1.053595
v 2.572324 2.014427 2.895023
v 2.578913 2.014427 2.883586
v 3.731899 2.014427 0.882034
v 3.738488 2.014427 0.870596
v 3.837315 2.014427 0.699035
v 3.843904 2.014427 0.687597
v 3.942731 2.014427 0.516036
v 3.949319 2.014427 0.504598
v 4.048147 2.014427 0.333037
v 4.054735 2.014427 0.321599
v 2.677740 2.014427 2.712024
v 2.684329 2.014427 2.700587
v 2.783156 2.014427 2.529025
v 2.789745 2.014427 2.517588
v 2.888572 2.014427 2.346026
v 2.895160 2.014427 2.334589
v 2.993988 2.014427 2.163028
v 3.000576 2.014427 2.151590
v 3.204819 2.014427 1.797029
v 3.211408 2.014427 1.785592
v 3.310236 2.014427 1.614030
v 3.316824 2.014427 1.602593
v 3.415652 2.014427 1.431031
v 3.422240 2.014427 1.419593
v 3.521067 2.014427 1.248032
v 3.527656 2.014427 1.236594
v 2.150661 2.014427 3.627020
v 2.157249 2.014427 3.615582
v 2.256077 2.014427 3.444021
v 2.262665 2.014427 3.432583
v 2.361493 2.014427 3.261022
v 2.368081 2.014427 3.249584
v 2.466908 2.014427 3.078023
v 2.473497 2.014427 3.066585
v 4.179916 2.014427 0.104287
v 4.186505 2.014427 0.092850
v 3.125758 2.014427 1.934278
v 3.132346 2.014427 1.922841
v 3.652837 2.014427 1.019283
v 3.659425 2.014427 1.007845
v 2.598678 2.014427 2.849273
v 2.605267 2.014427 2.837836
v 3.758253 2.014427 0.836284
v 3.764841 2.014427 0.824846
v 3.863669 2.014427 0.653285
v 3.870258 2.014427 0.641847
v 3.969085 2.014427 0.470286
v 3.975674 2.014427 0.458848
v 4.074501 2.014427 0.287287
v 4.081089 2.014427 0.275849
v 2.704094 2.014427 2.666275
v 2.710683 2.014427 2.654837
v 2.809510 2.014427 2.483275
v 2.816099 2.014427 2.471838
v 2.914926 2.014427 2.300277
v 2.921515 2.014427 2.288839
v 3.020342 2.014427 2.117278
v 3.026930 2.014427 2.105840
v 3.231174 2.014427 1.751279
v 3.237762 2.014427 1.739842
v 3.336589 2.014427 1.568280
v 3.343178 2.014427 1.556843
v 3.442005 2.014427 1.385281
v 3.448594 2.014427 1.373843
v 3.547422 2.014427 1.202282
v 3.554010 2.014427 1.190845
v 2.177015 2.014427 3.581270
v 2.183603 2.014427 3.569833
v 2.282431 2.014427 3.398271
v 2.289019 2.014427 3.386833
v 2.387846 2.014427 3.215272
v 2.394435 2.014427 3.203834
v 2.493263 2.014427 3.032273
v 2.499851 2.014427 3.020835
v 4.127209 2.014427 0.195787
v 4.133797 2.014427 0.184349
v 3.073050 2.014427 2.025778
v 3.079638 2.014427 2.014340
v 3.600129 2.014427 1.110782
v 3.606718 2.014427 1.099345
v 2.545970 2.014427 2.940773
v 2.552559 2.014427 2.929336
v 3.705545 2.014427 0.927783
v 3.712133 2.014427 0.916346
v 3.810961 2.014427 0.744784
v 3.817550 2.014427 0.733347
v 3.916377 2.014427 0.561785
v 3.922966 2.014427 0.550348
v 4.021793 2.014427 0.378786
v 4.028381 2.014427 0.367349
v 2.651386 2.014427 2.757774
v 2.657975 2.014427 2.746336
v 2.756802 2.014427 2.574775
v 2.763391 2.014427 2.563338
v 2.862218 2.014427 2.391776
v 2.868807 2.014427 2.380339
v 2.967634 2.014427 2.208777
v 2.974222 2.014427 2.197340
v 3.178466 2.014427 1.842779
v 3.185054 2.014427 1.831341
v 3.283882 2.014427 1.659780
v 3.290470 2.014427 1.648342
v 3.389298 2.014427 1.476781
v 3.395886 2.014427 1.465343
v 3.494713 2.014427 1.293782
v 3.501302 2.014427 1.282344
v 2.124307 2.014427 3.672769
v 2.130895 2.014427 3.661332
v 2.229723 2.014427 3.489771
v 2.236311 2.014427 3.478333
v 2.335139 2.014427 3.306772
v 2.341727 2.014427 3.295334
v 2.440554 2.014427 3.123772
v 2.447143 2.014427 3.112335
v 2.117718 2.014427 3.684207
v 4.663770 2.014428 0.291613
v 4.670359 2.014428 0.280176
v 3.609611 2.014428 2.121604
v 3.616200 2.014428 2.110166
v 4.136691 2.014428 1.206608
v 4.143280 2.014428 1.195171
v 3.082531 2.014428 3.036599
v 3.089120 2.014428 3.025162
v 4.242107 2.014428 1.023610
v 4.248695 2.014428 1.012172
v 4.347523 2.014428 0.840610
v 4.354111 2.014428 0.829173
v 4.452939 2.014428 0.657612
v 4.459527 2.014428 0.646174
v 4.558354 2.014428 0.474612
v 4.564943 2.014428 0.463175
v 3.187948 2.014428 2.853600
v 3.194536 2.014428 2.842163
v 3.293364 2.014428 2.670601
v 3.299952 2.014428 2.659164
v 3.398779 2.014428 2.487602
v 3.405368 2.014428 2.476165
v 3.504195 2.014428 2.304603
v 3.510784 2.014428 2.293165
v 3.715027 2.014428 1.938605
v 3.721616 2.014428 1.927168
v 3.820443 2.014428 1.755606
v 3.827032 2.014428 1.744168
v 3.925859 2.014428 1.572607
v 3.932448 2.014428 1.561169
v 4.031275 2.014428 1.389607
v 4.037863 2.014428 1.378170
v 2.660868 2.014428 3.768596
v 2.667457 2.014428 3.757158
v 2.766284 2.014428 3.585597
v 2.772873 2.014428 3.574159
v 2.871700 2.014428 3.402597
v 2.878288 2.014428 3.391160
v 2.977116 2.014428 3.219598
v 2.983704 2.014428 3.208161
v 4.611063 2.014428 0.383113
v 4.617651 2.014428 0.371675
v 3.556903 2.014428 2.213104
v 3.563492 2.014428 2.201666
v 4.083983 2.014428 1.298108
v 4.090571 2.014428 1.286671
v 3.029824 2.014428 3.128099
v 3.036412 2.014428 3.116661
v 4.189399 2.014428 1.115109
v 4.195987 2.014428 1.103672
v 4.294815 2.014428 0.932110
v 4.301404 2.014428 0.920673
v 4.400230 2.014428 0.749111
v 4.406819 2.014428 0.737674
v 4.505646 2.014428 0.566112
v 4.512235 2.014428 0.554674
v 3.135240 2.014428 2.945100
v 3.141828 2.014428 2.933663
v 3.240655 2.014428 2.762101
v 3.247244 2.014428 2.750664
v 3.346071 2.014428 2.579101
v 3.352660 2.014428 2.567664
v 3.451487 2.014428 2.396103
v 3.458076 2.014428 2.384665
v 3.662319 2.014428 2.030105
v 3.668908 2.014428 2.018667
v 3.767735 2.014428 1.847106
v 3.774324 2.014428 1.835668
v 3.873151 2.014428 1.664106
v 3.879740 2.014428 1.652669
v 3.978567 2.014428 1.481107
v 3.985155 2.014428 1.469670
v 2.608160 2.014428 3.860096
v 2.614749 2.014428 3.848658
v 2.713576 2.014428 3.677096
v 2.720165 2.014428 3.665658
v 2.818992 2.014428 3.494097
v 2.825580 2.014428 3.482660
v 2.924408 2.014428 3.311098
v 2.930996 2.014428 3.299660
v 4.637416 2.014428 0.337363
v 4.644005 2.014428 0.325926
v 3.583257 2.014428 2.167354
v 3.589846 2.014428 2.155916
v 4.110337 2.014428 1.252358
v 4.116925 2.014428 1.240921
v 3.056177 2.014428 3.082349
v 3.062766 2.014428 3.070912
v 4.215753 2.014428 1.069359
v 4.222342 2.014428 1.057922
v 4.321169 2.014428 0.886360
v 4.327757 2.014428 0.874923
v 4.426585 2.014428 0.703361
v 4.433173 2.014428 0.691923
v 4.532001 2.014428 0.520362
v 4.538589 2.014428 0.508925
v 3.161593 2.014428 2.899350
v 3.168182 2.014428 2.887913
v 3.267009 2.014428 2.716351
v 3.273598 2.014428 2.704914
v 3.372425 2.014428 2.533352
v 3.379014 2.014428 2.521914
v 3.477841 2.014428 2.350353
v 3.484430 2.014428 2.338915
v 3.688673 2.014428 1.984355
v 3.695262 2.014428 1.972917
v 3.794089 2.014428 1.801356
v 3.800678 2.014428 1.789918
v 3.899505 2.014428 1.618356
v 3.906094 2.014428 1.606919
v 4.004921 2.014428 1.435357
v 4.011509 2.014428 1.423920
v 2.634514 2.014428 3.814345
v 2.641103 2.014428 3.802908
v 2.739930 2.014428 3.631346
v 2.746519 2.014428 3.619909
v 2.845346 2.014428 3.448347
v 2.851934 2.014428 3.436909
v 2.950762 2.014428 3.265348
v 2.957350 2.014428 3.253911
v 4.584708 2.014428 0.428862
v 4.591297 2.014428 0.417425
v 3.530549 2.014428 2.258853
v 3.537138 2.014428 2.247416
v 4.057629 2.014428 1.343858
v 4.064217 2.014428 1.332420
v 3.003469 2.014428 3.173848
v 3.010058 2.014428 3.162411
v 4.163044 2.014428 1.160859
v 4.169633 2.014428 1.149421
v 4.268460 2.014428 0.977860
v 4.275049 2.014428 0.966422
v 4.373877 2.014428 0.794860
v 4.380465 2.014428 0.783423
v 4.479293 2.014428 0.611862
v 4.485881 2.014428 0.600424
v 3.108886 2.014428 2.990849
v 3.115474 2.014428 2.979412
v 3.214301 2.014428 2.807850
v 3.220890 2.014428 2.796413
v 3.319717 2.014428 2.624851
v 3.326306 2.014428 2.613414
v 3.425133 2.014428 2.441853
v 3.431722 2.014428 2.430415
v 3.635965 2.014428 2.075854
v 3.642554 2.014428 2.064416
v 3.741381 2.014428 1.892855
v 3.747970 2.014428 1.881418
v 3.846797 2.014428 1.709856
v 3.853386 2.014428 1.698418
v 3.952213 2.014428 1.526857
v 3.958802 2.014428 1.515420
v 2.581806 2.014428 3.905845
v 2.588395 2.014428 3.894408
v 2.687222 2.014428 3.722846
v 2.693810 2.014428 3.711408
v 2.792638 2.014428 3.539847
v 2.799227 2.014428 3.528409
v 2.898054 2.014428 3.356848
v 2.904643 2.014428 3.345411
v 4.650593 2.014428 0.314488
v 4.657182 2.014428 0.303051
v 3.596434 2.014428 2.144479
v 3.603023 2.014428 2.133041
v 4.123514 2.014428 1.229483
v 4.130102 2.014428 1.218046
v 3.069355 2.014428 3.059474
v 3.075943 2.014428 3.048037
v 4.228930 2.014428 1.046485
v 4.235518 2.014428 1.035047
v 4.334346 2.014428 0.863486
v 4.340935 2.014428 0.852048
v 4.439762 2.014428 0.680486
v 4.446350 2.014428 0.669049
v 4.545177 2.014428 0.497487
v 4.551766 2.014428 0.486050
v 3.174771 2.014428 2.876476
v 3.181359 2.014428 2.865038
v 3.280187 2.014428 2.693476
v 3.286775 2.014428 2.682039
v 3.385602 2.014428 2.510477
v 3.392191 2.014428 2.499039
v 3.491018 2.014428 2.327478
v 3.497607 2.014428 2.316040
v 3.701850 2.014428 1.961480
v 3.708439 2.014428 1.950042
v 3.807266 2.014428 1.778481
v 3.813855 2.014428 1.767043
v 3.912682 2.014428 1.595481
v 3.919271 2.014428 1.584044
v 4.018098 2.014428 1.412483
v 4.024686 2.014428 1.401045
v 2.647691 2.014428 3.791471
v 2.654279 2.014428 3.780033
v 2.753107 2.014428 3.608472
v 2.759696 2.014428 3.597034
v 2.858523 2.014428 3.425472
v 2.865111 2.014428 3.414035
v 2.963939 2.014428 3.242473
v 2.970527 2.014428 3.231036
v 4.597885 2.014428 0.405987
v 4.604474 2.014428 0.394550
v 3.543726 2.014428 2.235978
v 3.550315 2.014428 2.224541
v 4.070806 2.014428 1.320983
v 4.077394 2.014428 1.309546
v 3.016647 2.014428 3.150974
v 3.023235 2.014428 3.139536
v 4.176222 2.014428 1.137984
v 4.182810 2.014428 1.126547
v 4.281638 2.014428 0.954985
v 4.288226 2.014428 0.943548
v 4.387053 2.014428 0.771986
v 4.393642 2.014428 0.760548
v 4.492470 2.014428 0.588987
v 4.499058 2.014428 0.577549
v 3.122062 2.014428 2.967975
v 3.128651 2.014428 2.956537
v 3.227479 2.014428 2.784976
v 3.234067 2.014428 2.773538
v 3.332895 2.014428 2.601977
v 3.339483 2.014428 2.590539
v 3.438310 2.014428 2.418978
v 3.444899 2.014428 2.407540
v 3.649143 2.014428 2.052979
v 3.655731 2.014428 2.041542
v 3.754558 2.014428 1.869980
v 3.761147 2.014428 1.858543
v 3.859974 2.014428 1.686981
v 3.866563 2.014428 1.675544
v 3.965390 2.014428 1.503982
v 3.971979 2.014428 1.492545
v 2.594983 2.014428 3.882970
v 2.601572 2.014428 3.871533
v 2.700399 2.014428 3.699971
v 2.706988 2.014428 3.688534
v 2.805815 2.014428 3.516972
v 2.812403 2.014428 3.505534
v 2.911231 2.014428 3.333973
v 2.917819 2.014428 3.322535
v 4.624239 2.014428 0.360238
v 4.630828 2.014428 0.348800
v 3.570080 2.014428 2.190228
v 3.576669 2.014428 2.178791
v 4.097159 2.014428 1.275233
v 4.103748 2.014428 1.263796
v 3.043001 2.014428 3.105224
v 3.049589 2.014428 3.093786
v 4.202575 2.014428 1.092234
v 4.209164 2.014428 1.080797
v 4.307992 2.014428 0.909235
v 4.314580 2.014428 0.897798
v 4.413408 2.014428 0.726236
v 4.419996 2.014428 0.714799
v 4.518824 2.014428 0.543237
v 4.525412 2.014428 0.531800
v 3.148417 2.014428 2.922225
v 3.155005 2.014428 2.910788
v 3.253832 2.014428 2.739226
v 3.260421 2.014428 2.727788
v 3.359248 2.014428 2.556227
v 3.365837 2.014428 2.544789
v 3.464664 2.014428 2.373228
v 3.471253 2.014428 2.361790
v 3.675496 2.014428 2.007230
v 3.682085 2.014428 1.995792
v 3.780912 2.014428 1.824230
v 3.787501 2.014428 1.812793
v 3.886328 2.014428 1.641232
v 3.892916 2.014428 1.629794
v 3.991744 2.014428 1.458232
v 3.998332 2.014428 1.446795
v 2.621337 2.014428 3.837220
v 2.627925 2.014428 3.825783
v 2.726753 2.014428 3.654221
v 2.733342 2.014428 3.642784
v 2.832169 2.014428 3.471222
v 2.838757 2.014428 3.459785
v 2.937585 2.014428 3.288223
v 2.944173 2.014428 3.276785
v 4.571531 2.014428 0.451737
v 4.578120 2.014428 0.440300
v 3.517372 2.014428 2.281728
v 3.523961 2.014428 2.270291
v 4.044452 2.014428 1.366733
v 4.051041 2.014428 1.355295
v 2.990293 2.014428 3.196723
v 2.996881 2.014428 3.185286
v 4.149868 2.014428 1.183734
v 4.156456 2.014428 1.172296
v 4.255284 2.014428 1.000735
v 4.261872 2.014428 0.989297
v 4.360700 2.014428 0.817736
v 4.367288 2.014428 0.806298
v 4.466115 2.014428 0.634736
v 4.472704 2.014428 0.623299
v 3.095709 2.014428 3.013724
v 3.102297 2.014428 3.002287
v 3.201125 2.014428 2.830726
v 3.207713 2.014428 2.819288
v 3.306540 2.014428 2.647727
v 3.313129 2.014428 2.636289
v 3.411957 2.014428 2.464727
v 3.418545 2.014428 2.453290
v 3.622788 2.014428 2.098729
v 3.629377 2.014428 2.087291
v 3.728204 2.014428 1.915730
v 3.734793 2.014428 1.904293
v 3.833621 2.014428 1.732731
v 3.840209 2.014428 1.721294
v 3.939036 2.014428 1.549732
v 3.945624 2.014428 1.538294
v 2.568629 2.014428 3.928720
v 2.575217 2.014428 3.917282
v 2.674045 2.014428 3.745721
v 2.680633 2.014428 3.734283
v 2.779461 2.014428 3.562722
v 2.786050 2.014428 3.551284
v 2.884877 2.014428 3.379723
v 2.891465 2.014428 3.368285
v 2.562041 2.014428 3.940157
v 2.511660 1.873312 -3.863722
v 2.511660 1.179783 -3.863722
v 4.627138 1.179783 -0.207875
v 2.518271 1.873312 -3.852298
v 4.627138 1.873312 -0.207875
v 3.576010 1.873312 -2.024374
v 3.569399 1.873312 -2.035799
v 3.047141 1.873312 -2.938336
v 3.040530 1.873312 -2.949760
v 4.104879 1.873312 -1.110412
v 4.098269 1.873312 -1.121837
v 2.941366 1.873312 -3.121128
v 2.934756 1.873312 -3.132553
v 2.835593 1.873312 -3.303921
v 2.828982 1.873312 -3.315346
v 2.729819 1.873312 -3.486713
v 2.723208 1.873312 -3.498138
v 2.624045 1.873312 -3.669505
v 2.617434 1.873312 -3.680930
v 3.999105 1.873312 -1.293204
v 3.992495 1.873312 -1.304629
v 3.893332 1.873312 -1.475997
v 3.886721 1.873312 -1.487421
v 3.787558 1.873312 -1.658789
v 3.780947 1.873312 -1.670214
v 3.681784 1.873312 -1.841581
v 3.675173 1.873312 -1.853006
v 3.470236 1.873312 -2.207166
v 3.463625 1.873312 -2.218591
v 3.364462 1.873312 -2.389959
v 3.357851 1.873312 -2.401383
v 3.258688 1.873312 -2.572751
v 3.252077 1.873312 -2.584176
v 3.152914 1.873312 -2.755544
v 3.146303 1.873312 -2.766968
v 4.527975 1.873312 -0.379242
v 4.521364 1.873312 -0.390667
v 4.422201 1.873312 -0.562035
v 4.415590 1.873312 -0.573459
v 4.316427 1.873312 -0.744827
v 4.309816 1.873312 -0.756252
v 4.210653 1.873312 -0.927620
v 4.204042 1.873312 -0.939044
v 2.571158 1.873312 -3.760902
v 2.564547 1.873312 -3.772326
v 3.628897 1.873312 -1.932978
v 3.622286 1.873312 -1.944402
v 3.100027 1.873312 -2.846940
v 3.093416 1.873312 -2.858364
v 4.157766 1.873312 -1.019016
v 4.151155 1.873312 -1.030440
v 2.994254 1.873312 -3.029732
v 2.987643 1.873312 -3.041157
v 2.888479 1.873312 -3.212524
v 2.881869 1.873312 -3.223949
v 2.782706 1.873312 -3.395317
v 2.776095 1.873312 -3.406741
v 2.676932 1.873312 -3.578109
v 2.670321 1.873312 -3.589534
v 4.051992 1.873312 -1.201808
v 4.045382 1.873312 -1.213233
v 3.946218 1.873312 -1.384601
v 3.939608 1.873312 -1.396025
v 3.840445 1.873312 -1.567393
v 3.833834 1.873312 -1.578817
v 3.734671 1.873312 -1.750185
v 3.728060 1.873312 -1.761610
v 3.523123 1.873312 -2.115770
v 3.516512 1.873312 -2.127195
v 3.417349 1.873312 -2.298563
v 3.410738 1.873312 -2.309987
v 3.311575 1.873312 -2.481355
v 3.304964 1.873312 -2.492779
v 3.205801 1.873312 -2.664147
v 3.199190 1.873312 -2.675572
v 4.580862 1.873312 -0.287846
v 4.574251 1.873312 -0.299271
v 4.475088 1.873312 -0.470639
v 4.468477 1.873312 -0.482063
v 4.369314 1.873312 -0.653431
v 4.362703 1.873312 -0.664856
v 4.263540 1.873312 -0.836223
v 4.256929 1.873312 -0.847648
v 2.544714 1.873312 -3.806600
v 2.538104 1.873312 -3.818024
v 3.602453 1.873312 -1.978676
v 3.595843 1.873312 -1.990100
v 3.073584 1.873312 -2.892638
v 3.066973 1.873312 -2.904062
v 4.131323 1.873312 -1.064714
v 4.124712 1.873312 -1.076138
v 2.967810 1.873312 -3.075430
v 2.961199 1.873312 -3.086855
v 2.862036 1.873312 -3.258223
v 2.855425 1.873312 -3.269647
v 2.756262 1.873312 -3.441015
v 2.749651 1.873312 -3.452439
v 2.650489 1.873312 -3.623807
v 2.643878 1.873312 -3.635232
v 4.025549 1.873312 -1.247506
v 4.018938 1.873312 -1.258931
v 3.919775 1.873312 -1.430299
v 3.913164 1.873312 -1.441723
v 3.814001 1.873312 -1.613091
v 3.807390 1.873312 -1.624516
v 3.708227 1.873312 -1.795884
v 3.701616 1.873312 -1.807308
v 3.496679 1.873312 -2.161468
v 3.490068 1.873312 -2.172893
v 3.390906 1.873312 -2.344261
v 3.384295 1.873312 -2.355685
v 3.285132 1.873312 -2.527053
v 3.278521 1.873312 -2.538477
v 3.179358 1.873312 -2.709845
v 3.172747 1.873312 -2.721270
v 4.554419 1.873312 -0.333544
v 4.547808 1.873312 -0.344969
v 4.448644 1.873312 -0.516337
v 4.442033 1.873312 -0.527761
v 4.342871 1.873312 -0.699129
v 4.336260 1.873312 -0.710554
v 4.237097 1.873312 -0.881922
v 4.230486 1.873312 -0.893346
v 2.597601 1.873312 -3.715204
v 2.590991 1.873312 -3.726628
v 3.655340 1.873312 -1.887280
v 3.648730 1.873312 -1.898704
v 3.126471 1.873312 -2.801242
v 3.119860 1.873312 -2.812666
v 4.184210 1.873312 -0.973318
v 4.177599 1.873312 -0.984742
v 3.020697 1.873312 -2.984034
v 3.014086 1.873312 -2.995458
v 2.914923 1.873312 -3.166826
v 2.908312 1.873312 -3.178251
v 2.809149 1.873312 -3.349619
v 2.802538 1.873312 -3.361043
v 2.703375 1.873312 -3.532411
v 2.696764 1.873312 -3.543836
v 4.078436 1.873312 -1.156110
v 4.071825 1.873312 -1.167535
v 3.972662 1.873312 -1.338902
v 3.966051 1.873312 -1.350327
v 3.866888 1.873312 -1.521695
v 3.860277 1.873312 -1.533119
v 3.761114 1.873312 -1.704487
v 3.754503 1.873312 -1.715912
v 3.549567 1.873312 -2.070072
v 3.542956 1.873312 -2.081496
v 3.443793 1.873312 -2.252864
v 3.437182 1.873312 -2.264289
v 3.338019 1.873312 -2.435657
v 3.331408 1.873312 -2.447081
v 3.232245 1.873312 -2.618449
v 3.225634 1.873312 -2.629874
v 4.607306 1.873312 -0.242148
v 4.600695 1.873312 -0.253573
v 4.501532 1.873312 -0.424941
v 4.494921 1.873312 -0.436365
v 4.395758 1.873312 -0.607733
v 4.389147 1.873312 -0.619158
v 4.289984 1.873312 -0.790525
v 4.283373 1.873312 -0.801950
v 2.531493 1.873312 -3.829449
v 2.524882 1.873312 -3.840873
v 3.589232 1.873312 -2.001525
v 3.582621 1.873312 -2.012949
v 3.060362 1.873312 -2.915487
v 3.053751 1.873312 -2.926912
v 4.118101 1.873312 -1.087563
v 4.111490 1.873312 -1.098987
v 2.954588 1.873312 -3.098279
v 2.947978 1.873312 -3.109704
v 2.848814 1.873312 -3.281072
v 2.842203 1.873312 -3.292496
v 2.743041 1.873312 -3.463864
v 2.736430 1.873312 -3.475288
v 2.637267 1.873312 -3.646656
v 2.630656 1.873312 -3.658081
v 4.012327 1.873312 -1.270355
v 4.005716 1.873312 -1.281780
v 3.906553 1.873312 -1.453148
v 3.899942 1.873312 -1.464572
v 3.800780 1.873312 -1.635940
v 3.794169 1.873312 -1.647365
v 3.695005 1.873312 -1.818733
v 3.688395 1.873312 -1.830157
v 3.483458 1.873312 -2.184317
v 3.476847 1.873312 -2.195742
v 3.377684 1.873312 -2.367110
v 3.371073 1.873312 -2.378534
v 3.271910 1.873312 -2.549902
v 3.265299 1.873312 -2.561327
v 3.166136 1.873312 -2.732694
v 3.159525 1.873312 -2.744119
v 4.541197 1.873312 -0.356393
v 4.534586 1.873312 -0.367818
v 4.435422 1.873312 -0.539186
v 4.428812 1.873312 -0.550610
v 4.329649 1.873312 -0.721978
v 4.323038 1.873312 -0.733403
v 4.223875 1.873312 -0.904771
v 4.217264 1.873312 -0.916195
v 2.584380 1.873312 -3.738053
v 2.577769 1.873312 -3.749477
v 3.642119 1.873312 -1.910129
v 3.635508 1.873312 -1.921553
v 3.113249 1.873312 -2.824091
v 3.106638 1.873312 -2.835515
v 4.170988 1.873312 -0.996167
v 4.164377 1.873312 -1.007591
v 3.007475 1.873312 -3.006883
v 3.000865 1.873312 -3.018307
v 2.901701 1.873312 -3.189675
v 2.895090 1.873312 -3.201100
v 2.795928 1.873312 -3.372468
v 2.789317 1.873312 -3.383892
v 2.690154 1.873312 -3.555260
v 2.683542 1.873312 -3.566685
v 4.065214 1.873312 -1.178959
v 4.058603 1.873312 -1.190384
v 3.959440 1.873312 -1.361752
v 3.952829 1.873312 -1.373176
v 3.853667 1.873312 -1.544544
v 3.847056 1.873312 -1.555969
v 3.747892 1.873312 -1.727336
v 3.741282 1.873312 -1.738761
v 3.536345 1.873312 -2.092921
v 3.529734 1.873312 -2.104346
v 3.430571 1.873312 -2.275713
v 3.423960 1.873312 -2.287138
v 3.324797 1.873312 -2.458506
v 3.318186 1.873312 -2.469930
v 3.219023 1.873312 -2.641298
v 3.212412 1.873312 -2.652723
v 4.594084 1.873312 -0.264997
v 4.587473 1.873312 -0.276422
v 4.488310 1.873312 -0.447790
v 4.481699 1.873312 -0.459214
v 4.382536 1.873312 -0.630582
v 4.375925 1.873312 -0.642007
v 4.276762 1.873312 -0.813375
v 4.270151 1.873312 -0.824799
v 2.557936 1.873312 -3.783751
v 2.551325 1.873312 -3.795175
v 3.615675 1.873312 -1.955827
v 3.609064 1.873312 -1.967251
v 3.086806 1.873312 -2.869789
v 3.080195 1.873312 -2.881213
v 4.144545 1.873312 -1.041865
v 4.137934 1.873312 -1.053289
v 2.981032 1.873312 -3.052581
v 2.974421 1.873312 -3.064006
v 2.875258 1.873312 -3.235373
v 2.868647 1.873312 -3.246798
v 2.769484 1.873312 -3.418166
v 2.762873 1.873312 -3.429590
v 2.663710 1.873312 -3.600958
v 2.657099 1.873312 -3.612383
v 4.038771 1.873312 -1.224657
v 4.032160 1.873312 -1.236082
v 3.932997 1.873312 -1.407449
v 3.926386 1.873312 -1.418874
v 3.827223 1.873312 -1.590242
v 3.820612 1.873312 -1.601666
v 3.721449 1.873312 -1.773034
v 3.714838 1.873312 -1.784459
v 3.509901 1.873312 -2.138619
v 3.503290 1.873312 -2.150044
v 3.404127 1.873312 -2.321412
v 3.397516 1.873312 -2.332836
v 3.298353 1.873312 -2.504204
v 3.291743 1.873312 -2.515628
v 3.192580 1.873312 -2.686996
v 3.185969 1.873312 -2.698421
v 4.567640 1.873312 -0.310695
v 4.561029 1.873312 -0.322120
v 4.461866 1.873312 -0.493488
v 4.455255 1.873312 -0.504912
v 4.356092 1.873312 -0.676280
v 4.349482 1.873312 -0.687705
v 4.250319 1.873312 -0.859073
v 4.243708 1.873312 -0.870497
v 2.610823 1.873312 -3.692354
v 2.604212 1.873312 -3.703779
v 3.668562 1.873312 -1.864431
v 3.661951 1.873312 -1.875855
v 3.139693 1.873312 -2.778393
v 3.133082 1.873312 -2.789817
v 4.197432 1.873312 -0.950469
v 4.190821 1.873312 -0.961893
v 3.033919 1.873312 -2.961185
v 3.027308 1.873312 -2.972610
v 2.928145 1.873312 -3.143977
v 2.921534 1.873312 -3.155402
v 2.822371 1.873312 -3.326770
v 2.815760 1.873312 -3.338194
v 2.716597 1.873312 -3.509562
v 2.709986 1.873312 -3.520987
v 4.091658 1.873312 -1.133261
v 4.085047 1.873312 -1.144686
v 3.985884 1.873312 -1.316053
v 3.979273 1.873312 -1.327478
v 3.880110 1.873312 -1.498846
v 3.873499 1.873312 -1.510270
v 3.774336 1.873312 -1.681638
v 3.767725 1.873312 -1.693063
v 3.562788 1.873312 -2.047223
v 3.556177 1.873312 -2.058647
v 3.457014 1.873312 -2.230016
v 3.450403 1.873312 -2.241440
v 3.351240 1.873312 -2.412808
v 3.344630 1.873312 -2.424232
v 3.245467 1.873312 -2.595600
v 3.238856 1.873312 -2.607025
v 4.620527 1.873312 -0.219299
v 4.613916 1.873312 -0.230724
v 4.514753 1.873312 -0.402092
v 4.508142 1.873312 -0.413516
v 4.408979 1.873312 -0.584884
v 4.402369 1.873312 -0.596308
v 4.303205 1.873312 -0.767676
v 4.296595 1.873312 -0.779101
v 2.117169 2.014428 -3.620198
v 2.110558 2.014428 -3.631622
v 3.174908 2.014428 -1.792274
v 3.168297 2.014428 -1.803698
v 2.646039 2.014428 -2.706236
v 2.639428 2.014428 -2.717660
v 3.703778 2.014428 -0.878312
v 3.697166 2.014428 -0.889736
v 2.540265 2.014428 -2.889028
v 2.533654 2.014428 -2.900453
v 2.434491 2.014428 -3.071820
v 2.427880 2.014428 -3.083245
v 2.328717 2.014428 -3.254613
v 2.322106 2.014428 -3.266037
v 2.222943 2.014428 -3.437405
v 2.216332 2.014428 -3.448830
v 3.598004 2.014428 -1.061104
v 3.591393 2.014428 -1.072529
v 3.492230 2.014428 -1.243897
v 3.485619 2.014428 -1.255321
v 3.386456 2.014428 -1.426689
v 3.379845 2.014428 -1.438114
v 3.280682 2.014428 -1.609482
v 3.274071 2.014428 -1.620906
v 3.069134 2.014428 -1.975066
v 3.062523 2.014428 -1.986491
v 2.963360 2.014428 -2.157859
v 2.956749 2.014428 -2.169283
v 2.857586 2.014428 -2.340651
v 2.850975 2.014428 -2.352076
v 2.751812 2.014428 -2.523443
v 2.745202 2.014428 -2.534868
v 4.126873 2.014428 -0.147142
v 4.120262 2.014428 -0.158567
v 4.021099 2.014428 -0.329935
v 4.014488 2.014428 -0.341359
v 3.915325 2.014428 -0.512727
v 3.908714 2.014428 -0.524152
v 3.809551 2.014428 -0.695519
v 3.802941 2.014428 -0.706944
v 2.170056 2.014428 -3.528802
v 2.163445 2.014428 -3.540226
v 3.227795 2.014428 -1.700878
v 3.221184 2.014428 -1.712302
v 2.698925 2.014428 -2.614840
v 2.692315 2.014428 -2.626264
v 3.756665 2.014428 -0.786916
v 3.750054 2.014428 -0.798340
v 2.593152 2.014428 -2.797632
v 2.586541 2.014428 -2.809057
v 2.487378 2.014428 -2.980424
v 2.480767 2.014428 -2.991849
v 2.381604 2.014428 -3.163217
v 2.374993 2.014428 -3.174641
v 2.275830 2.014428 -3.346009
v 2.269219 2.014428 -3.357434
v 3.650890 2.014428 -0.969708
v 3.644280 2.014428 -0.981133
v 3.545117 2.014428 -1.152501
v 3.538506 2.014428 -1.163925
v 3.439343 2.014428 -1.335293
v 3.432732 2.014428 -1.346717
v 3.333569 2.014428 -1.518085
v 3.326958 2.014428 -1.529510
v 3.122021 2.014428 -1.883670
v 3.115410 2.014428 -1.895095
v 3.016247 2.014428 -2.066463
v 3.009636 2.014428 -2.077887
v 2.910473 2.014428 -2.249255
v 2.903862 2.014428 -2.260679
v 2.804699 2.014428 -2.432047
v 2.798089 2.014428 -2.443472
v 4.179760 2.014428 -0.055746
v 4.173149 2.014428 -0.067171
v 4.073986 2.014428 -0.238539
v 4.067375 2.014428 -0.249963
v 3.968212 2.014428 -0.421331
v 3.961601 2.014428 -0.432755
v 3.862438 2.014428 -0.604123
v 3.855828 2.014428 -0.615548
v 2.143613 2.014428 -3.574499
v 2.137002 2.014428 -3.585924
v 3.201352 2.014428 -1.746576
v 3.194741 2.014428 -1.758000
v 2.672482 2.014428 -2.660538
v 2.665871 2.014428 -2.671962
v 3.730221 2.014428 -0.832614
v 3.723610 2.014428 -0.844038
v 2.566708 2.014428 -2.843330
v 2.560097 2.014428 -2.854755
v 2.460934 2.014428 -3.026123
v 2.454323 2.014428 -3.037547
v 2.355160 2.014428 -3.208915
v 2.348550 2.014428 -3.220339
v 2.249387 2.014428 -3.391707
v 2.242776 2.014428 -3.403131
v 3.624447 2.014428 -1.015406
v 3.617836 2.014428 -1.026831
v 3.518673 2.014428 -1.198199
v 3.512062 2.014428 -1.209623
v 3.412899 2.014428 -1.380991
v 3.406289 2.014428 -1.392416
v 3.307125 2.014428 -1.563783
v 3.300514 2.014428 -1.575208
v 3.095577 2.014428 -1.929368
v 3.088967 2.014428 -1.940793
v 2.989804 2.014428 -2.112160
v 2.983193 2.014428 -2.123585
v 2.884030 2.014428 -2.294953
v 2.877419 2.014428 -2.306377
v 2.778256 2.014428 -2.477746
v 2.771645 2.014428 -2.489170
v 4.153316 2.014428 -0.101444
v 4.146706 2.014428 -0.112869
v 4.047543 2.014428 -0.284237
v 4.040932 2.014428 -0.295661
v 3.941769 2.014428 -0.467029
v 3.935158 2.014428 -0.478454
v 3.835995 2.014428 -0.649821
v 3.829384 2.014428 -0.661246
v 2.196500 2.014428 -3.483104
v 2.189889 2.014428 -3.494528
v 3.254239 2.014428 -1.655180
v 3.247628 2.014428 -1.666604
v 2.725369 2.014428 -2.569141
v 2.718758 2.014428 -2.580566
v 3.783108 2.014428 -0.741217
v 3.776497 2.014428 -0.752642
v 2.619595 2.014428 -2.751934
v 2.612984 2.014428 -2.763358
v 2.513821 2.014428 -2.934726
v 2.507210 2.014428 -2.946151
v 2.408047 2.014428 -3.117519
v 2.401437 2.014428 -3.128943
v 2.302274 2.014428 -3.300311
v 2.295663 2.014428 -3.311736
v 3.677334 2.014428 -0.924010
v 3.670723 2.014428 -0.935435
v 3.571560 2.014428 -1.106802
v 3.564949 2.014428 -1.118227
v 3.465786 2.014428 -1.289595
v 3.459176 2.014428 -1.301019
v 3.360012 2.014428 -1.472387
v 3.353401 2.014428 -1.483812
v 3.148465 2.014428 -1.837972
v 3.141854 2.014428 -1.849396
v 3.042691 2.014428 -2.020764
v 3.036080 2.014428 -2.032189
v 2.936917 2.014428 -2.203557
v 2.930306 2.014428 -2.214981
v 2.831143 2.014428 -2.386349
v 2.824532 2.014428 -2.397774
v 4.206203 2.014428 -0.010048
v 4.199593 2.014428 -0.021473
v 4.100430 2.014428 -0.192840
v 4.093819 2.014428 -0.204265
v 3.994656 2.014428 -0.375633
v 3.988045 2.014428 -0.387057
v 3.888882 2.014428 -0.558425
v 3.882271 2.014428 -0.569850
v 2.130391 2.014428 -3.597348
v 2.123780 2.014428 -3.608773
v 3.188130 2.014428 -1.769425
v 3.181519 2.014428 -1.780849
v 2.659261 2.014428 -2.683387
v 2.652650 2.014428 -2.694811
v 3.716999 2.014428 -0.855463
v 3.710388 2.014428 -0.866887
v 2.553486 2.014428 -2.866179
v 2.546875 2.014428 -2.877604
v 2.447712 2.014428 -3.048972
v 2.441102 2.014428 -3.060396
v 2.341939 2.014428 -3.231764
v 2.335328 2.014428 -3.243188
v 2.236165 2.014428 -3.414556
v 2.229554 2.014428 -3.425981
v 3.611225 2.014428 -1.038255
v 3.604614 2.014428 -1.049680
v 3.505451 2.014428 -1.221048
v 3.498841 2.014428 -1.232472
v 3.399678 2.014428 -1.403840
v 3.393067 2.014428 -1.415264
v 3.293904 2.014428 -1.586632
v 3.287293 2.014428 -1.598057
v 3.082356 2.014428 -1.952217
v 3.075745 2.014428 -1.963642
v 2.976582 2.014428 -2.135010
v 2.969971 2.014428 -2.146434
v 2.870808 2.014428 -2.317802
v 2.864197 2.014428 -2.329226
v 2.765034 2.014428 -2.500594
v 2.758423 2.014428 -2.512019
v 4.140095 2.014428 -0.124293
v 4.133484 2.014428 -0.135718
v 4.034321 2.014428 -0.307086
v 4.027710 2.014428 -0.318510
v 3.928547 2.014428 -0.489878
v 3.921936 2.014428 -0.501303
v 3.822773 2.014428 -0.672671
v 3.816162 2.014428 -0.684095
v 2.183278 2.014428 -3.505953
v 2.176667 2.014428 -3.517377
v 3.241017 2.014428 -1.678029
v 3.234406 2.014428 -1.689453
v 2.712147 2.014428 -2.591990
v 2.705536 2.014428 -2.603415
v 3.769886 2.014428 -0.764067
v 3.763275 2.014428 -0.775491
v 2.606374 2.014428 -2.774783
v 2.599763 2.014428 -2.786207
v 2.500599 2.014428 -2.957575
v 2.493989 2.014428 -2.969000
v 2.394826 2.014428 -3.140368
v 2.388215 2.014428 -3.151792
v 2.289052 2.014428 -3.323160
v 2.282441 2.014428 -3.334585
v 3.664112 2.014428 -0.946859
v 3.657501 2.014428 -0.958284
v 3.558338 2.014428 -1.129651
v 3.551728 2.014428 -1.141076
v 3.452565 2.014428 -1.312444
v 3.445954 2.014428 -1.323868
v 3.346791 2.014428 -1.495236
v 3.340180 2.014428 -1.506661
v 3.135243 2.014428 -1.860821
v 3.128632 2.014428 -1.872245
v 3.029469 2.014428 -2.043613
v 3.022858 2.014428 -2.055038
v 2.923695 2.014428 -2.226406
v 2.917084 2.014428 -2.237830
v 2.817921 2.014428 -2.409198
v 2.811310 2.014428 -2.420623
v 4.192982 2.014428 -0.032897
v 4.186371 2.014428 -0.044322
v 4.087208 2.014428 -0.215690
v 4.080597 2.014428 -0.227114
v 3.981434 2.014428 -0.398482
v 3.974823 2.014428 -0.409906
v 3.875660 2.014428 -0.581274
v 3.869049 2.014428 -0.592699
v 2.156834 2.014428 -3.551650
v 2.150223 2.014428 -3.563075
v 3.214573 2.014428 -1.723727
v 3.207963 2.014428 -1.735151
v 2.685704 2.014428 -2.637689
v 2.679093 2.014428 -2.649113
v 3.743443 2.014428 -0.809765
v 3.736832 2.014428 -0.821189
v 2.579930 2.014428 -2.820481
v 2.573319 2.014428 -2.831906
v 2.474156 2.014428 -3.003273
v 2.467545 2.014428 -3.014698
v 2.368382 2.014428 -3.186066
v 2.361771 2.014428 -3.197490
v 2.262608 2.014428 -3.368858
v 2.255997 2.014428 -3.380283
v 3.637669 2.014428 -0.992557
v 3.631058 2.014428 -1.003982
v 3.531895 2.014428 -1.175350
v 3.525284 2.014428 -1.186774
v 3.426121 2.014428 -1.358142
v 3.419510 2.014428 -1.369566
v 3.320347 2.014428 -1.540934
v 3.313736 2.014428 -1.552359
v 3.108799 2.014428 -1.906519
v 3.102188 2.014428 -1.917944
v 3.003026 2.014428 -2.089311
v 2.996415 2.014428 -2.100736
v 2.897252 2.014428 -2.272104
v 2.890641 2.014428 -2.283528
v 2.791478 2.014428 -2.454896
v 2.784867 2.014428 -2.466321
v 4.166538 2.014428 -0.078595
v 4.159927 2.014428 -0.090020
v 4.060764 2.014428 -0.261388
v 4.054153 2.014428 -0.272812
v 3.954990 2.014428 -0.444180
v 3.948380 2.014428 -0.455605
v 3.849217 2.014428 -0.626972
v 3.842606 2.014428 -0.638397
v 2.209722 2.014428 -3.460254
v 2.203111 2.014428 -3.471679
v 3.267460 2.014428 -1.632331
v 3.260849 2.014428 -1.643755
v 2.738591 2.014428 -2.546293
v 2.731980 2.014428 -2.557717
v 3.796330 2.014428 -0.718369
v 3.789719 2.014428 -0.729793
v 2.632817 2.014428 -2.729085
v 2.626206 2.014428 -2.740509
v 2.527043 2.014428 -2.911877
v 2.520432 2.014428 -2.923302
v 2.421269 2.014428 -3.094670
v 2.414658 2.014428 -3.106094
v 2.315495 2.014428 -3.277462
v 2.308884 2.014428 -3.288887
v 3.690556 2.014428 -0.901161
v 3.683945 2.014428 -0.912585
v 3.584782 2.014428 -1.083953
v 3.578171 2.014428 -1.095378
v 3.479008 2.014428 -1.266746
v 3.472397 2.014428 -1.278170
v 3.373234 2.014428 -1.449538
v 3.366623 2.014428 -1.460963
v 3.161686 2.014428 -1.815123
v 3.155076 2.014428 -1.826547
v 3.055912 2.014428 -1.997915
v 3.049302 2.014428 -2.009340
v 2.950139 2.014428 -2.180708
v 2.943528 2.014428 -2.192132
v 2.844365 2.014428 -2.363500
v 2.837754 2.014428 -2.374925
v 4.219425 2.014428 0.012801
v 4.212814 2.014428 0.001377
v 4.113651 2.014428 -0.169992
v 4.107040 2.014428 -0.181416
v 4.007877 2.014428 -0.352784
v 4.001266 2.014428 -0.364208
v 3.902104 2.014428 -0.535576
v 3.895493 2.014428 -0.547001
v 4.226036 2.014428 0.024225
v 2.518271 2.014428 -3.852298
v 2.511660 2.014428 -3.863722
v 3.576010 2.014428 -2.024374
v 3.569399 2.014428 -2.035799
v 3.047141 2.014428 -2.938336
v 3.040530 2.014428 -2.949760
v 4.104879 2.014428 -1.110412
v 4.098269 2.014428 -1.121837
v 2.941366 2.014428 -3.121128
v 2.934756 2.014428 -3.132553
v 2.835593 2.014428 -3.303921
v 2.828982 2.014428 -3.315346
v 2.729819 2.014428 -3.486713
v 2.723208 2.014428 -3.498138
v 2.624045 2.014428 -3.669505
v 2.617434 2.014428 -3.680930
v 3.999105 2.014428 -1.293204
v 3.992495 2.014428 -1.304629
v 3.893332 2.014428 -1.475997
v 3.886721 2.014428 -1.487421
v 3.787558 2.014428 -1.658789
v 3.780947 2.014428 -1.670214
v 3.681784 2.014428 -1.841581
v 3.675173 2.014428 -1.853006
v 3.470236 2.014428 -2.207166
v 3.463625 2.014428 -2.218591
v 3.364462 2.014428 -2.389959
v 3.357851 2.014428 -2.401383
v 3.258688 2.014428 -2.572751
v 3.252077 2.014428 -2.584176
v 3.152914 2.014428 -2.755544
v 3.146303 2.014428 -2.766968
v 4.527975 2.014428 -0.379242
v 4.521364 2.014428 -0.390667
v 4.422201 2.014428 -0.562035
v 4.415590 2.014428 -0.573459
v 4.316427 2.014428 -0.744827
v 4.309816 2.014428 -0.756252
v 4.210653 2.014428 -0.927620
v 4.204042 2.014428 -0.939044
v 2.571158 2.014428 -3.760902
v 2.564547 2.014428 -3.772326
v 3.628897 2.014428 -1.932978
v 3.622286 2.014428 -1.944402
v 3.100027 2.014428 -2.846940
v 3.093416 2.014428 -2.858364
v 4.157766 2.014428 -1.019016
v 4.151155 2.014428 -1.030440
v 2.994254 2.014428 -3.029732
v 2.987643 2.014428 -3.041157
v 2.888479 2.014428 -3.212524
v 2.881869 2.014428 -3.223949
v 2.782706 2.014428 -3.395317
v 2.776095 2.014428 -3.406741
v 2.676932 2.014428 -3.578109
v 2.670321 2.014428 -3.589534
v 4.051992 2.014428 -1.201808
v 4.045382 2.014428 -1.213233
v 3.946218 2.014428 -1.384601
v 3.939608 2.014428 -1.396025
v 3.840445 2.014428 -1.567393
v 3.833834 2.014428 -1.578817
v 3.734671 2.014428 -1.750185
v 3.728060 2.014428 -1.761610
v 3.523123 2.014428 -2.115770
v 3.516512 2.014428 -2.127195
v 3.417349 2.014428 -2.298563
v 3.410738 2.014428 -2.309987
v 3.311575 2.014428 -2.481355
v 3.304964 2.014428 -2.492779
v 3.205801 2.014428 -2.664147
v 3.199190 2.014428 -2.675572
v 4.580862 2.014428 -0.287846
v 4.574251 2.014428 -0.299271
v 4.475088 2.014428 -0.470639
v 4.468477 2.014428 -0.482063
v 4.369314 2.014428 -0.653431
v 4.362703 2.014428 -0.664856
v 4.263540 2.014428 -0.836223
v 4.256929 2.014428 -0.847648
v 2.544714 2.014428 -3.806600
v 2.538104 2.014428 -3.818024
v 3.602453 2.014428 -1.978676
v 3.595843 2.014428 -1.990100
v 3.073584 2.014428 -2.892638
v 3.066973 2.014428 -2.904062
v 4.131323 2.014428 -1.064714
v 4.124712 2.014428 -1.076138
v 2.967810 2.014428 -3.075430
v 2.961199 2.014428 -3.086855
v 2.862036 2.014428 -3.258223
v 2.855425 2.014428 -3.269647
v 2.756262 2.014428 -3.441015
v 2.749651 2.014428 -3.452439
v 2.650489 2.014428 -3.623807
v 2.643878 2.014428 -3.635232
v 4.025549 2.014428 -1.247506
v 4.018938 2.014428 -1.258931
v 3.919775 2.014428 -1.430299
v 3.913164 2.014428 -1.441723
v 3.814001 2.014428 -1.613091
v 3.807390 2.014428 -1.624516
v 3.708227 2.014428 -1.795884
v 3.701616 2.014428 -1.807308
v 3.496679 2.014428 -2.161468
v 3.490068 2.014428 -2.172893
v 3.390906 2.014428 -2.344261
v 3.384295 2.014428 -2.355685
v 3.285132 2.014428 -2.527053
v 3.278521 2.014428 -2.538477
v 3.179358 2.014428 -2.709845
v 3.172747 2.014428 -2.721270
v 4.554419 2.014428 -0.333544
v 4.547808 2.014428 -0.344969
v 4.448644 2.014428 -0.516337
v 4.442033 2.014428 -0.527761
v 4.342871 2.014428 -0.699129
v 4.336260 2.014428 -0.710554
v 4.237097 2.014428 -0.881922
v 4.230486 2.014428 -0.893346
v 2.597601 2.014428 -3.715204
v 2.590991 2.014428 -3.726628
v 3.655340 2.014428 -1.887280
v 3.648730 2.014428 -1.898704
v 3.126471 2.014428 -2.801242
v 3.119860 2.014428 -2.812666
v 4.184210 2.014428 -0.973318
v 4.177599 2.014428 -0.984742
v 3.020697 2.014428 -2.984034
v 3.014086 2.014428 -2.995458
v 2.914923 2.014428 -3.166826
v 2.908312 2.014428 -3.178251
v 2.809149 2.014428 -3.349619
v 2.802538 2.014428 -3.361043
v 2.703375 2.014428 -3.532411
v 2.696764 2.014428 -3.543836
v 4.078436 2.014428 -1.156110
v 4.071825 2.014428 -1.167535
v 3.972662 2.014428 -1.338902
v 3.966051 2.014428 -1.350327
v 3.866888 2.014428 -1.521695
v 3.860277 2.014428 -1.533119
v 3.761114 2.014428 -1.704487
v 3.754503 2.014428 -1.715912
v 3.549567 2.014428 -2.070072
v 3.542956 2.014428 -2.081496
v 3.443793 2.014428 -2.252864
v 3.437182 2.014428 -2.264289
v 3.338019 2.014428 -2.435657
v 3.331408 2.014428 -2.447081
v 3.232245 2.014428 -2.618449
v 3.225634 2.014428 -2.629874
v 4.607306 2.014428 -0.242148
v 4.600695 2.014428 -0.253573
v 4.501532 2.014428 -0.424941
v 4.494921 2.014428 -0.436365
v 4.395758 2.014428 -0.607733
v 4.389147 2.014428 -0.619158
v 4.289984 2.014428 -0.790525
v 4.283373 2.014428 -0.801950
v 2.531493 2.014428 -3.829449
v 2.524882 2.014428 -3.840873
v 3.589232 2.014428 -2.001525
v 3.582621 2.014428 -2.012949
v 3.060362 2.014428 -2.915487
v 3.053751 2.014428 -2.926912
v 4.118101 2.014428 -1.087563
v 4.111490 2.014428 -1.098987
v 2.954588 2.014428 -3.098279
v 2.947978 2.014428 -3.109704
v 2.848814 2.014428 -3.281072
v 2.842203 2.014428 -3.292496
v 2.743041 2.014428 -3.463864
v 2.736430 2.014428 -3.475288
v 2.637267 2.014428 -3.646656
v 2.630656 2.014428 -3.658081
v 4.012327 2.014428 -1.270355
v 4.005716 2.014428 -1.281780
v 3.906553 2.014428 -1.453148
v 3.899942 2.014428 -1.464572
v 3.800780 2.014428 -1.635940
v 3.794169 2.014428 -1.647365
v 3.695005 2.014428 -1.818733
v 3.688395 2.014428 -1.830157
v 3.483458 2.014428 -2.184317
v 3.476847 2.014428 -2.195742
v 3.377684 2.014428 -2.367110
v 3.371073 2.014428 -2.378534
v 3.271910 2.014428 -2.549902
v 3.265299 2.014428 -2.561327
v 3.166136 2.014428 -2.732694
v 3.159525 2.014428 -2.744119
v 4.541197 2.014428 -0.356393
v 4.534586 2.014428 -0.367818
v 4.435422 2.014428 -0.539186
v 4.428812 2.014428 -0.550610
v 4.329649 2.014428 -0.721978
v 4.323038 2.014428 -0.733403
v 4.223875 2.014428 -0.904771
v 4.217264 2.014428 -0.916195
v 2.584380 2.014428 -3.738053
v 2.577769 2.014428 -3.749477
v 3.642119 2.014428 -1.910129
v 3.635508 2.014428 -1.921553
v 3.113249 2.014428 -2.824091
v 3.106638 2.014428 -2.835515
v 4.170988 2.014428 -0.996167
v 4.164377 2.014428 -1.007591
v 3.007475 2.014428 -3.006883
v 3.000865 2.014428 -3.018307
v 2.901701 2.014428 -3.189675
v 2.895090 2.014428 -3.201100
v 2.795928 2.014428 -3.372468
v 2.789317 2.014428 -3.383892
v 2.690154 2.014428 -3.555260
v 2.683542 2.014428 -3.566685
v 4.065214 2.014428 -1.178959
v 4.058603 2.014428 -1.190384
v 3.959440 2.014428 -1.361752
v 3.952829 2.014428 -1.373176
v 3.853667 2.014428 -1.544544
v 3.847056 2.014428 -1.555969
v 3.747892 2.014428 -1.727336
v 3.741282 2.014428 -1.738761
v 3.536345 2.014428 -2.092921
v 3.529734 2.014428 -2.104346
v 3.430571 2.014428 -2.275713
v 3.423960 2.014428 -2.287138
v 3.324797 2.014428 -2.458506
v 3.318186 2.014428 -2.469930
v 3.219023 2.014428 -2.641298
v 3.212412 2.014428 -2.652723
v 4.594084 2.014428 -0.264997
v 4.587473 2.014428 -0.276422
v 4.488310 2.014428 -0.447790
v 4.481699 2.014428 -0.459214
v 4.382536 2.014428 -0.630582
v 4.375925 2.014428 -0.642007
v 4.276762 2.014428 -0.813375
v 4.270151 2.014428 -0.824799
v 2.557936 2.014428 -3.783751
v 2.551325 2.014428 -3.795175
v 3.615675 2.014428 -1.955827
v 3.609064 2.014428 -1.967251
v 3.086806 2.014428 -2.869789
v 3.080195 2.014428 -2.881213
v 4.144545 2.014428 -1.041865
v 4.137934 2.014428 -1.053289
v 2.981032 2.014428 -3.052581
v 2.974421 2.014428 -3.064006
v 2.875258 2.014428 -3.235373
v 2.868647 2.014428 -3.246798
v 2.769484 2.014428 -3.418166
v 2.762873 2.014428 -3.429590
v 2.663710 2.014428 -3.600958
v 2.657099 2.014428 -3.612383
v 4.038771 2.014428 -1.224657
v 4.032160 2.014428 -1.236082
v 3.932997 2.014428 -1.407449
v 3.926386 2.014428 -1.418874
v 3.827223 2.014428 -1.590242
v 3.820612 2.014428 -1.601666
v 3.721449 2.014428 -1.773034
v 3.714838 2.014428 -1.784459
v 3.509901 2.014428 -2.138619
v 3.503290 2.014428 -2.150044
v 3.404127 2.014428 -2.321412
v 3.397516 2.014428 -2.332836
v 3.298353 2.014428 -2.504204
v 3.291743 2.014428 -2.515628
v 3.192580 2.014428 -2.686996
v 3.185969 2.014428 -2.698421
v 4.567640 2.014428 -0.310695
v 4.561029 2.014428 -0.322120
v 4.461866 2.014428 -0.493488
v 4.455255 2.014428 -0.504912
v 4.356092 2.014428 -0.676280
v 4.349482 2.014428 -0.687705
v 4.250319 2.014428 -0.859073
v 4.243708 2.014428 -0.870497
v 2.610823 2.014428 -3.692354
v 2.604212 2.014428 -3.703779
v 3.668562 2.014428 -1.864431
v 3.661951 2.014428 -1.875855
v 3.139693 2.014428 -2.778393
v 3.133082 2.014428 -2.789817
v 4.197432 2.014428 -0.950469
v 4.190821 2.014428 -0.961893
v 3.033919 2.014428 -2.961185
v 3.027308 2.014428 -2.972610
v 2.928145 2.014428 -3.143977
v 2.921534 2.014428 -3.155402
v 2.822371 2.014428 -3.326770
v 2.815760 2.014428 -3.338194
v 2.716597 2.014428 -3.509562
v 2.709986 2.014428 -3.520987
v 4.091658 2.014428 -1.133261
v 4.085047 2.014428 -1.144686
v 3.985884 2.014428 -1.316053
v 3.979273 2.014428 -1.327478
v 3.880110 2.014428 -1.498846
v 3.873499 2.014428 -1.510270
v 3.774336 2.014428 -1.681638
v 3.767725 2.014428 -1.693063
v 3.562788 2.014428 -2.047223
v 3.556177 2.014428 -2.058647
v 3.457014 2.014428 -2.230016
v 3.450403 2.014428 -2.241440
v 3.351240 2.014428 -2.412808
v 3.344630 2.014428 -2.424232
v 3.245467 2.014428 -2.595600
v 3.238856 2.014428 -2.607025
v 4.620527 2.014428 -0.219299
v 4.613916 2.014428 -0.230724
v 4.514753 2.014428 -0.402092
v 4.508142 2.014428 -0.413516
v 4.408979 2.014428 -0.584884
v 4.402369 2.014428 -0.596308
v 4.303205 2.014428 -0.767676
v 4.296595 2.014428 -0.779101
v 4.627138 2.014428 -0.207875
v -2.113658 1.179783 -4.057389
v 2.110138 1.179783 -4.061522
v -2.100459 1.873312 -4.057402
v -2.113658 1.873312 -4.057389
v 2.110138 1.873312 -4.061522
v 0.011439 1.873312 -4.059469
v -0.001760 1.873312 -4.059455
v -1.044510 1.873312 -4.058435
v -1.057709 1.873312 -4.058423
v 1.067388 1.873312 -4.060502
v 1.054189 1.873312 -4.060489
v -1.255700 1.873312 -4.058228
v -1.268899 1.873312 -4.058216
v -1.466890 1.873312 -4.058022
v -1.480089 1.873312 -4.058009
v -1.678079 1.873312 -4.057815
v -1.691279 1.873312 -4.057802
v -1.889269 1.873312 -4.057609
v -1.902468 1.873312 -4.057596
v 0.856198 1.873312 -4.060296
v 0.842999 1.873312 -4.060282
v 0.645008 1.873312 -4.060088
v 0.631809 1.873312 -4.060075
v 0.433819 1.873312 -4.059882
v 0.420619 1.873312 -4.059868
v 0.222629 1.873312 -4.059675
v 0.209429 1.873312 -4.059662
v -0.199751 1.873312 -4.059262
v -0.212950 1.873312 -4.059249
v -0.410940 1.873312 -4.059055
v -0.424140 1.873312 -4.059042
v -0.622130 1.873312 -4.058848
v -0.635330 1.873312 -4.058836
v -0.833320 1.873312 -4.058642
v -0.846519 1.873312 -4.058629
v 1.912148 1.873312 -4.061329
v 1.898948 1.873312 -4.061316
v 1.700958 1.873312 -4.061122
v 1.687758 1.873312 -4.061109
v 1.489768 1.873312 -4.060915
v 1.476568 1.873312 -4.060903
v 1.278578 1.873312 -4.060709
v 1.265378 1.873312 -4.060696
v -1.994864 1.873312 -4.057505
v -2.008063 1.873312 -4.057492
v 0.117034 1.873312 -4.059572
v 0.103835 1.873312 -4.059559
v -0.938915 1.873312 -4.058538
v -0.952114 1.873312 -4.058526
v 1.172983 1.873312 -4.060605
v 1.159783 1.873312 -4.060592
v -1.150105 1.873312 -4.058331
v -1.163304 1.873312 -4.058319
v -1.361294 1.873312 -4.058125
v -1.374494 1.873312 -4.058112
v -1.572484 1.873312 -4.057919
v -1.585684 1.873312 -4.057905
v -1.783674 1.873312 -4.057712
v -1.796873 1.873312 -4.057699
v 0.961793 1.873312 -4.060399
v 0.948594 1.873312 -4.060386
v 0.750603 1.873312 -4.060192
v 0.737404 1.873312 -4.060179
v 0.539413 1.873312 -4.059985
v 0.526214 1.873312 -4.059972
v 0.328224 1.873312 -4.059779
v 0.315024 1.873312 -4.059765
v -0.094156 1.873312 -4.059365
v -0.107355 1.873312 -4.059352
v -0.305345 1.873312 -4.059158
v -0.318545 1.873312 -4.059145
v -0.516535 1.873312 -4.058952
v -0.529735 1.873312 -4.058939
v -0.727725 1.873312 -4.058745
v -0.740924 1.873312 -4.058732
v 2.017742 1.873312 -4.061432
v 2.004543 1.873312 -4.061419
v 1.806552 1.873312 -4.061225
v 1.793353 1.873312 -4.061212
v 1.595362 1.873312 -4.061018
v 1.582163 1.873312 -4.061006
v 1.384173 1.873312 -4.060812
v 1.370973 1.873312 -4.060799
v -2.047662 1.873312 -4.057453
v -2.060861 1.873312 -4.057440
v 0.064237 1.873312 -4.059520
v 0.051037 1.873312 -4.059507
v -0.991712 1.873312 -4.058487
v -1.004912 1.873312 -4.058474
v 1.120186 1.873312 -4.060554
v 1.106986 1.873312 -4.060541
v -1.202902 1.873312 -4.058280
v -1.216101 1.873312 -4.058267
v -1.414092 1.873312 -4.058074
v -1.427291 1.873312 -4.058060
v -1.625282 1.873312 -4.057867
v -1.638481 1.873312 -4.057854
v -1.836472 1.873312 -4.057660
v -1.849671 1.873312 -4.057647
v 0.908996 1.873312 -4.060347
v 0.895796 1.873312 -4.060334
v 0.697806 1.873312 -4.060140
v 0.684607 1.873312 -4.060127
v 0.486616 1.873312 -4.059934
v 0.473417 1.873312 -4.059921
v 0.275426 1.873312 -4.059727
v 0.262227 1.873312 -4.059714
v -0.146953 1.873312 -4.059313
v -0.160152 1.873312 -4.059300
v -0.358143 1.873312 -4.059107
v -0.371342 1.873312 -4.059094
v -0.569333 1.873312 -4.058900
v -0.582532 1.873312 -4.058887
v -0.780523 1.873312 -4.058693
v -0.793722 1.873312 -4.058681
v 1.964945 1.873312 -4.061380
v 1.951746 1.873312 -4.061368
v 1.753755 1.873312 -4.061173
v 1.740556 1.873312 -4.061161
v 1.542565 1.873312 -4.060967
v 1.529366 1.873312 -4.060954
v 1.331375 1.873312 -4.060760
v 1.318176 1.873312 -4.060747
v -1.942067 1.873312 -4.057557
v -1.955266 1.873312 -4.057544
v 0.169831 1.873312 -4.059624
v 0.156632 1.873312 -4.059611
v -0.886118 1.873312 -4.058590
v -0.899317 1.873312 -4.058578
v 1.225780 1.873312 -4.060658
v 1.212581 1.873312 -4.060644
v -1.097307 1.873312 -4.058384
v -1.110507 1.873312 -4.058371
v -1.308497 1.873312 -4.058177
v -1.321696 1.873312 -4.058164
v -1.519687 1.873312 -4.057971
v -1.532886 1.873312 -4.057957
v -1.730877 1.873312 -4.057763
v -1.744076 1.873312 -4.057750
v 1.014591 1.873312 -4.060451
v 1.001391 1.873312 -4.060437
v 0.803401 1.873312 -4.060244
v 0.790201 1.873312 -4.060231
v 0.592211 1.873312 -4.060037
v 0.579011 1.873312 -4.060024
v 0.381021 1.873312 -4.059830
v 0.367822 1.873312 -4.059817
v -0.041358 1.873312 -4.059417
v -0.054558 1.873312 -4.059404
v -0.252548 1.873312 -4.059210
v -0.265748 1.873312 -4.059197
v -0.463738 1.873312 -4.059003
v -0.476937 1.873312 -4.058990
v -0.674928 1.873312 -4.058797
v -0.688127 1.873312 -4.058784
v 2.070539 1.873312 -4.061484
v 2.057340 1.873312 -4.061471
v 1.859350 1.873312 -4.061277
v 1.846150 1.873312 -4.061264
v 1.648160 1.873312 -4.061070
v 1.634961 1.873312 -4.061057
v 1.436970 1.873312 -4.060863
v 1.423771 1.873312 -4.060850
v -2.074060 1.873312 -4.057427
v -2.087260 1.873312 -4.057415
v 0.037838 1.873312 -4.059494
v 0.024639 1.873312 -4.059482
v -1.018111 1.873312 -4.058461
v -1.031310 1.873312 -4.058448
v 1.093787 1.873312 -4.060528
v 1.080587 1.873312 -4.060515
v -1.229301 1.873312 -4.058254
v -1.242500 1.873312 -4.058241
v -1.440490 1.873312 -4.058047
v -1.453690 1.873312 -4.058035
v -1.651680 1.873312 -4.057841
v -1.664880 1.873312 -4.057828
v -1.862870 1.873312 -4.057634
v -1.876069 1.873312 -4.057621
v 0.882597 1.873312 -4.060321
v 0.869398 1.873312 -4.060308
v 0.671407 1.873312 -4.060114
v 0.658208 1.873312 -4.060101
v 0.460217 1.873312 -4.059908
v 0.447018 1.873312 -4.059895
v 0.249028 1.873312 -4.059701
v 0.235828 1.873312 -4.059688
v -0.173352 1.873312 -4.059288
v -0.186551 1.873312 -4.059275
v -0.384541 1.873312 -4.059081
v -0.397741 1.873312 -4.059068
v -0.595732 1.873312 -4.058874
v -0.608931 1.873312 -4.058862
v -0.806921 1.873312 -4.058668
v -0.820121 1.873312 -4.058655
v 1.938546 1.873312 -4.061355
v 1.925347 1.873312 -4.061342
v 1.727356 1.873312 -4.061147
v 1.714157 1.873312 -4.061135
v 1.516166 1.873312 -4.060941
v 1.502967 1.873312 -4.060928
v 1.304977 1.873312 -4.060734
v 1.291777 1.873312 -4.060722
v -1.968465 1.873312 -4.057531
v -1.981665 1.873312 -4.057518
v 0.143433 1.873312 -4.059598
v 0.130233 1.873312 -4.059585
v -0.912516 1.873312 -4.058565
v -0.925716 1.873312 -4.058551
v 1.199381 1.873312 -4.060631
v 1.186182 1.873312 -4.060618
v -1.123706 1.873312 -4.058358
v -1.136905 1.873312 -4.058344
v -1.334896 1.873312 -4.058151
v -1.348095 1.873312 -4.058138
v -1.546085 1.873312 -4.057944
v -1.559285 1.873312 -4.057931
v -1.757275 1.873312 -4.057737
v -1.770474 1.873312 -4.057724
v 0.988192 1.873312 -4.060425
v 0.974993 1.873312 -4.060411
v 0.777002 1.873312 -4.060217
v 0.763803 1.873312 -4.060205
v 0.565812 1.873312 -4.060011
v 0.552613 1.873312 -4.059998
v 0.354623 1.873312 -4.059804
v 0.341423 1.873312 -4.059791
v -0.067757 1.873312 -4.059391
v -0.080956 1.873312 -4.059378
v -0.278947 1.873312 -4.059185
v -0.292146 1.873312 -4.059171
v -0.490137 1.873312 -4.058978
v -0.503336 1.873312 -4.058965
v -0.701326 1.873312 -4.058771
v -0.714526 1.873312 -4.058758
v 2.044141 1.873312 -4.061458
v 2.030941 1.873312 -4.061445
v 1.832951 1.873312 -4.061251
v 1.819752 1.873312 -4.061238
v 1.621761 1.873312 -4.061044
v 1.608562 1.873312 -4.061031
v 1.410572 1.873312 -4.060838
v 1.397372 1.873312 -4.060824
v -2.021263 1.873312 -4.057479
v -2.034462 1.873312 -4.057466
v 0.090635 1.873312 -4.059546
v 0.077436 1.873312 -4.059533
v -0.965314 1.873312 -4.058513
v -0.978513 1.873312 -4.058500
v 1.146584 1.873312 -4.060580
v 1.133385 1.873312 -4.060566
v -1.176503 1.873312 -4.058306
v -1.189703 1.873312 -4.058293
v -1.387693 1.873312 -4.058099
v -1.400893 1.873312 -4.058086
v -1.598883 1.873312 -4.057892
v -1.612082 1.873312 -4.057879
v -1.810073 1.873312 -4.057686
v -1.823272 1.873312 -4.057673
v 0.935395 1.873312 -4.060373
v 0.922195 1.873312 -4.060360
v 0.724205 1.873312 -4.060166
v 0.711005 1.873312 -4.060153
v 0.513015 1.873312 -4.059959
v 0.499815 1.873312 -4.059947
v 0.301825 1.873312 -4.059752
v 0.288626 1.873312 -4.059740
v -0.120555 1.873312 -4.059340
v -0.133754 1.873312 -4.059327
v -0.331744 1.873312 -4.059133
v -0.344943 1.873312 -4.059120
v -0.542934 1.873312 -4.058926
v -0.556134 1.873312 -4.058913
v -0.754124 1.873312 -4.058719
v -0.767323 1.873312 -4.058706
v 1.991343 1.873312 -4.061407
v 1.978144 1.873312 -4.061393
v 1.780154 1.873312 -4.061199
v 1.766954 1.873312 -4.061186
v 1.568964 1.873312 -4.060993
v 1.555764 1.873312 -4.060980
v 1.357774 1.873312 -4.060786
v 1.344575 1.873312 -4.060773
v -1.915668 1.873312 -4.057583
v -1.928867 1.873312 -4.057570
v 0.196230 1.873312 -4.059649
v 0.183031 1.873312 -4.059637
v -0.859719 1.873312 -4.058616
v -0.872918 1.873312 -4.058603
v 1.252179 1.873312 -4.060683
v 1.238980 1.873312 -4.060670
v -1.070909 1.873312 -4.058409
v -1.084108 1.873312 -4.058396
v -1.282098 1.873312 -4.058202
v -1.295298 1.873312 -4.058190
v -1.493288 1.873312 -4.057996
v -1.506487 1.873312 -4.057983
v -1.704478 1.873312 -4.057789
v -1.717677 1.873312 -4.057776
v 1.040989 1.873312 -4.060476
v 1.027790 1.873312 -4.060463
v 0.829799 1.873312 -4.060269
v 0.816600 1.873312 -4.060256
v 0.618610 1.873312 -4.060062
v 0.605410 1.873312 -4.060050
v 0.407420 1.873312 -4.059856
v 0.394221 1.873312 -4.059843
v -0.014959 1.873312 -4.059443
v -0.028159 1.873312 -4.059430
v -0.226149 1.873312 -4.059236
v -0.239349 1.873312 -4.059223
v -0.437339 1.873312 -4.059029
v -0.450539 1.873312 -4.059017
v -0.648529 1.873312 -4.058823
v -0.661728 1.873312 -4.058810
v 2.096938 1.873312 -4.061510
v 2.083739 1.873312 -4.061497
v 1.885749 1.873312 -4.061303
v 1.872549 1.873312 -4.061290
v 1.674559 1.873312 -4.061096
v 1.661359 1.873312 -4.061083
v 1.463369 1.873312 -4.060890
v 1.450169 1.873312 -4.060877
v -2.100038 2.014428 -3.627501
v -2.113237 2.014428 -3.627488
v 0.011860 2.014428 -3.629568
v -0.001339 2.014428 -3.629555
v -1.044089 2.014428 -3.628535
v -1.057288 2.014428 -3.628522
v 1.067809 2.014428 -3.630601
v 1.054610 2.014428 -3.630589
v -1.255279 2.014428 -3.628328
v -1.268478 2.014428 -3.628315
v -1.466468 2.014428 -3.628121
v -1.479668 2.014428 -3.628108
v -1.677658 2.014428 -3.627915
v -1.690858 2.014428 -3.627902
v -1.888848 2.014428 -3.627708
v -1.902048 2.014428 -3.627695
v 0.856619 2.014428 -3.630395
v 0.843420 2.014428 -3.630382
v 0.645429 2.014428 -3.630188
v 0.632230 2.014428 -3.630175
v 0.434240 2.014428 -3.629981
v 0.421040 2.014428 -3.629968
v 0.223049 2.014428 -3.629775
v 0.209850 2.014428 -3.629762
v -0.199330 2.014428 -3.629361
v -0.212529 2.014428 -3.629349
v -0.410520 2.014428 -3.629155
v -0.423719 2.014428 -3.629142
v -0.621709 2.014428 -3.628948
v -0.634909 2.014428 -3.628935
v -0.832899 2.014428 -3.628741
v -0.846099 2.014428 -3.628728
v 1.912568 2.014428 -3.631428
v 1.899369 2.014428 -3.631415
v 1.701378 2.014428 -3.631222
v 1.688179 2.014428 -3.631209
v 1.490189 2.014428 -3.631015
v 1.476989 2.014428 -3.631002
v 1.278999 2.014428 -3.630808
v 1.265799 2.014428 -3.630795
v -1.994443 2.014428 -3.627605
v -2.007643 2.014428 -3.627592
v 0.117455 2.014428 -3.629671
v 0.104255 2.014428 -3.629658
v -0.938494 2.014428 -3.628638
v -0.951693 2.014428 -3.628625
v 1.173404 2.014428 -3.630705
v 1.160204 2.014428 -3.630692
v -1.149684 2.014428 -3.628431
v -1.162883 2.014428 -3.628418
v -1.360874 2.014428 -3.628224
v -1.374073 2.014428 -3.628212
v -1.572064 2.014428 -3.628018
v -1.585263 2.014428 -3.628005
v -1.783253 2.014428 -3.627811
v -1.796453 2.014428 -3.627798
v 0.962214 2.014428 -3.630498
v 0.949015 2.014428 -3.630485
v 0.751024 2.014428 -3.630291
v 0.737825 2.014428 -3.630278
v 0.539834 2.014428 -3.630085
v 0.526635 2.014428 -3.630072
v 0.328645 2.014428 -3.629878
v 0.315445 2.014428 -3.629865
v -0.093735 2.014428 -3.629465
v -0.106934 2.014428 -3.629452
v -0.304925 2.014428 -3.629258
v -0.318124 2.014428 -3.629245
v -0.516115 2.014428 -3.629051
v -0.529314 2.014428 -3.629038
v -0.727304 2.014428 -3.628845
v -0.740504 2.014428 -3.628832
v 2.018163 2.014428 -3.631531
v 2.004964 2.014428 -3.631519
v 1.806973 2.014428 -3.631325
v 1.793774 2.014428 -3.631312
v 1.595783 2.014428 -3.631118
v 1.582584 2.014428 -3.631105
v 1.384593 2.014428 -3.630912
v 1.371394 2.014428 -3.630898
v -2.047240 2.014428 -3.627553
v -2.060440 2.014428 -3.627540
v 0.064657 2.014428 -3.629620
v 0.051458 2.014428 -3.629607
v -0.991292 2.014428 -3.628586
v -1.004491 2.014428 -3.628573
v 1.120606 2.014428 -3.630653
v 1.107407 2.014428 -3.630640
v -1.202481 2.014428 -3.628380
v -1.215681 2.014428 -3.628366
v -1.413671 2.014428 -3.628173
v -1.426870 2.014428 -3.628160
v -1.624861 2.014428 -3.627966
v -1.638060 2.014428 -3.627954
v -1.836051 2.014428 -3.627760
v -1.849250 2.014428 -3.627747
v 0.909417 2.014428 -3.630446
v 0.896217 2.014428 -3.630433
v 0.698227 2.014428 -3.630239
v 0.685028 2.014428 -3.630227
v 0.487037 2.014428 -3.630033
v 0.473838 2.014428 -3.630020
v 0.275847 2.014428 -3.629827
v 0.262648 2.014428 -3.629813
v -0.146532 2.014428 -3.629413
v -0.159732 2.014428 -3.629400
v -0.357722 2.014428 -3.629206
v -0.370921 2.014428 -3.629193
v -0.568912 2.014428 -3.629000
v -0.582111 2.014428 -3.628987
v -0.780102 2.014428 -3.628793
v -0.793301 2.014428 -3.628780
v 1.965366 2.014428 -3.631480
v 1.952166 2.014428 -3.631467
v 1.754176 2.014428 -3.631273
v 1.740977 2.014428 -3.631260
v 1.542986 2.014428 -3.631067
v 1.529786 2.014428 -3.631053
v 1.331796 2.014428 -3.630860
v 1.318597 2.014428 -3.630847
v -1.941646 2.014428 -3.627656
v -1.954845 2.014428 -3.627644
v 0.170252 2.014428 -3.629723
v 0.157053 2.014428 -3.629710
v -0.885697 2.014428 -3.628690
v -0.898896 2.014428 -3.628677
v 1.226201 2.014428 -3.630757
v 1.213002 2.014428 -3.630744
v -1.096887 2.014428 -3.628483
v -1.110086 2.014428 -3.628470
v -1.308076 2.014428 -3.628276
v -1.321276 2.014428 -3.628263
v -1.519266 2.014428 -3.628070
v -1.532465 2.014428 -3.628057
v -1.730456 2.014428 -3.627863
v -1.743655 2.014428 -3.627850
v 1.015011 2.014428 -3.630550
v 1.001812 2.014428 -3.630537
v 0.803822 2.014428 -3.630343
v 0.790622 2.014428 -3.630330
v 0.592632 2.014428 -3.630136
v 0.579432 2.014428 -3.630123
v 0.381442 2.014428 -3.629930
v 0.368243 2.014428 -3.629917
v -0.040938 2.014428 -3.629516
v -0.054137 2.014428 -3.629503
v -0.252127 2.014428 -3.629310
v -0.265327 2.014428 -3.629297
v -0.463317 2.014428 -3.629103
v -0.476516 2.014428 -3.629090
v -0.674507 2.014428 -3.628896
v -0.687706 2.014428 -3.628883
v 2.070961 2.014428 -3.631583
v 2.057761 2.014428 -3.631570
v 1.859771 2.014428 -3.631377
v 1.846571 2.014428 -3.631364
v 1.648581 2.014428 -3.631170
v 1.635381 2.014428 -3.631157
v 1.437391 2.014428 -3.630963
v 1.424192 2.014428 -3.630950
v -2.073639 2.014428 -3.627527
v -2.086839 2.014428 -3.627514
v 0.038259 2.014428 -3.629594
v 0.025059 2.014428 -3.629581
v -1.017690 2.014428 -3.628560
v -1.030890 2.014428 -3.628548
v 1.094208 2.014428 -3.630627
v 1.081008 2.014428 -3.630614
v -1.228880 2.014428 -3.628354
v -1.242079 2.014428 -3.628341
v -1.440070 2.014428 -3.628147
v -1.453269 2.014428 -3.628134
v -1.651260 2.014428 -3.627941
v -1.664459 2.014428 -3.627928
v -1.862449 2.014428 -3.627734
v -1.875649 2.014428 -3.627721
v 0.883018 2.014428 -3.630420
v 0.869819 2.014428 -3.630408
v 0.671828 2.014428 -3.630213
v 0.658629 2.014428 -3.630201
v 0.460638 2.014428 -3.630007
v 0.447439 2.014428 -3.629994
v 0.249448 2.014428 -3.629800
v 0.236249 2.014428 -3.629787
v -0.172931 2.014428 -3.629387
v -0.186130 2.014428 -3.629374
v -0.384121 2.014428 -3.629180
v -0.397320 2.014428 -3.629167
v -0.595311 2.014428 -3.628974
v -0.608510 2.014428 -3.628961
v -0.806500 2.014428 -3.628767
v -0.819700 2.014428 -3.628754
v 1.938967 2.014428 -3.631454
v 1.925768 2.014428 -3.631441
v 1.727777 2.014428 -3.631247
v 1.714578 2.014428 -3.631234
v 1.516587 2.014428 -3.631041
v 1.503388 2.014428 -3.631028
v 1.305398 2.014428 -3.630834
v 1.292198 2.014428 -3.630821
v -1.968044 2.014428 -3.627630
v -1.981244 2.014428 -3.627618
v 0.143854 2.014428 -3.629698
v 0.130654 2.014428 -3.629684
v -0.912095 2.014428 -3.628664
v -0.925295 2.014428 -3.628651
v 1.199803 2.014428 -3.630731
v 1.186603 2.014428 -3.630718
v -1.123285 2.014428 -3.628457
v -1.136484 2.014428 -3.628444
v -1.334475 2.014428 -3.628250
v -1.347674 2.014428 -3.628237
v -1.545665 2.014428 -3.628044
v -1.558864 2.014428 -3.628031
v -1.756854 2.014428 -3.627837
v -1.770054 2.014428 -3.627824
v 0.988613 2.014428 -3.630524
v 0.975414 2.014428 -3.630511
v 0.777423 2.014428 -3.630317
v 0.764224 2.014428 -3.630304
v 0.566233 2.014428 -3.630110
v 0.553034 2.014428 -3.630098
v 0.355043 2.014428 -3.629904
v 0.341844 2.014428 -3.629891
v -0.067336 2.014428 -3.629491
v -0.080536 2.014428 -3.629478
v -0.278526 2.014428 -3.629284
v -0.291725 2.014428 -3.629271
v -0.489716 2.014428 -3.629077
v -0.502915 2.014428 -3.629064
v -0.700906 2.014428 -3.628870
v -0.714105 2.014428 -3.628858
v 2.044562 2.014428 -3.631557
v 2.031363 2.014428 -3.631544
v 1.833372 2.014428 -3.631351
v 1.820173 2.014428 -3.631338
v 1.622182 2.014428 -3.631144
v 1.608983 2.014428 -3.631131
v 1.410993 2.014428 -3.630937
v 1.397793 2.014428 -3.630924
v -2.020842 2.014428 -3.627579
v -2.034041 2.014428 -3.627566
v 0.091056 2.014428 -3.629646
v 0.077857 2.014428 -3.629633
v -0.964893 2.014428 -3.628612
v -0.978092 2.014428 -3.628599
v 1.147005 2.014428 -3.630679
v 1.133806 2.014428 -3.630666
v -1.176083 2.014428 -3.628406
v -1.189282 2.014428 -3.628393
v -1.387272 2.014428 -3.628199
v -1.400472 2.014428 -3.628186
v -1.598462 2.014428 -3.627992
v -1.611662 2.014428 -3.627979
v -1.809652 2.014428 -3.627785
v -1.822851 2.014428 -3.627773
v 0.935815 2.014428 -3.630472
v 0.922616 2.014428 -3.630459
v 0.724625 2.014428 -3.630266
v 0.711426 2.014428 -3.630252
v 0.513436 2.014428 -3.630059
v 0.500236 2.014428 -3.630046
v 0.302246 2.014428 -3.629852
v 0.289047 2.014428 -3.629839
v -0.120134 2.014428 -3.629439
v -0.133333 2.014428 -3.629426
v -0.331323 2.014428 -3.629232
v -0.344523 2.014428 -3.629219
v -0.542513 2.014428 -3.629025
v -0.555713 2.014428 -3.629013
v -0.753703 2.014428 -3.628819
v -0.766902 2.014428 -3.628806
v 1.991765 2.014428 -3.631506
v 1.978565 2.014428 -3.631493
v 1.780575 2.014428 -3.631299
v 1.767375 2.014428 -3.631286
v 1.569385 2.014428 -3.631092
v 1.556185 2.014428 -3.631079
v 1.358195 2.014428 -3.630886
v 1.344995 2.014428 -3.630873
v -1.915247 2.014428 -3.627682
v -1.928446 2.014428 -3.627669
v 0.196651 2.014428 -3.629749
v 0.183452 2.014428 -3.629736
v -0.859298 2.014428 -3.628716
v -0.872497 2.014428 -3.628703
v 1.252600 2.014428 -3.630782
v 1.239401 2.014428 -3.630770
v -1.070488 2.014428 -3.628509
v -1.083687 2.014428 -3.628496
v -1.281677 2.014428 -3.628302
v -1.294877 2.014428 -3.628289
v -1.492867 2.014428 -3.628095
v -1.506067 2.014428 -3.628083
v -1.704057 2.014428 -3.627889
v -1.717256 2.014428 -3.627876
v 1.041410 2.014428 -3.630576
v 1.028211 2.014428 -3.630563
v 0.830220 2.014428 -3.630369
v 0.817021 2.014428 -3.630356
v 0.619031 2.014428 -3.630162
v 0.605831 2.014428 -3.630149
v 0.407841 2.014428 -3.629956
v 0.394641 2.014428 -3.629943
v -0.014539 2.014428 -3.629542
v -0.027738 2.014428 -3.629529
v -0.225729 2.014428 -3.629335
v -0.238928 2.014428 -3.629323
v -0.436918 2.014428 -3.629129
v -0.450118 2.014428 -3.629116
v -0.648108 2.014428 -3.628922
v -0.661308 2.014428 -3.628909
v 2.097359 2.014428 -3.631609
v 2.084160 2.014428 -3.631597
v 1.886169 2.014428 -3.631402
v 1.872970 2.014428 -3.631389
v 1.674980 2.014428 -3.631195
v 1.661780 2.014428 -3.631183
v 1.463790 2.014428 -3.630989
v 1.450590 2.014428 -3.630976
v 2.110559 2.014428 -3.631622
v -2.100459 2.014428 -4.057402
v -2.113658 2.014428 -4.057389
v 0.011439 2.014428 -4.059468
v -0.001760 2.014428 -4.059455
v -1.044510 2.014428 -4.058435
v -1.057709 2.014428 -4.058422
v 1.067388 2.014428 -4.060502
v 1.054189 2.014428 -4.060489
v -1.255700 2.014428 -4.058228
v -1.268899 2.014428 -4.058215
v -1.466890 2.014428 -4.058022
v -1.480089 2.014428 -4.058009
v -1.678079 2.014428 -4.057815
v -1.691279 2.014428 -4.057802
v -1.889269 2.014428 -4.057609
v -1.902468 2.014428 -4.057596
v 0.856198 2.014428 -4.060295
v 0.842999 2.014428 -4.060282
v 0.645009 2.014428 -4.060088
v 0.631809 2.014428 -4.060075
v 0.433819 2.014428 -4.059881
v 0.420619 2.014428 -4.059868
v 0.222629 2.014428 -4.059675
v 0.209429 2.014428 -4.059662
v -0.199751 2.014428 -4.059262
v -0.212950 2.014428 -4.059248
v -0.410940 2.014428 -4.059055
v -0.424140 2.014428 -4.059042
v -0.622130 2.014428 -4.058848
v -0.635330 2.014428 -4.058835
v -0.833320 2.014428 -4.058642
v -0.846519 2.014428 -4.058629
v 1.912148 2.014428 -4.061329
v 1.898948 2.014428 -4.061316
v 1.700958 2.014428 -4.061121
v 1.687758 2.014428 -4.061109
v 1.489768 2.014428 -4.060915
v 1.476568 2.014428 -4.060902
v 1.278578 2.014428 -4.060709
v 1.265379 2.014428 -4.060695
v -1.994864 2.014428 -4.057505
v -2.008063 2.014428 -4.057492
v 0.117034 2.014428 -4.059572
v 0.103835 2.014428 -4.059559
v -0.938915 2.014428 -4.058538
v -0.952114 2.014428 -4.058526
v 1.172983 2.014428 -4.060605
v 1.159784 2.014428 -4.060592
v -1.150105 2.014428 -4.058331
v -1.163304 2.014428 -4.058319
v -1.361294 2.014428 -4.058125
v -1.374494 2.014428 -4.058112
v -1.572484 2.014428 -4.057919
v -1.585684 2.014428 -4.057905
v -1.783674 2.014428 -4.057712
v -1.796873 2.014428 -4.057699
v 0.961793 2.014428 -4.060399
v 0.948594 2.014428 -4.060385
v 0.750603 2.014428 -4.060192
v 0.737404 2.014428 -4.060179
v 0.539414 2.014428 -4.059985
v 0.526214 2.014428 -4.059972
v 0.328224 2.014428 -4.059778
v 0.315025 2.014428 -4.059765
v -0.094156 2.014428 -4.059365
v -0.107355 2.014428 -4.059352
v -0.305345 2.014428 -4.059158
v -0.318545 2.014428 -4.059145
v -0.516535 2.014428 -4.058952
v -0.529735 2.014428 -4.058939
v -0.727725 2.014428 -4.058745
v -0.740924 2.014428 -4.058732
v 2.017742 2.014428 -4.061432
v 2.004543 2.014428 -4.061419
v 1.806553 2.014428 -4.061225
v 1.793353 2.014428 -4.061212
v 1.595362 2.014428 -4.061018
v 1.582163 2.014428 -4.061006
v 1.384173 2.014428 -4.060812
v 1.370974 2.014428 -4.060799
v -2.047662 2.014428 -4.057453
v -2.060861 2.014428 -4.057440
v 0.064237 2.014428 -4.059520
v 0.051037 2.014428 -4.059507
v -0.991712 2.014428 -4.058487
v -1.004912 2.014428 -4.058474
v 1.120186 2.014428 -4.060554
v 1.106986 2.014428 -4.060540
v -1.202902 2.014428 -4.058280
v -1.216101 2.014428 -4.058267
v -1.414092 2.014428 -4.058074
v -1.427291 2.014428 -4.058060
v -1.625282 2.014428 -4.057867
v -1.638481 2.014428 -4.057854
v -1.836472 2.014428 -4.057660
v -1.849671 2.014428 -4.057647
v 0.908996 2.014428 -4.060347
v 0.895797 2.014428 -4.060334
v 0.697806 2.014428 -4.060140
v 0.684607 2.014428 -4.060127
v 0.486616 2.014428 -4.059934
v 0.473417 2.014428 -4.059920
v 0.275426 2.014428 -4.059727
v 0.262227 2.014428 -4.059714
v -0.146953 2.014428 -4.059313
v -0.160152 2.014428 -4.059300
v -0.358143 2.014428 -4.059106
v -0.371342 2.014428 -4.059093
v -0.569333 2.014428 -4.058900
v -0.582532 2.014428 -4.058887
v -0.780523 2.014428 -4.058693
v -0.793722 2.014428 -4.058681
v 1.964945 2.014428 -4.061380
v 1.951746 2.014428 -4.061367
v 1.753755 2.014428 -4.061173
v 1.740556 2.014428 -4.061160
v 1.542565 2.014428 -4.060967
v 1.529366 2.014428 -4.060954
v 1.331375 2.014428 -4.060760
v 1.318176 2.014428 -4.060747
v -1.942067 2.014428 -4.057557
v -1.955266 2.014428 -4.057544
v 0.169831 2.014428 -4.059624
v 0.156632 2.014428 -4.059611
v -0.886118 2.014428 -4.058590
v -0.899317 2.014428 -4.058577
v 1.225780 2.014428 -4.060657
v 1.212581 2.014428 -4.060644
v -1.097307 2.014428 -4.058383
v -1.110507 2.014428 -4.058370
v -1.308497 2.014428 -4.058177
v -1.321696 2.014428 -4.058164
v -1.519687 2.014428 -4.057970
v -1.532886 2.014428 -4.057957
v -1.730877 2.014428 -4.057763
v -1.744076 2.014428 -4.057750
v 1.014591 2.014428 -4.060450
v 1.001391 2.014428 -4.060437
v 0.803401 2.014428 -4.060243
v 0.790201 2.014428 -4.060230
v 0.592211 2.014428 -4.060037
v 0.579012 2.014428 -4.060024
v 0.381021 2.014428 -4.059830
v 0.367822 2.014428 -4.059817
v -0.041358 2.014428 -4.059417
v -0.054558 2.014428 -4.059404
v -0.252548 2.014428 -4.059210
v -0.265747 2.014428 -4.059197
v -0.463738 2.014428 -4.059003
v -0.476937 2.014428 -4.058990
v -0.674928 2.014428 -4.058796
v -0.688127 2.014428 -4.058784
v 2.070539 2.014428 -4.061484
v 2.057340 2.014428 -4.061471
v 1.859350 2.014428 -4.061277
v 1.846150 2.014428 -4.061264
v 1.648160 2.014428 -4.061070
v 1.634961 2.014428 -4.061057
v 1.436970 2.014428 -4.060863
v 1.423771 2.014428 -4.060850
v -2.074060 2.014428 -4.057427
v -2.087260 2.014428 -4.057415
v 0.037838 2.014428 -4.059494
v 0.024639 2.014428 -4.059481
v -1.018111 2.014428 -4.058461
v -1.031310 2.014428 -4.058447
v 1.093787 2.014428 -4.060528
v 1.080587 2.014428 -4.060514
v -1.229301 2.014428 -4.058254
v -1.242500 2.014428 -4.058241
v -1.440491 2.014428 -4.058047
v -1.453690 2.014428 -4.058035
v -1.651680 2.014428 -4.057841
v -1.664880 2.014428 -4.057828
v -1.862870 2.014428 -4.057634
v -1.876070 2.014428 -4.057621
v 0.882597 2.014428 -4.060320
v 0.869398 2.014428 -4.060308
v 0.671407 2.014428 -4.060114
v 0.658208 2.014428 -4.060101
v 0.460217 2.014428 -4.059907
v 0.447018 2.014428 -4.059895
v 0.249028 2.014428 -4.059701
v 0.235828 2.014428 -4.059688
v -0.173352 2.014428 -4.059287
v -0.186551 2.014428 -4.059274
v -0.384541 2.014428 -4.059081
v -0.397741 2.014428 -4.059068
v -0.595732 2.014428 -4.058874
v -0.608931 2.014428 -4.058861
v -0.806921 2.014428 -4.058667
v -0.820121 2.014428 -4.058655
v 1.938546 2.014428 -4.061354
v 1.925347 2.014428 -4.061341
v 1.727356 2.014428 -4.061147
v 1.714157 2.014428 -4.061134
v 1.516167 2.014428 -4.060941
v 1.502967 2.014428 -4.060928
v 1.304977 2.014428 -4.060734
v 1.291777 2.014428 -4.060721
v -1.968465 2.014428 -4.057531
v -1.981665 2.014428 -4.057518
v 0.143433 2.014428 -4.059598
v 0.130234 2.014428 -4.059585
v -0.912516 2.014428 -4.058564
v -0.925716 2.014428 -4.058551
v 1.199382 2.014428 -4.060631
v 1.186182 2.014428 -4.060618
v -1.123706 2.014428 -4.058357
v -1.136905 2.014428 -4.058344
v -1.334896 2.014428 -4.058151
v -1.348095 2.014428 -4.058138
v -1.546086 2.014428 -4.057944
v -1.559285 2.014428 -4.057931
v -1.757275 2.014428 -4.057737
v -1.770475 2.014428 -4.057724
v 0.988192 2.014428 -4.060424
v 0.974993 2.014428 -4.060411
v 0.777002 2.014428 -4.060217
v 0.763803 2.014428 -4.060205
v 0.565813 2.014428 -4.060011
v 0.552613 2.014428 -4.059998
v 0.354623 2.014428 -4.059804
v 0.341423 2.014428 -4.059791
v -0.067757 2.014428 -4.059391
v -0.080956 2.014428 -4.059378
v -0.278947 2.014428 -4.059184
v -0.292146 2.014428 -4.059171
v -0.490137 2.014428 -4.058978
v -0.503336 2.014428 -4.058965
v -0.701326 2.014428 -4.058771
v -0.714526 2.014428 -4.058758
v 2.044141 2.014428 -4.061458
v 2.030942 2.014428 -4.061445
v 1.832951 2.014428 -4.061251
v 1.819752 2.014428 -4.061238
v 1.621761 2.014428 -4.061044
v 1.608562 2.014428 -4.061031
v 1.410572 2.014428 -4.060837
v 1.397372 2.014428 -4.060824
v -2.021263 2.014428 -4.057479
v -2.034462 2.014428 -4.057466
v 0.090635 2.014428 -4.059546
v 0.077436 2.014428 -4.059533
v -0.965314 2.014428 -4.058513
v -0.978513 2.014428 -4.058500
v 1.146585 2.014428 -4.060579
v 1.133385 2.014428 -4.060566
v -1.176503 2.014428 -4.058306
v -1.189703 2.014428 -4.058293
v -1.387693 2.014428 -4.058099
v -1.400893 2.014428 -4.058086
v -1.598883 2.014428 -4.057892
v -1.612082 2.014428 -4.057879
v -1.810073 2.014428 -4.057686
v -1.823272 2.014428 -4.057673
v 0.935395 2.014428 -4.060373
v 0.922195 2.014428 -4.060359
v 0.724205 2.014428 -4.060166
v 0.711005 2.014428 -4.060153
v 0.513015 2.014428 -4.059959
v 0.499815 2.014428 -4.059946
v 0.301825 2.014428 -4.059752
v 0.288626 2.014428 -4.059740
v -0.120555 2.014428 -4.059339
v -0.133754 2.014428 -4.059326
v -0.331744 2.014428 -4.059133
v -0.344944 2.014428 -4.059120
v -0.542934 2.014428 -4.058926
v -0.556134 2.014428 -4.058913
v -0.754124 2.014428 -4.058719
v -0.767323 2.014428 -4.058706
v 1.991343 2.014428 -4.061406
v 1.978144 2.014428 -4.061393
v 1.780154 2.014428 -4.061199
v 1.766954 2.014428 -4.061186
v 1.568964 2.014428 -4.060993
v 1.555764 2.014428 -4.060980
v 1.357774 2.014428 -4.060786
v 1.344575 2.014428 -4.060773
v -1.915668 2.014428 -4.057583
v -1.928867 2.014428 -4.057570
v 0.196230 2.014428 -4.059649
v 0.183031 2.014428 -4.059637
v -0.859719 2.014428 -4.058616
v -0.872918 2.014428 -4.058603
v 1.252179 2.014428 -4.060683
v 1.238980 2.014428 -4.060669
v -1.070909 2.014428 -4.058409
v -1.084108 2.014428 -4.058396
v -1.282098 2.014428 -4.058202
v -1.295298 2.014428 -4.058189
v -1.493288 2.014428 -4.057996
v -1.506487 2.014428 -4.057982
v -1.704478 2.014428 -4.057789
v -1.717677 2.014428 -4.057776
v 1.040989 2.014428 -4.060476
v 1.027790 2.014428 -4.060463
v 0.829800 2.014428 -4.060269
v 0.816600 2.014428 -4.060256
v 0.618610 2.014428 -4.060062
v 0.605411 2.014428 -4.060050
v 0.407420 2.014428 -4.059856
v 0.394221 2.014428 -4.059843
v -0.014959 2.014428 -4.059442
v -0.028159 2.014428 -4.059430
v -0.226149 2.014428 -4.059236
v -0.239349 2.014428 -4.059223
v -0.437339 2.014428 -4.059029
v -0.450538 2.014428 -4.059016
v -0.648529 2.014428 -4.058823
v -0.661728 2.014428 -4.058809
v 2.096938 2.014428 -4.061509
v 2.083739 2.014428 -4.061496
v 1.885749 2.014428 -4.061302
v 1.872549 2.014428 -4.061289
v 1.674559 2.014428 -4.061096
v 1.661360 2.014428 -4.061083
v 1.463369 2.014428 -4.060889
v 1.450170 2.014428 -4.060876
v 2.110138 2.014428 -4.061522
v -2.470758 1.179783 -3.833437
v -2.470758 1.873312 -3.833437
v -4.579076 1.873312 -0.173456
v -4.579076 1.179783 -0.173456
v -4.572488 1.873312 -0.184893
v -3.518329 1.873312 -2.014884
v -3.524917 1.873312 -2.003446
v -4.045408 1.873312 -1.099888
v -4.051997 1.873312 -1.088451
v -2.991249 1.873312 -2.929879
v -2.997838 1.873312 -2.918442
v -4.150824 1.873312 -0.916890
v -4.157413 1.873312 -0.905452
v -4.256240 1.873312 -0.733890
v -4.262829 1.873312 -0.722453
v -4.361657 1.873312 -0.550891
v -4.368245 1.873312 -0.539454
v -4.467072 1.873312 -0.367892
v -4.473660 1.873312 -0.356455
v -3.096665 1.873312 -2.746880
v -3.103254 1.873312 -2.735443
v -3.202081 1.873312 -2.563881
v -3.208670 1.873312 -2.552444
v -3.307497 1.873312 -2.380883
v -3.314085 1.873312 -2.369444
v -3.412913 1.873312 -2.197883
v -3.419501 1.873312 -2.186445
v -3.623745 1.873312 -1.831885
v -3.630333 1.873312 -1.820447
v -3.729161 1.873312 -1.648886
v -3.735749 1.873312 -1.637448
v -3.834577 1.873312 -1.465887
v -3.841165 1.873312 -1.454449
v -3.939992 1.873312 -1.282887
v -3.946581 1.873312 -1.271450
v -2.569586 1.873312 -3.661875
v -2.576174 1.873312 -3.650438
v -2.675001 1.873312 -3.478877
v -2.681590 1.873312 -3.467439
v -2.780418 1.873312 -3.295877
v -2.787006 1.873312 -3.284440
v -2.885833 1.873312 -3.112878
v -2.892422 1.873312 -3.101441
v -4.519780 1.873312 -0.276393
v -4.526368 1.873312 -0.264955
v -3.465621 1.873312 -2.106383
v -3.472209 1.873312 -2.094946
v -3.992700 1.873312 -1.191388
v -3.999289 1.873312 -1.179950
v -2.938541 1.873312 -3.021379
v -2.945130 1.873312 -3.009941
v -4.098116 1.873312 -1.008389
v -4.104705 1.873312 -0.996951
v -4.203533 1.873312 -0.825390
v -4.210121 1.873312 -0.813952
v -4.308948 1.873312 -0.642391
v -4.315536 1.873312 -0.630953
v -4.414364 1.873312 -0.459392
v -4.420952 1.873312 -0.447954
v -3.043958 1.873312 -2.838380
v -3.050546 1.873312 -2.826942
v -3.149373 1.873312 -2.655381
v -3.155962 1.873312 -2.643943
v -3.254789 1.873312 -2.472381
v -3.261378 1.873312 -2.460944
v -3.360205 1.873312 -2.289382
v -3.366794 1.873312 -2.277945
v -3.571037 1.873312 -1.923384
v -3.577626 1.873312 -1.911947
v -3.676453 1.873312 -1.740386
v -3.683041 1.873312 -1.728948
v -3.781869 1.873312 -1.557386
v -3.788457 1.873312 -1.545949
v -3.887285 1.873312 -1.374387
v -3.893873 1.873312 -1.362949
v -2.516878 1.873312 -3.753375
v -2.523466 1.873312 -3.741938
v -2.622294 1.873312 -3.570376
v -2.628882 1.873312 -3.558938
v -2.727710 1.873312 -3.387377
v -2.734298 1.873312 -3.375939
v -2.833126 1.873312 -3.204377
v -2.839714 1.873312 -3.192940
v -4.546134 1.873312 -0.230643
v -4.552722 1.873312 -0.219205
v -3.491975 1.873312 -2.060634
v -3.498563 1.873312 -2.049196
v -4.019054 1.873312 -1.145638
v -4.025642 1.873312 -1.134201
v -2.964895 1.873312 -2.975629
v -2.971484 1.873312 -2.964192
v -4.124470 1.873312 -0.962639
v -4.131059 1.873312 -0.951202
v -4.229887 1.873312 -0.779640
v -4.236475 1.873312 -0.768203
v -4.335302 1.873312 -0.596641
v -4.341890 1.873312 -0.585203
v -4.440718 1.873312 -0.413642
v -4.447307 1.873312 -0.402204
v -3.070311 1.873312 -2.792630
v -3.076900 1.873312 -2.781192
v -3.175727 1.873312 -2.609631
v -3.182316 1.873312 -2.598194
v -3.281143 1.873312 -2.426631
v -3.287732 1.873312 -2.415195
v -3.386559 1.873312 -2.243633
v -3.393147 1.873312 -2.232195
v -3.597391 1.873312 -1.877634
v -3.603979 1.873312 -1.866197
v -3.702807 1.873312 -1.694636
v -3.709395 1.873312 -1.683198
v -3.808222 1.873312 -1.511636
v -3.814811 1.873312 -1.500199
v -3.913639 1.873312 -1.328637
v -3.920227 1.873312 -1.317200
v -2.543232 1.873312 -3.707625
v -2.549820 1.873312 -3.696188
v -2.648648 1.873312 -3.524626
v -2.655236 1.873312 -3.513189
v -2.754063 1.873312 -3.341627
v -2.760652 1.873312 -3.330189
v -2.859480 1.873312 -3.158628
v -2.866068 1.873312 -3.147191
v -4.493426 1.873312 -0.322142
v -4.500014 1.873312 -0.310705
v -3.439267 1.873312 -2.152133
v -3.445855 1.873312 -2.140696
v -3.966346 1.873312 -1.237138
v -3.972935 1.873312 -1.225700
v -2.912187 1.873312 -3.067128
v -2.918776 1.873312 -3.055691
v -4.071762 1.873312 -1.054138
v -4.078351 1.873312 -1.042701
v -4.177178 1.873312 -0.871140
v -4.183767 1.873312 -0.859702
v -4.282594 1.873312 -0.688141
v -4.289183 1.873312 -0.676703
v -4.388010 1.873312 -0.505141
v -4.394598 1.873312 -0.493704
v -3.017603 1.873312 -2.884129
v -3.024192 1.873312 -2.872692
v -3.123019 1.873312 -2.701130
v -3.129608 1.873312 -2.689693
v -3.228435 1.873312 -2.518131
v -3.235024 1.873312 -2.506694
v -3.333851 1.873312 -2.335132
v -3.340440 1.873312 -2.323695
v -3.544683 1.873312 -1.969134
v -3.551271 1.873312 -1.957696
v -3.650099 1.873312 -1.786135
v -3.656687 1.873312 -1.774698
v -3.755514 1.873312 -1.603136
v -3.762103 1.873312 -1.591698
v -3.860930 1.873312 -1.420137
v -3.867519 1.873312 -1.408699
v -2.490524 1.873312 -3.799124
v -2.497112 1.873312 -3.787687
v -2.595940 1.873312 -3.616126
v -2.602528 1.873312 -3.604688
v -2.701356 1.873312 -3.433126
v -2.707944 1.873312 -3.421689
v -2.806772 1.873312 -3.250128
v -2.813360 1.873312 -3.238690
v -4.559311 1.873312 -0.207768
v -4.565900 1.873312 -0.196330
v -3.505152 1.873312 -2.037759
v -3.511740 1.873312 -2.026321
v -4.032231 1.873312 -1.122764
v -4.038820 1.873312 -1.111326
v -2.978073 1.873312 -2.952754
v -2.984661 1.873312 -2.941316
v -4.137647 1.873312 -0.939765
v -4.144236 1.873312 -0.928327
v -4.243063 1.873312 -0.756766
v -4.249652 1.873312 -0.745328
v -4.348479 1.873312 -0.573766
v -4.355068 1.873312 -0.562329
v -4.453895 1.873312 -0.390767
v -4.460484 1.873312 -0.379329
v -3.083488 1.873312 -2.769755
v -3.090077 1.873312 -2.758317
v -3.188904 1.873312 -2.586756
v -3.195493 1.873312 -2.575319
v -3.294320 1.873312 -2.403757
v -3.300909 1.873312 -2.392319
v -3.399736 1.873312 -2.220758
v -3.406325 1.873312 -2.209320
v -3.610568 1.873312 -1.854760
v -3.617156 1.873312 -1.843322
v -3.715984 1.873312 -1.671761
v -3.722572 1.873312 -1.660323
v -3.821400 1.873312 -1.488761
v -3.827988 1.873312 -1.477324
v -3.926815 1.873312 -1.305763
v -3.933404 1.873312 -1.294325
v -2.556409 1.873312 -3.684750
v -2.562997 1.873312 -3.673313
v -2.661825 1.873312 -3.501752
v -2.668413 1.873312 -3.490314
v -2.767241 1.873312 -3.318752
v -2.773829 1.873312 -3.307315
v -2.872656 1.873312 -3.135753
v -2.879245 1.873312 -3.124316
v -4.506603 1.873312 -0.299267
v -4.513191 1.873312 -0.287830
v -3.452444 1.873312 -2.129258
v -3.459033 1.873312 -2.117821
v -3.979523 1.873312 -1.214263
v -3.986112 1.873312 -1.202825
v -2.925364 1.873312 -3.044253
v -2.931953 1.873312 -3.032816
v -4.084939 1.873312 -1.031264
v -4.091527 1.873312 -1.019826
v -4.190356 1.873312 -0.848265
v -4.196944 1.873312 -0.836827
v -4.295772 1.873312 -0.665266
v -4.302360 1.873312 -0.653828
v -4.401187 1.873312 -0.482267
v -4.407776 1.873312 -0.470829
v -3.030781 1.873312 -2.861254
v -3.037369 1.873312 -2.849817
v -3.136196 1.873312 -2.678256
v -3.142785 1.873312 -2.666818
v -3.241612 1.873312 -2.495256
v -3.248201 1.873312 -2.483819
v -3.347028 1.873312 -2.312258
v -3.353617 1.873312 -2.300820
v -3.557860 1.873312 -1.946259
v -3.564448 1.873312 -1.934822
v -3.663276 1.873312 -1.763260
v -3.669864 1.873312 -1.751823
v -3.768692 1.873312 -1.580261
v -3.775280 1.873312 -1.568824
v -3.874108 1.873312 -1.397262
v -3.880696 1.873312 -1.385824
v -2.503701 1.873312 -3.776250
v -2.510289 1.873312 -3.764812
v -2.609117 1.873312 -3.593251
v -2.615705 1.873312 -3.581814
v -2.714533 1.873312 -3.410252
v -2.721121 1.873312 -3.398814
v -2.819949 1.873312 -3.227253
v -2.826537 1.873312 -3.215815
v -4.532957 1.873312 -0.253518
v -4.539546 1.873312 -0.242080
v -3.478798 1.873312 -2.083508
v -3.485386 1.873312 -2.072071
v -4.005877 1.873312 -1.168513
v -4.012466 1.873312 -1.157076
v -2.951718 1.873312 -2.998504
v -2.958307 1.873312 -2.987066
v -4.111293 1.873312 -0.985514
v -4.117882 1.873312 -0.974076
v -4.216709 1.873312 -0.802515
v -4.223298 1.873312 -0.791078
v -4.322125 1.873312 -0.619516
v -4.328713 1.873312 -0.608078
v -4.427541 1.873312 -0.436517
v -4.434130 1.873312 -0.425079
v -3.057134 1.873312 -2.815505
v -3.063723 1.873312 -2.804067
v -3.162550 1.873312 -2.632506
v -3.169139 1.873312 -2.621068
v -3.267966 1.873312 -2.449507
v -3.274554 1.873312 -2.438069
v -3.373382 1.873312 -2.266508
v -3.379971 1.873312 -2.255070
v -3.584213 1.873312 -1.900509
v -3.590802 1.873312 -1.889072
v -3.689630 1.873312 -1.717510
v -3.696218 1.873312 -1.706073
v -3.795046 1.873312 -1.534511
v -3.801634 1.873312 -1.523074
v -3.900462 1.873312 -1.351512
v -3.907050 1.873312 -1.340075
v -2.530055 1.873312 -3.730500
v -2.536643 1.873312 -3.719062
v -2.635471 1.873312 -3.547501
v -2.642059 1.873312 -3.536064
v -2.740886 1.873312 -3.364502
v -2.747475 1.873312 -3.353065
v -2.846303 1.873312 -3.181503
v -2.852891 1.873312 -3.170065
v -4.480249 1.873312 -0.345017
v -4.486837 1.873312 -0.333580
v -3.426090 1.873312 -2.175008
v -3.432678 1.873312 -2.163570
v -3.953169 1.873312 -1.260013
v -3.959758 1.873312 -1.248575
v -2.899010 1.873312 -3.090003
v -2.905599 1.873312 -3.078566
v -4.058586 1.873312 -1.077014
v -4.065174 1.873312 -1.065576
v -4.164001 1.873312 -0.894014
v -4.170590 1.873312 -0.882577
v -4.269417 1.873312 -0.711016
v -4.276006 1.873312 -0.699578
v -4.374833 1.873312 -0.528016
v -4.381422 1.873312 -0.516579
v -3.004426 1.873312 -2.907004
v -3.011015 1.873312 -2.895567
v -3.109842 1.873312 -2.724005
v -3.116431 1.873312 -2.712568
v -3.215259 1.873312 -2.541007
v -3.221847 1.873312 -2.529569
v -3.320674 1.873312 -2.358007
v -3.327262 1.873312 -2.346570
v -3.531506 1.873312 -1.992009
v -3.538094 1.873312 -1.980571
v -3.636922 1.873312 -1.809010
v -3.643510 1.873312 -1.797573
v -3.742338 1.873312 -1.626011
v -3.748926 1.873312 -1.614573
v -3.847753 1.873312 -1.443012
v -3.854342 1.873312 -1.431574
v -2.477347 1.873312 -3.822000
v -2.483935 1.873312 -3.810562
v -2.582763 1.873312 -3.639001
v -2.589351 1.873312 -3.627563
v -2.688179 1.873312 -3.456002
v -2.694767 1.873312 -3.444564
v -2.793595 1.873312 -3.273002
v -2.800183 1.873312 -3.261565
v -4.214967 2.014428 0.021056
v -4.221556 2.014428 0.032493
v -3.160808 2.014428 -1.808935
v -3.167396 2.014428 -1.797498
v -3.687887 2.014428 -0.893940
v -3.694476 2.014428 -0.882503
v -2.633729 2.014428 -2.723931
v -2.640317 2.014428 -2.712493
v -3.793303 2.014428 -0.710941
v -3.799892 2.014428 -0.699504
v -3.898719 2.014428 -0.527942
v -3.905308 2.014428 -0.516505
v -4.004135 2.014428 -0.344943
v -4.010724 2.014428 -0.333505
v -4.109551 2.014428 -0.161943
v -4.116139 2.014428 -0.150506
v -2.739144 2.014428 -2.540931
v -2.745733 2.014428 -2.529494
v -2.844560 2.014428 -2.357933
v -2.851149 2.014428 -2.346495
v -2.949976 2.014428 -2.174934
v -2.956565 2.014428 -2.163496
v -3.055392 2.014428 -1.991934
v -3.061980 2.014428 -1.980497
v -3.266224 2.014428 -1.625936
v -3.272812 2.014428 -1.614499
v -3.371640 2.014428 -1.442937
v -3.378229 2.014428 -1.431500
v -3.477056 2.014428 -1.259938
v -3.483644 2.014428 -1.248501
v -3.582472 2.014428 -1.076939
v -3.589060 2.014428 -1.065502
v -2.212065 2.014428 -3.455927
v -2.218653 2.014428 -3.444489
v -2.317481 2.014428 -3.272928
v -2.324069 2.014428 -3.261491
v -2.422897 2.014428 -3.089929
v -2.429485 2.014428 -3.078491
v -2.528313 2.014428 -2.906930
v -2.534901 2.014428 -2.895492
v -4.162259 2.014428 -0.070444
v -4.168848 2.014428 -0.059007
v -3.108100 2.014428 -1.900435
v -3.114688 2.014428 -1.888997
v -3.635180 2.014428 -0.985440
v -3.641768 2.014428 -0.974002
v -2.581021 2.014428 -2.815430
v -2.587609 2.014428 -2.803993
v -3.740596 2.014428 -0.802440
v -3.747184 2.014428 -0.791003
v -3.846011 2.014428 -0.619442
v -3.852600 2.014428 -0.608004
v -3.951427 2.014428 -0.436442
v -3.958016 2.014428 -0.425005
v -4.056843 2.014428 -0.253443
v -4.063432 2.014428 -0.242006
v -2.686437 2.014428 -2.632431
v -2.693025 2.014428 -2.620994
v -2.791852 2.014428 -2.449432
v -2.798441 2.014428 -2.437995
v -2.897268 2.014428 -2.266433
v -2.903857 2.014428 -2.254996
v -3.002684 2.014428 -2.083434
v -3.009273 2.014428 -2.071996
v -3.213516 2.014428 -1.717436
v -3.220104 2.014428 -1.705998
v -3.318932 2.014428 -1.534437
v -3.325520 2.014428 -1.523000
v -3.424348 2.014428 -1.351438
v -3.430936 2.014428 -1.340000
v -3.529763 2.014428 -1.168438
v -3.536352 2.014428 -1.157001
v -2.159357 2.014428 -3.547427
v -2.165945 2.014428 -3.535989
v -2.264773 2.014428 -3.364428
v -2.271361 2.014428 -3.352990
v -2.370189 2.014428 -3.181428
v -2.376777 2.014428 -3.169991
v -2.475605 2.014428 -2.998429
v -2.482193 2.014428 -2.986992
v -4.188613 2.014428 -0.024694
v -4.195201 2.014428 -0.013257
v -3.134454 2.014428 -1.854685
v -3.141043 2.014428 -1.843248
v -3.661534 2.014428 -0.939690
v -3.668122 2.014428 -0.928252
v -2.607374 2.014428 -2.769681
v -2.613963 2.014428 -2.758243
v -3.766950 2.014428 -0.756691
v -3.773538 2.014428 -0.745253
v -3.872365 2.014428 -0.573692
v -3.878954 2.014428 -0.562254
v -3.977781 2.014428 -0.390692
v -3.984370 2.014428 -0.379255
v -4.083197 2.014428 -0.207693
v -4.089786 2.014428 -0.196256
v -2.712790 2.014428 -2.586681
v -2.719379 2.014428 -2.575244
v -2.818207 2.014428 -2.403682
v -2.824795 2.014428 -2.392245
v -2.923622 2.014428 -2.220683
v -2.930211 2.014428 -2.209246
v -3.029038 2.014428 -2.037684
v -3.035627 2.014428 -2.026247
v -3.239870 2.014428 -1.671686
v -3.246459 2.014428 -1.660249
v -3.345286 2.014428 -1.488687
v -3.351874 2.014428 -1.477250
v -3.450702 2.014428 -1.305688
v -3.457290 2.014428 -1.294250
v -3.556118 2.014428 -1.122689
v -3.562706 2.014428 -1.111251
v -2.185711 2.014428 -3.501677
v -2.192299 2.014428 -3.490239
v -2.291127 2.014428 -3.318678
v -2.297715 2.014428 -3.307241
v -2.396543 2.014428 -3.135678
v -2.403131 2.014428 -3.124241
v -2.501959 2.014428 -2.952680
v -2.508547 2.014428 -2.941242
v -4.135905 2.014428 -0.116194
v -4.142493 2.014428 -0.104756
v -3.081746 2.014428 -1.946184
v -3.088334 2.014428 -1.934747
v -3.608825 2.014428 -1.031189
v -3.615414 2.014428 -1.019752
v -2.554666 2.014428 -2.861180
v -2.561255 2.014428 -2.849742
v -3.714241 2.014428 -0.848190
v -3.720830 2.014428 -0.836753
v -3.819657 2.014428 -0.665191
v -3.826246 2.014428 -0.653754
v -3.925073 2.014428 -0.482192
v -3.931662 2.014428 -0.470755
v -4.030489 2.014428 -0.299193
v -4.037078 2.014428 -0.287756
v -2.660082 2.014428 -2.678181
v -2.666671 2.014428 -2.666743
v -2.765498 2.014428 -2.495182
v -2.772087 2.014428 -2.483745
v -2.870914 2.014428 -2.312183
v -2.877503 2.014428 -2.300745
v -2.976330 2.014428 -2.129184
v -2.982919 2.014428 -2.117746
v -3.187162 2.014428 -1.763185
v -3.193750 2.014428 -1.751748
v -3.292578 2.014428 -1.580187
v -3.299166 2.014428 -1.568749
v -3.397994 2.014428 -1.397187
v -3.404582 2.014428 -1.385750
v -3.503410 2.014428 -1.214188
v -3.509998 2.014428 -1.202751
v -2.133003 2.014428 -3.593176
v -2.139591 2.014428 -3.581739
v -2.238419 2.014428 -3.410177
v -2.245007 2.014428 -3.398740
v -2.343835 2.014428 -3.227178
v -2.350423 2.014428 -3.215741
v -2.449251 2.014428 -3.044179
v -2.455839 2.014428 -3.032742
v -4.201790 2.014428 -0.001820
v -4.208379 2.014428 0.009618
v -3.147631 2.014428 -1.831810
v -3.154219 2.014428 -1.820373
v -3.674711 2.014428 -0.916815
v -3.681299 2.014428 -0.905377
v -2.620552 2.014428 -2.746806
v -2.627140 2.014428 -2.735368
v -3.780127 2.014428 -0.733816
v -3.786715 2.014428 -0.722379
v -3.885543 2.014428 -0.550817
v -3.892131 2.014428 -0.539379
v -3.990958 2.014428 -0.367817
v -3.997547 2.014428 -0.356380
v -4.096374 2.014428 -0.184819
v -4.102962 2.014428 -0.173381
v -2.725967 2.014428 -2.563807
v -2.732556 2.014428 -2.552369
v -2.831383 2.014428 -2.380808
v -2.837972 2.014428 -2.369370
v -2.936799 2.014428 -2.197808
v -2.943388 2.014428 -2.186371
v -3.042215 2.014428 -2.014809
v -3.048803 2.014428 -2.003372
v -3.253047 2.014428 -1.648812
v -3.259635 2.014428 -1.637374
v -3.358463 2.014428 -1.465813
v -3.365052 2.014428 -1.454375
v -3.463879 2.014428 -1.282813
v -3.470467 2.014428 -1.271376
v -3.569295 2.014428 -1.099814
v -3.575883 2.014428 -1.088377
v -2.198888 2.014428 -3.478802
v -2.205476 2.014428 -3.467365
v -2.304304 2.014428 -3.295803
v -2.310892 2.014428 -3.284366
v -2.409719 2.014428 -3.112804
v -2.416308 2.014428 -3.101366
v -2.515136 2.014428 -2.929805
v -2.521724 2.014428 -2.918367
v -4.149082 2.014428 -0.093319
v -4.155671 2.014428 -0.081882
v -3.094923 2.014428 -1.923310
v -3.101511 2.014428 -1.911872
v -3.622003 2.014428 -1.008314
v -3.628591 2.014428 -0.996877
v -2.567843 2.014428 -2.838305
v -2.574432 2.014428 -2.826868
v -3.727418 2.014428 -0.825315
v -3.734007 2.014428 -0.813878
v -3.832834 2.014428 -0.642316
v -3.839423 2.014428 -0.630879
v -3.938250 2.014428 -0.459317
v -3.944839 2.014428 -0.447880
v -4.043666 2.014428 -0.276318
v -4.050255 2.014428 -0.264881
v -2.673259 2.014428 -2.655306
v -2.679848 2.014428 -2.643869
v -2.778675 2.014428 -2.472307
v -2.785264 2.014428 -2.460870
v -2.884091 2.014428 -2.289308
v -2.890680 2.014428 -2.277870
v -2.989507 2.014428 -2.106309
v -2.996096 2.014428 -2.094872
v -3.200339 2.014428 -1.740311
v -3.206927 2.014428 -1.728873
v -3.305755 2.014428 -1.557312
v -3.312344 2.014428 -1.545875
v -3.411171 2.014428 -1.374313
v -3.417759 2.014428 -1.362875
v -3.516587 2.014428 -1.191314
v -3.523175 2.014428 -1.179876
v -2.146180 2.014428 -3.570301
v -2.152768 2.014428 -3.558864
v -2.251596 2.014428 -3.387302
v -2.258184 2.014428 -3.375865
v -2.357012 2.014428 -3.204304
v -2.363600 2.014428 -3.192866
v -2.462428 2.014428 -3.021304
v -2.469016 2.014428 -3.009867
v -4.175436 2.014428 -0.047569
v -4.182025 2.014428 -0.036132
v -3.121277 2.014428 -1.877560
v -3.127866 2.014428 -1.866122
v -3.648356 2.014428 -0.962564
v -3.654945 2.014428 -0.951127
v -2.594198 2.014428 -2.792555
v -2.600786 2.014428 -2.781118
v -3.753772 2.014428 -0.779565
v -3.760361 2.014428 -0.768128
v -3.859188 2.014428 -0.596566
v -3.865777 2.014428 -0.585129
v -3.964604 2.014428 -0.413567
v -3.971193 2.014428 -0.402130
v -4.070021 2.014428 -0.230568
v -4.076609 2.014428 -0.219131
v -2.699614 2.014428 -2.609556
v -2.706202 2.014428 -2.598119
v -2.805029 2.014428 -2.426557
v -2.811618 2.014428 -2.415120
v -2.910445 2.014428 -2.243558
v -2.917034 2.014428 -2.232121
v -3.015861 2.014428 -2.060559
v -3.022450 2.014428 -2.049121
v -3.226693 2.014428 -1.694561
v -3.233281 2.014428 -1.683123
v -3.332109 2.014428 -1.511562
v -3.338697 2.014428 -1.500125
v -3.437525 2.014428 -1.328563
v -3.444113 2.014428 -1.317125
v -3.542941 2.014428 -1.145564
v -3.549529 2.014428 -1.134126
v -2.172534 2.014428 -3.524551
v -2.179122 2.014428 -3.513114
v -2.277950 2.014428 -3.341553
v -2.284538 2.014428 -3.330115
v -2.383366 2.014428 -3.158554
v -2.389954 2.014428 -3.147116
v -2.488782 2.014428 -2.975554
v -2.495370 2.014428 -2.964117
v -4.122728 2.014428 -0.139069
v -4.129316 2.014428 -0.127631
v -3.068569 2.014428 -1.969060
v -3.075158 2.014428 -1.957622
v -3.595648 2.014428 -1.054064
v -3.602237 2.014428 -1.042627
v -2.541490 2.014428 -2.884055
v -2.548078 2.014428 -2.872617
v -3.701065 2.014428 -0.871065
v -3.707653 2.014428 -0.859628
v -3.806481 2.014428 -0.688066
v -3.813069 2.014428 -0.676629
v -3.911896 2.014428 -0.505067
v -3.918485 2.014428 -0.493630
v -4.017312 2.014428 -0.322068
v -4.023901 2.014428 -0.310630
v -2.646906 2.014428 -2.701056
v -2.653494 2.014428 -2.689618
v -2.752321 2.014428 -2.518057
v -2.758910 2.014428 -2.506619
v -2.857737 2.014428 -2.335058
v -2.864326 2.014428 -2.323620
v -2.963153 2.014428 -2.152058
v -2.969742 2.014428 -2.140621
v -3.173985 2.014428 -1.786061
v -3.180573 2.014428 -1.774623
v -3.279401 2.014428 -1.603062
v -3.285989 2.014428 -1.591624
v -3.384817 2.014428 -1.420063
v -3.391405 2.014428 -1.408625
v -3.490232 2.014428 -1.237063
v -3.496821 2.014428 -1.225626
v -2.119826 2.014428 -3.616051
v -2.126414 2.014428 -3.604614
v -2.225242 2.014428 -3.433053
v -2.231830 2.014428 -3.421615
v -2.330658 2.014428 -3.250053
v -2.337246 2.014428 -3.238616
v -2.436074 2.014428 -3.067054
v -2.442662 2.014428 -3.055616
v -2.113237 2.014428 -3.627489
v -4.572488 2.014428 -0.184893
v -4.579076 2.014428 -0.173456
v -3.518329 2.014428 -2.014884
v -3.524917 2.014428 -2.003446
v -4.045408 2.014428 -1.099888
v -4.051997 2.014428 -1.088451
v -2.991249 2.014428 -2.929879
v -2.997838 2.014428 -2.918442
v -4.150824 2.014428 -0.916890
v -4.157413 2.014428 -0.905452
v -4.256240 2.014428 -0.733890
v -4.262829 2.014428 -0.722453
v -4.361657 2.014428 -0.550891
v -4.368245 2.014428 -0.539454
v -4.467072 2.014428 -0.367892
v -4.473660 2.014428 -0.356455
v -3.096665 2.014428 -2.746880
v -3.103254 2.014428 -2.735443
v -3.202081 2.014428 -2.563881
v -3.208669 2.014428 -2.552444
v -3.307497 2.014428 -2.380883
v -3.314085 2.014428 -2.369445
v -3.412913 2.014428 -2.197883
v -3.419501 2.014428 -2.186445
v -3.623745 2.014428 -1.831885
v -3.630333 2.014428 -1.820447
v -3.729161 2.014428 -1.648886
v -3.735749 2.014428 -1.637448
v -3.834577 2.014428 -1.465887
v -3.841165 2.014428 -1.454449
v -3.939992 2.014428 -1.282887
v -3.946581 2.014428 -1.271450
v -2.569586 2.014428 -3.661875
v -2.576174 2.014428 -3.650438
v -2.675001 2.014428 -3.478877
v -2.681590 2.014428 -3.467439
v -2.780418 2.014428 -3.295877
v -2.787006 2.014428 -3.284440
v -2.885833 2.014428 -3.112878
v -2.892422 2.014428 -3.101441
v -4.519780 2.014428 -0.276393
v -4.526368 2.014428 -0.264955
v -3.465621 2.014428 -2.106383
v -3.472209 2.014428 -2.094946
v -3.992700 2.014428 -1.191388
v -3.999289 2.014428 -1.179950
v -2.938541 2.014428 -3.021379
v -2.945130 2.014428 -3.009941
v -4.098116 2.014428 -1.008389
v -4.104705 2.014428 -0.996951
v -4.203533 2.014428 -0.825390
v -4.210121 2.014428 -0.813952
v -4.308948 2.014428 -0.642391
v -4.315536 2.014428 -0.630953
v -4.414364 2.014428 -0.459392
v -4.420952 2.014428 -0.447954
v -3.043957 2.014428 -2.838380
v -3.050546 2.014428 -2.826942
v -3.149373 2.014428 -2.655381
v -3.155962 2.014428 -2.643943
v -3.254789 2.014428 -2.472381
v -3.261377 2.014428 -2.460944
v -3.360205 2.014428 -2.289383
v -3.366793 2.014428 -2.277945
v -3.571037 2.014428 -1.923384
v -3.577626 2.014428 -1.911947
v -3.676453 2.014428 -1.740386
v -3.683041 2.014428 -1.728948
v -3.781869 2.014428 -1.557386
v -3.788457 2.014428 -1.545949
v -3.887285 2.014428 -1.374387
v -3.893873 2.014428 -1.362949
v -2.516878 2.014428 -3.753375
v -2.523466 2.014428 -3.741938
v -2.622294 2.014428 -3.570376
v -2.628882 2.014428 -3.558938
v -2.727710 2.014428 -3.387377
v -2.734298 2.014428 -3.375939
v -2.833126 2.014428 -3.204378
v -2.839714 2.014428 -3.192941
v -4.546134 2.014428 -0.230643
v -4.552722 2.014428 -0.219205
v -3.491975 2.014428 -2.060634
v -3.498563 2.014428 -2.049196
v -4.019054 2.014428 -1.145638
v -4.025642 2.014428 -1.134201
v -2.964895 2.014428 -2.975629
v -2.971484 2.014428 -2.964192
v -4.124470 2.014428 -0.962639
v -4.131059 2.014428 -0.951202
v -4.229887 2.014428 -0.779640
v -4.236475 2.014428 -0.768203
v -4.335302 2.014428 -0.596641
v -4.341890 2.014428 -0.585203
v -4.440718 2.014428 -0.413642
v -4.447307 2.014428 -0.402204
v -3.070311 2.014428 -2.792630
v -3.076900 2.014428 -2.781192
v -3.175727 2.014428 -2.609631
v -3.182316 2.014428 -2.598194
v -3.281143 2.014428 -2.426631
v -3.287732 2.014428 -2.415195
v -3.386559 2.014428 -2.243633
v -3.393147 2.014428 -2.232195
v -3.597391 2.014428 -1.877634
v -3.603979 2.014428 -1.866197
v -3.702807 2.014428 -1.694636
v -3.709395 2.014428 -1.683198
v -3.808222 2.014428 -1.511636
v -3.814811 2.014428 -1.500199
v -3.913639 2.014428 -1.328637
v -3.920227 2.014428 -1.317200
v -2.543232 2.014428 -3.707625
v -2.549820 2.014428 -3.696188
v -2.648648 2.014428 -3.524626
v -2.655236 2.014428 -3.513189
v -2.754063 2.014428 -3.341627
v -2.760652 2.014428 -3.330189
v -2.859480 2.014428 -3.158628
v -2.866068 2.014428 -3.147191
v -4.493426 2.014428 -0.322142
v -4.500014 2.014428 -0.310705
v -3.439267 2.014428 -2.152133
v -3.445855 2.014428 -2.140696
v -3.966346 2.014428 -1.237138
v -3.972935 2.014428 -1.225700
v -2.912187 2.014428 -3.067128
v -2.918776 2.014428 -3.055691
v -4.071762 2.014428 -1.054138
v -4.078351 2.014428 -1.042701
v -4.177178 2.014428 -0.871140
v -4.183767 2.014428 -0.859702
v -4.282594 2.014428 -0.688141
v -4.289183 2.014428 -0.676703
v -4.388010 2.014428 -0.505141
v -4.394598 2.014428 -0.493704
v -3.017603 2.014428 -2.884129
v -3.024192 2.014428 -2.872692
v -3.123019 2.014428 -2.701130
v -3.129607 2.014428 -2.689693
v -3.228435 2.014428 -2.518131
v -3.235024 2.014428 -2.506694
v -3.333851 2.014428 -2.335132
v -3.340440 2.014428 -2.323695
v -3.544683 2.014428 -1.969134
v -3.551271 2.014428 -1.957696
v -3.650099 2.014428 -1.786135
v -3.656687 2.014428 -1.774698
v -3.755514 2.014428 -1.603136
v -3.762103 2.014428 -1.591698
v -3.860930 2.014428 -1.420137
v -3.867519 2.014428 -1.408699
v -2.490523 2.014428 -3.799124
v -2.497112 2.014428 -3.787687
v -2.595940 2.014428 -3.616126
v -2.602528 2.014428 -3.604688
v -2.701355 2.014428 -3.433126
v -2.707944 2.014428 -3.421689
v -2.806772 2.014428 -3.250128
v -2.813360 2.014428 -3.238690
v -4.559311 2.014428 -0.207768
v -4.565900 2.014428 -0.196330
v -3.505152 2.014428 -2.037759
v -3.511740 2.014428 -2.026321
v -4.032231 2.014428 -1.122764
v -4.038820 2.014428 -1.111326
v -2.978072 2.014428 -2.952754
v -2.984661 2.014428 -2.941317
v -4.137647 2.014428 -0.939765
v -4.144236 2.014428 -0.928327
v -4.243063 2.014428 -0.756766
v -4.249652 2.014428 -0.745328
v -4.348479 2.014428 -0.573766
v -4.355068 2.014428 -0.562329
v -4.453895 2.014428 -0.390767
v -4.460484 2.014428 -0.379329
v -3.083488 2.014428 -2.769755
v -3.090077 2.014428 -2.758317
v -3.188904 2.014428 -2.586756
v -3.195493 2.014428 -2.575319
v -3.294320 2.014428 -2.403757
v -3.300908 2.014428 -2.392319
v -3.399736 2.014428 -2.220758
v -3.406324 2.014428 -2.209320
v -3.610568 2.014428 -1.854760
v -3.617156 2.014428 -1.843322
v -3.715984 2.014428 -1.671761
v -3.722572 2.014428 -1.660323
v -3.821400 2.014428 -1.488761
v -3.827988 2.014428 -1.477324
v -3.926815 2.014428 -1.305763
v -3.933404 2.014428 -1.294325
v -2.556409 2.014428 -3.684750
v -2.562997 2.014428 -3.673313
v -2.661825 2.014428 -3.501752
v -2.668413 2.014428 -3.490314
v -2.767240 2.014428 -3.318752
v -2.773829 2.014428 -3.307315
v -2.872656 2.014428 -3.135753
v -2.879245 2.014428 -3.124316
v -4.506603 2.014428 -0.299267
v -4.513191 2.014428 -0.287830
v -3.452444 2.014428 -2.129258
v -3.459033 2.014428 -2.117821
v -3.979523 2.014428 -1.214263
v -3.986112 2.014428 -1.202825
v -2.925364 2.014428 -3.044253
v -2.931953 2.014428 -3.032816
v -4.084939 2.014428 -1.031264
v -4.091527 2.014428 -1.019826
v -4.190356 2.014428 -0.848265
v -4.196944 2.014428 -0.836827
v -4.295772 2.014428 -0.665266
v -4.302360 2.014428 -0.653828
v -4.401187 2.014428 -0.482267
v -4.407776 2.014428 -0.470829
v -3.030780 2.014428 -2.861254
v -3.037369 2.014428 -2.849817
v -3.136196 2.014428 -2.678256
v -3.142785 2.014428 -2.666818
v -3.241612 2.014428 -2.495257
v -3.248200 2.014428 -2.483819
v -3.347028 2.014428 -2.312258
v -3.353617 2.014428 -2.300820
v -3.557860 2.014428 -1.946259
v -3.564448 2.014428 -1.934822
v -3.663276 2.014428 -1.763260
v -3.669864 2.014428 -1.751823
v -3.768692 2.014428 -1.580261
v -3.775280 2.014428 -1.568824
v -3.874108 2.014428 -1.397262
v -3.880696 2.014428 -1.385824
v -2.503701 2.014428 -3.776250
v -2.510289 2.014428 -3.764812
v -2.609117 2.014428 -3.593251
v -2.615705 2.014428 -3.581814
v -2.714533 2.014428 -3.410252
v -2.721121 2.014428 -3.398814
v -2.819949 2.014428 -3.227253
v -2.826537 2.014428 -3.215815
v -4.532957 2.014428 -0.253518
v -4.539546 2.014428 -0.242080
v -3.478798 2.014428 -2.083508
v -3.485386 2.014428 -2.072071
v -4.005877 2.014428 -1.168513
v -4.012466 2.014428 -1.157076
v -2.951718 2.014428 -2.998504
v -2.958307 2.014428 -2.987066
v -4.111293 2.014428 -0.985514
v -4.117882 2.014428 -0.974076
v -4.216709 2.014428 -0.802515
v -4.223298 2.014428 -0.791078
v -4.322125 2.014428 -0.619516
v -4.328713 2.014428 -0.608078
v -4.427541 2.014428 -0.436517
v -4.434130 2.014428 -0.425079
v -3.057134 2.014428 -2.815505
v -3.063723 2.014428 -2.804068
v -3.162550 2.014428 -2.632506
v -3.169139 2.014428 -2.621068
v -3.267966 2.014428 -2.449507
v -3.274554 2.014428 -2.438069
v -3.373382 2.014428 -2.266508
v -3.379971 2.014428 -2.255070
v -3.584213 2.014428 -1.900509
v -3.590802 2.014428 -1.889072
v -3.689630 2.014428 -1.717510
v -3.696218 2.014428 -1.706073
v -3.795046 2.014428 -1.534511
v -3.801634 2.014428 -1.523074
v -3.900462 2.014428 -1.351512
v -3.907050 2.014428 -1.340075
v -2.530055 2.014428 -3.730500
v -2.536643 2.014428 -3.719063
v -2.635471 2.014428 -3.547501
v -2.642059 2.014428 -3.536064
v -2.740886 2.014428 -3.364502
v -2.747475 2.014428 -3.353065
v -2.846303 2.014428 -3.181503
v -2.852891 2.014428 -3.170065
v -4.480249 2.014428 -0.345017
v -4.486837 2.014428 -0.333580
v -3.426090 2.014428 -2.175008
v -3.432678 2.014428 -2.163570
v -3.953169 2.014428 -1.260013
v -3.959758 2.014428 -1.248575
v -2.899010 2.014428 -3.090003
v -2.905599 2.014428 -3.078566
v -4.058586 2.014428 -1.077014
v -4.065174 2.014428 -1.065576
v -4.164001 2.014428 -0.894014
v -4.170590 2.014428 -0.882577
v -4.269417 2.014428 -0.711016
v -4.276006 2.014428 -0.699578
v -4.374833 2.014428 -0.528016
v -4.381422 2.014428 -0.516579
v -3.004426 2.014428 -2.907004
v -3.011015 2.014428 -2.895567
v -3.109842 2.014428 -2.724005
v -3.116431 2.014428 -2.712568
v -3.215258 2.014428 -2.541007
v -3.221847 2.014428 -2.529569
v -3.320674 2.014428 -2.358007
v -3.327262 2.014428 -2.346570
v -3.531506 2.014428 -1.992009
v -3.538094 2.014428 -1.980571
v -3.636922 2.014428 -1.809010
v -3.643510 2.014428 -1.797573
v -3.742338 2.014428 -1.626011
v -3.748926 2.014428 -1.614573
v -3.847753 2.014428 -1.443012
v -3.854342 2.014428 -1.431574
v -2.477347 2.014428 -3.822000
v -2.483935 2.014428 -3.810562
v -2.582763 2.014428 -3.639001
v -2.589351 2.014428 -3.627563
v -2.688179 2.014428 -3.456002
v -2.694767 2.014428 -3.444564
v -2.793595 2.014428 -3.273002
v -2.800183 2.014428 -3.261565
v -2.470758 2.014428 -3.833437
v -2.456473 1.873312 3.891099
v -2.456473 1.179783 3.891099
v -4.571950 1.179783 0.235251
v -2.463084 1.873312 3.879674
v -4.571950 1.873312 0.235251
v -3.520823 1.873312 2.051750
v -3.514212 1.873312 2.063175
v -2.991953 1.873312 2.965712
v -2.985342 1.873312 2.977137
v -4.049692 1.873312 1.137788
v -4.043081 1.873312 1.149213
v -2.886179 1.873312 3.148505
v -2.879568 1.873312 3.159929
v -2.780405 1.873312 3.331297
v -2.773794 1.873312 3.342722
v -2.674631 1.873312 3.514090
v -2.668020 1.873312 3.525514
v -2.568857 1.873312 3.696882
v -2.562247 1.873312 3.708307
v -3.943918 1.873312 1.320581
v -3.937307 1.873312 1.332005
v -3.838144 1.873312 1.503373
v -3.831533 1.873312 1.514798
v -3.732370 1.873312 1.686166
v -3.725760 1.873312 1.697590
v -3.626596 1.873312 1.868958
v -3.619985 1.873312 1.880382
v -3.415048 1.873312 2.234543
v -3.408438 1.873312 2.245967
v -3.309275 1.873312 2.417335
v -3.302664 1.873312 2.428760
v -3.203501 1.873312 2.600128
v -3.196890 1.873312 2.611552
v -3.097727 1.873312 2.782920
v -3.091116 1.873312 2.794344
v -4.472787 1.873312 0.406619
v -4.466177 1.873312 0.418043
v -4.367014 1.873312 0.589411
v -4.360403 1.873312 0.600836
v -4.261240 1.873312 0.772204
v -4.254629 1.873312 0.783628
v -4.155466 1.873312 0.954996
v -4.148855 1.873312 0.966421
v -2.515970 1.873312 3.788278
v -2.509360 1.873312 3.799702
v -3.573709 1.873312 1.960354
v -3.567099 1.873312 1.971779
v -3.044840 1.873312 2.874316
v -3.038229 1.873312 2.885741
v -4.102579 1.873312 1.046392
v -4.095968 1.873312 1.057817
v -2.939066 1.873312 3.057109
v -2.932455 1.873312 3.068533
v -2.833292 1.873312 3.239901
v -2.826681 1.873312 3.251325
v -2.727518 1.873312 3.422693
v -2.720907 1.873312 3.434118
v -2.621744 1.873312 3.605486
v -2.615134 1.873312 3.616910
v -3.996805 1.873312 1.229185
v -3.990194 1.873312 1.240609
v -3.891031 1.873312 1.411977
v -3.884420 1.873312 1.423401
v -3.785257 1.873312 1.594769
v -3.778646 1.873312 1.606194
v -3.679483 1.873312 1.777562
v -3.672872 1.873312 1.788986
v -3.467936 1.873312 2.143147
v -3.461325 1.873312 2.154571
v -3.362162 1.873312 2.325939
v -3.355551 1.873312 2.337363
v -3.256388 1.873312 2.508731
v -3.249777 1.873312 2.520156
v -3.150614 1.873312 2.691524
v -3.144003 1.873312 2.702948
v -4.525674 1.873312 0.315223
v -4.519063 1.873312 0.326647
v -4.419900 1.873312 0.498015
v -4.413290 1.873312 0.509440
v -4.314126 1.873312 0.680807
v -4.307516 1.873312 0.692232
v -4.208353 1.873312 0.863600
v -4.201742 1.873312 0.875024
v -2.489527 1.873312 3.833976
v -2.482916 1.873312 3.845401
v -3.547266 1.873312 2.006052
v -3.540655 1.873312 2.017477
v -3.018396 1.873312 2.920014
v -3.011786 1.873312 2.931439
v -4.076135 1.873312 1.092090
v -4.069524 1.873312 1.103515
v -2.912623 1.873312 3.102807
v -2.906012 1.873312 3.114231
v -2.806849 1.873312 3.285599
v -2.800238 1.873312 3.297024
v -2.701075 1.873312 3.468391
v -2.694464 1.873312 3.479816
v -2.595301 1.873312 3.651184
v -2.588690 1.873312 3.662608
v -3.970362 1.873312 1.274883
v -3.963751 1.873312 1.286307
v -3.864588 1.873312 1.457675
v -3.857977 1.873312 1.469100
v -3.758814 1.873312 1.640468
v -3.752203 1.873312 1.651892
v -3.653040 1.873312 1.823260
v -3.646429 1.873312 1.834684
v -3.441492 1.873312 2.188845
v -3.434881 1.873312 2.200269
v -3.335718 1.873312 2.371637
v -3.329107 1.873312 2.383062
v -3.229944 1.873312 2.554429
v -3.223333 1.873312 2.565854
v -3.124170 1.873312 2.737222
v -3.117559 1.873312 2.748646
v -4.499231 1.873312 0.360921
v -4.492620 1.873312 0.372345
v -4.393457 1.873312 0.543713
v -4.386847 1.873312 0.555138
v -4.287683 1.873312 0.726506
v -4.281072 1.873312 0.737930
v -4.181910 1.873312 0.909298
v -4.175299 1.873312 0.920722
v -2.542414 1.873312 3.742580
v -2.535803 1.873312 3.754004
v -3.600153 1.873312 1.914656
v -3.593542 1.873312 1.926081
v -3.071283 1.873312 2.828618
v -3.064672 1.873312 2.840043
v -4.129023 1.873312 1.000694
v -4.122412 1.873312 1.012119
v -2.965510 1.873312 3.011410
v -2.958899 1.873312 3.022835
v -2.859735 1.873312 3.194203
v -2.853125 1.873312 3.205627
v -2.753962 1.873312 3.376995
v -2.747351 1.873312 3.388420
v -2.648188 1.873312 3.559788
v -2.641577 1.873312 3.571212
v -4.023248 1.873312 1.183487
v -4.016638 1.873312 1.194911
v -3.917475 1.873312 1.366279
v -3.910864 1.873312 1.377703
v -3.811701 1.873312 1.549071
v -3.805090 1.873312 1.560496
v -3.705927 1.873312 1.731864
v -3.699316 1.873312 1.743288
v -3.494379 1.873312 2.097448
v -3.487768 1.873312 2.108873
v -3.388605 1.873312 2.280241
v -3.381994 1.873312 2.291665
v -3.282831 1.873312 2.463033
v -3.276220 1.873312 2.474458
v -3.177058 1.873312 2.645826
v -3.170447 1.873312 2.657250
v -4.552118 1.873312 0.269525
v -4.545507 1.873312 0.280949
v -4.446344 1.873312 0.452317
v -4.439734 1.873312 0.463742
v -4.340570 1.873312 0.635109
v -4.333959 1.873312 0.646534
v -4.234796 1.873312 0.817902
v -4.228185 1.873312 0.829326
v -2.476305 1.873312 3.856825
v -2.469694 1.873312 3.868250
v -3.534044 1.873312 2.028901
v -3.527433 1.873312 2.040326
v -3.005175 1.873312 2.942863
v -2.998564 1.873312 2.954288
v -4.062913 1.873312 1.114939
v -4.056303 1.873312 1.126364
v -2.899401 1.873312 3.125656
v -2.892790 1.873312 3.137080
v -2.793627 1.873312 3.308448
v -2.787016 1.873312 3.319872
v -2.687853 1.873312 3.491240
v -2.681242 1.873312 3.502665
v -2.582079 1.873312 3.674033
v -2.575469 1.873312 3.685457
v -3.957140 1.873312 1.297732
v -3.950529 1.873312 1.309156
v -3.851366 1.873312 1.480524
v -3.844755 1.873312 1.491949
v -3.745592 1.873312 1.663317
v -3.738981 1.873312 1.674741
v -3.639818 1.873312 1.846109
v -3.633207 1.873312 1.857533
v -3.428270 1.873312 2.211694
v -3.421659 1.873312 2.223118
v -3.322496 1.873312 2.394486
v -3.315886 1.873312 2.405911
v -3.216723 1.873312 2.577278
v -3.210112 1.873312 2.588703
v -3.110949 1.873312 2.760071
v -3.104338 1.873312 2.771495
v -4.486009 1.873312 0.383770
v -4.479398 1.873312 0.395194
v -4.380235 1.873312 0.566562
v -4.373625 1.873312 0.577987
v -4.274461 1.873312 0.749355
v -4.267850 1.873312 0.760779
v -4.168688 1.873312 0.932147
v -4.162077 1.873312 0.943572
v -2.529192 1.873312 3.765429
v -2.522581 1.873312 3.776854
v -3.586931 1.873312 1.937505
v -3.580320 1.873312 1.948930
v -3.058062 1.873312 2.851467
v -3.051451 1.873312 2.862892
v -4.115801 1.873312 1.023543
v -4.109190 1.873312 1.034968
v -2.952288 1.873312 3.034260
v -2.945677 1.873312 3.045684
v -2.846514 1.873312 3.217052
v -2.839903 1.873312 3.228477
v -2.740740 1.873312 3.399844
v -2.734129 1.873312 3.411269
v -2.634966 1.873312 3.582637
v -2.628355 1.873312 3.594061
v -4.010027 1.873312 1.206336
v -4.003416 1.873312 1.217760
v -3.904253 1.873312 1.389128
v -3.897642 1.873312 1.400553
v -3.798479 1.873312 1.571920
v -3.791868 1.873312 1.583345
v -3.692705 1.873312 1.754713
v -3.686094 1.873312 1.766137
v -3.481157 1.873312 2.120298
v -3.474546 1.873312 2.131722
v -3.375383 1.873312 2.303090
v -3.368773 1.873312 2.314514
v -3.269609 1.873312 2.485882
v -3.262999 1.873312 2.497307
v -3.163836 1.873312 2.668675
v -3.157225 1.873312 2.680099
v -4.538896 1.873312 0.292374
v -4.532285 1.873312 0.303798
v -4.433122 1.873312 0.475166
v -4.426511 1.873312 0.486591
v -4.327348 1.873312 0.657959
v -4.320737 1.873312 0.669383
v -4.221574 1.873312 0.840751
v -4.214963 1.873312 0.852175
v -2.502749 1.873312 3.811127
v -2.496138 1.873312 3.822551
v -3.560488 1.873312 1.983203
v -3.553877 1.873312 1.994628
v -3.031618 1.873312 2.897165
v -3.025007 1.873312 2.908590
v -4.089357 1.873312 1.069241
v -4.082746 1.873312 1.080666
v -2.925844 1.873312 3.079957
v -2.919234 1.873312 3.091382
v -2.820071 1.873312 3.262750
v -2.813460 1.873312 3.274174
v -2.714297 1.873312 3.445542
v -2.707686 1.873312 3.456967
v -2.608522 1.873312 3.628335
v -2.601912 1.873312 3.639759
v -3.983583 1.873312 1.252034
v -3.976973 1.873312 1.263458
v -3.877809 1.873312 1.434826
v -3.871198 1.873312 1.446251
v -3.772036 1.873312 1.617618
v -3.765425 1.873312 1.629043
v -3.666261 1.873312 1.800411
v -3.659651 1.873312 1.811835
v -3.454714 1.873312 2.165996
v -3.448103 1.873312 2.177420
v -3.348940 1.873312 2.348788
v -3.342329 1.873312 2.360213
v -3.243166 1.873312 2.531580
v -3.236555 1.873312 2.543005
v -3.137392 1.873312 2.714373
v -3.130781 1.873312 2.725797
v -4.512453 1.873312 0.338072
v -4.505842 1.873312 0.349496
v -4.406679 1.873312 0.520864
v -4.400068 1.873312 0.532289
v -4.300905 1.873312 0.703657
v -4.294294 1.873312 0.715081
v -4.195131 1.873312 0.886449
v -4.188520 1.873312 0.897873
v -2.555636 1.873312 3.719731
v -2.549025 1.873312 3.731155
v -3.613375 1.873312 1.891807
v -3.606764 1.873312 1.903232
v -3.084505 1.873312 2.805769
v -3.077894 1.873312 2.817194
v -4.142244 1.873312 0.977845
v -4.135633 1.873312 0.989270
v -2.978731 1.873312 2.988561
v -2.972121 1.873312 2.999986
v -2.872957 1.873312 3.171354
v -2.866346 1.873312 3.182778
v -2.767184 1.873312 3.354146
v -2.760573 1.873312 3.365571
v -2.661410 1.873312 3.536939
v -2.654799 1.873312 3.548363
v -4.036470 1.873312 1.160637
v -4.029860 1.873312 1.172062
v -3.930696 1.873312 1.343430
v -3.924085 1.873312 1.354854
v -3.824922 1.873312 1.526222
v -3.818312 1.873312 1.537647
v -3.719149 1.873312 1.709015
v -3.712538 1.873312 1.720439
v -3.507601 1.873312 2.074600
v -3.500990 1.873312 2.086024
v -3.401827 1.873312 2.257392
v -3.395216 1.873312 2.268816
v -3.296053 1.873312 2.440184
v -3.289442 1.873312 2.451609
v -3.190279 1.873312 2.622977
v -3.183668 1.873312 2.634401
v -4.565340 1.873312 0.246676
v -4.558729 1.873312 0.258100
v -4.459566 1.873312 0.429468
v -4.452955 1.873312 0.440892
v -4.353792 1.873312 0.612260
v -4.347181 1.873312 0.623685
v -4.248018 1.873312 0.795053
v -4.241407 1.873312 0.806477
v -2.112688 2.014428 3.676916
v -2.106077 2.014428 3.688340
v -3.170427 2.014428 1.848992
v -3.163816 2.014428 1.860417
v -2.641558 2.014428 2.762954
v -2.634947 2.014428 2.774379
v -3.699297 2.014428 0.935030
v -3.692686 2.014428 0.946455
v -2.535784 2.014428 2.945746
v -2.529173 2.014428 2.957171
v -2.430010 2.014428 3.128539
v -2.423399 2.014428 3.139964
v -2.324236 2.014428 3.311331
v -2.317625 2.014428 3.322756
v -2.218462 2.014428 3.494123
v -2.211851 2.014428 3.505548
v -3.593523 2.014428 1.117823
v -3.586912 2.014428 1.129247
v -3.487749 2.014428 1.300615
v -3.481138 2.014428 1.312039
v -3.381975 2.014428 1.483407
v -3.375364 2.014428 1.494832
v -3.276201 2.014428 1.666200
v -3.269590 2.014428 1.677624
v -3.064654 2.014428 2.031785
v -3.058043 2.014428 2.043209
v -2.958880 2.014428 2.214577
v -2.952269 2.014428 2.226001
v -2.853106 2.014428 2.397369
v -2.846495 2.014428 2.408794
v -2.747332 2.014428 2.580162
v -2.740721 2.014428 2.591586
v -4.122392 2.014428 0.203861
v -4.115781 2.014428 0.215285
v -4.016619 2.014428 0.386653
v -4.010007 2.014428 0.398078
v -3.910845 2.014428 0.569446
v -3.904234 2.014428 0.580870
v -3.805071 2.014428 0.752238
v -3.798460 2.014428 0.763662
v -2.165575 2.014428 3.585520
v -2.158964 2.014428 3.596944
v -3.223315 2.014428 1.757596
v -3.216704 2.014428 1.769020
v -2.694445 2.014428 2.671558
v -2.687834 2.014428 2.682982
v -3.752184 2.014428 0.843634
v -3.745573 2.014428 0.855058
v -2.588671 2.014428 2.854350
v -2.582060 2.014428 2.865775
v -2.482897 2.014428 3.037143
v -2.476286 2.014428 3.048567
v -2.377123 2.014428 3.219935
v -2.370512 2.014428 3.231360
v -2.271349 2.014428 3.402728
v -2.264738 2.014428 3.414152
v -3.646410 2.014428 1.026426
v -3.639799 2.014428 1.037851
v -3.540636 2.014428 1.209219
v -3.534025 2.014428 1.220643
v -3.434862 2.014428 1.392011
v -3.428251 2.014428 1.403436
v -3.329088 2.014428 1.574804
v -3.322477 2.014428 1.586228
v -3.117540 2.014428 1.940388
v -3.110929 2.014428 1.951813
v -3.011767 2.014428 2.123181
v -3.005156 2.014428 2.134605
v -2.905993 2.014428 2.305973
v -2.899382 2.014428 2.317398
v -2.800219 2.014428 2.488765
v -2.793608 2.014428 2.500190
v -4.175280 2.014428 0.112465
v -4.168668 2.014428 0.123889
v -4.069505 2.014428 0.295257
v -4.062894 2.014428 0.306681
v -3.963732 2.014428 0.478049
v -3.957121 2.014428 0.489474
v -3.857958 2.014428 0.660842
v -3.851347 2.014428 0.672266
v -2.139132 2.014428 3.631218
v -2.132521 2.014428 3.642642
v -3.196871 2.014428 1.803294
v -3.190260 2.014428 1.814719
v -2.668002 2.014428 2.717256
v -2.661391 2.014428 2.728680
v -3.725740 2.014428 0.889332
v -3.719129 2.014428 0.900757
v -2.562227 2.014428 2.900048
v -2.555617 2.014428 2.911473
v -2.456454 2.014428 3.082841
v -2.449843 2.014428 3.094265
v -2.350680 2.014428 3.265633
v -2.344069 2.014428 3.277057
v -2.244906 2.014428 3.448425
v -2.238295 2.014428 3.459850
v -3.619967 2.014428 1.072124
v -3.613356 2.014428 1.083549
v -3.514193 2.014428 1.254917
v -3.507581 2.014428 1.266341
v -3.408419 2.014428 1.437709
v -3.401808 2.014428 1.449134
v -3.302645 2.014428 1.620502
v -3.296034 2.014428 1.631926
v -3.091097 2.014428 1.986086
v -3.084486 2.014428 1.997511
v -2.985323 2.014428 2.168879
v -2.978712 2.014428 2.180303
v -2.879549 2.014428 2.351671
v -2.872938 2.014428 2.363096
v -2.773775 2.014428 2.534464
v -2.767164 2.014428 2.545888
v -4.148836 2.014428 0.158163
v -4.142225 2.014428 0.169587
v -4.043062 2.014428 0.340955
v -4.036451 2.014428 0.352380
v -3.937288 2.014428 0.523747
v -3.930677 2.014428 0.535172
v -3.831514 2.014428 0.706540
v -3.824903 2.014428 0.717964
v -2.192019 2.014428 3.539822
v -2.185408 2.014428 3.551246
v -3.249758 2.014428 1.711898
v -3.243147 2.014428 1.723322
v -2.720888 2.014428 2.625860
v -2.714278 2.014428 2.637284
v -3.778627 2.014428 0.797936
v -3.772017 2.014428 0.809360
v -2.615114 2.014428 2.808652
v -2.608504 2.014428 2.820077
v -2.509341 2.014428 2.991445
v -2.502730 2.014428 3.002869
v -2.403567 2.014428 3.174237
v -2.396956 2.014428 3.185662
v -2.297792 2.014428 3.357029
v -2.291182 2.014428 3.368454
v -3.672853 2.014428 0.980728
v -3.666242 2.014428 0.992153
v -3.567080 2.014428 1.163521
v -3.560469 2.014428 1.174945
v -3.461306 2.014428 1.346313
v -3.454695 2.014428 1.357738
v -3.355532 2.014428 1.529106
v -3.348921 2.014428 1.540530
v -3.143984 2.014428 1.894690
v -3.137373 2.014428 1.906115
v -3.038210 2.014428 2.077483
v -3.031599 2.014428 2.088907
v -2.932436 2.014428 2.260275
v -2.925825 2.014428 2.271699
v -2.826662 2.014428 2.443068
v -2.820051 2.014428 2.454492
v -4.201723 2.014428 0.066766
v -4.195112 2.014428 0.078191
v -4.095949 2.014428 0.249559
v -4.089338 2.014428 0.260983
v -3.990175 2.014428 0.432351
v -3.983564 2.014428 0.443776
v -3.884401 2.014428 0.615144
v -3.877790 2.014428 0.626568
v -2.125910 2.014428 3.654067
v -2.119299 2.014428 3.665491
v -3.183649 2.014428 1.826143
v -3.177038 2.014428 1.837568
v -2.654780 2.014428 2.740105
v -2.648169 2.014428 2.751529
v -3.712518 2.014428 0.912181
v -3.705908 2.014428 0.923606
v -2.549006 2.014428 2.922898
v -2.542395 2.014428 2.934322
v -2.443232 2.014428 3.105690
v -2.436621 2.014428 3.117114
v -2.337458 2.014428 3.288482
v -2.330847 2.014428 3.299906
v -2.231684 2.014428 3.471274
v -2.225073 2.014428 3.482699
v -3.606745 2.014428 1.094974
v -3.600134 2.014428 1.106398
v -3.500971 2.014428 1.277766
v -3.494360 2.014428 1.289190
v -3.395197 2.014428 1.460558
v -3.388586 2.014428 1.471983
v -3.289423 2.014428 1.643351
v -3.282812 2.014428 1.654775
v -3.077875 2.014428 2.008935
v -3.071264 2.014428 2.020360
v -2.972101 2.014428 2.191728
v -2.965491 2.014428 2.203152
v -2.866327 2.014428 2.374520
v -2.859716 2.014428 2.385945
v -2.760554 2.014428 2.557312
v -2.753943 2.014428 2.568737
v -4.135614 2.014428 0.181012
v -4.129003 2.014428 0.192436
v -4.029840 2.014428 0.363804
v -4.023229 2.014428 0.375229
v -3.924066 2.014428 0.546596
v -3.917455 2.014428 0.558021
v -3.818293 2.014428 0.729389
v -3.811682 2.014428 0.740813
v -2.178797 2.014428 3.562671
v -2.172186 2.014428 3.574095
v -3.236536 2.014428 1.734747
v -3.229925 2.014428 1.746171
v -2.707667 2.014428 2.648709
v -2.701056 2.014428 2.660133
v -3.765405 2.014428 0.820785
v -3.758795 2.014428 0.832209
v -2.601893 2.014428 2.831501
v -2.595282 2.014428 2.842926
v -2.496119 2.014428 3.014294
v -2.489508 2.014428 3.025718
v -2.390345 2.014428 3.197086
v -2.383734 2.014428 3.208511
v -2.284571 2.014428 3.379879
v -2.277960 2.014428 3.391303
v -3.659631 2.014428 1.003577
v -3.653021 2.014428 1.015002
v -3.553858 2.014428 1.186370
v -3.547247 2.014428 1.197794
v -3.448084 2.014428 1.369162
v -3.441473 2.014428 1.380587
v -3.342310 2.014428 1.551955
v -3.335699 2.014428 1.563379
v -3.130762 2.014428 1.917539
v -3.124151 2.014428 1.928964
v -3.024988 2.014428 2.100332
v -3.018378 2.014428 2.111756
v -2.919214 2.014428 2.283124
v -2.912603 2.014428 2.294549
v -2.813441 2.014428 2.465916
v -2.806830 2.014428 2.477341
v -4.188501 2.014428 0.089615
v -4.181890 2.014428 0.101040
v -4.082727 2.014428 0.272408
v -4.076116 2.014428 0.283832
v -3.976953 2.014428 0.455200
v -3.970342 2.014428 0.466625
v -3.871179 2.014428 0.637993
v -3.864569 2.014428 0.649417
v -2.152354 2.014428 3.608369
v -2.145743 2.014428 3.619793
v -3.210093 2.014428 1.780445
v -3.203482 2.014428 1.791870
v -2.681223 2.014428 2.694407
v -2.674613 2.014428 2.705832
v -3.738962 2.014428 0.866483
v -3.732351 2.014428 0.877908
v -2.575449 2.014428 2.877199
v -2.568838 2.014428 2.888624
v -2.469675 2.014428 3.059992
v -2.463064 2.014428 3.071416
v -2.363901 2.014428 3.242784
v -2.357291 2.014428 3.254209
v -2.258127 2.014428 3.425577
v -2.251517 2.014428 3.437001
v -3.633188 2.014428 1.049275
v -3.626577 2.014428 1.060700
v -3.527414 2.014428 1.232068
v -3.520803 2.014428 1.243492
v -3.421640 2.014428 1.414860
v -3.415030 2.014428 1.426285
v -3.315866 2.014428 1.597653
v -3.309256 2.014428 1.609077
v -3.104319 2.014428 1.963237
v -3.097708 2.014428 1.974662
v -2.998545 2.014428 2.146030
v -2.991934 2.014428 2.157454
v -2.892771 2.014428 2.328822
v -2.886160 2.014428 2.340247
v -2.786997 2.014428 2.511615
v -2.780386 2.014428 2.523039
v -4.162057 2.014428 0.135313
v -4.155447 2.014428 0.146738
v -4.056283 2.014428 0.318106
v -4.049673 2.014428 0.329530
v -3.950510 2.014428 0.500898
v -3.943899 2.014428 0.512323
v -3.844736 2.014428 0.683691
v -3.838125 2.014428 0.695115
v -2.205240 2.014428 3.516973
v -2.198630 2.014428 3.528397
v -3.262980 2.014428 1.689049
v -3.256369 2.014428 1.700473
v -2.734110 2.014428 2.603011
v -2.727499 2.014428 2.614435
v -3.791849 2.014428 0.775087
v -3.785238 2.014428 0.786511
v -2.628336 2.014428 2.785803
v -2.621725 2.014428 2.797227
v -2.522562 2.014428 2.968596
v -2.515951 2.014428 2.980020
v -2.416788 2.014428 3.151388
v -2.410177 2.014428 3.162812
v -2.311014 2.014428 3.334180
v -2.304403 2.014428 3.345605
v -3.686075 2.014428 0.957879
v -3.679464 2.014428 0.969304
v -3.580301 2.014428 1.140672
v -3.573690 2.014428 1.152096
v -3.474528 2.014428 1.323464
v -3.467917 2.014428 1.334888
v -3.368753 2.014428 1.506256
v -3.362143 2.014428 1.517681
v -3.157206 2.014428 1.871841
v -3.150595 2.014428 1.883266
v -3.051432 2.014428 2.054634
v -3.044821 2.014428 2.066058
v -2.945658 2.014428 2.237426
v -2.939047 2.014428 2.248851
v -2.839884 2.014428 2.420218
v -2.833273 2.014428 2.431643
v -4.214945 2.014428 0.043917
v -4.208334 2.014428 0.055342
v -4.109170 2.014428 0.226710
v -4.102560 2.014428 0.238134
v -4.003397 2.014428 0.409502
v -3.996786 2.014428 0.420927
v -3.897623 2.014428 0.592295
v -3.891012 2.014428 0.603719
v -4.221556 2.014428 0.032493
v -2.463084 2.014428 3.879674
v -2.456473 2.014428 3.891099
v -3.520823 2.014428 2.051750
v -3.514212 2.014428 2.063175
v -2.991953 2.014428 2.965712
v -2.985342 2.014428 2.977137
v -4.049692 2.014428 1.137788
v -4.043081 2.014428 1.149213
v -2.886179 2.014428 3.148505
v -2.879568 2.014428 3.159929
v -2.780405 2.014428 3.331297
v -2.773794 2.014428 3.342722
v -2.674631 2.014428 3.514090
v -2.668020 2.014428 3.525514
v -2.568857 2.014428 3.696882
v -2.562247 2.014428 3.708307
v -3.943918 2.014428 1.320581
v -3.937307 2.014428 1.332005
v -3.838144 2.014428 1.503373
v -3.831533 2.014428 1.514798
v -3.732370 2.014428 1.686166
v -3.725760 2.014428 1.697590
v -3.626596 2.014428 1.868958
v -3.619985 2.014428 1.880382
v -3.415048 2.014428 2.234543
v -3.408438 2.014428 2.245967
v -3.309275 2.014428 2.417335
v -3.302664 2.014428 2.428760
v -3.203501 2.014428 2.600128
v -3.196890 2.014428 2.611552
v -3.097727 2.014428 2.782920
v -3.091116 2.014428 2.794344
v -4.472787 2.014428 0.406619
v -4.466177 2.014428 0.418043
v -4.367014 2.014428 0.589411
v -4.360403 2.014428 0.600836
v -4.261240 2.014428 0.772204
v -4.254629 2.014428 0.783628
v -4.155466 2.014428 0.954996
v -4.148855 2.014428 0.966421
v -2.515970 2.014428 3.788278
v -2.509360 2.014428 3.799702
v -3.573709 2.014428 1.960354
v -3.567099 2.014428 1.971779
v -3.044840 2.014428 2.874316
v -3.038229 2.014428 2.885741
v -4.102579 2.014428 1.046392
v -4.095968 2.014428 1.057817
v -2.939066 2.014428 3.057109
v -2.932455 2.014428 3.068533
v -2.833292 2.014428 3.239901
v -2.826681 2.014428 3.251325
v -2.727518 2.014428 3.422693
v -2.720907 2.014428 3.434118
v -2.621744 2.014428 3.605486
v -2.615134 2.014428 3.616910
v -3.996805 2.014428 1.229185
v -3.990194 2.014428 1.240609
v -3.891031 2.014428 1.411977
v -3.884420 2.014428 1.423401
v -3.785257 2.014428 1.594769
v -3.778646 2.014428 1.606194
v -3.679483 2.014428 1.777562
v -3.672872 2.014428 1.788986
v -3.467936 2.014428 2.143147
v -3.461325 2.014428 2.154571
v -3.362162 2.014428 2.325939
v -3.355551 2.014428 2.337363
v -3.256388 2.014428 2.508731
v -3.249777 2.014428 2.520156
v -3.150614 2.014428 2.691524
v -3.144003 2.014428 2.702948
v -4.525674 2.014428 0.315223
v -4.519063 2.014428 0.326647
v -4.419900 2.014428 0.498015
v -4.413290 2.014428 0.509440
v -4.314126 2.014428 0.680807
v -4.307516 2.014428 0.692232
v -4.208353 2.014428 0.863600
v -4.201742 2.014428 0.875024
v -2.489527 2.014428 3.833976
v -2.482916 2.014428 3.845401
v -3.547266 2.014428 2.006052
v -3.540655 2.014428 2.017477
v -3.018396 2.014428 2.920014
v -3.011786 2.014428 2.931439
v -4.076135 2.014428 1.092090
v -4.069524 2.014428 1.103515
v -2.912623 2.014428 3.102807
v -2.906012 2.014428 3.114231
v -2.806849 2.014428 3.285599
v -2.800238 2.014428 3.297024
v -2.701075 2.014428 3.468391
v -2.694464 2.014428 3.479816
v -2.595301 2.014428 3.651184
v -2.588690 2.014428 3.662608
v -3.970362 2.014428 1.274883
v -3.963751 2.014428 1.286307
v -3.864588 2.014428 1.457675
v -3.857977 2.014428 1.469100
v -3.758814 2.014428 1.640468
v -3.752203 2.014428 1.651892
v -3.653040 2.014428 1.823260
v -3.646429 2.014428 1.834684
v -3.441492 2.014428 2.188845
v -3.434881 2.014428 2.200269
v -3.335718 2.014428 2.371637
v -3.329107 2.014428 2.383062
v -3.229944 2.014428 2.554429
v -3.223333 2.014428 2.565854
v -3.124170 2.014428 2.737222
v -3.117559 2.014428 2.748646
v -4.499231 2.014428 0.360921
v -4.492620 2.014428 0.372345
v -4.393457 2.014428 0.543713
v -4.386847 2.014428 0.555138
v -4.287683 2.014428 0.726506
v -4.281072 2.014428 0.737930
v -4.181910 2.014428 0.909298
v -4.175299 2.014428 0.920722
v -2.542414 2.014428 3.742580
v -2.535803 2.014428 3.754004
v -3.600153 2.014428 1.914656
v -3.593542 2.014428 1.926081
v -3.071283 2.014428 2.828618
v -3.064672 2.014428 2.840043
v -4.129023 2.014428 1.000694
v -4.122412 2.014428 1.012119
v -2.965510 2.014428 3.011410
v -2.958899 2.014428 3.022835
v -2.859735 2.014428 3.194203
v -2.853125 2.014428 3.205627
v -2.753962 2.014428 3.376995
v -2.747351 2.014428 3.388420
v -2.648188 2.014428 3.559788
v -2.641577 2.014428 3.571212
v -4.023248 2.014428 1.183487
v -4.016638 2.014428 1.194911
v -3.917475 2.014428 1.366279
v -3.910864 2.014428 1.377703
v -3.811701 2.014428 1.549071
v -3.805090 2.014428 1.560496
v -3.705927 2.014428 1.731864
v -3.699316 2.014428 1.743288
v -3.494379 2.014428 2.097448
v -3.487768 2.014428 2.108873
v -3.388605 2.014428 2.280241
v -3.381994 2.014428 2.291665
v -3.282831 2.014428 2.463033
v -3.276220 2.014428 2.474458
v -3.177058 2.014428 2.645826
v -3.170447 2.014428 2.657250
v -4.552118 2.014428 0.269525
v -4.545507 2.014428 0.280949
v -4.446344 2.014428 0.452317
v -4.439734 2.014428 0.463742
v -4.340570 2.014428 0.635109
v -4.333959 2.014428 0.646534
v -4.234796 2.014428 0.817902
v -4.228185 2.014428 0.829326
v -2.476305 2.014428 3.856825
v -2.469694 2.014428 3.868250
v -3.534044 2.014428 2.028901
v -3.527433 2.014428 2.040326
v -3.005175 2.014428 2.942863
v -2.998564 2.014428 2.954288
v -4.062913 2.014428 1.114939
v -4.056303 2.014428 1.126364
v -2.899401 2.014428 3.125656
v -2.892790 2.014428 3.137080
v -2.793627 2.014428 3.308448
v -2.787016 2.014428 3.319872
v -2.687853 2.014428 3.491240
v -2.681242 2.014428 3.502665
v -2.582079 2.014428 3.674033
v -2.575469 2.014428 3.685457
v -3.957140 2.014428 1.297732
v -3.950529 2.014428 1.309156
v -3.851366 2.014428 1.480524
v -3.844755 2.014428 1.491949
v -3.745592 2.014428 1.663317
v -3.738981 2.014428 1.674741
v -3.639818 2.014428 1.846109
v -3.633207 2.014428 1.857533
v -3.428270 2.014428 2.211694
v -3.421659 2.014428 2.223118
v -3.322496 2.014428 2.394486
v -3.315886 2.014428 2.405911
v -3.216723 2.014428 2.577278
v -3.210112 2.014428 2.588703
v -3.110949 2.014428 2.760071
v -3.104338 2.014428 2.771495
v -4.486009 2.014428 0.383770
v -4.479398 2.014428 0.395194
v -4.380235 2.014428 0.566562
v -4.373625 2.014428 0.577987
v -4.274461 2.014428 0.749355
v -4.267850 2.014428 0.760779
v -4.168688 2.014428 0.932147
v -4.162077 2.014428 0.943572
v -2.529192 2.014428 3.765429
v -2.522581 2.014428 3.776854
v -3.586931 2.014428 1.937505
v -3.580320 2.014428 1.948930
v -3.058062 2.014428 2.851467
v -3.051451 2.014428 2.862892
v -4.115801 2.014428 1.023543
v -4.109190 2.014428 1.034968
v -2.952288 2.014428 3.034260
v -2.945677 2.014428 3.045684
v -2.846514 2.014428 3.217052
v -2.839903 2.014428 3.228477
v -2.740740 2.014428 3.399844
v -2.734129 2.014428 3.411269
v -2.634966 2.014428 3.582637
v -2.628355 2.014428 3.594061
v -4.010027 2.014428 1.206336
v -4.003416 2.014428 1.217760
v -3.904253 2.014428 1.389128
v -3.897642 2.014428 1.400553
v -3.798479 2.014428 1.571920
v -3.791868 2.014428 1.583345
v -3.692705 2.014428 1.754713
v -3.686094 2.014428 1.766137
v -3.481157 2.014428 2.120298
v -3.474546 2.014428 2.131722
v -3.375383 2.014428 2.303090
v -3.368773 2.014428 2.314514
v -3.269609 2.014428 2.485882
v -3.262999 2.014428 2.497307
v -3.163836 2.014428 2.668675
v -3.157225 2.014428 2.680099
v -4.538896 2.014428 0.292374
v -4.532285 2.014428 0.303798
v -4.433122 2.014428 0.475166
v -4.426511 2.014428 0.486591
v -4.327348 2.014428 0.657959
v -4.320737 2.014428 0.669383
v -4.221574 2.014428 0.840751
v -4.214963 2.014428 0.852175
v -2.502749 2.014428 3.811127
v -2.496138 2.014428 3.822551
v -3.560488 2.014428 1.983203
v -3.553877 2.014428 1.994628
v -3.031618 2.014428 2.897165
v -3.025007 2.014428 2.908590
v -4.089357 2.014428 1.069241
v -4.082746 2.014428 1.080666
v -2.925844 2.014428 3.079957
v -2.919234 2.014428 3.091382
v -2.820071 2.014428 3.262750
v -2.813460 2.014428 3.274174
v -2.714297 2.014428 3.445542
v -2.707686 2.014428 3.456967
v -2.608522 2.014428 3.628335
v -2.601912 2.014428 3.639759
v -3.983583 2.014428 1.252034
v -3.976973 2.014428 1.263458
v -3.877809 2.014428 1.434826
v -3.871198 2.014428 1.446251
v -3.772036 2.014428 1.617618
v -3.765425 2.014428 1.629043
v -3.666261 2.014428 1.800411
v -3.659651 2.014428 1.811835
v -3.454714 2.014428 2.165996
v -3.448103 2.014428 2.177420
v -3.348940 2.014428 2.348788
v -3.342329 2.014428 2.360213
v -3.243166 2.014428 2.531580
v -3.236555 2.014428 2.543005
v -3.137392 2.014428 2.714373
v -3.130781 2.014428 2.725797
v -4.512453 2.014428 0.338072
v -4.505842 2.014428 0.349496
v -4.406679 2.014428 0.520864
v -4.400068 2.014428 0.532289
v -4.300905 2.014428 0.703657
v -4.294294 2.014428 0.715081
v -4.195131 2.014428 0.886449
v -4.188520 2.014428 0.897873
v -2.555636 2.014428 3.719731
v -2.549025 2.014428 3.731155
v -3.613375 2.014428 1.891807
v -3.606764 2.014428 1.903232
v -3.084505 2.014428 2.805769
v -3.077894 2.014428 2.817194
v -4.142244 2.014428 0.977845
v -4.135633 2.014428 0.989270
v -2.978731 2.014428 2.988561
v -2.972121 2.014428 2.999986
v -2.872957 2.014428 3.171354
v -2.866346 2.014428 3.182778
v -2.767184 2.014428 3.354146
v -2.760573 2.014428 3.365571
v -2.661410 2.014428 3.536939
v -2.654799 2.014428 3.548363
v -4.036470 2.014428 1.160637
v -4.029860 2.014428 1.172062
v -3.930696 2.014428 1.343430
v -3.924085 2.014428 1.354854
v -3.824922 2.014428 1.526222
v -3.818312 2.014428 1.537647
v -3.719149 2.014428 1.709015
v -3.712538 2.014428 1.720439
v -3.507601 2.014428 2.074600
v -3.500990 2.014428 2.086024
v -3.401827 2.014428 2.257392
v -3.395216 2.014428 2.268816
v -3.296053 2.014428 2.440184
v -3.289442 2.014428 2.451609
v -3.190279 2.014428 2.622977
v -3.183668 2.014428 2.634401
v -4.565340 2.014428 0.246676
v -4.558729 2.014428 0.258100
v -4.459566 2.014428 0.429468
v -4.452955 2.014428 0.440892
v -4.353792 2.014428 0.612260
v -4.347181 2.014428 0.623685
v -4.248018 2.014428 0.795053
v -4.241407 2.014428 0.806477
v -4.571950 2.014428 0.235251
v 2.118113 1.873312 4.087514
v 2.118113 1.179783 4.087514
v -2.105683 1.179783 4.091648
v 2.104914 1.873312 4.087527
v -2.105683 1.873312 4.091648
v -0.006984 1.873312 4.089594
v 0.006215 1.873312 4.089581
v 1.048965 1.873312 4.088561
v 1.062164 1.873312 4.088547
v -1.062933 1.873312 4.090627
v -1.049734 1.873312 4.090614
v 1.260154 1.873312 4.088354
v 1.273354 1.873312 4.088341
v 1.471344 1.873312 4.088147
v 1.484544 1.873312 4.088134
v 1.682534 1.873312 4.087940
v 1.695733 1.873312 4.087927
v 1.893724 1.873312 4.087734
v 1.906923 1.873312 4.087721
v -0.851743 1.873312 4.090420
v -0.838544 1.873312 4.090408
v -0.640554 1.873312 4.090214
v -0.627354 1.873312 4.090200
v -0.429364 1.873312 4.090007
v -0.416164 1.873312 4.089994
v -0.218174 1.873312 4.089800
v -0.204974 1.873312 4.089787
v 0.204205 1.873312 4.089387
v 0.217405 1.873312 4.089374
v 0.415395 1.873312 4.089180
v 0.428595 1.873312 4.089167
v 0.626585 1.873312 4.088974
v 0.639785 1.873312 4.088961
v 0.837775 1.873312 4.088767
v 0.850974 1.873312 4.088754
v -1.907692 1.873312 4.091454
v -1.894493 1.873312 4.091441
v -1.696503 1.873312 4.091247
v -1.683303 1.873312 4.091234
v -1.485313 1.873312 4.091041
v -1.472113 1.873312 4.091027
v -1.274122 1.873312 4.090834
v -1.260924 1.873312 4.090821
v 1.999319 1.873312 4.087630
v 2.012518 1.873312 4.087617
v -0.112579 1.873312 4.089697
v -0.099380 1.873312 4.089684
v 0.943370 1.873312 4.088664
v 0.956569 1.873312 4.088651
v -1.168528 1.873312 4.090730
v -1.155329 1.873312 4.090718
v 1.154559 1.873312 4.088457
v 1.167759 1.873312 4.088444
v 1.365749 1.873312 4.088250
v 1.378949 1.873312 4.088237
v 1.576939 1.873312 4.088044
v 1.590139 1.873312 4.088031
v 1.788129 1.873312 4.087837
v 1.801328 1.873312 4.087824
v -0.957338 1.873312 4.090524
v -0.944139 1.873312 4.090511
v -0.746148 1.873312 4.090317
v -0.732949 1.873312 4.090304
v -0.534958 1.873312 4.090111
v -0.521759 1.873312 4.090097
v -0.323769 1.873312 4.089903
v -0.310569 1.873312 4.089890
v 0.098611 1.873312 4.089490
v 0.111810 1.873312 4.089477
v 0.309800 1.873312 4.089283
v 0.323000 1.873312 4.089271
v 0.520990 1.873312 4.089077
v 0.534190 1.873312 4.089064
v 0.732180 1.873312 4.088871
v 0.745379 1.873312 4.088858
v -2.013287 1.873312 4.091557
v -2.000088 1.873312 4.091544
v -1.802097 1.873312 4.091350
v -1.788898 1.873312 4.091337
v -1.590907 1.873312 4.091144
v -1.577708 1.873312 4.091131
v -1.379718 1.873312 4.090937
v -1.366518 1.873312 4.090924
v 2.052116 1.873312 4.087579
v 2.065315 1.873312 4.087566
v -0.059782 1.873312 4.089645
v -0.046582 1.873312 4.089633
v 0.996167 1.873312 4.088612
v 1.009367 1.873312 4.088599
v -1.115731 1.873312 4.090679
v -1.102531 1.873312 4.090666
v 1.207357 1.873312 4.088405
v 1.220556 1.873312 4.088392
v 1.418547 1.873312 4.088199
v 1.431746 1.873312 4.088186
v 1.629737 1.873312 4.087992
v 1.642936 1.873312 4.087979
v 1.840927 1.873312 4.087785
v 1.854126 1.873312 4.087772
v -0.904541 1.873312 4.090472
v -0.891341 1.873312 4.090459
v -0.693351 1.873312 4.090265
v -0.680152 1.873312 4.090252
v -0.482161 1.873312 4.090059
v -0.468962 1.873312 4.090046
v -0.270971 1.873312 4.089852
v -0.257772 1.873312 4.089839
v 0.151408 1.873312 4.089438
v 0.164607 1.873312 4.089426
v 0.362598 1.873312 4.089232
v 0.375797 1.873312 4.089219
v 0.573788 1.873312 4.089025
v 0.586987 1.873312 4.089013
v 0.784977 1.873312 4.088819
v 0.798177 1.873312 4.088806
v -1.960490 1.873312 4.091506
v -1.947291 1.873312 4.091493
v -1.749300 1.873312 4.091299
v -1.736101 1.873312 4.091286
v -1.538110 1.873312 4.091093
v -1.524911 1.873312 4.091079
v -1.326920 1.873312 4.090886
v -1.313721 1.873312 4.090872
v 1.946521 1.873312 4.087682
v 1.959721 1.873312 4.087669
v -0.165376 1.873312 4.089749
v -0.152177 1.873312 4.089736
v 0.890573 1.873312 4.088716
v 0.903772 1.873312 4.088703
v -1.221325 1.873312 4.090783
v -1.208126 1.873312 4.090769
v 1.101762 1.873312 4.088509
v 1.114962 1.873312 4.088496
v 1.312952 1.873312 4.088302
v 1.326151 1.873312 4.088289
v 1.524142 1.873312 4.088095
v 1.537341 1.873312 4.088082
v 1.735332 1.873312 4.087889
v 1.748531 1.873312 4.087875
v -1.010136 1.873312 4.090576
v -0.996936 1.873312 4.090563
v -0.798946 1.873312 4.090369
v -0.785746 1.873312 4.090356
v -0.587756 1.873312 4.090162
v -0.574557 1.873312 4.090149
v -0.376566 1.873312 4.089955
v -0.363367 1.873312 4.089942
v 0.045813 1.873312 4.089542
v 0.059013 1.873312 4.089530
v 0.257003 1.873312 4.089336
v 0.270202 1.873312 4.089322
v 0.468193 1.873312 4.089128
v 0.481392 1.873312 4.089116
v 0.679383 1.873312 4.088922
v 0.692582 1.873312 4.088909
v -2.066084 1.873312 4.091609
v -2.052885 1.873312 4.091596
v -1.854895 1.873312 4.091403
v -1.841695 1.873312 4.091389
v -1.643705 1.873312 4.091196
v -1.630505 1.873312 4.091182
v -1.432515 1.873312 4.090989
v -1.419316 1.873312 4.090976
v 2.078515 1.873312 4.087553
v 2.091714 1.873312 4.087540
v -0.033383 1.873312 4.089620
v -0.020184 1.873312 4.089607
v 1.022566 1.873312 4.088586
v 1.035765 1.873312 4.088573
v -1.089332 1.873312 4.090653
v -1.076132 1.873312 4.090640
v 1.233756 1.873312 4.088379
v 1.246955 1.873312 4.088367
v 1.444945 1.873312 4.088172
v 1.458145 1.873312 4.088160
v 1.656135 1.873312 4.087966
v 1.669335 1.873312 4.087953
v 1.867325 1.873312 4.087759
v 1.880524 1.873312 4.087747
v -0.878142 1.873312 4.090446
v -0.864943 1.873312 4.090434
v -0.666952 1.873312 4.090240
v -0.653753 1.873312 4.090226
v -0.455762 1.873312 4.090033
v -0.442563 1.873312 4.090020
v -0.244573 1.873312 4.089826
v -0.231373 1.873312 4.089813
v 0.177807 1.873312 4.089413
v 0.191006 1.873312 4.089400
v 0.388996 1.873312 4.089206
v 0.402196 1.873312 4.089193
v 0.600186 1.873312 4.089000
v 0.613386 1.873312 4.088986
v 0.811376 1.873312 4.088793
v 0.824576 1.873312 4.088780
v -1.934091 1.873312 4.091479
v -1.920892 1.873312 4.091467
v -1.722901 1.873312 4.091273
v -1.709702 1.873312 4.091259
v -1.511711 1.873312 4.091066
v -1.498512 1.873312 4.091053
v -1.300521 1.873312 4.090860
v -1.287322 1.873312 4.090847
v 1.972920 1.873312 4.087656
v 1.986120 1.873312 4.087643
v -0.138978 1.873312 4.089723
v -0.125778 1.873312 4.089710
v 0.916971 1.873312 4.088689
v 0.930170 1.873312 4.088677
v -1.194927 1.873312 4.090756
v -1.181727 1.873312 4.090744
v 1.128161 1.873312 4.088483
v 1.141360 1.873312 4.088470
v 1.339351 1.873312 4.088276
v 1.352550 1.873312 4.088263
v 1.550540 1.873312 4.088069
v 1.563740 1.873312 4.088056
v 1.761730 1.873312 4.087862
v 1.774929 1.873312 4.087850
v -0.983737 1.873312 4.090549
v -0.970538 1.873312 4.090537
v -0.772547 1.873312 4.090343
v -0.759348 1.873312 4.090330
v -0.561357 1.873312 4.090136
v -0.548158 1.873312 4.090123
v -0.350168 1.873312 4.089929
v -0.336968 1.873312 4.089916
v 0.072212 1.873312 4.089516
v 0.085411 1.873312 4.089503
v 0.283402 1.873312 4.089310
v 0.296601 1.873312 4.089296
v 0.494591 1.873312 4.089103
v 0.507791 1.873312 4.089090
v 0.705781 1.873312 4.088896
v 0.718981 1.873312 4.088883
v -2.039686 1.873312 4.091583
v -2.026486 1.873312 4.091570
v -1.828496 1.873312 4.091376
v -1.815297 1.873312 4.091363
v -1.617306 1.873312 4.091170
v -1.604107 1.873312 4.091156
v -1.406117 1.873312 4.090963
v -1.392917 1.873312 4.090950
v 2.025718 1.873312 4.087605
v 2.038917 1.873312 4.087592
v -0.086180 1.873312 4.089672
v -0.072981 1.873312 4.089658
v 0.969769 1.873312 4.088638
v 0.982968 1.873312 4.088625
v -1.142129 1.873312 4.090704
v -1.128930 1.873312 4.090692
v 1.180958 1.873312 4.088431
v 1.194158 1.873312 4.088418
v 1.392148 1.873312 4.088224
v 1.405347 1.873312 4.088212
v 1.603338 1.873312 4.088017
v 1.616537 1.873312 4.088005
v 1.814528 1.873312 4.087811
v 1.827727 1.873312 4.087798
v -0.930939 1.873312 4.090498
v -0.917740 1.873312 4.090485
v -0.719750 1.873312 4.090291
v -0.706550 1.873312 4.090278
v -0.508560 1.873312 4.090085
v -0.495360 1.873312 4.090072
v -0.297370 1.873312 4.089878
v -0.284171 1.873312 4.089865
v 0.125009 1.873312 4.089465
v 0.138209 1.873312 4.089451
v 0.336199 1.873312 4.089258
v 0.349399 1.873312 4.089245
v 0.547389 1.873312 4.089051
v 0.560589 1.873312 4.089038
v 0.758579 1.873312 4.088844
v 0.771778 1.873312 4.088832
v -1.986888 1.873312 4.091531
v -1.973689 1.873312 4.091518
v -1.775699 1.873312 4.091325
v -1.762499 1.873312 4.091311
v -1.564509 1.873312 4.091118
v -1.551309 1.873312 4.091105
v -1.353319 1.873312 4.090911
v -1.340120 1.873312 4.090899
v 1.920123 1.873312 4.087708
v 1.933322 1.873312 4.087695
v -0.191775 1.873312 4.089775
v -0.178576 1.873312 4.089762
v 0.864174 1.873312 4.088741
v 0.877373 1.873312 4.088728
v -1.247724 1.873312 4.090808
v -1.234525 1.873312 4.090795
v 1.075364 1.873312 4.088534
v 1.088563 1.873312 4.088521
v 1.286553 1.873312 4.088328
v 1.299753 1.873312 4.088315
v 1.497743 1.873312 4.088120
v 1.510942 1.873312 4.088108
v 1.708933 1.873312 4.087914
v 1.722132 1.873312 4.087902
v -1.036534 1.873312 4.090601
v -1.023335 1.873312 4.090589
v -0.825345 1.873312 4.090394
v -0.812145 1.873312 4.090382
v -0.614155 1.873312 4.090188
v -0.600955 1.873312 4.090175
v -0.402965 1.873312 4.089982
v -0.389766 1.873312 4.089968
v 0.019414 1.873312 4.089568
v 0.032614 1.873312 4.089555
v 0.230604 1.873312 4.089361
v 0.243804 1.873312 4.089348
v 0.441794 1.873312 4.089154
v 0.454993 1.873312 4.089141
v 0.652984 1.873312 4.088948
v 0.666183 1.873312 4.088935
v -2.092484 1.873312 4.091635
v -2.079284 1.873312 4.091622
v -1.881294 1.873312 4.091428
v -1.868094 1.873312 4.091415
v -1.670104 1.873312 4.091221
v -1.656904 1.873312 4.091208
v -1.458914 1.873312 4.091015
v -1.445715 1.873312 4.091002
v 2.104519 2.014428 3.684220
v 2.117718 2.014428 3.684206
v -0.007379 2.014428 3.686286
v 0.005820 2.014428 3.686273
v 1.048570 2.014428 3.685253
v 1.061769 2.014428 3.685240
v -1.063328 2.014428 3.687320
v -1.050129 2.014428 3.687307
v 1.259760 2.014428 3.685046
v 1.272959 2.014428 3.685033
v 1.470949 2.014428 3.684839
v 1.484149 2.014428 3.684827
v 1.682139 2.014428 3.684633
v 1.695339 2.014428 3.684620
v 1.893329 2.014428 3.684426
v 1.906529 2.014428 3.684413
v -0.852138 2.014428 3.687113
v -0.838939 2.014428 3.687100
v -0.640948 2.014428 3.686906
v -0.627749 2.014428 3.686893
v -0.429759 2.014428 3.686700
v -0.416559 2.014428 3.686687
v -0.218569 2.014428 3.686493
v -0.205369 2.014428 3.686480
v 0.203811 2.014428 3.686080
v 0.217010 2.014428 3.686067
v 0.415000 2.014428 3.685873
v 0.428200 2.014428 3.685860
v 0.626190 2.014428 3.685666
v 0.639390 2.014428 3.685653
v 0.837380 2.014428 3.685460
v 0.850580 2.014428 3.685447
v -1.908087 2.014428 3.688147
v -1.894888 2.014428 3.688133
v -1.696897 2.014428 3.687940
v -1.683698 2.014428 3.687927
v -1.485708 2.014428 3.687733
v -1.472508 2.014428 3.687720
v -1.274518 2.014428 3.687527
v -1.261318 2.014428 3.687514
v 1.998924 2.014428 3.684323
v 2.012124 2.014428 3.684310
v -0.112974 2.014428 3.686389
v -0.099775 2.014428 3.686377
v 0.942975 2.014428 3.685356
v 0.956174 2.014428 3.685343
v -1.168923 2.014428 3.687423
v -1.155723 2.014428 3.687410
v 1.154165 2.014428 3.685149
v 1.167364 2.014428 3.685137
v 1.365355 2.014428 3.684943
v 1.378554 2.014428 3.684930
v 1.576545 2.014428 3.684736
v 1.589744 2.014428 3.684723
v 1.787734 2.014428 3.684530
v 1.800934 2.014428 3.684517
v -0.957733 2.014428 3.687216
v -0.944534 2.014428 3.687204
v -0.746543 2.014428 3.687010
v -0.733344 2.014428 3.686996
v -0.535353 2.014428 3.686803
v -0.522154 2.014428 3.686790
v -0.324164 2.014428 3.686597
v -0.310964 2.014428 3.686583
v 0.098216 2.014428 3.686183
v 0.111415 2.014428 3.686170
v 0.309406 2.014428 3.685976
v 0.322605 2.014428 3.685963
v 0.520596 2.014428 3.685770
v 0.533795 2.014428 3.685757
v 0.731785 2.014428 3.685563
v 0.744985 2.014428 3.685550
v -2.013682 2.014428 3.688250
v -2.000483 2.014428 3.688237
v -1.802492 2.014428 3.688043
v -1.789293 2.014428 3.688030
v -1.591302 2.014428 3.687836
v -1.578103 2.014428 3.687824
v -1.380113 2.014428 3.687630
v -1.366913 2.014428 3.687617
v 2.051721 2.014428 3.684271
v 2.064921 2.014428 3.684258
v -0.060176 2.014428 3.686338
v -0.046977 2.014428 3.686325
v 0.995773 2.014428 3.685305
v 1.008972 2.014428 3.685292
v -1.116125 2.014428 3.687371
v -1.102926 2.014428 3.687359
v 1.206962 2.014428 3.685098
v 1.220162 2.014428 3.685085
v 1.418152 2.014428 3.684891
v 1.431351 2.014428 3.684878
v 1.629342 2.014428 3.684685
v 1.642541 2.014428 3.684672
v 1.840532 2.014428 3.684478
v 1.853731 2.014428 3.684465
v -0.904936 2.014428 3.687165
v -0.891736 2.014428 3.687151
v -0.693746 2.014428 3.686958
v -0.680547 2.014428 3.686945
v -0.482556 2.014428 3.686752
v -0.469357 2.014428 3.686738
v -0.271366 2.014428 3.686545
v -0.258167 2.014428 3.686532
v 0.151013 2.014428 3.686131
v 0.164213 2.014428 3.686118
v 0.362203 2.014428 3.685925
v 0.375402 2.014428 3.685911
v 0.573393 2.014428 3.685718
v 0.586592 2.014428 3.685705
v 0.784583 2.014428 3.685511
v 0.797782 2.014428 3.685498
v -1.960885 2.014428 3.688198
v -1.947685 2.014428 3.688185
v -1.749695 2.014428 3.687991
v -1.736496 2.014428 3.687978
v -1.538505 2.014428 3.687785
v -1.525305 2.014428 3.687772
v -1.327315 2.014428 3.687578
v -1.314116 2.014428 3.687565
v 1.946127 2.014428 3.684375
v 1.959326 2.014428 3.684362
v -0.165771 2.014428 3.686441
v -0.152572 2.014428 3.686428
v 0.890178 2.014428 3.685408
v 0.903377 2.014428 3.685395
v -1.221720 2.014428 3.687475
v -1.208521 2.014428 3.687462
v 1.101367 2.014428 3.685202
v 1.114567 2.014428 3.685189
v 1.312557 2.014428 3.684995
v 1.325757 2.014428 3.684982
v 1.523747 2.014428 3.684788
v 1.536946 2.014428 3.684775
v 1.734937 2.014428 3.684581
v 1.748136 2.014428 3.684568
v -1.010530 2.014428 3.687268
v -0.997331 2.014428 3.687255
v -0.799341 2.014428 3.687062
v -0.786141 2.014428 3.687048
v -0.588151 2.014428 3.686855
v -0.574952 2.014428 3.686842
v -0.376961 2.014428 3.686648
v -0.363762 2.014428 3.686635
v 0.045419 2.014428 3.686235
v 0.058618 2.014428 3.686222
v 0.256608 2.014428 3.686028
v 0.269808 2.014428 3.686015
v 0.467798 2.014428 3.685821
v 0.480997 2.014428 3.685808
v 0.678988 2.014428 3.685614
v 0.692187 2.014428 3.685601
v -2.066479 2.014428 3.688302
v -2.053280 2.014428 3.688289
v -1.855290 2.014428 3.688095
v -1.842090 2.014428 3.688082
v -1.644100 2.014428 3.687888
v -1.630901 2.014428 3.687875
v -1.432910 2.014428 3.687681
v -1.419711 2.014428 3.687668
v 2.078120 2.014428 3.684245
v 2.091320 2.014428 3.684232
v -0.033778 2.014428 3.686312
v -0.020578 2.014428 3.686299
v 1.022171 2.014428 3.685279
v 1.035371 2.014428 3.685266
v -1.089727 2.014428 3.687346
v -1.076527 2.014428 3.687333
v 1.233361 2.014428 3.685072
v 1.246560 2.014428 3.685059
v 1.444551 2.014428 3.684865
v 1.457750 2.014428 3.684852
v 1.655741 2.014428 3.684659
v 1.668940 2.014428 3.684646
v 1.866930 2.014428 3.684452
v 1.880130 2.014428 3.684439
v -0.878537 2.014428 3.687139
v -0.865338 2.014428 3.687126
v -0.667347 2.014428 3.686932
v -0.654148 2.014428 3.686919
v -0.456157 2.014428 3.686725
v -0.442958 2.014428 3.686713
v -0.244967 2.014428 3.686519
v -0.231768 2.014428 3.686506
v 0.177412 2.014428 3.686105
v 0.190611 2.014428 3.686092
v 0.388602 2.014428 3.685899
v 0.401801 2.014428 3.685886
v 0.599792 2.014428 3.685692
v 0.612991 2.014428 3.685679
v 0.810981 2.014428 3.685485
v 0.824181 2.014428 3.685472
v -1.934486 2.014428 3.688172
v -1.921287 2.014428 3.688159
v -1.723296 2.014428 3.687965
v -1.710097 2.014428 3.687953
v -1.512106 2.014428 3.687759
v -1.498907 2.014428 3.687746
v -1.300917 2.014428 3.687552
v -1.287717 2.014428 3.687540
v 1.972525 2.014428 3.684349
v 1.985725 2.014428 3.684336
v -0.139373 2.014428 3.686416
v -0.126173 2.014428 3.686403
v 0.916576 2.014428 3.685382
v 0.929776 2.014428 3.685369
v -1.195322 2.014428 3.687449
v -1.182122 2.014428 3.687436
v 1.127766 2.014428 3.685175
v 1.140965 2.014428 3.685162
v 1.338956 2.014428 3.684969
v 1.352155 2.014428 3.684956
v 1.550146 2.014428 3.684762
v 1.563345 2.014428 3.684749
v 1.761335 2.014428 3.684555
v 1.774535 2.014428 3.684542
v -0.984132 2.014428 3.687243
v -0.970933 2.014428 3.687229
v -0.772942 2.014428 3.687035
v -0.759743 2.014428 3.687022
v -0.561752 2.014428 3.686829
v -0.548553 2.014428 3.686816
v -0.350562 2.014428 3.686622
v -0.337363 2.014428 3.686609
v 0.071817 2.014428 3.686209
v 0.085016 2.014428 3.686196
v 0.283007 2.014428 3.686002
v 0.296206 2.014428 3.685989
v 0.494197 2.014428 3.685795
v 0.507396 2.014428 3.685782
v 0.705387 2.014428 3.685589
v 0.718586 2.014428 3.685576
v -2.040081 2.014428 3.688276
v -2.026882 2.014428 3.688263
v -1.828891 2.014428 3.688069
v -1.815692 2.014428 3.688056
v -1.617702 2.014428 3.687862
v -1.604502 2.014428 3.687849
v -1.406512 2.014428 3.687656
v -1.393312 2.014428 3.687643
v 2.025323 2.014428 3.684297
v 2.038522 2.014428 3.684284
v -0.086575 2.014428 3.686364
v -0.073376 2.014428 3.686351
v 0.969374 2.014428 3.685331
v 0.982573 2.014428 3.685318
v -1.142524 2.014428 3.687397
v -1.129325 2.014428 3.687384
v 1.180564 2.014428 3.685124
v 1.193763 2.014428 3.685111
v 1.391753 2.014428 3.684917
v 1.404953 2.014428 3.684904
v 1.602943 2.014428 3.684710
v 1.616143 2.014428 3.684697
v 1.814133 2.014428 3.684504
v 1.827332 2.014428 3.684491
v -0.931334 2.014428 3.687191
v -0.918135 2.014428 3.687178
v -0.720145 2.014428 3.686984
v -0.706945 2.014428 3.686971
v -0.508955 2.014428 3.686777
v -0.495755 2.014428 3.686764
v -0.297765 2.014428 3.686570
v -0.284566 2.014428 3.686557
v 0.124615 2.014428 3.686157
v 0.137814 2.014428 3.686144
v 0.335804 2.014428 3.685951
v 0.349004 2.014428 3.685937
v 0.546994 2.014428 3.685744
v 0.560194 2.014428 3.685731
v 0.758184 2.014428 3.685537
v 0.771383 2.014428 3.685524
v -1.987284 2.014428 3.688224
v -1.974084 2.014428 3.688211
v -1.776094 2.014428 3.688017
v -1.762894 2.014428 3.688004
v -1.564904 2.014428 3.687811
v -1.551704 2.014428 3.687798
v -1.353714 2.014428 3.687604
v -1.340515 2.014428 3.687591
v 1.919728 2.014428 3.684400
v 1.932927 2.014428 3.684388
v -0.192170 2.014428 3.686467
v -0.178971 2.014428 3.686454
v 0.863779 2.014428 3.685434
v 0.876978 2.014428 3.685421
v -1.248119 2.014428 3.687500
v -1.234920 2.014428 3.687488
v 1.074969 2.014428 3.685227
v 1.088168 2.014428 3.685215
v 1.286158 2.014428 3.685020
v 1.299358 2.014428 3.685007
v 1.497348 2.014428 3.684813
v 1.510548 2.014428 3.684801
v 1.708538 2.014428 3.684607
v 1.721737 2.014428 3.684594
v -1.036929 2.014428 3.687294
v -1.023730 2.014428 3.687281
v -0.825739 2.014428 3.687087
v -0.812540 2.014428 3.687074
v -0.614550 2.014428 3.686880
v -0.601350 2.014428 3.686868
v -0.403360 2.014428 3.686674
v -0.390161 2.014428 3.686661
v 0.019020 2.014428 3.686261
v 0.032219 2.014428 3.686248
v 0.230209 2.014428 3.686054
v 0.243409 2.014428 3.686041
v 0.441399 2.014428 3.685847
v 0.454599 2.014428 3.685834
v 0.652589 2.014428 3.685640
v 0.665789 2.014428 3.685627
v -2.092878 2.014428 3.688327
v -2.079679 2.014428 3.688315
v -1.881688 2.014428 3.688121
v -1.868489 2.014428 3.688108
v -1.670499 2.014428 3.687914
v -1.657299 2.014428 3.687901
v -1.459309 2.014428 3.687708
v -1.446110 2.014428 3.687695
v -2.106077 2.014428 3.688340
v 2.104914 2.014429 4.087527
v 2.118113 2.014429 4.087514
v -0.006984 2.014429 4.089593
v 0.006215 2.014429 4.089581
v 1.048965 2.014429 4.088560
v 1.062164 2.014429 4.088547
v -1.062933 2.014429 4.090627
v -1.049734 2.014429 4.090614
v 1.260154 2.014429 4.088354
v 1.273354 2.014429 4.088340
v 1.471344 2.014429 4.088147
v 1.484544 2.014429 4.088134
v 1.682534 2.014429 4.087940
v 1.695733 2.014429 4.087927
v 1.893724 2.014429 4.087734
v 1.906923 2.014429 4.087721
v -0.851743 2.014429 4.090420
v -0.838544 2.014429 4.090407
v -0.640554 2.014429 4.090214
v -0.627354 2.014429 4.090200
v -0.429364 2.014429 4.090007
v -0.416164 2.014429 4.089994
v -0.218174 2.014429 4.089800
v -0.204975 2.014429 4.089787
v 0.204205 2.014429 4.089387
v 0.217405 2.014429 4.089374
v 0.415395 2.014429 4.089180
v 0.428595 2.014429 4.089167
v 0.626585 2.014429 4.088973
v 0.639785 2.014429 4.088961
v 0.837775 2.014429 4.088767
v 0.850974 2.014429 4.088754
v -1.907693 2.014429 4.091454
v -1.894493 2.014429 4.091441
v -1.696503 2.014429 4.091247
v -1.683303 2.014429 4.091234
v -1.485313 2.014429 4.091040
v -1.472114 2.014429 4.091027
v -1.274123 2.014429 4.090834
v -1.260924 2.014429 4.090821
v 1.999319 2.014429 4.087630
v 2.012518 2.014429 4.087617
v -0.112579 2.014429 4.089697
v -0.099380 2.014429 4.089684
v 0.943370 2.014429 4.088664
v 0.956569 2.014429 4.088651
v -1.168528 2.014429 4.090730
v -1.155329 2.014429 4.090717
v 1.154559 2.014429 4.088457
v 1.167759 2.014429 4.088444
v 1.365749 2.014429 4.088250
v 1.378949 2.014429 4.088237
v 1.576939 2.014429 4.088044
v 1.590139 2.014429 4.088031
v 1.788129 2.014429 4.087837
v 1.801328 2.014429 4.087824
v -0.957338 2.014429 4.090523
v -0.944139 2.014429 4.090511
v -0.746148 2.014429 4.090317
v -0.732949 2.014429 4.090303
v -0.534958 2.014429 4.090110
v -0.521759 2.014429 4.090097
v -0.323769 2.014429 4.089903
v -0.310570 2.014429 4.089890
v 0.098611 2.014429 4.089490
v 0.111810 2.014429 4.089477
v 0.309800 2.014429 4.089283
v 0.323000 2.014429 4.089271
v 0.520990 2.014429 4.089077
v 0.534190 2.014429 4.089064
v 0.732180 2.014429 4.088870
v 0.745379 2.014429 4.088857
v -2.013287 2.014429 4.091557
v -2.000088 2.014429 4.091544
v -1.802098 2.014429 4.091350
v -1.788898 2.014429 4.091337
v -1.590908 2.014429 4.091144
v -1.577708 2.014429 4.091131
v -1.379718 2.014429 4.090937
v -1.366519 2.014429 4.090924
v 2.052116 2.014429 4.087579
v 2.065315 2.014429 4.087566
v -0.059782 2.014429 4.089645
v -0.046582 2.014429 4.089632
v 0.996167 2.014429 4.088612
v 1.009367 2.014429 4.088599
v -1.115731 2.014429 4.090679
v -1.102531 2.014429 4.090666
v 1.207357 2.014429 4.088405
v 1.220556 2.014429 4.088392
v 1.418547 2.014429 4.088198
v 1.431746 2.014429 4.088186
v 1.629737 2.014429 4.087992
v 1.642936 2.014429 4.087979
v 1.840927 2.014429 4.087785
v 1.854126 2.014429 4.087772
v -0.904541 2.014429 4.090472
v -0.891342 2.014429 4.090459
v -0.693351 2.014429 4.090265
v -0.680152 2.014429 4.090252
v -0.482161 2.014429 4.090059
v -0.468962 2.014429 4.090046
v -0.270971 2.014429 4.089852
v -0.257772 2.014429 4.089839
v 0.151408 2.014429 4.089438
v 0.164607 2.014429 4.089426
v 0.362598 2.014429 4.089232
v 0.375797 2.014429 4.089219
v 0.573788 2.014429 4.089025
v 0.586987 2.014429 4.089012
v 0.784977 2.014429 4.088819
v 0.798177 2.014429 4.088806
v -1.960490 2.014429 4.091505
v -1.947291 2.014429 4.091493
v -1.749300 2.014429 4.091299
v -1.736101 2.014429 4.091285
v -1.538110 2.014429 4.091092
v -1.524911 2.014429 4.091079
v -1.326920 2.014429 4.090886
v -1.313721 2.014429 4.090872
v 1.946522 2.014429 4.087682
v 1.959721 2.014429 4.087669
v -0.165377 2.014429 4.089749
v -0.152177 2.014429 4.089736
v 0.890573 2.014429 4.088715
v 0.903772 2.014429 4.088702
v -1.221326 2.014429 4.090782
v -1.208126 2.014429 4.090769
v 1.101762 2.014429 4.088509
v 1.114962 2.014429 4.088496
v 1.312952 2.014429 4.088302
v 1.326151 2.014429 4.088289
v 1.524142 2.014429 4.088095
v 1.537341 2.014429 4.088082
v 1.735332 2.014429 4.087889
v 1.748531 2.014429 4.087875
v -1.010136 2.014429 4.090576
v -0.996936 2.014429 4.090562
v -0.798946 2.014429 4.090369
v -0.785747 2.014429 4.090355
v -0.587756 2.014429 4.090162
v -0.574557 2.014429 4.090149
v -0.376566 2.014429 4.089955
v -0.363367 2.014429 4.089942
v 0.045813 2.014429 4.089542
v 0.059013 2.014429 4.089529
v 0.257003 2.014429 4.089335
v 0.270202 2.014429 4.089322
v 0.468193 2.014429 4.089128
v 0.481392 2.014429 4.089116
v 0.679383 2.014429 4.088922
v 0.692582 2.014429 4.088909
v -2.066085 2.014429 4.091609
v -2.052885 2.014429 4.091596
v -1.854895 2.014429 4.091402
v -1.841695 2.014429 4.091389
v -1.643705 2.014429 4.091196
v -1.630506 2.014429 4.091182
v -1.432515 2.014429 4.090989
v -1.419316 2.014429 4.090976
v 2.078515 2.014429 4.087553
v 2.091714 2.014429 4.087540
v -0.033383 2.014429 4.089619
v -0.020184 2.014429 4.089606
v 1.022566 2.014429 4.088586
v 1.035765 2.014429 4.088573
v -1.089332 2.014429 4.090652
v -1.076133 2.014429 4.090640
v 1.233756 2.014429 4.088379
v 1.246955 2.014429 4.088366
v 1.444946 2.014429 4.088172
v 1.458145 2.014429 4.088160
v 1.656135 2.014429 4.087966
v 1.669335 2.014429 4.087953
v 1.867325 2.014429 4.087759
v 1.880525 2.014429 4.087747
v -0.878142 2.014429 4.090446
v -0.864943 2.014429 4.090433
v -0.666953 2.014429 4.090239
v -0.653753 2.014429 4.090226
v -0.455762 2.014429 4.090033
v -0.442563 2.014429 4.090020
v -0.244573 2.014429 4.089826
v -0.231373 2.014429 4.089813
v 0.177807 2.014429 4.089412
v 0.191006 2.014429 4.089400
v 0.388997 2.014429 4.089206
v 0.402196 2.014429 4.089193
v 0.600186 2.014429 4.088999
v 0.613386 2.014429 4.088986
v 0.811376 2.014429 4.088793
v 0.824576 2.014429 4.088780
v -1.934091 2.014429 4.091479
v -1.920892 2.014429 4.091467
v -1.722901 2.014429 4.091272
v -1.709702 2.014429 4.091259
v -1.511711 2.014429 4.091066
v -1.498512 2.014429 4.091053
v -1.300522 2.014429 4.090859
v -1.287322 2.014429 4.090847
v 1.972920 2.014429 4.087656
v 1.986120 2.014429 4.087643
v -0.138978 2.014429 4.089723
v -0.125779 2.014429 4.089710
v 0.916971 2.014429 4.088689
v 0.930170 2.014429 4.088676
v -1.194927 2.014429 4.090756
v -1.181728 2.014429 4.090743
v 1.128161 2.014429 4.088482
v 1.141360 2.014429 4.088470
v 1.339351 2.014429 4.088276
v 1.352550 2.014429 4.088263
v 1.550540 2.014429 4.088069
v 1.563740 2.014429 4.088056
v 1.761730 2.014429 4.087862
v 1.774930 2.014429 4.087850
v -0.983737 2.014429 4.090549
v -0.970538 2.014429 4.090537
v -0.772547 2.014429 4.090343
v -0.759348 2.014429 4.090330
v -0.561357 2.014429 4.090136
v -0.548158 2.014429 4.090123
v -0.350168 2.014429 4.089929
v -0.336968 2.014429 4.089916
v 0.072212 2.014429 4.089516
v 0.085411 2.014429 4.089503
v 0.283402 2.014429 4.089309
v 0.296601 2.014429 4.089296
v 0.494591 2.014429 4.089103
v 0.507791 2.014429 4.089090
v 0.705781 2.014429 4.088895
v 0.718981 2.014429 4.088883
v -2.039686 2.014429 4.091583
v -2.026487 2.014429 4.091570
v -1.828496 2.014429 4.091376
v -1.815297 2.014429 4.091363
v -1.617307 2.014429 4.091169
v -1.604107 2.014429 4.091156
v -1.406117 2.014429 4.090963
v -1.392917 2.014429 4.090950
v 2.025718 2.014429 4.087605
v 2.038917 2.014429 4.087592
v -0.086180 2.014429 4.089671
v -0.072981 2.014429 4.089658
v 0.969769 2.014429 4.088638
v 0.982968 2.014429 4.088625
v -1.142129 2.014429 4.090704
v -1.128930 2.014429 4.090692
v 1.180958 2.014429 4.088431
v 1.194158 2.014429 4.088418
v 1.392148 2.014429 4.088224
v 1.405347 2.014429 4.088211
v 1.603338 2.014429 4.088017
v 1.616537 2.014429 4.088005
v 1.814528 2.014429 4.087811
v 1.827727 2.014429 4.087798
v -0.930940 2.014429 4.090498
v -0.917740 2.014429 4.090485
v -0.719750 2.014429 4.090291
v -0.706550 2.014429 4.090278
v -0.508560 2.014429 4.090085
v -0.495361 2.014429 4.090072
v -0.297370 2.014429 4.089878
v -0.284171 2.014429 4.089865
v 0.125009 2.014429 4.089465
v 0.138209 2.014429 4.089451
v 0.336199 2.014429 4.089258
v 0.349399 2.014429 4.089245
v 0.547389 2.014429 4.089051
v 0.560588 2.014429 4.089038
v 0.758579 2.014429 4.088844
v 0.771778 2.014429 4.088831
v -1.986889 2.014429 4.091531
v -1.973689 2.014429 4.091518
v -1.775699 2.014429 4.091324
v -1.762499 2.014429 4.091311
v -1.564509 2.014429 4.091118
v -1.551309 2.014429 4.091105
v -1.353319 2.014429 4.090911
v -1.340120 2.014429 4.090899
v 1.920123 2.014429 4.087708
v 1.933322 2.014429 4.087695
v -0.191776 2.014429 4.089775
v -0.178576 2.014429 4.089762
v 0.864174 2.014429 4.088741
v 0.877373 2.014429 4.088728
v -1.247724 2.014429 4.090807
v -1.234525 2.014429 4.090795
v 1.075364 2.014429 4.088534
v 1.088563 2.014429 4.088521
v 1.286553 2.014429 4.088327
v 1.299753 2.014429 4.088315
v 1.497743 2.014429 4.088120
v 1.510942 2.014429 4.088108
v 1.708933 2.014429 4.087914
v 1.722132 2.014429 4.087902
v -1.036534 2.014429 4.090601
v -1.023335 2.014429 4.090588
v -0.825345 2.014429 4.090394
v -0.812145 2.014429 4.090381
v -0.614155 2.014429 4.090188
v -0.600956 2.014429 4.090175
v -0.402965 2.014429 4.089981
v -0.389766 2.014429 4.089968
v 0.019415 2.014429 4.089568
v 0.032614 2.014429 4.089555
v 0.230604 2.014429 4.089361
v 0.243803 2.014429 4.089348
v 0.441794 2.014429 4.089154
v 0.454993 2.014429 4.089141
v 0.652984 2.014429 4.088948
v 0.666183 2.014429 4.088935
v -2.092484 2.014429 4.091634
v -2.079284 2.014429 4.091622
v -1.881294 2.014429 4.091428
v -1.868094 2.014429 4.091414
v -1.670104 2.014429 4.091221
v -1.656904 2.014429 4.091208
v -1.458914 2.014429 4.091015
v -1.445715 2.014429 4.091002
v -2.105683 2.014429 4.091648
v 0.564436 1.865992 -3.450455
v 0.564436 1.925626 -3.450455
v 1.084021 1.865992 -3.150472
v 1.084021 1.925626 -3.150472
v 1.084021 1.865992 -2.550506
v 1.084021 1.925626 -2.550506
v 0.564436 1.865992 -2.250523
v 0.564436 1.925626 -2.250523
v 0.044850 1.865992 -2.550506
v 0.044850 1.925626 -2.550506
v 0.044850 1.865992 -3.150472
v 0.044850 1.925626 -3.150472
v -1.052914 1.865992 -2.493248
v -1.052914 1.925626 -2.493248
v -0.533328 1.865992 -2.193265
v -0.533328 1.925626 -2.193265
v -0.533328 1.865992 -1.593299
v -0.533328 1.925626 -1.593299
v -1.052914 1.865992 -1.293316
v -1.052914 1.925626 -1.293316
v -1.572500 1.865992 -1.593299
v -1.572500 1.925626 -1.593299
v -1.572500 1.865992 -2.193265
v -1.572500 1.925626 -2.193265
v 0.572342 1.865992 -1.536410
v 0.572342 1.925626 -1.536410
v 1.091928 1.865992 -1.236427
v 1.091928 1.925626 -1.236427
v 1.091928 1.865992 -0.636461
v 1.091928 1.925626 -0.636461
v 0.572342 1.865992 -0.336478
v 0.572342 1.925626 -0.336478
v 0.052756 1.865992 -0.636461
v 0.052756 1.925626 -0.636461
v 0.052756 1.865992 -1.236427
v 0.052756 1.925626 -1.236427
v 0.020841 1.865992 -2.493248
v 0.020841 1.925626 -2.493248
v 0.540427 1.865992 -2.193265
v 0.540427 1.925626 -2.193265
v 0.540427 1.865992 -1.593299
v 0.540427 1.925626 -1.593299
v 0.020841 1.865992 -1.293316
v 0.020841 1.925626 -1.293316
v -0.498744 1.865992 -1.593299
v -0.498744 1.925626 -1.593299
v -0.498744 1.865992 -2.193265
v -0.498744 1.925626 -2.193265
v -1.073755 1.865992 -0.599966
v -1.073755 1.925626 -0.599966
v -0.554169 1.865992 -0.299983
v -0.554169 1.925626 -0.299983
v -0.554169 1.865992 0.299983
v -0.554169 1.925626 0.299983
v -1.073755 1.865992 0.599966
v -1.073755 1.925626 0.599966
v -1.593341 1.865992 0.299983
v -1.593341 1.925626 0.299983
v -1.593341 1.865992 -0.299983
v -1.593341 1.925626 -0.299983
v -0.535757 1.865992 0.358470
v -0.535757 1.925626 0.358470
v -0.016171 1.865992 0.658453
v -0.016171 1.925626 0.658453
v -0.016171 1.865992 1.258419
v -0.016171 1.925626 1.258419
v -0.535757 1.865992 1.558402
v -0.535757 1.925626 1.558402
v -1.055343 1.865992 1.258419
v -1.055343 1.925626 1.258419
v -1.055343 1.865992 0.658453
v -1.055343 1.925626 0.658453
v 1.110017 1.865992 -0.599966
v 1.110017 1.925626 -0.599966
v 1.629603 1.865992 -0.299983
v 1.629603 1.925626 -0.299983
v 1.629603 1.865992 0.299983
v 1.629603 1.925626 0.299983
v 1.110017 1.865992 0.599966
v 1.110017 1.925626 0.599966
v 0.590431 1.865992 0.299983
v 0.590431 1.925626 0.299983
v 0.590431 1.865992 -0.299983
v 0.590431 1.925626 -0.299983
v 1.648015 1.865992 0.358470
v 1.648015 1.925626 0.358470
v 2.167600 1.865992 0.658453
v 2.167600 1.925626 0.658453
v 2.167600 1.865992 1.258419
v 2.167600 1.925626 1.258419
v 1.648015 1.865992 1.558402
v 1.648015 1.925626 1.558402
v 1.128429 1.865992 1.258419
v 1.128429 1.925626 1.258419
v 1.128429 1.865992 0.658453
v 1.128429 1.925626 0.658453
v 2.183772 1.865992 -0.599966
v 2.183772 1.925626 -0.599966
v 2.703358 1.865992 -0.299983
v 2.703358 1.925626 -0.299983
v 2.703358 1.865992 0.299983
v 2.703358 1.925626 0.299983
v 2.183772 1.865992 0.599966
v 2.183772 1.925626 0.599966
v 1.664186 1.865992 0.299983
v 1.664186 1.925626 0.299983
v 1.664186 1.865992 -0.299983
v 1.664186 1.925626 -0.299983
v -2.142491 1.865992 -2.493248
v -2.142491 1.925626 -2.493248
v -1.622905 1.865992 -2.193265
v -1.622905 1.925626 -2.193265
v -1.622905 1.865992 -1.593299
v -1.622905 1.925626 -1.593299
v -2.142491 1.865992 -1.293316
v -2.142491 1.925626 -1.293316
v -2.662077 1.865992 -1.593299
v -2.662077 1.925626 -1.593299
v -2.662077 1.865992 -2.193265
v -2.662077 1.925626 -2.193265
v -1.593231 1.865992 -1.549453
v -1.593231 1.925626 -1.549453
v -1.073645 1.865992 -1.249470
v -1.073645 1.925626 -1.249470
v -1.073645 1.865992 -0.649504
v -1.073645 1.925626 -0.649504
v -1.593231 1.865992 -0.349521
v -1.593231 1.925626 -0.349521
v -2.112816 1.865992 -0.649504
v -2.112816 1.925626 -0.649504
v -2.112816 1.865992 -1.249470
v -2.112816 1.925626 -1.249470
v -0.519475 1.865992 -1.549453
v -0.519475 1.925626 -1.549453
v 0.000110 1.865992 -1.249470
v 0.000110 1.925626 -1.249470
v 0.000110 1.865992 -0.649504
v 0.000110 1.925626 -0.649504
v -0.519475 1.865992 -0.349521
v -0.519475 1.925626 -0.349521
v -1.039061 1.865992 -0.649504
v -1.039061 1.925626 -0.649504
v -1.039061 1.865992 -1.249470
v -1.039061 1.925626 -1.249470
v 0.550783 1.865992 0.355746
v 0.550783 1.925626 0.355746
v 1.070369 1.865992 0.655729
v 1.070369 1.925626 0.655729
v 1.070369 1.865992 1.255695
v 1.070369 1.925626 1.255695
v 0.550783 1.865992 1.555678
v 0.550783 1.925626 1.555678
v 0.031198 1.865992 1.255695
v 0.031198 1.925626 1.255695
v 0.031198 1.865992 0.655729
v 0.031198 1.925626 0.655729
v 0.012785 1.865992 1.301141
v 0.012785 1.925626 1.301141
v 0.532371 1.865992 1.601124
v 0.532371 1.925626 1.601124
v 0.532371 1.865992 2.201090
v 0.532371 1.925626 2.201090
v 0.012785 1.865992 2.501073
v 0.012785 1.925626 2.501073
v -0.506800 1.865992 2.201090
v -0.506800 1.925626 2.201090
v -0.506800 1.865992 1.601124
v -0.506800 1.925626 1.601124
v 0.550783 1.865992 2.259577
v 0.550783 1.925626 2.259577
v 1.070369 1.865992 2.559560
v 1.070369 1.925626 2.559560
v 1.070369 1.865992 3.159526
v 1.070369 1.925626 3.159526
v 0.550783 1.865992 3.459509
v 0.550783 1.925626 3.459509
v 0.031198 1.865992 3.159526
v 0.031198 1.925626 3.159526
v 0.031198 1.865992 2.559560
v 0.031198 1.925626 2.559560
v 1.086541 1.865992 1.301141
v 1.086541 1.925626 1.301141
v 1.606126 1.865992 1.601124
v 1.606126 1.925626 1.601124
v 1.606126 1.865992 2.201090
v 1.606126 1.925626 2.201090
v 1.086541 1.865992 2.501073
v 1.086541 1.925626 2.501073
v 0.566955 1.865992 2.201090
v 0.566955 1.925626 2.201090
v 0.566955 1.865992 1.601124
v 0.566955 1.925626 1.601124
v -2.163332 1.865992 -0.596518
v -2.163332 1.925626 -0.596518
v -1.643746 1.865992 -0.296535
v -1.643746 1.925626 -0.296535
v -1.643746 1.865992 0.303432
v -1.643746 1.925626 0.303432
v -2.163332 1.865992 0.603415
v -2.163332 1.925626 0.603415
v -2.682918 1.865992 0.303432
v -2.682918 1.925626 0.303432
v -2.682918 1.865992 -0.296535
v -2.682918 1.925626 -0.296535
v -2.701330 1.865992 0.348877
v -2.701330 1.925626 0.348877
v -2.181744 1.865992 0.648860
v -2.181744 1.925626 0.648860
v -2.181744 1.865992 1.248826
v -2.181744 1.925626 1.248826
v -2.701330 1.865992 1.548809
v -2.701330 1.925626 1.548809
v -3.220916 1.865992 1.248826
v -3.220916 1.925626 1.248826
v -3.220916 1.865992 0.648860
v -3.220916 1.925626 0.648860
v -2.163332 1.865992 1.307313
v -2.163332 1.925626 1.307313
v -1.643746 1.865992 1.607296
v -1.643746 1.925626 1.607296
v -1.643746 1.865992 2.207262
v -1.643746 1.925626 2.207262
v -2.163332 1.865992 2.507245
v -2.163332 1.925626 2.507245
v -2.682918 1.865992 2.207262
v -2.682918 1.925626 2.207262
v -2.682918 1.865992 1.607296
v -2.682918 1.925626 1.607296
v -1.627575 1.865992 0.348877
v -1.627575 1.925626 0.348877
v -1.107989 1.865992 0.648860
v -1.107989 1.925626 0.648860
v -1.107989 1.865992 1.248826
v -1.107989 1.925626 1.248826
v -1.627575 1.865992 1.548809
v -1.627575 1.925626 1.548809
v -2.147161 1.865992 1.248826
v -2.147161 1.925626 1.248826
v -2.147161 1.865992 0.648860
v -2.147161 1.925626 0.648860
v -1.073755 1.865992 1.316906
v -1.073755 1.925626 1.316906
v -0.554169 1.865992 1.616889
v -0.554169 1.925626 1.616889
v -0.554169 1.865992 2.216855
v -0.554169 1.925626 2.216855
v -1.073755 1.865992 2.516838
v -1.073755 1.925626 2.516838
v -1.593341 1.865992 2.216855
v -1.593341 1.925626 2.216855
v -1.593341 1.865992 1.616889
v -1.593341 1.925626 1.616889
v -0.525212 1.865992 2.259577
v -0.525212 1.925626 2.259577
v -0.005626 1.865992 2.559560
v -0.005626 1.925626 2.559560
v -0.005626 1.865992 3.159526
v -0.005626 1.925626 3.159526
v -0.525212 1.865992 3.459509
v -0.525212 1.925626 3.459509
v -1.044798 1.865992 3.159526
v -1.044798 1.925626 3.159526
v -1.044798 1.865992 2.559560
v -1.044798 1.925626 2.559560
v 1.643857 1.865992 -1.536410
v 1.643857 1.925626 -1.536410
v 2.163443 1.865992 -1.236427
v 2.163443 1.925626 -1.236427
v 2.163443 1.865992 -0.636461
v 2.163443 1.925626 -0.636461
v 1.643857 1.865992 -0.336478
v 1.643857 1.925626 -0.336478
v 1.124271 1.865992 -0.636461
v 1.124271 1.925626 -0.636461
v 1.124271 1.865992 -1.236427
v 1.124271 1.925626 -1.236427
v 2.753874 1.865992 -1.536410
v 2.753874 1.925626 -1.536410
v 3.273460 1.865992 -1.236427
v 3.273460 1.925626 -1.236427
v 3.273460 1.865992 -0.636461
v 3.273460 1.925626 -0.636461
v 2.753874 1.865992 -0.336478
v 2.753874 1.925626 -0.336478
v 2.234288 1.865992 -0.636461
v 2.234288 1.925626 -0.636461
v 2.234288 1.865992 -1.236427
v 2.234288 1.925626 -1.236427
v 2.751917 1.865992 0.358470
v 2.751917 1.925626 0.358470
v 3.271503 1.865992 0.658453
v 3.271503 1.925626 0.658453
v 3.271503 1.865992 1.258419
v 3.271503 1.925626 1.258419
v 2.751917 1.865992 1.558402
v 2.751917 1.925626 1.558402
v 2.232331 1.865992 1.258419
v 2.232331 1.925626 1.258419
v 2.232331 1.865992 0.658453
v 2.232331 1.925626 0.658453
v 2.190443 1.865992 1.301141
v 2.190443 1.925626 1.301141
v 2.710029 1.865992 1.601124
v 2.710029 1.925626 1.601124
v 2.710029 1.865992 2.201090
v 2.710029 1.925626 2.201090
v 2.190443 1.865992 2.501073
v 2.190443 1.925626 2.501073
v 1.670857 1.865992 2.201090
v 1.670857 1.925626 2.201090
v 1.670857 1.865992 1.601124
v 1.670857 1.925626 1.601124
v 1.130858 1.865992 -2.494888
v 1.130858 1.925626 -2.494888
v 1.650444 1.865992 -2.194905
v 1.650444 1.925626 -2.194905
v 1.650444 1.865992 -1.594939
v 1.650444 1.925626 -1.594939
v 1.130858 1.865992 -1.294956
v 1.130858 1.925626 -1.294956
v 0.611272 1.865992 -1.594939
v 0.611272 1.925626 -1.594939
v 0.611272 1.865992 -2.194905
v 0.611272 1.925626 -2.194905
v 2.204366 1.865992 -2.469005
v 2.204366 1.925626 -2.469005
v 2.723952 1.865992 -2.169022
v 2.723952 1.925626 -2.169022
v 2.723952 1.865992 -1.569056
v 2.723952 1.925626 -1.569056
v 2.204366 1.865992 -1.269073
v 2.204366 1.925626 -1.269073
v 1.684781 1.865992 -1.569056
v 1.684781 1.925626 -1.569056
v 1.684781 1.865992 -2.169022
v 1.684781 1.925626 -2.169022
v -2.702699 1.865992 -1.549453
v -2.702699 1.925626 -1.549453
v -2.183113 1.865992 -1.249470
v -2.183113 1.925626 -1.249470
v -2.183113 1.865992 -0.649504
v -2.183113 1.925626 -0.649504
v -2.702699 1.865992 -0.349521
v -2.702699 1.925626 -0.349521
v -3.222285 1.865992 -0.649504
v -3.222285 1.925626 -0.649504
v -3.222285 1.865992 -1.249470
v -3.222285 1.925626 -1.249470
v -3.272801 1.865992 -0.596518
v -3.272801 1.925626 -0.596518
v -2.753215 1.865992 -0.296535
v -2.753215 1.925626 -0.296535
v -2.753215 1.865992 0.303432
v -2.753215 1.925626 0.303432
v -3.272801 1.865992 0.603415
v -3.272801 1.925626 0.603415
v -3.792387 1.865992 0.303432
v -3.792387 1.925626 0.303432
v -3.792387 1.865992 -0.296535
v -3.792387 1.925626 -0.296535
v -0.540791 1.865992 -3.450455
v -0.540791 1.925626 -3.450455
v -0.021206 1.865992 -3.150472
v -0.021206 1.925626 -3.150472
v -0.021206 1.865992 -2.550506
v -0.021206 1.925626 -2.550506
v -0.540791 1.865992 -2.250523
v -0.540791 1.925626 -2.250523
v -1.060377 1.865992 -2.550506
v -1.060377 1.925626 -2.550506
v -1.060377 1.865992 -3.150472
v -1.060377 1.925626 -3.150472
v -1.630368 1.865992 -3.450455
v -1.630368 1.925626 -3.450455
v -1.110783 1.865992 -3.150472
v -1.110783 1.925626 -3.150472
v -1.110783 1.865992 -2.550506
v -1.110783 1.925626 -2.550506
v -1.630368 1.865992 -2.250523
v -1.630368 1.925626 -2.250523
v -2.149954 1.865992 -2.550506
v -2.149954 1.925626 -2.550506
v -2.149954 1.865992 -3.150472
v -2.149954 1.925626 -3.150472
v 1.677704 1.865992 -3.457667
v 1.677704 1.925626 -3.457667
v 2.197290 1.865992 -3.157684
v 2.197290 1.925626 -3.157684
v 2.197290 1.865992 -2.557718
v 2.197290 1.925626 -2.557718
v 1.677704 1.865992 -2.257735
v 1.677704 1.925626 -2.257735
v 1.158118 1.865992 -2.557718
v 1.158118 1.925626 -2.557718
v 1.158118 1.865992 -3.157684
v 1.158118 1.925626 -3.157684
v 3.273460 1.865992 -0.599966
v 3.273460 1.925626 -0.599966
v 3.793046 1.865992 -0.299983
v 3.793046 1.925626 -0.299983
v 3.793046 1.865992 0.299983
v 3.793046 1.925626 0.299983
v 3.273460 1.865992 0.599966
v 3.273460 1.925626 0.599966
v 2.753874 1.865992 0.299983
v 2.753874 1.925626 0.299983
v 2.753874 1.865992 -0.299983
v 2.753874 1.925626 -0.299983
v 1.648015 1.865992 2.258197
v 1.648015 1.925626 2.258197
v 2.167600 1.865992 2.558180
v 2.167600 1.925626 2.558180
v 2.167600 1.865992 3.158146
v 2.167600 1.925626 3.158146
v 1.648015 1.865992 3.458129
v 1.648015 1.925626 3.458129
v 1.128429 1.865992 3.158146
v 1.128429 1.925626 3.158146
v 1.128429 1.865992 2.558180
v 1.128429 1.925626 2.558180
v -1.627575 1.865992 2.248604
v -1.627575 1.925626 2.248604
v -1.107989 1.865992 2.548587
v -1.107989 1.925626 2.548587
v -1.107989 1.865992 3.148553
v -1.107989 1.925626 3.148553
v -1.627575 1.865992 3.448536
v -1.627575 1.925626 3.448536
v -2.147161 1.865992 3.148553
v -2.147161 1.925626 3.148553
v -2.147161 1.865992 2.548587
v -2.147161 1.925626 2.548587
vn 0.5000 -0.0000 -0.8660
vn 1.0000 -0.0000 -0.0000
vn 0.5000 -0.0000 0.8660
vn -0.5000 -0.0000 0.8660
vn -0.0000 1.0000 -0.0000
vn -1.0000 -0.0000 -0.0000
vn -0.5000 -0.0000 -0.8660
vn -0.0000 -1.0000 -0.0000
vn 0.0010 -0.0000 1.0000
vn 0.8655 -0.0000 -0.5008
vn 0.8665 -0.0000 0.4992
vn -0.8655 -0.0000 0.5009
vn -0.8665 -0.0000 -0.4992
vn -0.8665 -0.0000 -0.4991
vn 0.8665 -0.0000 0.4991
vn 0.4992 -0.0000 -0.8665
vn -0.4992 -0.0000 0.8665
vn 0.8655 -0.0000 -0.5009
vn -0.8655 -0.0000 0.5008
vn 0.5008 -0.0000 0.8655
vn -0.5008 -0.0000 -0.8655
vn 0.8656 -0.0000 -0.5008
vn -0.8656 -0.0000 0.5008
vn -0.0010 -0.0000 -1.0000
vn -0.0009 -0.0000 -1.0000
vn -1.0000 -0.0000 0.0010
vn 1.0000 -0.0000 -0.0010
vn 0.0009 -0.0000 1.0000
vt 1.000000 0.500000
vt 1.000000 1.000000
vt 0.833333 1.000000
vt 0.833333 0.500000
vt 0.666667 1.000000
vt 0.666667 0.500000
vt 0.500000 1.000000
vt 0.500000 0.500000
vt 0.333333 1.000000
vt 0.333333 0.500000
vt 0.457846 0.370000
vt 0.250000 0.490000
vt 0.042154 0.370000
vt 0.042154 0.130000
vt 0.250000 0.010000
vt 0.457846 0.130000
vt 0.166667 1.000000
vt 0.166667 0.500000
vt -0.000000 1.000000
vt -0.000000 0.500000
vt 0.750000 0.490000
vt 0.957846 0.370000
vt 0.957846 0.130000
vt 0.750000 0.010000
vt 0.542154 0.130000
vt 0.542154 0.370000
vt 0.426020 0.388375
vt 0.426669 0.388000
vt 0.751042 1.000000
vt 0.751562 1.000000
vt 0.553125 1.000000
vt 0.553646 1.000000
vt 0.406771 1.000000
vt 0.407292 1.000000
vt 0.457197 0.370375
vt 0.456547 0.370750
vt 0.455898 0.371125
vt 0.455248 0.371500
vt 0.454598 0.371875
vt 0.453949 0.372250
vt 0.453299 0.372625
vt 0.452650 0.373000
vt 0.452000 0.373375
vt 0.451351 0.373750
vt 0.450701 0.374125
vt 0.450052 0.374500
vt 0.449402 0.374875
vt 0.448753 0.375250
vt 0.448103 0.375625
vt 0.447454 0.376000
vt 0.446804 0.376375
vt 0.446155 0.376750
vt 0.445505 0.377125
vt 0.444856 0.377500
vt 0.444206 0.377875
vt 0.443557 0.378250
vt 0.442907 0.378625
vt 0.442258 0.379000
vt 0.441608 0.379375
vt 0.440959 0.379750
vt 0.440309 0.380125
vt 0.439660 0.380500
vt 0.439010 0.380875
vt 0.438361 0.381250
vt 0.437711 0.381625
vt 0.437061 0.382000
vt 0.436412 0.382375
vt 0.435762 0.382750
vt 0.435113 0.383125
vt 0.434463 0.383500
vt 0.433814 0.383875
vt 0.433164 0.384250
vt 0.432515 0.384625
vt 0.431865 0.385000
vt 0.431216 0.385375
vt 0.430566 0.385750
vt 0.429917 0.386125
vt 0.429267 0.386500
vt 0.428618 0.386875
vt 0.427968 0.387250
vt 0.427319 0.387625
vt 0.425370 0.388750
vt 0.424721 0.389125
vt 0.424071 0.389500
vt 0.423422 0.389875
vt 0.422772 0.390250
vt 0.422123 0.390625
vt 0.421473 0.391000
vt 0.420824 0.391375
vt 0.420174 0.391750
vt 0.419524 0.392125
vt 0.418875 0.392500
vt 0.418225 0.392875
vt 0.417576 0.393250
vt 0.416926 0.393625
vt 0.416277 0.394000
vt 0.415627 0.394375
vt 0.414978 0.394750
vt 0.414328 0.395125
vt 0.413679 0.395500
vt 0.413029 0.395875
vt 0.412380 0.396250
vt 0.411730 0.396625
vt 0.411081 0.397000
vt 0.410431 0.397375
vt 0.409782 0.397750
vt 0.409132 0.398125
vt 0.408483 0.398500
vt 0.407833 0.398875
vt 0.407184 0.399250
vt 0.406534 0.399625
vt 0.405885 0.400000
vt 0.405235 0.400375
vt 0.404586 0.400750
vt 0.403936 0.401125
vt 0.403286 0.401500
vt 0.402637 0.401875
vt 0.401987 0.402250
vt 0.401338 0.402625
vt 0.400688 0.403000
vt 0.400039 0.403375
vt 0.399389 0.403750
vt 0.398740 0.404125
vt 0.398090 0.404500
vt 0.397441 0.404875
vt 0.396791 0.405250
vt 0.396142 0.405625
vt 0.395492 0.406000
vt 0.394843 0.406375
vt 0.394193 0.406750
vt 0.393544 0.407125
vt 0.392894 0.407500
vt 0.392245 0.407875
vt 0.391595 0.408250
vt 0.390946 0.408625
vt 0.390296 0.409000
vt 0.389647 0.409375
vt 0.388997 0.409750
vt 0.388348 0.410125
vt 0.387698 0.410500
vt 0.387048 0.410875
vt 0.386399 0.411250
vt 0.385749 0.411625
vt 0.385100 0.412000
vt 0.384450 0.412375
vt 0.383801 0.412750
vt 0.383151 0.413125
vt 0.382502 0.413500
vt 0.381852 0.413875
vt 0.381203 0.414250
vt 0.380553 0.414625
vt 0.379904 0.415000
vt 0.379254 0.415375
vt 0.378605 0.415750
vt 0.377955 0.416125
vt 0.377306 0.416500
vt 0.376656 0.416875
vt 0.376007 0.417250
vt 0.375357 0.417625
vt 0.374708 0.418000
vt 0.374058 0.418375
vt 0.373409 0.418750
vt 0.372759 0.419125
vt 0.372110 0.419500
vt 0.371460 0.419875
vt 0.370811 0.420250
vt 0.370161 0.420625
vt 0.369511 0.421000
vt 0.368862 0.421375
vt 0.368212 0.421750
vt 0.367563 0.422125
vt 0.366913 0.422500
vt 0.366264 0.422875
vt 0.365614 0.423250
vt 0.364965 0.423625
vt 0.364315 0.424000
vt 0.363666 0.424375
vt 0.363016 0.424750
vt 0.362367 0.425125
vt 0.361717 0.425500
vt 0.361068 0.425875
vt 0.360418 0.426250
vt 0.359769 0.426625
vt 0.359119 0.427000
vt 0.358470 0.427375
vt 0.357820 0.427750
vt 0.357171 0.428125
vt 0.356521 0.428500
vt 0.355872 0.428875
vt 0.355222 0.429250
vt 0.354573 0.429625
vt 0.353923 0.430000
vt 0.353274 0.430375
vt 0.352624 0.430750
vt 0.351974 0.431125
vt 0.351325 0.431500
vt 0.350675 0.431875
vt 0.350026 0.432250
vt 0.349376 0.432625
vt 0.348727 0.433000
vt 0.348077 0.433375
vt 0.347428 0.433750
vt 0.346778 0.434125
vt 0.346129 0.434500
vt 0.345479 0.434875
vt 0.344830 0.435250
vt 0.344180 0.435625
vt 0.343531 0.436000
vt 0.342881 0.436375
vt 0.342232 0.436750
vt 0.341582 0.437125
vt 0.340933 0.437500
vt 0.340283 0.437875
vt 0.339634 0.438250
vt 0.338984 0.438625
vt 0.338335 0.439000
vt 0.337685 0.439375
vt 0.337036 0.439750
vt 0.336386 0.440125
vt 0.335737 0.440500
vt 0.335087 0.440875
vt 0.334437 0.441250
vt 0.333788 0.441625
vt 0.333138 0.442000
vt 0.332489 0.442375
vt 0.331839 0.442750
vt 0.331190 0.443125
vt 0.330540 0.443500
vt 0.329891 0.443875
vt 0.329241 0.444250
vt 0.328592 0.444625
vt 0.327942 0.445000
vt 0.327293 0.445375
vt 0.326643 0.445750
vt 0.325994 0.446125
vt 0.325344 0.446500
vt 0.324695 0.446875
vt 0.324045 0.447250
vt 0.323396 0.447625
vt 0.322746 0.448000
vt 0.322097 0.448375
vt 0.321447 0.448750
vt 0.320798 0.449125
vt 0.320148 0.449500
vt 0.319499 0.449875
vt 0.318849 0.450250
vt 0.318200 0.450625
vt 0.317550 0.451000
vt 0.316900 0.451375
vt 0.316251 0.451750
vt 0.315601 0.452125
vt 0.314952 0.452500
vt 0.314302 0.452875
vt 0.313653 0.453250
vt 0.313003 0.453625
vt 0.312354 0.454000
vt 0.311704 0.454375
vt 0.311055 0.454750
vt 0.310405 0.455125
vt 0.309756 0.455500
vt 0.309106 0.455875
vt 0.308457 0.456250
vt 0.307807 0.456625
vt 0.307158 0.457000
vt 0.306508 0.457375
vt 0.305859 0.457750
vt 0.305209 0.458125
vt 0.304560 0.458500
vt 0.303910 0.458875
vt 0.303261 0.459250
vt 0.302611 0.459625
vt 0.301962 0.460000
vt 0.301312 0.460375
vt 0.300663 0.460750
vt 0.300013 0.461125
vt 0.299363 0.461500
vt 0.298714 0.461875
vt 0.298064 0.462250
vt 0.297415 0.462625
vt 0.296765 0.463000
vt 0.296116 0.463375
vt 0.295466 0.463750
vt 0.294817 0.464125
vt 0.294167 0.464500
vt 0.293518 0.464875
vt 0.292868 0.465250
vt 0.292219 0.465625
vt 0.291569 0.466000
vt 0.290920 0.466375
vt 0.290270 0.466750
vt 0.289621 0.467125
vt 0.288971 0.467500
vt 0.288322 0.467875
vt 0.287672 0.468250
vt 0.287023 0.468625
vt 0.286373 0.469000
vt 0.285724 0.469375
vt 0.285074 0.469750
vt 0.284425 0.470125
vt 0.283775 0.470500
vt 0.283125 0.470875
vt 0.282476 0.471250
vt 0.281826 0.471625
vt 0.281177 0.472000
vt 0.280527 0.472375
vt 0.279878 0.472750
vt 0.279228 0.473125
vt 0.278579 0.473500
vt 0.277929 0.473875
vt 0.277280 0.474250
vt 0.276630 0.474625
vt 0.275981 0.475000
vt 0.275331 0.475375
vt 0.274682 0.475750
vt 0.274032 0.476125
vt 0.273383 0.476500
vt 0.272733 0.476875
vt 0.272084 0.477250
vt 0.271434 0.477625
vt 0.270785 0.478000
vt 0.270135 0.478375
vt 0.269486 0.478750
vt 0.268836 0.479125
vt 0.268187 0.479500
vt 0.267537 0.479875
vt 0.266887 0.480250
vt 0.266238 0.480625
vt 0.265588 0.481000
vt 0.264939 0.481375
vt 0.264289 0.481750
vt 0.263640 0.482125
vt 0.262990 0.482500
vt 0.262341 0.482875
vt 0.261691 0.483250
vt 0.261042 0.483625
vt 0.260392 0.484000
vt 0.259743 0.484375
vt 0.259093 0.484750
vt 0.258444 0.485125
vt 0.257794 0.485500
vt 0.257145 0.485875
vt 0.256495 0.486250
vt 0.255846 0.486625
vt 0.255196 0.487000
vt 0.254547 0.487375
vt 0.253897 0.487750
vt 0.253248 0.488125
vt 0.252598 0.488500
vt 0.251949 0.488875
vt 0.251299 0.489250
vt 0.250650 0.489625
vt 0.249350 0.489625
vt 0.248701 0.489250
vt 0.248051 0.488875
vt 0.247402 0.488500
vt 0.246752 0.488125
vt 0.246103 0.487750
vt 0.245453 0.487375
vt 0.244804 0.487000
vt 0.244154 0.486625
vt 0.243505 0.486250
vt 0.242855 0.485875
vt 0.242206 0.485500
vt 0.241556 0.485125
vt 0.240907 0.484750
vt 0.240257 0.484375
vt 0.239608 0.484000
vt 0.238958 0.483625
vt 0.238309 0.483250
vt 0.237659 0.482875
vt 0.237010 0.482500
vt 0.236360 0.482125
vt 0.235711 0.481750
vt 0.235061 0.481375
vt 0.234412 0.481000
vt 0.233762 0.480625
vt 0.233112 0.480250
vt 0.232463 0.479875
vt 0.231813 0.479500
vt 0.231164 0.479125
vt 0.230514 0.478750
vt 0.229865 0.478375
vt 0.229215 0.478000
vt 0.228566 0.477625
vt 0.227916 0.477250
vt 0.227267 0.476875
vt 0.226617 0.476500
vt 0.225968 0.476125
vt 0.225318 0.475750
vt 0.224669 0.475375
vt 0.224019 0.475000
vt 0.223370 0.474625
vt 0.222720 0.474250
vt 0.222071 0.473875
vt 0.221421 0.473500
vt 0.220772 0.473125
vt 0.220122 0.472750
vt 0.219473 0.472375
vt 0.218823 0.472000
vt 0.218174 0.471625
vt 0.217524 0.471250
vt 0.216875 0.470875
vt 0.216225 0.470500
vt 0.215575 0.470125
vt 0.214926 0.469750
vt 0.214276 0.469375
vt 0.213627 0.469000
vt 0.212977 0.468625
vt 0.212328 0.468250
vt 0.211678 0.467875
vt 0.211029 0.467500
vt 0.210379 0.467125
vt 0.209730 0.466750
vt 0.209080 0.466375
vt 0.208431 0.466000
vt 0.207781 0.465625
vt 0.207132 0.465250
vt 0.206482 0.464875
vt 0.205833 0.464500
vt 0.205183 0.464125
vt 0.204534 0.463750
vt 0.203884 0.463375
vt 0.203235 0.463000
vt 0.202585 0.462625
vt 0.201936 0.462250
vt 0.201286 0.461875
vt 0.200637 0.461500
vt 0.199987 0.461125
vt 0.199338 0.460750
vt 0.198688 0.460375
vt 0.198038 0.460000
vt 0.197389 0.459625
vt 0.196739 0.459250
vt 0.196090 0.458875
vt 0.195440 0.458500
vt 0.194791 0.458125
vt 0.194141 0.457750
vt 0.193492 0.457375
vt 0.192842 0.457000
vt 0.192193 0.456625
vt 0.191543 0.456250
vt 0.190894 0.455875
vt 0.190244 0.455500
vt 0.189595 0.455125
vt 0.188945 0.454750
vt 0.188296 0.454375
vt 0.187646 0.454000
vt 0.186997 0.453625
vt 0.186347 0.453250
vt 0.185698 0.452875
vt 0.185048 0.452500
vt 0.184399 0.452125
vt 0.183749 0.451750
vt 0.183100 0.451375
vt 0.182450 0.451000
vt 0.181801 0.450625
vt 0.181151 0.450250
vt 0.180501 0.449875
vt 0.179852 0.449500
vt 0.179202 0.449125
vt 0.178553 0.448750
vt 0.177903 0.448375
vt 0.177254 0.448000
vt 0.176604 0.447625
vt 0.175955 0.447250
vt 0.175305 0.446875
vt 0.174656 0.446500
vt 0.174006 0.446125
vt 0.173357 0.445750
vt 0.172707 0.445375
vt 0.172058 0.445000
vt 0.171408 0.444625
vt 0.170759 0.444250
vt 0.170109 0.443875
vt 0.169460 0.443500
vt 0.168810 0.443125
vt 0.168161 0.442750
vt 0.167511 0.442375
vt 0.166862 0.442000
vt 0.166212 0.441625
vt 0.165563 0.441250
vt 0.164913 0.440875
vt 0.164263 0.440500
vt 0.163614 0.440125
vt 0.162964 0.439750
vt 0.162315 0.439375
vt 0.161665 0.439000
vt 0.161016 0.438625
vt 0.160366 0.438250
vt 0.159717 0.437875
vt 0.159067 0.437500
vt 0.158418 0.437125
vt 0.157768 0.436750
vt 0.157119 0.436375
vt 0.156469 0.436000
vt 0.155820 0.435625
vt 0.155170 0.435250
vt 0.154521 0.434875
vt 0.153871 0.434500
vt 0.153222 0.434125
vt 0.152572 0.433750
vt 0.151923 0.433375
vt 0.151273 0.433000
vt 0.150624 0.432625
vt 0.149974 0.432250
vt 0.149325 0.431875
vt 0.148675 0.431500
vt 0.148026 0.431125
vt 0.147376 0.430750
vt 0.146726 0.430375
vt 0.146077 0.430000
vt 0.145427 0.429625
vt 0.144778 0.429250
vt 0.144128 0.428875
vt 0.143479 0.428500
vt 0.142829 0.428125
vt 0.142180 0.427750
vt 0.141530 0.427375
vt 0.140881 0.427000
vt 0.140231 0.426625
vt 0.139582 0.426250
vt 0.138932 0.425875
vt 0.138283 0.425500
vt 0.137633 0.425125
vt 0.136984 0.424750
vt 0.136334 0.424375
vt 0.135685 0.424000
vt 0.135035 0.423625
vt 0.134386 0.423250
vt 0.133736 0.422875
vt 0.133087 0.422500
vt 0.132437 0.422125
vt 0.131788 0.421750
vt 0.131138 0.421375
vt 0.130488 0.421000
vt 0.129839 0.420625
vt 0.129189 0.420250
vt 0.128540 0.419875
vt 0.127890 0.419500
vt 0.127241 0.419125
vt 0.126591 0.418750
vt 0.125942 0.418375
vt 0.125292 0.418000
vt 0.124643 0.417625
vt 0.123993 0.417250
vt 0.123344 0.416875
vt 0.122694 0.416500
vt 0.122045 0.416125
vt 0.121395 0.415750
vt 0.120746 0.415375
vt 0.120096 0.415000
vt 0.119447 0.414625
vt 0.118797 0.414250
vt 0.118148 0.413875
vt 0.117498 0.413500
vt 0.116849 0.413125
vt 0.116199 0.412750
vt 0.115550 0.412375
vt 0.114900 0.412000
vt 0.114251 0.411625
vt 0.113601 0.411250
vt 0.112951 0.410875
vt 0.112302 0.410500
vt 0.111652 0.410125
vt 0.111003 0.409750
vt 0.110353 0.409375
vt 0.109704 0.409000
vt 0.109054 0.408625
vt 0.108405 0.408250
vt 0.107755 0.407875
vt 0.107106 0.407500
vt 0.106456 0.407125
vt 0.105807 0.406750
vt 0.105157 0.406375
vt 0.104508 0.406000
vt 0.103858 0.405625
vt 0.103209 0.405250
vt 0.102559 0.404875
vt 0.101910 0.404500
vt 0.101260 0.404125
vt 0.100611 0.403750
vt 0.099961 0.403375
vt 0.099312 0.403000
vt 0.098662 0.402625
vt 0.098013 0.402250
vt 0.097363 0.401875
vt 0.096713 0.401500
vt 0.096064 0.401125
vt 0.095414 0.400750
vt 0.094765 0.400375
vt 0.094115 0.400000
vt 0.093466 0.399625
vt 0.092816 0.399250
vt 0.092167 0.398875
vt 0.091517 0.398500
vt 0.090868 0.398125
vt 0.090218 0.397750
vt 0.089569 0.397375
vt 0.088919 0.397000
vt 0.088270 0.396625
vt 0.087620 0.396250
vt 0.086971 0.395875
vt 0.086321 0.395500
vt 0.085672 0.395125
vt 0.085022 0.394750
vt 0.084373 0.394375
vt 0.083723 0.394000
vt 0.083074 0.393625
vt 0.082424 0.393250
vt 0.081775 0.392875
vt 0.081125 0.392500
vt 0.080476 0.392125
vt 0.079826 0.391750
vt 0.079176 0.391375
vt 0.078527 0.391000
vt 0.077877 0.390625
vt 0.077228 0.390250
vt 0.076578 0.389875
vt 0.075929 0.389500
vt 0.075279 0.389125
vt 0.074630 0.388750
vt 0.073980 0.388375
vt 0.073331 0.388000
vt 0.072681 0.387625
vt 0.072032 0.387250
vt 0.071382 0.386875
vt 0.070733 0.386500
vt 0.070083 0.386125
vt 0.069434 0.385750
vt 0.068784 0.385375
vt 0.068135 0.385000
vt 0.067485 0.384625
vt 0.066836 0.384250
vt 0.066186 0.383875
vt 0.065537 0.383500
vt 0.064887 0.383125
vt 0.064238 0.382750
vt 0.063588 0.382375
vt 0.062939 0.382000
vt 0.062289 0.381625
vt 0.061639 0.381250
vt 0.060990 0.380875
vt 0.060340 0.380500
vt 0.059691 0.380125
vt 0.059041 0.379750
vt 0.058392 0.379375
vt 0.057742 0.379000
vt 0.057093 0.378625
vt 0.056443 0.378250
vt 0.055794 0.377875
vt 0.055144 0.377500
vt 0.054495 0.377125
vt 0.053845 0.376750
vt 0.053196 0.376375
vt 0.052546 0.376000
vt 0.051897 0.375625
vt 0.051247 0.375250
vt 0.050598 0.374875
vt 0.049948 0.374500
vt 0.049299 0.374125
vt 0.048649 0.373750
vt 0.048000 0.373375
vt 0.047350 0.373000
vt 0.046701 0.372625
vt 0.046051 0.372250
vt 0.045402 0.371875
vt 0.044752 0.371500
vt 0.044102 0.371125
vt 0.043453 0.370750
vt 0.042803 0.370375
vt 0.042154 0.369250
vt 0.042154 0.368500
vt 0.042154 0.367750
vt 0.042154 0.367000
vt 0.042154 0.366250
vt 0.042154 0.365500
vt 0.042154 0.364750
vt 0.042154 0.364000
vt 0.042154 0.363250
vt 0.042154 0.362500
vt 0.042154 0.361750
vt 0.042154 0.361000
vt 0.042154 0.360250
vt 0.042154 0.359500
vt 0.042154 0.358750
vt 0.042154 0.358000
vt 0.042154 0.357250
vt 0.042154 0.356500
vt 0.042154 0.355750
vt 0.042154 0.355000
vt 0.042154 0.354250
vt 0.042154 0.353500
vt 0.042154 0.352750
vt 0.042154 0.352000
vt 0.042154 0.351250
vt 0.042154 0.350500
vt 0.042154 0.349750
vt 0.042154 0.349000
vt 0.042154 0.348250
vt 0.042154 0.347500
vt 0.042154 0.346750
vt 0.042154 0.346000
vt 0.042154 0.345250
vt 0.042154 0.344500
vt 0.042154 0.343750
vt 0.042154 0.343000
vt 0.042154 0.342250
vt 0.042154 0.341500
vt 0.042154 0.340750
vt 0.042154 0.340000
vt 0.042154 0.339250
vt 0.042154 0.338500
vt 0.042154 0.337750
vt 0.042154 0.337000
vt 0.042154 0.336250
vt 0.042154 0.335500
vt 0.042154 0.334750
vt 0.042154 0.334000
vt 0.042154 0.333250
vt 0.042154 0.332500
vt 0.042154 0.331750
vt 0.042154 0.331000
vt 0.042154 0.330250
vt 0.042154 0.329500
vt 0.042154 0.328750
vt 0.042154 0.328000
vt 0.042154 0.327250
vt 0.042154 0.326500
vt 0.042154 0.325750
vt 0.042154 0.325000
vt 0.042154 0.324250
vt 0.042154 0.323500
vt 0.042154 0.322750
vt 0.042154 0.322000
vt 0.042154 0.321250
vt 0.042154 0.320500
vt 0.042154 0.319750
vt 0.042154 0.319000
vt 0.042154 0.318250
vt 0.042154 0.317500
vt 0.042154 0.316750
vt 0.042154 0.316000
vt 0.042154 0.315250
vt 0.042154 0.314500
vt 0.042154 0.313750
vt 0.042154 0.313000
vt 0.042154 0.312250
vt 0.042154 0.311500
vt 0.042154 0.310750
vt 0.042154 0.310000
vt 0.042154 0.309250
vt 0.042154 0.308500
vt 0.042154 0.307750
vt 0.042154 0.307000
vt 0.042154 0.306250
vt 0.042154 0.305500
vt 0.042154 0.304750
vt 0.042154 0.304000
vt 0.042154 0.303250
vt 0.042154 0.302500
vt 0.042154 0.301750
vt 0.042154 0.301000
vt 0.042154 0.300250
vt 0.042154 0.299500
vt 0.042154 0.298750
vt 0.042154 0.298000
vt 0.042154 0.297250
vt 0.042154 0.296500
vt 0.042154 0.295750
vt 0.042154 0.295000
vt 0.042154 0.294250
vt 0.042154 0.293500
vt 0.042154 0.292750
vt 0.042154 0.292000
vt 0.042154 0.291250
vt 0.042154 0.290500
vt 0.042154 0.289750
vt 0.042154 0.289000
vt 0.042154 0.288250
vt 0.042154 0.287500
vt 0.042154 0.286750
vt 0.042154 0.286000
vt 0.042154 0.285250
vt 0.042154 0.284500
vt 0.042154 0.283750
vt 0.042154 0.283000
vt 0.042154 0.282250
vt 0.042154 0.281500
vt 0.042154 0.280750
vt 0.042154 0.280000
vt 0.042154 0.279250
vt 0.042154 0.278500
vt 0.042154 0.277750
vt 0.042154 0.277000
vt 0.042154 0.276250
vt 0.042154 0.275500
vt 0.042154 0.274750
vt 0.042154 0.274000
vt 0.042154 0.273250
vt 0.042154 0.272500
vt 0.042154 0.271750
vt 0.042154 0.271000
vt 0.042154 0.270250
vt 0.042154 0.269500
vt 0.042154 0.268750
vt 0.042154 0.268000
vt 0.042154 0.267250
vt 0.042154 0.266500
vt 0.042154 0.265750
vt 0.042154 0.265000
vt 0.042154 0.264250
vt 0.042154 0.263500
vt 0.042154 0.262750
vt 0.042154 0.262000
vt 0.042154 0.261250
vt 0.042154 0.260500
vt 0.042154 0.259750
vt 0.042154 0.259000
vt 0.042154 0.258250
vt 0.042154 0.257500
vt 0.042154 0.256750
vt 0.042154 0.256000
vt 0.042154 0.255250
vt 0.042154 0.254500
vt 0.042154 0.253750
vt 0.042154 0.253000
vt 0.042154 0.252250
vt 0.042154 0.251500
vt 0.042154 0.250750
vt 0.042154 0.250000
vt 0.042154 0.249250
vt 0.042154 0.248500
vt 0.042154 0.247750
vt 0.042154 0.247000
vt 0.042154 0.246250
vt 0.042154 0.245500
vt 0.042154 0.244750
vt 0.042154 0.244000
vt 0.042154 0.243250
vt 0.042154 0.242500
vt 0.042154 0.241750
vt 0.042154 0.241000
vt 0.042154 0.240250
vt 0.042154 0.239500
vt 0.042154 0.238750
vt 0.042154 0.238000
vt 0.042154 0.237250
vt 0.042154 0.236500
vt 0.042154 0.235750
vt 0.042154 0.235000
vt 0.042154 0.234250
vt 0.042154 0.233500
vt 0.042154 0.232750
vt 0.042154 0.232000
vt 0.042154 0.231250
vt 0.042154 0.230500
vt 0.042154 0.229750
vt 0.042154 0.229000
vt 0.042154 0.228250
vt 0.042154 0.227500
vt 0.042154 0.226750
vt 0.042154 0.226000
vt 0.042154 0.225250
vt 0.042154 0.224500
vt 0.042154 0.223750
vt 0.042154 0.223000
vt 0.042154 0.222250
vt 0.042154 0.221500
vt 0.042154 0.220750
vt 0.042154 0.220000
vt 0.042154 0.219250
vt 0.042154 0.218500
vt 0.042154 0.217750
vt 0.042154 0.217000
vt 0.042154 0.216250
vt 0.042154 0.215500
vt 0.042154 0.214750
vt 0.042154 0.214000
vt 0.042154 0.213250
vt 0.042154 0.212500
vt 0.042154 0.211750
vt 0.042154 0.211000
vt 0.042154 0.210250
vt 0.042154 0.209500
vt 0.042154 0.208750
vt 0.042154 0.208000
vt 0.042154 0.207250
vt 0.042154 0.206500
vt 0.042154 0.205750
vt 0.042154 0.205000
vt 0.042154 0.204250
vt 0.042154 0.203500
vt 0.042154 0.202750
vt 0.042154 0.202000
vt 0.042154 0.201250
vt 0.042154 0.200500
vt 0.042154 0.199750
vt 0.042154 0.199000
vt 0.042154 0.198250
vt 0.042154 0.197500
vt 0.042154 0.196750
vt 0.042154 0.196000
vt 0.042154 0.195250
vt 0.042154 0.194500
vt 0.042154 0.193750
vt 0.042154 0.193000
vt 0.042154 0.192250
vt 0.042154 0.191500
vt 0.042154 0.190750
vt 0.042154 0.190000
vt 0.042154 0.189250
vt 0.042154 0.188500
vt 0.042154 0.187750
vt 0.042154 0.187000
vt 0.042154 0.186250
vt 0.042154 0.185500
vt 0.042154 0.184750
vt 0.042154 0.184000
vt 0.042154 0.183250
vt 0.042154 0.182500
vt 0.042154 0.181750
vt 0.042154 0.181000
vt 0.042154 0.180250
vt 0.042154 0.179500
vt 0.042154 0.178750
vt 0.042154 0.178000
vt 0.042154 0.177250
vt 0.042154 0.176500
vt 0.042154 0.175750
vt 0.042154 0.175000
vt 0.042154 0.174250
vt 0.042154 0.173500
vt 0.042154 0.172750
vt 0.042154 0.172000
vt 0.042154 0.171250
vt 0.042154 0.170500
vt 0.042154 0.169750
vt 0.042154 0.169000
vt 0.042154 0.168250
vt 0.042154 0.167500
vt 0.042154 0.166750
vt 0.042154 0.166000
vt 0.042154 0.165250
vt 0.042154 0.164500
vt 0.042154 0.163750
vt 0.042154 0.163000
vt 0.042154 0.162250
vt 0.042154 0.161500
vt 0.042154 0.160750
vt 0.042154 0.160000
vt 0.042154 0.159250
vt 0.042154 0.158500
vt 0.042154 0.157750
vt 0.042154 0.157000
vt 0.042154 0.156250
vt 0.042154 0.155500
vt 0.042154 0.154750
vt 0.042154 0.154000
vt 0.042154 0.153250
vt 0.042154 0.152500
vt 0.042154 0.151750
vt 0.042154 0.151000
vt 0.042154 0.150250
vt 0.042154 0.149500
vt 0.042154 0.148750
vt 0.042154 0.148000
vt 0.042154 0.147250
vt 0.042154 0.146500
vt 0.042154 0.145750
vt 0.042154 0.145000
vt 0.042154 0.144250
vt 0.042154 0.143500
vt 0.042154 0.142750
vt 0.042154 0.142000
vt 0.042154 0.141250
vt 0.042154 0.140500
vt 0.042154 0.139750
vt 0.042154 0.139000
vt 0.042154 0.138250
vt 0.042154 0.137500
vt 0.042154 0.136750
vt 0.042154 0.136000
vt 0.042154 0.135250
vt 0.042154 0.134500
vt 0.042154 0.133750
vt 0.042154 0.133000
vt 0.042154 0.132250
vt 0.042154 0.131500
vt 0.042154 0.130750
vt 0.042803 0.129625
vt 0.043453 0.129250
vt 0.044102 0.128875
vt 0.044752 0.128500
vt 0.045402 0.128125
vt 0.046051 0.127750
vt 0.046701 0.127375
vt 0.047350 0.127000
vt 0.048000 0.126625
vt 0.048649 0.126250
vt 0.049299 0.125875
vt 0.049948 0.125500
vt 0.050598 0.125125
vt 0.051247 0.124750
vt 0.051897 0.124375
vt 0.052546 0.124000
vt 0.053196 0.123625
vt 0.053845 0.123250
vt 0.054495 0.122875
vt 0.055144 0.122500
vt 0.055794 0.122125
vt 0.056443 0.121750
vt 0.057093 0.121375
vt 0.057742 0.121000
vt 0.058392 0.120625
vt 0.059041 0.120250
vt 0.059691 0.119875
vt 0.060340 0.119500
vt 0.060990 0.119125
vt 0.061639 0.118750
vt 0.062289 0.118375
vt 0.062939 0.118000
vt 0.063588 0.117625
vt 0.064238 0.117250
vt 0.064887 0.116875
vt 0.065537 0.116500
vt 0.066186 0.116125
vt 0.066836 0.115750
vt 0.067485 0.115375
vt 0.068135 0.115000
vt 0.068784 0.114625
vt 0.069434 0.114250
vt 0.070083 0.113875
vt 0.070733 0.113500
vt 0.071382 0.113125
vt 0.072032 0.112750
vt 0.072681 0.112375
vt 0.073331 0.112000
vt 0.073980 0.111625
vt 0.074630 0.111250
vt 0.075279 0.110875
vt 0.075929 0.110500
vt 0.076578 0.110125
vt 0.077228 0.109750
vt 0.077877 0.109375
vt 0.078527 0.109000
vt 0.079176 0.108625
vt 0.079826 0.108250
vt 0.080476 0.107875
vt 0.081125 0.107500
vt 0.081775 0.107125
vt 0.082424 0.106750
vt 0.083074 0.106375
vt 0.083723 0.106000
vt 0.084373 0.105625
vt 0.085022 0.105250
vt 0.085672 0.104875
vt 0.086321 0.104500
vt 0.086971 0.104125
vt 0.087620 0.103750
vt 0.088270 0.103375
vt 0.088919 0.103000
vt 0.089569 0.102625
vt 0.090218 0.102250
vt 0.090868 0.101875
vt 0.091517 0.101500
vt 0.092167 0.101125
vt 0.092816 0.100750
vt 0.093466 0.100375
vt 0.094115 0.100000
vt 0.094765 0.099625
vt 0.095414 0.099250
vt 0.096064 0.098875
vt 0.096713 0.098500
vt 0.097363 0.098125
vt 0.098013 0.097750
vt 0.098662 0.097375
vt 0.099312 0.097000
vt 0.099961 0.096625
vt 0.100611 0.096250
vt 0.101260 0.095875
vt 0.101910 0.095500
vt 0.102559 0.095125
vt 0.103209 0.094750
vt 0.103858 0.094375
vt 0.104508 0.094000
vt 0.105157 0.093625
vt 0.105807 0.093250
vt 0.106456 0.092875
vt 0.107106 0.092500
vt 0.107755 0.092125
vt 0.108405 0.091750
vt 0.109054 0.091375
vt 0.109704 0.091000
vt 0.110353 0.090625
vt 0.111003 0.090250
vt 0.111652 0.089875
vt 0.112302 0.089500
vt 0.112951 0.089125
vt 0.113601 0.088750
vt 0.114251 0.088375
vt 0.114900 0.088000
vt 0.115550 0.087625
vt 0.116199 0.087250
vt 0.116849 0.086875
vt 0.117498 0.086500
vt 0.118148 0.086125
vt 0.118797 0.085750
vt 0.119447 0.085375
vt 0.120096 0.085000
vt 0.120746 0.084625
vt 0.121395 0.084250
vt 0.122045 0.083875
vt 0.122694 0.083500
vt 0.123344 0.083125
vt 0.123993 0.082750
vt 0.124643 0.082375
vt 0.125292 0.082000
vt 0.125942 0.081625
vt 0.126591 0.081250
vt 0.127241 0.080875
vt 0.127890 0.080500
vt 0.128540 0.080125
vt 0.129189 0.079750
vt 0.129839 0.079375
vt 0.130488 0.079000
vt 0.131138 0.078625
vt 0.131788 0.078250
vt 0.132437 0.077875
vt 0.133087 0.077500
vt 0.133736 0.077125
vt 0.134386 0.076750
vt 0.135035 0.076375
vt 0.135685 0.076000
vt 0.136334 0.075625
vt 0.136984 0.075250
vt 0.137633 0.074875
vt 0.138283 0.074500
vt 0.138932 0.074125
vt 0.139582 0.073750
vt 0.140231 0.073375
vt 0.140881 0.073000
vt 0.141530 0.072625
vt 0.142180 0.072250
vt 0.142829 0.071875
vt 0.143479 0.071500
vt 0.144128 0.071125
vt 0.144778 0.070750
vt 0.145427 0.070375
vt 0.146077 0.070000
vt 0.146726 0.069625
vt 0.147376 0.069250
vt 0.148026 0.068875
vt 0.148675 0.068500
vt 0.149325 0.068125
vt 0.149974 0.067750
vt 0.150624 0.067375
vt 0.151273 0.067000
vt 0.151923 0.066625
vt 0.152572 0.066250
vt 0.153222 0.065875
vt 0.153871 0.065500
vt 0.154521 0.065125
vt 0.155170 0.064750
vt 0.155820 0.064375
vt 0.156469 0.064000
vt 0.157119 0.063625
vt 0.157768 0.063250
vt 0.158418 0.062875
vt 0.159067 0.062500
vt 0.159717 0.062125
vt 0.160366 0.061750
vt 0.161016 0.061375
vt 0.161665 0.061000
vt 0.162315 0.060625
vt 0.162964 0.060250
vt 0.163614 0.059875
vt 0.164263 0.059500
vt 0.164913 0.059125
vt 0.165563 0.058750
vt 0.166212 0.058375
vt 0.166862 0.058000
vt 0.167511 0.057625
vt 0.168161 0.057250
vt 0.168810 0.056875
vt 0.169460 0.056500
vt 0.170109 0.056125
vt 0.170759 0.055750
vt 0.171408 0.055375
vt 0.172058 0.055000
vt 0.172707 0.054625
vt 0.173357 0.054250
vt 0.174006 0.053875
vt 0.174656 0.053500
vt 0.175305 0.053125
vt 0.175955 0.052750
vt 0.176604 0.052375
vt 0.177254 0.052000
vt 0.177903 0.051625
vt 0.178553 0.051250
vt 0.179202 0.050875
vt 0.179852 0.050500
vt 0.180501 0.050125
vt 0.181151 0.049750
vt 0.181801 0.049375
vt 0.182450 0.049000
vt 0.183100 0.048625
vt 0.183749 0.048250
vt 0.184399 0.047875
vt 0.185048 0.047500
vt 0.185698 0.047125
vt 0.186347 0.046750
vt 0.186997 0.046375
vt 0.187646 0.046000
vt 0.188296 0.045625
vt 0.188945 0.045250
vt 0.189595 0.044875
vt 0.190244 0.044500
vt 0.190894 0.044125
vt 0.191543 0.043750
vt 0.192193 0.043375
vt 0.192842 0.043000
vt 0.193492 0.042625
vt 0.194141 0.042250
vt 0.194791 0.041875
vt 0.195440 0.041500
vt 0.196090 0.041125
vt 0.196739 0.040750
vt 0.197389 0.040375
vt 0.198038 0.040000
vt 0.198688 0.039625
vt 0.199338 0.039250
vt 0.199987 0.038875
vt 0.200637 0.038500
vt 0.201286 0.038125
vt 0.201936 0.037750
vt 0.202585 0.037375
vt 0.203235 0.037000
vt 0.203884 0.036625
vt 0.204534 0.036250
vt 0.205183 0.035875
vt 0.205833 0.035500
vt 0.206482 0.035125
vt 0.207132 0.034750
vt 0.207781 0.034375
vt 0.208431 0.034000
vt 0.209080 0.033625
vt 0.209730 0.033250
vt 0.210379 0.032875
vt 0.211029 0.032500
vt 0.211678 0.032125
vt 0.212328 0.031750
vt 0.212977 0.031375
vt 0.213627 0.031000
vt 0.214276 0.030625
vt 0.214926 0.030250
vt 0.215575 0.029875
vt 0.216225 0.029500
vt 0.216875 0.029125
vt 0.217524 0.028750
vt 0.218174 0.028375
vt 0.218823 0.028000
vt 0.219473 0.027625
vt 0.220122 0.027250
vt 0.220772 0.026875
vt 0.221421 0.026500
vt 0.222071 0.026125
vt 0.222720 0.025750
vt 0.223370 0.025375
vt 0.224019 0.025000
vt 0.224669 0.024625
vt 0.225318 0.024250
vt 0.225968 0.023875
vt 0.226617 0.023500
vt 0.227267 0.023125
vt 0.227916 0.022750
vt 0.228566 0.022375
vt 0.229215 0.022000
vt 0.229865 0.021625
vt 0.230514 0.021250
vt 0.231164 0.020875
vt 0.231813 0.020500
vt 0.232463 0.020125
vt 0.233112 0.019750
vt 0.233762 0.019375
vt 0.234412 0.019000
vt 0.235061 0.018625
vt 0.235711 0.018250
vt 0.236360 0.017875
vt 0.237010 0.017500
vt 0.237659 0.017125
vt 0.238309 0.016750
vt 0.238958 0.016375
vt 0.239608 0.016000
vt 0.240257 0.015625
vt 0.240907 0.015250
vt 0.241556 0.014875
vt 0.242206 0.014500
vt 0.242855 0.014125
vt 0.243505 0.013750
vt 0.244154 0.013375
vt 0.244804 0.013000
vt 0.245453 0.012625
vt 0.246103 0.012250
vt 0.246752 0.011875
vt 0.247402 0.011500
vt 0.248051 0.011125
vt 0.248701 0.010750
vt 0.249350 0.010375
vt 0.250650 0.010375
vt 0.251299 0.010750
vt 0.251949 0.011125
vt 0.252598 0.011500
vt 0.253248 0.011875
vt 0.253897 0.012250
vt 0.254547 0.012625
vt 0.255196 0.013000
vt 0.255846 0.013375
vt 0.256495 0.013750
vt 0.257145 0.014125
vt 0.257794 0.014500
vt 0.258444 0.014875
vt 0.259093 0.015250
vt 0.259743 0.015625
vt 0.260392 0.016000
vt 0.261042 0.016375
vt 0.261691 0.016750
vt 0.262341 0.017125
vt 0.262990 0.017500
vt 0.263640 0.017875
vt 0.264289 0.018250
vt 0.264939 0.018625
vt 0.265588 0.019000
vt 0.266238 0.019375
vt 0.266887 0.019750
vt 0.267537 0.020125
vt 0.268187 0.020500
vt 0.268836 0.020875
vt 0.269486 0.021250
vt 0.270135 0.021625
vt 0.270785 0.022000
vt 0.271434 0.022375
vt 0.272084 0.022750
vt 0.272733 0.023125
vt 0.273383 0.023500
vt 0.274032 0.023875
vt 0.274682 0.024250
vt 0.275331 0.024625
vt 0.275981 0.025000
vt 0.276630 0.025375
vt 0.277280 0.025750
vt 0.277929 0.026125
vt 0.278579 0.026500
vt 0.279228 0.026875
vt 0.279878 0.027250
vt 0.280527 0.027625
vt 0.281177 0.028000
vt 0.281826 0.028375
vt 0.282476 0.028750
vt 0.283125 0.029125
vt 0.283775 0.029500
vt 0.284425 0.029875
vt 0.285074 0.030250
vt 0.285724 0.030625
vt 0.286373 0.031000
vt 0.287023 0.031375
vt 0.287672 0.031750
vt 0.288322 0.032125
vt 0.288971 0.032500
vt 0.289621 0.032875
vt 0.290270 0.033250
vt 0.290920 0.033625
vt 0.291569 0.034000
vt 0.292219 0.034375
vt 0.292868 0.034750
vt 0.293518 0.035125
vt 0.294167 0.035500
vt 0.294817 0.035875
vt 0.295466 0.036250
vt 0.296116 0.036625
vt 0.296765 0.037000
vt 0.297415 0.037375
vt 0.298064 0.037750
vt 0.298714 0.038125
vt 0.299363 0.038500
vt 0.300013 0.038875
vt 0.300663 0.039250
vt 0.301312 0.039625
vt 0.301962 0.040000
vt 0.302611 0.040375
vt 0.303261 0.040750
vt 0.303910 0.041125
vt 0.304560 0.041500
vt 0.305209 0.041875
vt 0.305859 0.042250
vt 0.306508 0.042625
vt 0.307158 0.043000
vt 0.307807 0.043375
vt 0.308457 0.043750
vt 0.309106 0.044125
vt 0.309756 0.044500
vt 0.310405 0.044875
vt 0.311055 0.045250
vt 0.311704 0.045625
vt 0.312354 0.046000
vt 0.313003 0.046375
vt 0.313653 0.046750
vt 0.314302 0.047125
vt 0.314952 0.047500
vt 0.315601 0.047875
vt 0.316251 0.048250
vt 0.316900 0.048625
vt 0.317550 0.049000
vt 0.318200 0.049375
vt 0.318849 0.049750
vt 0.319499 0.050125
vt 0.320148 0.050500
vt 0.320798 0.050875
vt 0.321447 0.051250
vt 0.322097 0.051625
vt 0.322746 0.052000
vt 0.323396 0.052375
vt 0.324045 0.052750
vt 0.324695 0.053125
vt 0.325344 0.053500
vt 0.325994 0.053875
vt 0.326643 0.054250
vt 0.327293 0.054625
vt 0.327942 0.055000
vt 0.328592 0.055375
vt 0.329241 0.055750
vt 0.329891 0.056125
vt 0.330540 0.056500
vt 0.331190 0.056875
vt 0.331839 0.057250
vt 0.332489 0.057625
vt 0.333138 0.058000
vt 0.333788 0.058375
vt 0.334437 0.058750
vt 0.335087 0.059125
vt 0.335737 0.059500
vt 0.336386 0.059875
vt 0.337036 0.060250
vt 0.337685 0.060625
vt 0.338335 0.061000
vt 0.338984 0.061375
vt 0.339634 0.061750
vt 0.340283 0.062125
vt 0.340933 0.062500
vt 0.341582 0.062875
vt 0.342232 0.063250
vt 0.342881 0.063625
vt 0.343531 0.064000
vt 0.344180 0.064375
vt 0.344830 0.064750
vt 0.345479 0.065125
vt 0.346129 0.065500
vt 0.346778 0.065875
vt 0.347428 0.066250
vt 0.348077 0.066625
vt 0.348727 0.067000
vt 0.349376 0.067375
vt 0.350026 0.067750
vt 0.350675 0.068125
vt 0.351325 0.068500
vt 0.351974 0.068875
vt 0.352624 0.069250
vt 0.353274 0.069625
vt 0.353923 0.070000
vt 0.354573 0.070375
vt 0.355222 0.070750
vt 0.355872 0.071125
vt 0.356521 0.071500
vt 0.357171 0.071875
vt 0.357820 0.072250
vt 0.358470 0.072625
vt 0.359119 0.073000
vt 0.359769 0.073375
vt 0.360418 0.073750
vt 0.361068 0.074125
vt 0.361717 0.074500
vt 0.362367 0.074875
vt 0.363016 0.075250
vt 0.363666 0.075625
vt 0.364315 0.076000
vt 0.364965 0.076375
vt 0.365614 0.076750
vt 0.366264 0.077125
vt 0.366913 0.077500
vt 0.367563 0.077875
vt 0.368212 0.078250
vt 0.368862 0.078625
vt 0.369511 0.079000
vt 0.370161 0.079375
vt 0.370811 0.079750
vt 0.371460 0.080125
vt 0.372110 0.080500
vt 0.372759 0.080875
vt 0.373409 0.081250
vt 0.374058 0.081625
vt 0.374708 0.082000
vt 0.375357 0.082375
vt 0.376007 0.082750
vt 0.376656 0.083125
vt 0.377306 0.083500
vt 0.377955 0.083875
vt 0.378605 0.084250
vt 0.379254 0.084625
vt 0.379904 0.085000
vt 0.380553 0.085375
vt 0.381203 0.085750
vt 0.381852 0.086125
vt 0.382502 0.086500
vt 0.383151 0.086875
vt 0.383801 0.087250
vt 0.384450 0.087625
vt 0.385100 0.088000
vt 0.385749 0.088375
vt 0.386399 0.088750
vt 0.387048 0.089125
vt 0.387698 0.089500
vt 0.388348 0.089875
vt 0.388997 0.090250
vt 0.389647 0.090625
vt 0.390296 0.091000
vt 0.390946 0.091375
vt 0.391595 0.091750
vt 0.392245 0.092125
vt 0.392894 0.092500
vt 0.393544 0.092875
vt 0.394193 0.093250
vt 0.394843 0.093625
vt 0.395492 0.094000
vt 0.396142 0.094375
vt 0.396791 0.094750
vt 0.397441 0.095125
vt 0.398090 0.095500
vt 0.398740 0.095875
vt 0.399389 0.096250
vt 0.400039 0.096625
vt 0.400688 0.097000
vt 0.401338 0.097375
vt 0.401987 0.097750
vt 0.402637 0.098125
vt 0.403286 0.098500
vt 0.403936 0.098875
vt 0.404586 0.099250
vt 0.405235 0.099625
vt 0.405885 0.100000
vt 0.406534 0.100375
vt 0.407184 0.100750
vt 0.407833 0.101125
vt 0.408483 0.101500
vt 0.409132 0.101875
vt 0.409782 0.102250
vt 0.410431 0.102625
vt 0.411081 0.103000
vt 0.411730 0.103375
vt 0.412380 0.103750
vt 0.413029 0.104125
vt 0.413679 0.104500
vt 0.414328 0.104875
vt 0.414978 0.105250
vt 0.415627 0.105625
vt 0.416277 0.106000
vt 0.416926 0.106375
vt 0.417576 0.106750
vt 0.418225 0.107125
vt 0.418875 0.107500
vt 0.419524 0.107875
vt 0.420174 0.108250
vt 0.420824 0.108625
vt 0.421473 0.109000
vt 0.422123 0.109375
vt 0.422772 0.109750
vt 0.423422 0.110125
vt 0.424071 0.110500
vt 0.424721 0.110875
vt 0.425370 0.111250
vt 0.426020 0.111625
vt 0.426669 0.112000
vt 0.427319 0.112375
vt 0.427968 0.112750
vt 0.428618 0.113125
vt 0.429267 0.113500
vt 0.429917 0.113875
vt 0.430566 0.114250
vt 0.431216 0.114625
vt 0.431865 0.115000
vt 0.432515 0.115375
vt 0.433164 0.115750
vt 0.433814 0.116125
vt 0.434463 0.116500
vt 0.435113 0.116875
vt 0.435762 0.117250
vt 0.436412 0.117625
vt 0.437061 0.118000
vt 0.437711 0.118375
vt 0.438361 0.118750
vt 0.439010 0.119125
vt 0.439660 0.119500
vt 0.440309 0.119875
vt 0.440959 0.120250
vt 0.441608 0.120625
vt 0.442258 0.121000
vt 0.442907 0.121375
vt 0.443557 0.121750
vt 0.444206 0.122125
vt 0.444856 0.122500
vt 0.445505 0.122875
vt 0.446155 0.123250
vt 0.446804 0.123625
vt 0.447454 0.124000
vt 0.448103 0.124375
vt 0.448753 0.124750
vt 0.449402 0.125125
vt 0.450052 0.125500
vt 0.450701 0.125875
vt 0.451351 0.126250
vt 0.452000 0.126625
vt 0.452650 0.127000
vt 0.453299 0.127375
vt 0.453949 0.127750
vt 0.454598 0.128125
vt 0.455248 0.128500
vt 0.455898 0.128875
vt 0.456547 0.129250
vt 0.457197 0.129625
vt 0.457846 0.130750
vt 0.457846 0.131500
vt 0.457846 0.132250
vt 0.457846 0.133000
vt 0.457846 0.133750
vt 0.457846 0.134500
vt 0.457846 0.135250
vt 0.457846 0.136000
vt 0.457846 0.136750
vt 0.457846 0.137500
vt 0.457846 0.138250
vt 0.457846 0.139000
vt 0.457846 0.139750
vt 0.457846 0.140500
vt 0.457846 0.141250
vt 0.457846 0.142000
vt 0.457846 0.142750
vt 0.457846 0.143500
vt 0.457846 0.144250
vt 0.457846 0.145000
vt 0.457846 0.145750
vt 0.457846 0.146500
vt 0.457846 0.147250
vt 0.457846 0.148000
vt 0.457846 0.148750
vt 0.457846 0.149500
vt 0.457846 0.150250
vt 0.457846 0.151000
vt 0.457846 0.151750
vt 0.457846 0.152500
vt 0.457846 0.153250
vt 0.457846 0.154000
vt 0.457846 0.154750
vt 0.457846 0.155500
vt 0.457846 0.156250
vt 0.457846 0.157000
vt 0.457846 0.157750
vt 0.457846 0.158500
vt 0.457846 0.159250
vt 0.457846 0.160000
vt 0.457846 0.160750
vt 0.457846 0.161500
vt 0.457846 0.162250
vt 0.457846 0.163000
vt 0.457846 0.163750
vt 0.457846 0.164500
vt 0.457846 0.165250
vt 0.457846 0.166000
vt 0.457846 0.166750
vt 0.457846 0.167500
vt 0.457846 0.168250
vt 0.457846 0.169000
vt 0.457846 0.169750
vt 0.457846 0.170500
vt 0.457846 0.171250
vt 0.457846 0.172000
vt 0.457846 0.172750
vt 0.457846 0.173500
vt 0.457846 0.174250
vt 0.457846 0.175000
vt 0.457846 0.175750
vt 0.457846 0.176500
vt 0.457846 0.177250
vt 0.457846 0.178000
vt 0.457846 0.178750
vt 0.457846 0.179500
vt 0.457846 0.180250
vt 0.457846 0.181000
vt 0.457846 0.181750
vt 0.457846 0.182500
vt 0.457846 0.183250
vt 0.457846 0.184000
vt 0.457846 0.184750
vt 0.457846 0.185500
vt 0.457846 0.186250
vt 0.457846 0.187000
vt 0.457846 0.187750
vt 0.457846 0.188500
vt 0.457846 0.189250
vt 0.457846 0.190000
vt 0.457846 0.190750
vt 0.457846 0.191500
vt 0.457846 0.192250
vt 0.457846 0.193000
vt 0.457846 0.193750
vt 0.457846 0.194500
vt 0.457846 0.195250
vt 0.457846 0.196000
vt 0.457846 0.196750
vt 0.457846 0.197500
vt 0.457846 0.198250
vt 0.457846 0.199000
vt 0.457846 0.199750
vt 0.457846 0.200500
vt 0.457846 0.201250
vt 0.457846 0.202000
vt 0.457846 0.202750
vt 0.457846 0.203500
vt 0.457846 0.204250
vt 0.457846 0.205000
vt 0.457846 0.205750
vt 0.457846 0.206500
vt 0.457846 0.207250
vt 0.457846 0.208000
vt 0.457846 0.208750
vt 0.457846 0.209500
vt 0.457846 0.210250
vt 0.457846 0.211000
vt 0.457846 0.211750
vt 0.457846 0.212500
vt 0.457846 0.213250
vt 0.457846 0.214000
vt 0.457846 0.214750
vt 0.457846 0.215500
vt 0.457846 0.216250
vt 0.457846 0.217000
vt 0.457846 0.217750
vt 0.457846 0.218500
vt 0.457846 0.219250
vt 0.457846 0.220000
vt 0.457846 0.220750
vt 0.457846 0.221500
vt 0.457846 0.222250
vt 0.457846 0.223000
vt 0.457846 0.223750
vt 0.457846 0.224500
vt 0.457846 0.225250
vt 0.457846 0.226000
vt 0.457846 0.226750
vt 0.457846 0.227500
vt 0.457846 0.228250
vt 0.457846 0.229000
vt 0.457846 0.229750
vt 0.457846 0.230500
vt 0.457846 0.231250
vt 0.457846 0.232000
vt 0.457846 0.232750
vt 0.457846 0.233500
vt 0.457846 0.234250
vt 0.457846 0.235000
vt 0.457846 0.235750
vt 0.457846 0.236500
vt 0.457846 0.237250
vt 0.457846 0.238000
vt 0.457846 0.238750
vt 0.457846 0.239500
vt 0.457846 0.240250
vt 0.457846 0.241000
vt 0.457846 0.241750
vt 0.457846 0.242500
vt 0.457846 0.243250
vt 0.457846 0.244000
vt 0.457846 0.244750
vt 0.457846 0.245500
vt 0.457846 0.246250
vt 0.457846 0.247000
vt 0.457846 0.247750
vt 0.457846 0.248500
vt 0.457846 0.249250
vt 0.457846 0.250000
vt 0.457846 0.250750
vt 0.457846 0.251500
vt 0.457846 0.252250
vt 0.457846 0.253000
vt 0.457846 0.253750
vt 0.457846 0.254500
vt 0.457846 0.255250
vt 0.457846 0.256000
vt 0.457846 0.256750
vt 0.457846 0.257500
vt 0.457846 0.258250
vt 0.457846 0.259000
vt 0.457846 0.259750
vt 0.457846 0.260500
vt 0.457846 0.261250
vt 0.457846 0.262000
vt 0.457846 0.262750
vt 0.457846 0.263500
vt 0.457846 0.264250
vt 0.457846 0.265000
vt 0.457846 0.265750
vt 0.457846 0.266500
vt 0.457846 0.267250
vt 0.457846 0.268000
vt 0.457846 0.268750
vt 0.457846 0.269500
vt 0.457846 0.270250
vt 0.457846 0.271000
vt 0.457846 0.271750
vt 0.457846 0.272500
vt 0.457846 0.273250
vt 0.457846 0.274000
vt 0.457846 0.274750
vt 0.457846 0.275500
vt 0.457846 0.276250
vt 0.457846 0.277000
vt 0.457846 0.277750
vt 0.457846 0.278500
vt 0.457846 0.279250
vt 0.457846 0.280000
vt 0.457846 0.280750
vt 0.457846 0.281500
vt 0.457846 0.282250
vt 0.457846 0.283000
vt 0.457846 0.283750
vt 0.457846 0.284500
vt 0.457846 0.285250
vt 0.457846 0.286000
vt 0.457846 0.286750
vt 0.457846 0.287500
vt 0.457846 0.288250
vt 0.457846 0.289000
vt 0.457846 0.289750
vt 0.457846 0.290500
vt 0.457846 0.291250
vt 0.457846 0.292000
vt 0.457846 0.292750
vt 0.457846 0.293500
vt 0.457846 0.294250
vt 0.457846 0.295000
vt 0.457846 0.295750
vt 0.457846 0.296500
vt 0.457846 0.297250
vt 0.457846 0.298000
vt 0.457846 0.298750
vt 0.457846 0.299500
vt 0.457846 0.300250
vt 0.457846 0.301000
vt 0.457846 0.301750
vt 0.457846 0.302500
vt 0.457846 0.303250
vt 0.457846 0.304000
vt 0.457846 0.304750
vt 0.457846 0.305500
vt 0.457846 0.306250
vt 0.457846 0.307000
vt 0.457846 0.307750
vt 0.457846 0.308500
vt 0.457846 0.309250
vt 0.457846 0.310000
vt 0.457846 0.310750
vt 0.457846 0.311500
vt 0.457846 0.312250
vt 0.457846 0.313000
vt 0.457846 0.313750
vt 0.457846 0.314500
vt 0.457846 0.315250
vt 0.457846 0.316000
vt 0.457846 0.316750
vt 0.457846 0.317500
vt 0.457846 0.318250
vt 0.457846 0.319000
vt 0.457846 0.319750
vt 0.457846 0.320500
vt 0.457846 0.321250
vt 0.457846 0.322000
vt 0.457846 0.322750
vt 0.457846 0.323500
vt 0.457846 0.324250
vt 0.457846 0.325000
vt 0.457846 0.325750
vt 0.457846 0.326500
vt 0.457846 0.327250
vt 0.457846 0.328000
vt 0.457846 0.328750
vt 0.457846 0.329500
vt 0.457846 0.330250
vt 0.457846 0.331000
vt 0.457846 0.331750
vt 0.457846 0.332500
vt 0.457846 0.333250
vt 0.457846 0.334000
vt 0.457846 0.334750
vt 0.457846 0.335500
vt 0.457846 0.336250
vt 0.457846 0.337000
vt 0.457846 0.337750
vt 0.457846 0.338500
vt 0.457846 0.339250
vt 0.457846 0.340000
vt 0.457846 0.340750
vt 0.457846 0.341500
vt 0.457846 0.342250
vt 0.457846 0.343000
vt 0.457846 0.343750
vt 0.457846 0.344500
vt 0.457846 0.345250
vt 0.457846 0.346000
vt 0.457846 0.346750
vt 0.457846 0.347500
vt 0.457846 0.348250
vt 0.457846 0.349000
vt 0.457846 0.349750
vt 0.457846 0.350500
vt 0.457846 0.351250
vt 0.457846 0.352000
vt 0.457846 0.352750
vt 0.457846 0.353500
vt 0.457846 0.354250
vt 0.457846 0.355000
vt 0.457846 0.355750
vt 0.457846 0.356500
vt 0.457846 0.357250
vt 0.457846 0.358000
vt 0.457846 0.358750
vt 0.457846 0.359500
vt 0.457846 0.360250
vt 0.457846 0.361000
vt 0.457846 0.361750
vt 0.457846 0.362500
vt 0.457846 0.363250
vt 0.457846 0.364000
vt 0.457846 0.364750
vt 0.457846 0.365500
vt 0.457846 0.366250
vt 0.457846 0.367000
vt 0.457846 0.367750
vt 0.457846 0.368500
vt 0.457846 0.369250
vt 0.236979 1.000000
vt 0.237500 1.000000
vt 0.666146 1.000000
vt 0.665625 1.000000
vt 0.665104 1.000000
vt 0.664583 1.000000
vt 0.664062 1.000000
vt 0.663542 1.000000
vt 0.663021 1.000000
vt 0.662500 1.000000
vt 0.661979 1.000000
vt 0.661458 1.000000
vt 0.660937 1.000000
vt 0.660417 1.000000
vt 0.659896 1.000000
vt 0.659375 1.000000
vt 0.658854 1.000000
vt 0.658333 1.000000
vt 0.657812 1.000000
vt 0.657292 1.000000
vt 0.656771 1.000000
vt 0.656250 1.000000
vt 0.655729 1.000000
vt 0.655208 1.000000
vt 0.654688 1.000000
vt 0.654167 1.000000
vt 0.653646 1.000000
vt 0.653125 1.000000
vt 0.652604 1.000000
vt 0.652083 1.000000
vt 0.651562 1.000000
vt 0.651042 1.000000
vt 0.650521 1.000000
vt 0.650000 1.000000
vt 0.649479 1.000000
vt 0.648958 1.000000
vt 0.648438 1.000000
vt 0.647917 1.000000
vt 0.647396 1.000000
vt 0.646875 1.000000
vt 0.646354 1.000000
vt 0.645833 1.000000
vt 0.645312 1.000000
vt 0.644792 1.000000
vt 0.644271 1.000000
vt 0.643750 1.000000
vt 0.643229 1.000000
vt 0.642708 1.000000
vt 0.642187 1.000000
vt 0.641667 1.000000
vt 0.641146 1.000000
vt 0.640625 1.000000
vt 0.640104 1.000000
vt 0.639583 1.000000
vt 0.639063 1.000000
vt 0.638542 1.000000
vt 0.638021 1.000000
vt 0.637500 1.000000
vt 0.636979 1.000000
vt 0.636458 1.000000
vt 0.635937 1.000000
vt 0.635417 1.000000
vt 0.634896 1.000000
vt 0.634375 1.000000
vt 0.633854 1.000000
vt 0.633333 1.000000
vt 0.632812 1.000000
vt 0.632292 1.000000
vt 0.631771 1.000000
vt 0.631250 1.000000
vt 0.630729 1.000000
vt 0.630208 1.000000
vt 0.629687 1.000000
vt 0.629167 1.000000
vt 0.628646 1.000000
vt 0.628125 1.000000
vt 0.627604 1.000000
vt 0.627083 1.000000
vt 0.626562 1.000000
vt 0.626042 1.000000
vt 0.625521 1.000000
vt 0.625000 1.000000
vt 0.624479 1.000000
vt 0.623958 1.000000
vt 0.623437 1.000000
vt 0.622917 1.000000
vt 0.622396 1.000000
vt 0.621875 1.000000
vt 0.621354 1.000000
vt 0.620833 1.000000
vt 0.620312 1.000000
vt 0.619792 1.000000
vt 0.619271 1.000000
vt 0.618750 1.000000
vt 0.618229 1.000000
vt 0.617708 1.000000
vt 0.617187 1.000000
vt 0.616667 1.000000
vt 0.616146 1.000000
vt 0.615625 1.000000
vt 0.615104 1.000000
vt 0.614583 1.000000
vt 0.614062 1.000000
vt 0.613542 1.000000
vt 0.613021 1.000000
vt 0.612500 1.000000
vt 0.611979 1.000000
vt 0.611458 1.000000
vt 0.610937 1.000000
vt 0.610417 1.000000
vt 0.609896 1.000000
vt 0.609375 1.000000
vt 0.608854 1.000000
vt 0.608333 1.000000
vt 0.607812 1.000000
vt 0.607292 1.000000
vt 0.606771 1.000000
vt 0.606250 1.000000
vt 0.605729 1.000000
vt 0.605208 1.000000
vt 0.604687 1.000000
vt 0.604167 1.000000
vt 0.603646 1.000000
vt 0.603125 1.000000
vt 0.602604 1.000000
vt 0.602083 1.000000
vt 0.601562 1.000000
vt 0.601042 1.000000
vt 0.600521 1.000000
vt 0.600000 1.000000
vt 0.599479 1.000000
vt 0.598958 1.000000
vt 0.598437 1.000000
vt 0.597917 1.000000
vt 0.597396 1.000000
vt 0.596875 1.000000
vt 0.596354 1.000000
vt 0.595833 1.000000
vt 0.595312 1.000000
vt 0.594792 1.000000
vt 0.594271 1.000000
vt 0.593750 1.000000
vt 0.593229 1.000000
vt 0.592708 1.000000
vt 0.592187 1.000000
vt 0.591667 1.000000
vt 0.591146 1.000000
vt 0.590625 1.000000
vt 0.590104 1.000000
vt 0.589583 1.000000
vt 0.589062 1.000000
vt 0.588542 1.000000
vt 0.588021 1.000000
vt 0.587500 1.000000
vt 0.586979 1.000000
vt 0.586458 1.000000
vt 0.585937 1.000000
vt 0.585417 1.000000
vt 0.584896 1.000000
vt 0.584375 1.000000
vt 0.583854 1.000000
vt 0.583333 1.000000
vt 0.582812 1.000000
vt 0.582292 1.000000
vt 0.581771 1.000000
vt 0.581250 1.000000
vt 0.580729 1.000000
vt 0.580208 1.000000
vt 0.579687 1.000000
vt 0.579167 1.000000
vt 0.578646 1.000000
vt 0.578125 1.000000
vt 0.577604 1.000000
vt 0.577083 1.000000
vt 0.576562 1.000000
vt 0.576042 1.000000
vt 0.575521 1.000000
vt 0.575000 1.000000
vt 0.574479 1.000000
vt 0.573958 1.000000
vt 0.573437 1.000000
vt 0.572917 1.000000
vt 0.572396 1.000000
vt 0.571875 1.000000
vt 0.571354 1.000000
vt 0.570833 1.000000
vt 0.570312 1.000000
vt 0.569792 1.000000
vt 0.569271 1.000000
vt 0.568750 1.000000
vt 0.568229 1.000000
vt 0.567708 1.000000
vt 0.567187 1.000000
vt 0.566667 1.000000
vt 0.566146 1.000000
vt 0.565625 1.000000
vt 0.565104 1.000000
vt 0.564583 1.000000
vt 0.564062 1.000000
vt 0.563542 1.000000
vt 0.563021 1.000000
vt 0.562500 1.000000
vt 0.561979 1.000000
vt 0.561458 1.000000
vt 0.560937 1.000000
vt 0.560417 1.000000
vt 0.559896 1.000000
vt 0.559375 1.000000
vt 0.558854 1.000000
vt 0.558333 1.000000
vt 0.557812 1.000000
vt 0.557292 1.000000
vt 0.556771 1.000000
vt 0.556250 1.000000
vt 0.555729 1.000000
vt 0.555208 1.000000
vt 0.554688 1.000000
vt 0.554167 1.000000
vt 0.552604 1.000000
vt 0.552083 1.000000
vt 0.551562 1.000000
vt 0.551042 1.000000
vt 0.550521 1.000000
vt 0.550000 1.000000
vt 0.549479 1.000000
vt 0.548958 1.000000
vt 0.548437 1.000000
vt 0.547917 1.000000
vt 0.547396 1.000000
vt 0.546875 1.000000
vt 0.546354 1.000000
vt 0.545833 1.000000
vt 0.545312 1.000000
vt 0.544792 1.000000
vt 0.544271 1.000000
vt 0.543750 1.000000
vt 0.543229 1.000000
vt 0.542708 1.000000
vt 0.542187 1.000000
vt 0.541667 1.000000
vt 0.541146 1.000000
vt 0.540625 1.000000
vt 0.540104 1.000000
vt 0.539583 1.000000
vt 0.539062 1.000000
vt 0.538542 1.000000
vt 0.538021 1.000000
vt 0.537500 1.000000
vt 0.536979 1.000000
vt 0.536458 1.000000
vt 0.535937 1.000000
vt 0.535417 1.000000
vt 0.534896 1.000000
vt 0.534375 1.000000
vt 0.533854 1.000000
vt 0.533333 1.000000
vt 0.532812 1.000000
vt 0.532292 1.000000
vt 0.531771 1.000000
vt 0.531250 1.000000
vt 0.530729 1.000000
vt 0.530208 1.000000
vt 0.529688 1.000000
vt 0.529167 1.000000
vt 0.528646 1.000000
vt 0.528125 1.000000
vt 0.527604 1.000000
vt 0.527083 1.000000
vt 0.526562 1.000000
vt 0.526042 1.000000
vt 0.525521 1.000000
vt 0.525000 1.000000
vt 0.524479 1.000000
vt 0.523958 1.000000
vt 0.523438 1.000000
vt 0.522917 1.000000
vt 0.522396 1.000000
vt 0.521875 1.000000
vt 0.521354 1.000000
vt 0.520833 1.000000
vt 0.520312 1.000000
vt 0.519792 1.000000
vt 0.519271 1.000000
vt 0.518750 1.000000
vt 0.518229 1.000000
vt 0.517708 1.000000
vt 0.517187 1.000000
vt 0.516667 1.000000
vt 0.516146 1.000000
vt 0.515625 1.000000
vt 0.515104 1.000000
vt 0.514583 1.000000
vt 0.514062 1.000000
vt 0.513542 1.000000
vt 0.513021 1.000000
vt 0.512500 1.000000
vt 0.511979 1.000000
vt 0.511458 1.000000
vt 0.510937 1.000000
vt 0.510417 1.000000
vt 0.509896 1.000000
vt 0.509375 1.000000
vt 0.508854 1.000000
vt 0.508333 1.000000
vt 0.507812 1.000000
vt 0.507292 1.000000
vt 0.506771 1.000000
vt 0.506250 1.000000
vt 0.505729 1.000000
vt 0.505208 1.000000
vt 0.504687 1.000000
vt 0.504167 1.000000
vt 0.503646 1.000000
vt 0.503125 1.000000
vt 0.502604 1.000000
vt 0.502083 1.000000
vt 0.501562 1.000000
vt 0.501042 1.000000
vt 0.500521 1.000000
vt 0.832812 1.000000
vt 0.832292 1.000000
vt 0.831771 1.000000
vt 0.831250 1.000000
vt 0.830729 1.000000
vt 0.830208 1.000000
vt 0.829687 1.000000
vt 0.829167 1.000000
vt 0.828646 1.000000
vt 0.828125 1.000000
vt 0.827604 1.000000
vt 0.827083 1.000000
vt 0.826563 1.000000
vt 0.826042 1.000000
vt 0.825521 1.000000
vt 0.825000 1.000000
vt 0.824479 1.000000
vt 0.823958 1.000000
vt 0.823437 1.000000
vt 0.822917 1.000000
vt 0.822396 1.000000
vt 0.821875 1.000000
vt 0.821354 1.000000
vt 0.820833 1.000000
vt 0.820312 1.000000
vt 0.819792 1.000000
vt 0.819271 1.000000
vt 0.818750 1.000000
vt 0.818229 1.000000
vt 0.817708 1.000000
vt 0.817188 1.000000
vt 0.816667 1.000000
vt 0.816146 1.000000
vt 0.815625 1.000000
vt 0.815104 1.000000
vt 0.814583 1.000000
vt 0.814062 1.000000
vt 0.813542 1.000000
vt 0.813021 1.000000
vt 0.812500 1.000000
vt 0.811979 1.000000
vt 0.811458 1.000000
vt 0.810938 1.000000
vt 0.810417 1.000000
vt 0.809896 1.000000
vt 0.809375 1.000000
vt 0.808854 1.000000
vt 0.808333 1.000000
vt 0.807812 1.000000
vt 0.807292 1.000000
vt 0.806771 1.000000
vt 0.806250 1.000000
vt 0.805729 1.000000
vt 0.805208 1.000000
vt 0.804688 1.000000
vt 0.804167 1.000000
vt 0.803646 1.000000
vt 0.803125 1.000000
vt 0.802604 1.000000
vt 0.802083 1.000000
vt 0.801563 1.000000
vt 0.801042 1.000000
vt 0.800521 1.000000
vt 0.800000 1.000000
vt 0.799479 1.000000
vt 0.798958 1.000000
vt 0.798437 1.000000
vt 0.797917 1.000000
vt 0.797396 1.000000
vt 0.796875 1.000000
vt 0.796354 1.000000
vt 0.795833 1.000000
vt 0.795313 1.000000
vt 0.794792 1.000000
vt 0.794271 1.000000
vt 0.793750 1.000000
vt 0.793229 1.000000
vt 0.792708 1.000000
vt 0.792187 1.000000
vt 0.791667 1.000000
vt 0.791146 1.000000
vt 0.790625 1.000000
vt 0.790104 1.000000
vt 0.789583 1.000000
vt 0.789062 1.000000
vt 0.788542 1.000000
vt 0.788021 1.000000
vt 0.787500 1.000000
vt 0.786979 1.000000
vt 0.786458 1.000000
vt 0.785937 1.000000
vt 0.785417 1.000000
vt 0.784896 1.000000
vt 0.784375 1.000000
vt 0.783854 1.000000
vt 0.783333 1.000000
vt 0.782812 1.000000
vt 0.782292 1.000000
vt 0.781771 1.000000
vt 0.781250 1.000000
vt 0.780729 1.000000
vt 0.780208 1.000000
vt 0.779688 1.000000
vt 0.779167 1.000000
vt 0.778646 1.000000
vt 0.778125 1.000000
vt 0.777604 1.000000
vt 0.777083 1.000000
vt 0.776562 1.000000
vt 0.776042 1.000000
vt 0.775521 1.000000
vt 0.775000 1.000000
vt 0.774479 1.000000
vt 0.773958 1.000000
vt 0.773438 1.000000
vt 0.772917 1.000000
vt 0.772396 1.000000
vt 0.771875 1.000000
vt 0.771354 1.000000
vt 0.770833 1.000000
vt 0.770312 1.000000
vt 0.769792 1.000000
vt 0.769271 1.000000
vt 0.768750 1.000000
vt 0.768229 1.000000
vt 0.767708 1.000000
vt 0.767187 1.000000
vt 0.766667 1.000000
vt 0.766146 1.000000
vt 0.765625 1.000000
vt 0.765104 1.000000
vt 0.764583 1.000000
vt 0.764063 1.000000
vt 0.763542 1.000000
vt 0.763021 1.000000
vt 0.762500 1.000000
vt 0.761979 1.000000
vt 0.761458 1.000000
vt 0.760937 1.000000
vt 0.760417 1.000000
vt 0.759896 1.000000
vt 0.759375 1.000000
vt 0.758854 1.000000
vt 0.758333 1.000000
vt 0.757812 1.000000
vt 0.757292 1.000000
vt 0.756771 1.000000
vt 0.756250 1.000000
vt 0.755729 1.000000
vt 0.755208 1.000000
vt 0.754688 1.000000
vt 0.754167 1.000000
vt 0.753646 1.000000
vt 0.753125 1.000000
vt 0.752604 1.000000
vt 0.752083 1.000000
vt 0.750521 1.000000
vt 0.750000 1.000000
vt 0.749479 1.000000
vt 0.748958 1.000000
vt 0.748438 1.000000
vt 0.747917 1.000000
vt 0.747396 1.000000
vt 0.746875 1.000000
vt 0.746354 1.000000
vt 0.745833 1.000000
vt 0.745312 1.000000
vt 0.744792 1.000000
vt 0.744271 1.000000
vt 0.743750 1.000000
vt 0.743229 1.000000
vt 0.742708 1.000000
vt 0.742188 1.000000
vt 0.741667 1.000000
vt 0.741146 1.000000
vt 0.740625 1.000000
vt 0.740104 1.000000
vt 0.739583 1.000000
vt 0.739063 1.000000
vt 0.738542 1.000000
vt 0.738021 1.000000
vt 0.737500 1.000000
vt 0.736979 1.000000
vt 0.736458 1.000000
vt 0.735937 1.000000
vt 0.735417 1.000000
vt 0.734896 1.000000
vt 0.734375 1.000000
vt 0.733854 1.000000
vt 0.733333 1.000000
vt 0.732813 1.000000
vt 0.732292 1.000000
vt 0.731771 1.000000
vt 0.731250 1.000000
vt 0.730729 1.000000
vt 0.730208 1.000000
vt 0.729688 1.000000
vt 0.729167 1.000000
vt 0.728646 1.000000
vt 0.728125 1.000000
vt 0.727604 1.000000
vt 0.727083 1.000000
vt 0.726562 1.000000
vt 0.726042 1.000000
vt 0.725521 1.000000
vt 0.725000 1.000000
vt 0.724479 1.000000
vt 0.723958 1.000000
vt 0.723438 1.000000
vt 0.722917 1.000000
vt 0.722396 1.000000
vt 0.721875 1.000000
vt 0.721354 1.000000
vt 0.720833 1.000000
vt 0.720312 1.000000
vt 0.719792 1.000000
vt 0.719271 1.000000
vt 0.718750 1.000000
vt 0.718229 1.000000
vt 0.717708 1.000000
vt 0.717188 1.000000
vt 0.716667 1.000000
vt 0.716146 1.000000
vt 0.715625 1.000000
vt 0.715104 1.000000
vt 0.714583 1.000000
vt 0.714062 1.000000
vt 0.713542 1.000000
vt 0.713021 1.000000
vt 0.712500 1.000000
vt 0.711979 1.000000
vt 0.711458 1.000000
vt 0.710938 1.000000
vt 0.710417 1.000000
vt 0.709896 1.000000
vt 0.709375 1.000000
vt 0.708854 1.000000
vt 0.708333 1.000000
vt 0.707812 1.000000
vt 0.707292 1.000000
vt 0.706771 1.000000
vt 0.706250 1.000000
vt 0.705729 1.000000
vt 0.705208 1.000000
vt 0.704687 1.000000
vt 0.704167 1.000000
vt 0.703646 1.000000
vt 0.703125 1.000000
vt 0.702604 1.000000
vt 0.702083 1.000000
vt 0.701562 1.000000
vt 0.701042 1.000000
vt 0.700521 1.000000
vt 0.700000 1.000000
vt 0.699479 1.000000
vt 0.698958 1.000000
vt 0.698437 1.000000
vt 0.697917 1.000000
vt 0.697396 1.000000
vt 0.696875 1.000000
vt 0.696354 1.000000
vt 0.695833 1.000000
vt 0.695312 1.000000
vt 0.694792 1.000000
vt 0.694271 1.000000
vt 0.693750 1.000000
vt 0.693229 1.000000
vt 0.692708 1.000000
vt 0.692187 1.000000
vt 0.691667 1.000000
vt 0.691146 1.000000
vt 0.690625 1.000000
vt 0.690104 1.000000
vt 0.689583 1.000000
vt 0.689062 1.000000
vt 0.688542 1.000000
vt 0.688021 1.000000
vt 0.687500 1.000000
vt 0.686979 1.000000
vt 0.686458 1.000000
vt 0.685937 1.000000
vt 0.685417 1.000000
vt 0.684896 1.000000
vt 0.684375 1.000000
vt 0.683854 1.000000
vt 0.683333 1.000000
vt 0.682812 1.000000
vt 0.682292 1.000000
vt 0.681771 1.000000
vt 0.681250 1.000000
vt 0.680729 1.000000
vt 0.680208 1.000000
vt 0.679688 1.000000
vt 0.679167 1.000000
vt 0.678646 1.000000
vt 0.678125 1.000000
vt 0.677604 1.000000
vt 0.677083 1.000000
vt 0.676562 1.000000
vt 0.676042 1.000000
vt 0.675521 1.000000
vt 0.675000 1.000000
vt 0.674479 1.000000
vt 0.673958 1.000000
vt 0.673437 1.000000
vt 0.672917 1.000000
vt 0.672396 1.000000
vt 0.671875 1.000000
vt 0.671354 1.000000
vt 0.670833 1.000000
vt 0.670312 1.000000
vt 0.669792 1.000000
vt 0.669271 1.000000
vt 0.668750 1.000000
vt 0.668229 1.000000
vt 0.667708 1.000000
vt 0.667187 1.000000
vt 0.999479 1.000000
vt 0.998958 1.000000
vt 0.998438 1.000000
vt 0.997917 1.000000
vt 0.997396 1.000000
vt 0.996875 1.000000
vt 0.996354 1.000000
vt 0.995833 1.000000
vt 0.995312 1.000000
vt 0.994792 1.000000
vt 0.994271 1.000000
vt 0.993750 1.000000
vt 0.993229 1.000000
vt 0.992708 1.000000
vt 0.992188 1.000000
vt 0.991667 1.000000
vt 0.991146 1.000000
vt 0.990625 1.000000
vt 0.990104 1.000000
vt 0.989583 1.000000
vt 0.989062 1.000000
vt 0.988542 1.000000
vt 0.988021 1.000000
vt 0.987500 1.000000
vt 0.986979 1.000000
vt 0.986458 1.000000
vt 0.985937 1.000000
vt 0.985417 1.000000
vt 0.984896 1.000000
vt 0.984375 1.000000
vt 0.983854 1.000000
vt 0.983333 1.000000
vt 0.982812 1.000000
vt 0.982292 1.000000
vt 0.981771 1.000000
vt 0.981250 1.000000
vt 0.980729 1.000000
vt 0.980208 1.000000
vt 0.979687 1.000000
vt 0.979167 1.000000
vt 0.978646 1.000000
vt 0.978125 1.000000
vt 0.977604 1.000000
vt 0.977083 1.000000
vt 0.976562 1.000000
vt 0.976042 1.000000
vt 0.975521 1.000000
vt 0.975000 1.000000
vt 0.974479 1.000000
vt 0.973958 1.000000
vt 0.973437 1.000000
vt 0.972917 1.000000
vt 0.972396 1.000000
vt 0.971875 1.000000
vt 0.971354 1.000000
vt 0.970833 1.000000
vt 0.970312 1.000000
vt 0.969792 1.000000
vt 0.969271 1.000000
vt 0.968750 1.000000
vt 0.968229 1.000000
vt 0.967708 1.000000
vt 0.967188 1.000000
vt 0.966667 1.000000
vt 0.966146 1.000000
vt 0.965625 1.000000
vt 0.965104 1.000000
vt 0.964583 1.000000
vt 0.964062 1.000000
vt 0.963542 1.000000
vt 0.963021 1.000000
vt 0.962500 1.000000
vt 0.961979 1.000000
vt 0.961458 1.000000
vt 0.960938 1.000000
vt 0.960417 1.000000
vt 0.959896 1.000000
vt 0.959375 1.000000
vt 0.958854 1.000000
vt 0.958333 1.000000
vt 0.957812 1.000000
vt 0.957292 1.000000
vt 0.956771 1.000000
vt 0.956250 1.000000
vt 0.955729 1.000000
vt 0.955208 1.000000
vt 0.954687 1.000000
vt 0.954167 1.000000
vt 0.953646 1.000000
vt 0.953125 1.000000
vt 0.952604 1.000000
vt 0.952083 1.000000
vt 0.951562 1.000000
vt 0.951042 1.000000
vt 0.950521 1.000000
vt 0.950000 1.000000
vt 0.949479 1.000000
vt 0.948958 1.000000
vt 0.948437 1.000000
vt 0.947917 1.000000
vt 0.947396 1.000000
vt 0.946875 1.000000
vt 0.946354 1.000000
vt 0.945833 1.000000
vt 0.945312 1.000000
vt 0.944792 1.000000
vt 0.944271 1.000000
vt 0.943750 1.000000
vt 0.943229 1.000000
vt 0.942708 1.000000
vt 0.942187 1.000000
vt 0.941667 1.000000
vt 0.941146 1.000000
vt 0.940625 1.000000
vt 0.940104 1.000000
vt 0.939583 1.000000
vt 0.939062 1.000000
vt 0.938542 1.000000
vt 0.938021 1.000000
vt 0.937500 1.000000
vt 0.936979 1.000000
vt 0.936458 1.000000
vt 0.935937 1.000000
vt 0.935417 1.000000
vt 0.934896 1.000000
vt 0.934375 1.000000
vt 0.933854 1.000000
vt 0.933333 1.000000
vt 0.932812 1.000000
vt 0.932292 1.000000
vt 0.931771 1.000000
vt 0.931250 1.000000
vt 0.930729 1.000000
vt 0.930208 1.000000
vt 0.929688 1.000000
vt 0.929167 1.000000
vt 0.928646 1.000000
vt 0.928125 1.000000
vt 0.927604 1.000000
vt 0.927083 1.000000
vt 0.926562 1.000000
vt 0.926042 1.000000
vt 0.925521 1.000000
vt 0.925000 1.000000
vt 0.924479 1.000000
vt 0.923958 1.000000
vt 0.923437 1.000000
vt 0.922917 1.000000
vt 0.922396 1.000000
vt 0.921875 1.000000
vt 0.921354 1.000000
vt 0.920833 1.000000
vt 0.920312 1.000000
vt 0.919792 1.000000
vt 0.919271 1.000000
vt 0.918750 1.000000
vt 0.918229 1.000000
vt 0.917708 1.000000
vt 0.917187 1.000000
vt 0.916667 1.000000
vt 0.916146 1.000000
vt 0.915625 1.000000
vt 0.915104 1.000000
vt 0.914583 1.000000
vt 0.914062 1.000000
vt 0.913542 1.000000
vt 0.913021 1.000000
vt 0.912500 1.000000
vt 0.911979 1.000000
vt 0.911458 1.000000
vt 0.910937 1.000000
vt 0.910417 1.000000
vt 0.909896 1.000000
vt 0.909375 1.000000
vt 0.908854 1.000000
vt 0.908333 1.000000
vt 0.907812 1.000000
vt 0.907292 1.000000
vt 0.906771 1.000000
vt 0.906250 1.000000
vt 0.905729 1.000000
vt 0.905208 1.000000
vt 0.904688 1.000000
vt 0.904167 1.000000
vt 0.903646 1.000000
vt 0.903125 1.000000
vt 0.902604 1.000000
vt 0.902083 1.000000
vt 0.901562 1.000000
vt 0.901042 1.000000
vt 0.900521 1.000000
vt 0.900000 1.000000
vt 0.899479 1.000000
vt 0.898958 1.000000
vt 0.898438 1.000000
vt 0.897917 1.000000
vt 0.897396 1.000000
vt 0.896875 1.000000
vt 0.896354 1.000000
vt 0.895833 1.000000
vt 0.895312 1.000000
vt 0.894792 1.000000
vt 0.894271 1.000000
vt 0.893750 1.000000
vt 0.893229 1.000000
vt 0.892708 1.000000
vt 0.892187 1.000000
vt 0.891667 1.000000
vt 0.891146 1.000000
vt 0.890625 1.000000
vt 0.890104 1.000000
vt 0.889583 1.000000
vt 0.889063 1.000000
vt 0.888542 1.000000
vt 0.888021 1.000000
vt 0.887500 1.000000
vt 0.886979 1.000000
vt 0.886458 1.000000
vt 0.885937 1.000000
vt 0.885417 1.000000
vt 0.884896 1.000000
vt 0.884375 1.000000
vt 0.883854 1.000000
vt 0.883333 1.000000
vt 0.882812 1.000000
vt 0.882292 1.000000
vt 0.881771 1.000000
vt 0.881250 1.000000
vt 0.880729 1.000000
vt 0.880208 1.000000
vt 0.879688 1.000000
vt 0.879167 1.000000
vt 0.878646 1.000000
vt 0.878125 1.000000
vt 0.877604 1.000000
vt 0.877083 1.000000
vt 0.876562 1.000000
vt 0.876042 1.000000
vt 0.875521 1.000000
vt 0.875000 1.000000
vt 0.874479 1.000000
vt 0.873958 1.000000
vt 0.873438 1.000000
vt 0.872917 1.000000
vt 0.872396 1.000000
vt 0.871875 1.000000
vt 0.871354 1.000000
vt 0.870833 1.000000
vt 0.870312 1.000000
vt 0.869792 1.000000
vt 0.869271 1.000000
vt 0.868750 1.000000
vt 0.868229 1.000000
vt 0.867708 1.000000
vt 0.867188 1.000000
vt 0.866667 1.000000
vt 0.866146 1.000000
vt 0.865625 1.000000
vt 0.865104 1.000000
vt 0.864583 1.000000
vt 0.864063 1.000000
vt 0.863542 1.000000
vt 0.863021 1.000000
vt 0.862500 1.000000
vt 0.861979 1.000000
vt 0.861458 1.000000
vt 0.860937 1.000000
vt 0.860417 1.000000
vt 0.859896 1.000000
vt 0.859375 1.000000
vt 0.858854 1.000000
vt 0.858333 1.000000
vt 0.857813 1.000000
vt 0.857292 1.000000
vt 0.856771 1.000000
vt 0.856250 1.000000
vt 0.855729 1.000000
vt 0.855208 1.000000
vt 0.854688 1.000000
vt 0.854167 1.000000
vt 0.853646 1.000000
vt 0.853125 1.000000
vt 0.852604 1.000000
vt 0.852083 1.000000
vt 0.851562 1.000000
vt 0.851042 1.000000
vt 0.850521 1.000000
vt 0.850000 1.000000
vt 0.849479 1.000000
vt 0.848958 1.000000
vt 0.848438 1.000000
vt 0.847917 1.000000
vt 0.847396 1.000000
vt 0.846875 1.000000
vt 0.846354 1.000000
vt 0.845833 1.000000
vt 0.845312 1.000000
vt 0.844792 1.000000
vt 0.844271 1.000000
vt 0.843750 1.000000
vt 0.843229 1.000000
vt 0.842708 1.000000
vt 0.842188 1.000000
vt 0.841667 1.000000
vt 0.841146 1.000000
vt 0.840625 1.000000
vt 0.840104 1.000000
vt 0.839583 1.000000
vt 0.839062 1.000000
vt 0.838542 1.000000
vt 0.838021 1.000000
vt 0.837500 1.000000
vt 0.836979 1.000000
vt 0.836458 1.000000
vt 0.835938 1.000000
vt 0.835417 1.000000
vt 0.834896 1.000000
vt 0.834375 1.000000
vt 0.833854 1.000000
vt 0.166146 1.000000
vt 0.165625 1.000000
vt 0.165104 1.000000
vt 0.164583 1.000000
vt 0.164062 1.000000
vt 0.163542 1.000000
vt 0.163021 1.000000
vt 0.162500 1.000000
vt 0.161979 1.000000
vt 0.161458 1.000000
vt 0.160937 1.000000
vt 0.160417 1.000000
vt 0.159896 1.000000
vt 0.159375 1.000000
vt 0.158854 1.000000
vt 0.158333 1.000000
vt 0.157812 1.000000
vt 0.157292 1.000000
vt 0.156771 1.000000
vt 0.156250 1.000000
vt 0.155729 1.000000
vt 0.155208 1.000000
vt 0.154687 1.000000
vt 0.154167 1.000000
vt 0.153646 1.000000
vt 0.153125 1.000000
vt 0.152604 1.000000
vt 0.152083 1.000000
vt 0.151562 1.000000
vt 0.151042 1.000000
vt 0.150521 1.000000
vt 0.150000 1.000000
vt 0.149479 1.000000
vt 0.148958 1.000000
vt 0.148437 1.000000
vt 0.147917 1.000000
vt 0.147396 1.000000
vt 0.146875 1.000000
vt 0.146354 1.000000
vt 0.145833 1.000000
vt 0.145312 1.000000
vt 0.144792 1.000000
vt 0.144271 1.000000
vt 0.143750 1.000000
vt 0.143229 1.000000
vt 0.142708 1.000000
vt 0.142187 1.000000
vt 0.141667 1.000000
vt 0.141146 1.000000
vt 0.140625 1.000000
vt 0.140104 1.000000
vt 0.139583 1.000000
vt 0.139062 1.000000
vt 0.138542 1.000000
vt 0.138021 1.000000
vt 0.137500 1.000000
vt 0.136979 1.000000
vt 0.136458 1.000000
vt 0.135937 1.000000
vt 0.135417 1.000000
vt 0.134896 1.000000
vt 0.134375 1.000000
vt 0.133854 1.000000
vt 0.133333 1.000000
vt 0.132812 1.000000
vt 0.132292 1.000000
vt 0.131771 1.000000
vt 0.131250 1.000000
vt 0.130729 1.000000
vt 0.130208 1.000000
vt 0.129687 1.000000
vt 0.129167 1.000000
vt 0.128646 1.000000
vt 0.128125 1.000000
vt 0.127604 1.000000
vt 0.127083 1.000000
vt 0.126562 1.000000
vt 0.126042 1.000000
vt 0.125521 1.000000
vt 0.125000 1.000000
vt 0.124479 1.000000
vt 0.123958 1.000000
vt 0.123437 1.000000
vt 0.122917 1.000000
vt 0.122396 1.000000
vt 0.121875 1.000000
vt 0.121354 1.000000
vt 0.120833 1.000000
vt 0.120312 1.000000
vt 0.119792 1.000000
vt 0.119271 1.000000
vt 0.118750 1.000000
vt 0.118229 1.000000
vt 0.117708 1.000000
vt 0.117187 1.000000
vt 0.116667 1.000000
vt 0.116146 1.000000
vt 0.115625 1.000000
vt 0.115104 1.000000
vt 0.114583 1.000000
vt 0.114062 1.000000
vt 0.113542 1.000000
vt 0.113021 1.000000
vt 0.112500 1.000000
vt 0.111979 1.000000
vt 0.111458 1.000000
vt 0.110937 1.000000
vt 0.110417 1.000000
vt 0.109896 1.000000
vt 0.109375 1.000000
vt 0.108854 1.000000
vt 0.108333 1.000000
vt 0.107812 1.000000
vt 0.107292 1.000000
vt 0.106771 1.000000
vt 0.106250 1.000000
vt 0.105729 1.000000
vt 0.105208 1.000000
vt 0.104687 1.000000
vt 0.104167 1.000000
vt 0.103646 1.000000
vt 0.103125 1.000000
vt 0.102604 1.000000
vt 0.102083 1.000000
vt 0.101562 1.000000
vt 0.101042 1.000000
vt 0.100521 1.000000
vt 0.100000 1.000000
vt 0.099479 1.000000
vt 0.098958 1.000000
vt 0.098437 1.000000
vt 0.097917 1.000000
vt 0.097396 1.000000
vt 0.096875 1.000000
vt 0.096354 1.000000
vt 0.095833 1.000000
vt 0.095312 1.000000
vt 0.094792 1.000000
vt 0.094271 1.000000
vt 0.093750 1.000000
vt 0.093229 1.000000
vt 0.092708 1.000000
vt 0.092187 1.000000
vt 0.091667 1.000000
vt 0.091146 1.000000
vt 0.090625 1.000000
vt 0.090104 1.000000
vt 0.089583 1.000000
vt 0.089062 1.000000
vt 0.088542 1.000000
vt 0.088021 1.000000
vt 0.087500 1.000000
vt 0.086979 1.000000
vt 0.086458 1.000000
vt 0.085937 1.000000
vt 0.085417 1.000000
vt 0.084896 1.000000
vt 0.084375 1.000000
vt 0.083854 1.000000
vt 0.083333 1.000000
vt 0.082812 1.000000
vt 0.082292 1.000000
vt 0.081771 1.000000
vt 0.081250 1.000000
vt 0.080729 1.000000
vt 0.080208 1.000000
vt 0.079687 1.000000
vt 0.079167 1.000000
vt 0.078646 1.000000
vt 0.078125 1.000000
vt 0.077604 1.000000
vt 0.077083 1.000000
vt 0.076562 1.000000
vt 0.076042 1.000000
vt 0.075521 1.000000
vt 0.075000 1.000000
vt 0.074479 1.000000
vt 0.073958 1.000000
vt 0.073437 1.000000
vt 0.072917 1.000000
vt 0.072396 1.000000
vt 0.071875 1.000000
vt 0.071354 1.000000
vt 0.070833 1.000000
vt 0.070312 1.000000
vt 0.069792 1.000000
vt 0.069271 1.000000
vt 0.068750 1.000000
vt 0.068229 1.000000
vt 0.067708 1.000000
vt 0.067187 1.000000
vt 0.066667 1.000000
vt 0.066146 1.000000
vt 0.065625 1.000000
vt 0.065104 1.000000
vt 0.064583 1.000000
vt 0.064062 1.000000
vt 0.063542 1.000000
vt 0.063021 1.000000
vt 0.062500 1.000000
vt 0.061979 1.000000
vt 0.061458 1.000000
vt 0.060937 1.000000
vt 0.060417 1.000000
vt 0.059896 1.000000
vt 0.059375 1.000000
vt 0.058854 1.000000
vt 0.058333 1.000000
vt 0.057812 1.000000
vt 0.057292 1.000000
vt 0.056771 1.000000
vt 0.056250 1.000000
vt 0.055729 1.000000
vt 0.055208 1.000000
vt 0.054687 1.000000
vt 0.054167 1.000000
vt 0.053646 1.000000
vt 0.053125 1.000000
vt 0.052604 1.000000
vt 0.052083 1.000000
vt 0.051562 1.000000
vt 0.051042 1.000000
vt 0.050521 1.000000
vt 0.050000 1.000000
vt 0.049479 1.000000
vt 0.048958 1.000000
vt 0.048437 1.000000
vt 0.047917 1.000000
vt 0.047396 1.000000
vt 0.046875 1.000000
vt 0.046354 1.000000
vt 0.045833 1.000000
vt 0.045312 1.000000
vt 0.044792 1.000000
vt 0.044271 1.000000
vt 0.043750 1.000000
vt 0.043229 1.000000
vt 0.042708 1.000000
vt 0.042187 1.000000
vt 0.041667 1.000000
vt 0.041146 1.000000
vt 0.040625 1.000000
vt 0.040104 1.000000
vt 0.039583 1.000000
vt 0.039062 1.000000
vt 0.038542 1.000000
vt 0.038021 1.000000
vt 0.037500 1.000000
vt 0.036979 1.000000
vt 0.036458 1.000000
vt 0.035937 1.000000
vt 0.035417 1.000000
vt 0.034896 1.000000
vt 0.034375 1.000000
vt 0.033854 1.000000
vt 0.033333 1.000000
vt 0.032812 1.000000
vt 0.032292 1.000000
vt 0.031771 1.000000
vt 0.031250 1.000000
vt 0.030729 1.000000
vt 0.030208 1.000000
vt 0.029687 1.000000
vt 0.029167 1.000000
vt 0.028646 1.000000
vt 0.028125 1.000000
vt 0.027604 1.000000
vt 0.027083 1.000000
vt 0.026562 1.000000
vt 0.026042 1.000000
vt 0.025521 1.000000
vt 0.025000 1.000000
vt 0.024479 1.000000
vt 0.023958 1.000000
vt 0.023437 1.000000
vt 0.022917 1.000000
vt 0.022396 1.000000
vt 0.021875 1.000000
vt 0.021354 1.000000
vt 0.020833 1.000000
vt 0.020312 1.000000
vt 0.019792 1.000000
vt 0.019271 1.000000
vt 0.018750 1.000000
vt 0.018229 1.000000
vt 0.017708 1.000000
vt 0.017187 1.000000
vt 0.016667 1.000000
vt 0.016146 1.000000
vt 0.015625 1.000000
vt 0.015104 1.000000
vt 0.014583 1.000000
vt 0.014062 1.000000
vt 0.013542 1.000000
vt 0.013021 1.000000
vt 0.012500 1.000000
vt 0.011979 1.000000
vt 0.011458 1.000000
vt 0.010937 1.000000
vt 0.010417 1.000000
vt 0.009896 1.000000
vt 0.009375 1.000000
vt 0.008854 1.000000
vt 0.008333 1.000000
vt 0.007812 1.000000
vt 0.007292 1.000000
vt 0.006771 1.000000
vt 0.006250 1.000000
vt 0.005729 1.000000
vt 0.005208 1.000000
vt 0.004687 1.000000
vt 0.004167 1.000000
vt 0.003646 1.000000
vt 0.003125 1.000000
vt 0.002604 1.000000
vt 0.002083 1.000000
vt 0.001562 1.000000
vt 0.001042 1.000000
vt 0.000521 1.000000
vt 0.332812 1.000000
vt 0.332292 1.000000
vt 0.331771 1.000000
vt 0.331250 1.000000
vt 0.330729 1.000000
vt 0.330208 1.000000
vt 0.329687 1.000000
vt 0.329167 1.000000
vt 0.328646 1.000000
vt 0.328125 1.000000
vt 0.327604 1.000000
vt 0.327083 1.000000
vt 0.326562 1.000000
vt 0.326042 1.000000
vt 0.325521 1.000000
vt 0.325000 1.000000
vt 0.324479 1.000000
vt 0.323958 1.000000
vt 0.323437 1.000000
vt 0.322917 1.000000
vt 0.322396 1.000000
vt 0.321875 1.000000
vt 0.321354 1.000000
vt 0.320833 1.000000
vt 0.320312 1.000000
vt 0.319792 1.000000
vt 0.319271 1.000000
vt 0.318750 1.000000
vt 0.318229 1.000000
vt 0.317708 1.000000
vt 0.317187 1.000000
vt 0.316667 1.000000
vt 0.316146 1.000000
vt 0.315625 1.000000
vt 0.315104 1.000000
vt 0.314583 1.000000
vt 0.314062 1.000000
vt 0.313542 1.000000
vt 0.313021 1.000000
vt 0.312500 1.000000
vt 0.311979 1.000000
vt 0.311458 1.000000
vt 0.310937 1.000000
vt 0.310417 1.000000
vt 0.309896 1.000000
vt 0.309375 1.000000
vt 0.308854 1.000000
vt 0.308333 1.000000
vt 0.307812 1.000000
vt 0.307292 1.000000
vt 0.306771 1.000000
vt 0.306250 1.000000
vt 0.305729 1.000000
vt 0.305208 1.000000
vt 0.304687 1.000000
vt 0.304167 1.000000
vt 0.303646 1.000000
vt 0.303125 1.000000
vt 0.302604 1.000000
vt 0.302083 1.000000
vt 0.301562 1.000000
vt 0.301042 1.000000
vt 0.300521 1.000000
vt 0.300000 1.000000
vt 0.299479 1.000000
vt 0.298958 1.000000
vt 0.298437 1.000000
vt 0.297917 1.000000
vt 0.297396 1.000000
vt 0.296875 1.000000
vt 0.296354 1.000000
vt 0.295833 1.000000
vt 0.295312 1.000000
vt 0.294792 1.000000
vt 0.294271 1.000000
vt 0.293750 1.000000
vt 0.293229 1.000000
vt 0.292708 1.000000
vt 0.292187 1.000000
vt 0.291667 1.000000
vt 0.291146 1.000000
vt 0.290625 1.000000
vt 0.290104 1.000000
vt 0.289583 1.000000
vt 0.289062 1.000000
vt 0.288542 1.000000
vt 0.288021 1.000000
vt 0.287500 1.000000
vt 0.286979 1.000000
vt 0.286458 1.000000
vt 0.285937 1.000000
vt 0.285417 1.000000
vt 0.284896 1.000000
vt 0.284375 1.000000
vt 0.283854 1.000000
vt 0.283333 1.000000
vt 0.282812 1.000000
vt 0.282292 1.000000
vt 0.281771 1.000000
vt 0.281250 1.000000
vt 0.280729 1.000000
vt 0.280208 1.000000
vt 0.279687 1.000000
vt 0.279167 1.000000
vt 0.278646 1.000000
vt 0.278125 1.000000
vt 0.277604 1.000000
vt 0.277083 1.000000
vt 0.276562 1.000000
vt 0.276042 1.000000
vt 0.275521 1.000000
vt 0.275000 1.000000
vt 0.274479 1.000000
vt 0.273958 1.000000
vt 0.273437 1.000000
vt 0.272917 1.000000
vt 0.272396 1.000000
vt 0.271875 1.000000
vt 0.271354 1.000000
vt 0.270833 1.000000
vt 0.270312 1.000000
vt 0.269792 1.000000
vt 0.269271 1.000000
vt 0.268750 1.000000
vt 0.268229 1.000000
vt 0.267708 1.000000
vt 0.267187 1.000000
vt 0.266667 1.000000
vt 0.266146 1.000000
vt 0.265625 1.000000
vt 0.265104 1.000000
vt 0.264583 1.000000
vt 0.264062 1.000000
vt 0.263542 1.000000
vt 0.263021 1.000000
vt 0.262500 1.000000
vt 0.261979 1.000000
vt 0.261458 1.000000
vt 0.260937 1.000000
vt 0.260417 1.000000
vt 0.259896 1.000000
vt 0.259375 1.000000
vt 0.258854 1.000000
vt 0.258333 1.000000
vt 0.257812 1.000000
vt 0.257292 1.000000
vt 0.256771 1.000000
vt 0.256250 1.000000
vt 0.255729 1.000000
vt 0.255208 1.000000
vt 0.254687 1.000000
vt 0.254167 1.000000
vt 0.253646 1.000000
vt 0.253125 1.000000
vt 0.252604 1.000000
vt 0.252083 1.000000
vt 0.251562 1.000000
vt 0.251042 1.000000
vt 0.250521 1.000000
vt 0.250000 1.000000
vt 0.249479 1.000000
vt 0.248958 1.000000
vt 0.248437 1.000000
vt 0.247917 1.000000
vt 0.247396 1.000000
vt 0.246875 1.000000
vt 0.246354 1.000000
vt 0.245833 1.000000
vt 0.245312 1.000000
vt 0.244792 1.000000
vt 0.244271 1.000000
vt 0.243750 1.000000
vt 0.243229 1.000000
vt 0.242708 1.000000
vt 0.242187 1.000000
vt 0.241667 1.000000
vt 0.241146 1.000000
vt 0.240625 1.000000
vt 0.240104 1.000000
vt 0.239583 1.000000
vt 0.239062 1.000000
vt 0.238542 1.000000
vt 0.238021 1.000000
vt 0.236458 1.000000
vt 0.235937 1.000000
vt 0.235417 1.000000
vt 0.234896 1.000000
vt 0.234375 1.000000
vt 0.233854 1.000000
vt 0.233333 1.000000
vt 0.232812 1.000000
vt 0.232292 1.000000
vt 0.231771 1.000000
vt 0.231250 1.000000
vt 0.230729 1.000000
vt 0.230208 1.000000
vt 0.229687 1.000000
vt 0.229167 1.000000
vt 0.228646 1.000000
vt 0.228125 1.000000
vt 0.227604 1.000000
vt 0.227083 1.000000
vt 0.226562 1.000000
vt 0.226042 1.000000
vt 0.225521 1.000000
vt 0.225000 1.000000
vt 0.224479 1.000000
vt 0.223958 1.000000
vt 0.223437 1.000000
vt 0.222917 1.000000
vt 0.222396 1.000000
vt 0.221875 1.000000
vt 0.221354 1.000000
vt 0.220833 1.000000
vt 0.220312 1.000000
vt 0.219792 1.000000
vt 0.219271 1.000000
vt 0.218750 1.000000
vt 0.218229 1.000000
vt 0.217708 1.000000
vt 0.217187 1.000000
vt 0.216667 1.000000
vt 0.216146 1.000000
vt 0.215625 1.000000
vt 0.215104 1.000000
vt 0.214583 1.000000
vt 0.214062 1.000000
vt 0.213542 1.000000
vt 0.213021 1.000000
vt 0.212500 1.000000
vt 0.211979 1.000000
vt 0.211458 1.000000
vt 0.210937 1.000000
vt 0.210417 1.000000
vt 0.209896 1.000000
vt 0.209375 1.000000
vt 0.208854 1.000000
vt 0.208333 1.000000
vt 0.207812 1.000000
vt 0.207292 1.000000
vt 0.206771 1.000000
vt 0.206250 1.000000
vt 0.205729 1.000000
vt 0.205208 1.000000
vt 0.204687 1.000000
vt 0.204167 1.000000
vt 0.203646 1.000000
vt 0.203125 1.000000
vt 0.202604 1.000000
vt 0.202083 1.000000
vt 0.201562 1.000000
vt 0.201042 1.000000
vt 0.200521 1.000000
vt 0.200000 1.000000
vt 0.199479 1.000000
vt 0.198958 1.000000
vt 0.198437 1.000000
vt 0.197917 1.000000
vt 0.197396 1.000000
vt 0.196875 1.000000
vt 0.196354 1.000000
vt 0.195833 1.000000
vt 0.195312 1.000000
vt 0.194792 1.000000
vt 0.194271 1.000000
vt 0.193750 1.000000
vt 0.193229 1.000000
vt 0.192708 1.000000
vt 0.192187 1.000000
vt 0.191667 1.000000
vt 0.191146 1.000000
vt 0.190625 1.000000
vt 0.190104 1.000000
vt 0.189583 1.000000
vt 0.189062 1.000000
vt 0.188542 1.000000
vt 0.188021 1.000000
vt 0.187500 1.000000
vt 0.186979 1.000000
vt 0.186458 1.000000
vt 0.185937 1.000000
vt 0.185417 1.000000
vt 0.184896 1.000000
vt 0.184375 1.000000
vt 0.183854 1.000000
vt 0.183333 1.000000
vt 0.182812 1.000000
vt 0.182292 1.000000
vt 0.181771 1.000000
vt 0.181250 1.000000
vt 0.180729 1.000000
vt 0.180208 1.000000
vt 0.179687 1.000000
vt 0.179167 1.000000
vt 0.178646 1.000000
vt 0.178125 1.000000
vt 0.177604 1.000000
vt 0.177083 1.000000
vt 0.176562 1.000000
vt 0.176042 1.000000
vt 0.175521 1.000000
vt 0.175000 1.000000
vt 0.174479 1.000000
vt 0.173958 1.000000
vt 0.173437 1.000000
vt 0.172917 1.000000
vt 0.172396 1.000000
vt 0.171875 1.000000
vt 0.171354 1.000000
vt 0.170833 1.000000
vt 0.170312 1.000000
vt 0.169792 1.000000
vt 0.169271 1.000000
vt 0.168750 1.000000
vt 0.168229 1.000000
vt 0.167708 1.000000
vt 0.167187 1.000000
vt 0.499479 1.000000
vt 0.498958 1.000000
vt 0.498437 1.000000
vt 0.497917 1.000000
vt 0.497396 1.000000
vt 0.496875 1.000000
vt 0.496354 1.000000
vt 0.495833 1.000000
vt 0.495312 1.000000
vt 0.494792 1.000000
vt 0.494271 1.000000
vt 0.493750 1.000000
vt 0.493229 1.000000
vt 0.492708 1.000000
vt 0.492187 1.000000
vt 0.491667 1.000000
vt 0.491146 1.000000
vt 0.490625 1.000000
vt 0.490104 1.000000
vt 0.489583 1.000000
vt 0.489062 1.000000
vt 0.488542 1.000000
vt 0.488021 1.000000
vt 0.487500 1.000000
vt 0.486979 1.000000
vt 0.486458 1.000000
vt 0.485937 1.000000
vt 0.485417 1.000000
vt 0.484896 1.000000
vt 0.484375 1.000000
vt 0.483854 1.000000
vt 0.483333 1.000000
vt 0.482812 1.000000
vt 0.482292 1.000000
vt 0.481771 1.000000
vt 0.481250 1.000000
vt 0.480729 1.000000
vt 0.480208 1.000000
vt 0.479687 1.000000
vt 0.479167 1.000000
vt 0.478646 1.000000
vt 0.478125 1.000000
vt 0.477604 1.000000
vt 0.477083 1.000000
vt 0.476562 1.000000
vt 0.476042 1.000000
vt 0.475521 1.000000
vt 0.475000 1.000000
vt 0.474479 1.000000
vt 0.473958 1.000000
vt 0.473437 1.000000
vt 0.472917 1.000000
vt 0.472396 1.000000
vt 0.471875 1.000000
vt 0.471354 1.000000
vt 0.470833 1.000000
vt 0.470312 1.000000
vt 0.469792 1.000000
vt 0.469271 1.000000
vt 0.468750 1.000000
vt 0.468229 1.000000
vt 0.467708 1.000000
vt 0.467187 1.000000
vt 0.466667 1.000000
vt 0.466146 1.000000
vt 0.465625 1.000000
vt 0.465104 1.000000
vt 0.464583 1.000000
vt 0.464062 1.000000
vt 0.463542 1.000000
vt 0.463021 1.000000
vt 0.462500 1.000000
vt 0.461979 1.000000
vt 0.461458 1.000000
vt 0.460937 1.000000
vt 0.460417 1.000000
vt 0.459896 1.000000
vt 0.459375 1.000000
vt 0.458854 1.000000
vt 0.458333 1.000000
vt 0.457812 1.000000
vt 0.457292 1.000000
vt 0.456771 1.000000
vt 0.456250 1.000000
vt 0.455729 1.000000
vt 0.455208 1.000000
vt 0.454687 1.000000
vt 0.454167 1.000000
vt 0.453646 1.000000
vt 0.453125 1.000000
vt 0.452604 1.000000
vt 0.452083 1.000000
vt 0.451562 1.000000
vt 0.451042 1.000000
vt 0.450521 1.000000
vt 0.450000 1.000000
vt 0.449479 1.000000
vt 0.448958 1.000000
vt 0.448437 1.000000
vt 0.447917 1.000000
vt 0.447396 1.000000
vt 0.446875 1.000000
vt 0.446354 1.000000
vt 0.445833 1.000000
vt 0.445312 1.000000
vt 0.444792 1.000000
vt 0.444271 1.000000
vt 0.443750 1.000000
vt 0.443229 1.000000
vt 0.442708 1.000000
vt 0.442187 1.000000
vt 0.441667 1.000000
vt 0.441146 1.000000
vt 0.440625 1.000000
vt 0.440104 1.000000
vt 0.439583 1.000000
vt 0.439062 1.000000
vt 0.438542 1.000000
vt 0.438021 1.000000
vt 0.437500 1.000000
vt 0.436979 1.000000
vt 0.436458 1.000000
vt 0.435937 1.000000
vt 0.435417 1.000000
vt 0.434896 1.000000
vt 0.434375 1.000000
vt 0.433854 1.000000
vt 0.433333 1.000000
vt 0.432812 1.000000
vt 0.432292 1.000000
vt 0.431771 1.000000
vt 0.431250 1.000000
vt 0.430729 1.000000
vt 0.430208 1.000000
vt 0.429687 1.000000
vt 0.429167 1.000000
vt 0.428646 1.000000
vt 0.428125 1.000000
vt 0.427604 1.000000
vt 0.427083 1.000000
vt 0.426562 1.000000
vt 0.426042 1.000000
vt 0.425521 1.000000
vt 0.425000 1.000000
vt 0.424479 1.000000
vt 0.423958 1.000000
vt 0.423437 1.000000
vt 0.422917 1.000000
vt 0.422396 1.000000
vt 0.421875 1.000000
vt 0.421354 1.000000
vt 0.420833 1.000000
vt 0.420312 1.000000
vt 0.419792 1.000000
vt 0.419271 1.000000
vt 0.418750 1.000000
vt 0.418229 1.000000
vt 0.417708 1.000000
vt 0.417187 1.000000
vt 0.416667 1.000000
vt 0.416146 1.000000
vt 0.415625 1.000000
vt 0.415104 1.000000
vt 0.414583 1.000000
vt 0.414062 1.000000
vt 0.413542 1.000000
vt 0.413021 1.000000
vt 0.412500 1.000000
vt 0.411979 1.000000
vt 0.411458 1.000000
vt 0.410937 1.000000
vt 0.410417 1.000000
vt 0.409896 1.000000
vt 0.409375 1.000000
vt 0.408854 1.000000
vt 0.408333 1.000000
vt 0.407812 1.000000
vt 0.406250 1.000000
vt 0.405729 1.000000
vt 0.405208 1.000000
vt 0.404687 1.000000
vt 0.404167 1.000000
vt 0.403646 1.000000
vt 0.403125 1.000000
vt 0.402604 1.000000
vt 0.402083 1.000000
vt 0.401562 1.000000
vt 0.401042 1.000000
vt 0.400521 1.000000
vt 0.400000 1.000000
vt 0.399479 1.000000
vt 0.398958 1.000000
vt 0.398437 1.000000
vt 0.397917 1.000000
vt 0.397396 1.000000
vt 0.396875 1.000000
vt 0.396354 1.000000
vt 0.395833 1.000000
vt 0.395312 1.000000
vt 0.394792 1.000000
vt 0.394271 1.000000
vt 0.393750 1.000000
vt 0.393229 1.000000
vt 0.392708 1.000000
vt 0.392187 1.000000
vt 0.391667 1.000000
vt 0.391146 1.000000
vt 0.390625 1.000000
vt 0.390104 1.000000
vt 0.389583 1.000000
vt 0.389062 1.000000
vt 0.388542 1.000000
vt 0.388021 1.000000
vt 0.387500 1.000000
vt 0.386979 1.000000
vt 0.386458 1.000000
vt 0.385937 1.000000
vt 0.385417 1.000000
vt 0.384896 1.000000
vt 0.384375 1.000000
vt 0.383854 1.000000
vt 0.383333 1.000000
vt 0.382812 1.000000
vt 0.382292 1.000000
vt 0.381771 1.000000
vt 0.381250 1.000000
vt 0.380729 1.000000
vt 0.380208 1.000000
vt 0.379687 1.000000
vt 0.379167 1.000000
vt 0.378646 1.000000
vt 0.378125 1.000000
vt 0.377604 1.000000
vt 0.377083 1.000000
vt 0.376562 1.000000
vt 0.376042 1.000000
vt 0.375521 1.000000
vt 0.375000 1.000000
vt 0.374479 1.000000
vt 0.373958 1.000000
vt 0.373437 1.000000
vt 0.372917 1.000000
vt 0.372396 1.000000
vt 0.371875 1.000000
vt 0.371354 1.000000
vt 0.370833 1.000000
vt 0.370312 1.000000
vt 0.369792 1.000000
vt 0.369271 1.000000
vt 0.368750 1.000000
vt 0.368229 1.000000
vt 0.367708 1.000000
vt 0.367187 1.000000
vt 0.366667 1.000000
vt 0.366146 1.000000
vt 0.365625 1.000000
vt 0.365104 1.000000
vt 0.364583 1.000000
vt 0.364062 1.000000
vt 0.363542 1.000000
vt 0.363021 1.000000
vt 0.362500 1.000000
vt 0.361979 1.000000
vt 0.361458 1.000000
vt 0.360937 1.000000
vt 0.360417 1.000000
vt 0.359896 1.000000
vt 0.359375 1.000000
vt 0.358854 1.000000
vt 0.358333 1.000000
vt 0.357812 1.000000
vt 0.357292 1.000000
vt 0.356771 1.000000
vt 0.356250 1.000000
vt 0.355729 1.000000
vt 0.355208 1.000000
vt 0.354687 1.000000
vt 0.354167 1.000000
vt 0.353646 1.000000
vt 0.353125 1.000000
vt 0.352604 1.000000
vt 0.352083 1.000000
vt 0.351562 1.000000
vt 0.351042 1.000000
vt 0.350521 1.000000
vt 0.350000 1.000000
vt 0.349479 1.000000
vt 0.348958 1.000000
vt 0.348437 1.000000
vt 0.347917 1.000000
vt 0.347396 1.000000
vt 0.346875 1.000000
vt 0.346354 1.000000
vt 0.345833 1.000000
vt 0.345312 1.000000
vt 0.344792 1.000000
vt 0.344271 1.000000
vt 0.343750 1.000000
vt 0.343229 1.000000
vt 0.342708 1.000000
vt 0.342187 1.000000
vt 0.341667 1.000000
vt 0.341146 1.000000
vt 0.340625 1.000000
vt 0.340104 1.000000
vt 0.339583 1.000000
vt 0.339062 1.000000
vt 0.338542 1.000000
vt 0.338021 1.000000
vt 0.337500 1.000000
vt 0.336979 1.000000
vt 0.336458 1.000000
vt 0.335937 1.000000
vt 0.335417 1.000000
vt 0.334896 1.000000
vt 0.334375 1.000000
vt 0.333854 1.000000
s 0
f 1/1/1 2/2/1 4/3/1 3/4/1
f 3/4/2 4/3/2 6/5/2 5/6/2
f 5/6/3 6/5/3 8/7/3 7/8/3
f 7/8/4 8/7/4 10/9/4 9/10/4
f 4/11/5 2/12/5 12/13/5 10/14/5 8/15/5 6/16/5
f 9/10/6 10/9/6 12/17/6 11/18/6
f 11/18/7 12/17/7 2/19/7 1/20/7
f 1/21/8 3/22/8 5/23/8 7/24/8 9/25/8 11/26/8
f 13/1/1 14/2/1 16/3/1 15/4/1
f 15/4/2 16/3/2 18/5/2 17/6/2
f 17/6/3 18/5/3 20/7/3 19/8/3
f 19/8/4 20/7/4 22/9/4 21/10/4
f 16/11/5 14/12/5 24/13/5 22/14/5 20/15/5 18/16/5
f 21/10/6 22/9/6 24/17/6 23/18/6
f 23/18/7 24/17/7 14/19/7 13/20/7
f 13/21/8 15/22/8 17/23/8 19/24/8 21/25/8 23/26/8
f 1930/27/9 129/28/9 4241/28/9 4522/27/9
f 3224/29/10 3063/30/10 3704/30/10 3865/29/10
f 2173/31/11 2012/32/11 2653/32/11 2814/31/11
f 6961/33/9 6962/34/9 7603/34/9 7602/33/9
f 28/11/5 1927/35/5 967/36/5 1447/37/5 487/38/5 1687/39/5 727/40/5 1207/41/5 247/42/5 1807/43/5 847/44/5 1327/45/5 367/46/5 1567/47/5 607/48/5 1087/49/5 127/50/5 1928/51/5 968/52/5 1448/53/5 488/54/5 1688/55/5 728/56/5 1208/57/5 248/58/5 1808/59/5 848/60/5 1328/61/5 368/62/5 1568/63/5 608/64/5 1088/65/5 128/66/5 1929/67/5 969/68/5 1449/69/5 489/70/5 1689/71/5 729/72/5 1209/73/5 249/74/5 1809/75/5 849/76/5 1329/77/5 369/78/5 1569/79/5 609/80/5 1089/81/5 129/28/5 1930/27/5 970/82/5 1450/83/5 490/84/5 1690/85/5 730/86/5 1210/87/5 250/88/5 1810/89/5 850/90/5 1330/91/5 370/92/5 1570/93/5 610/94/5 1090/95/5 130/96/5 1849/97/5 889/98/5 1369/99/5 409/100/5 1609/101/5 649/102/5 1129/103/5 169/104/5 1729/105/5 769/106/5 1249/107/5 289/108/5 1489/109/5 529/110/5 1009/111/5 49/112/5 1879/113/5 919/114/5 1399/115/5 439/116/5 1639/117/5 679/118/5 1159/119/5 199/120/5 1759/121/5 799/122/5 1279/123/5 319/124/5 1519/125/5 559/126/5 1039/127/5 79/128/5 1880/129/5 920/130/5 1400/131/5 440/132/5 1640/133/5 680/134/5 1160/135/5 200/136/5 1760/137/5 800/138/5 1280/139/5 320/140/5 1520/141/5 560/142/5 1040/143/5 80/144/5 1881/145/5 921/146/5 1401/147/5 441/148/5 1641/149/5 681/150/5 1161/151/5 201/152/5 1761/153/5 801/154/5 1281/155/5 321/156/5 1521/157/5 561/158/5 1041/159/5 81/160/5 1882/161/5 922/162/5 1402/163/5 442/164/5 1642/165/5 682/166/5 1162/167/5 202/168/5 1762/169/5 802/170/5 1282/171/5 322/172/5 1522/173/5 562/174/5 1042/175/5 82/176/5 1837/177/5 877/178/5 1357/179/5 397/180/5 1597/181/5 637/182/5 1117/183/5 157/184/5 1717/185/5 757/186/5 1237/187/5 277/188/5 1477/189/5 517/190/5 997/191/5 37/192/5 1903/193/5 943/194/5 1423/195/5 463/196/5 1663/197/5 703/198/5 1183/199/5 223/200/5 1783/201/5 823/202/5 1303/203/5 343/204/5 1543/205/5 583/206/5 1063/207/5 103/208/5 1904/209/5 944/210/5 1424/211/5 464/212/5 1664/213/5 704/214/5 1184/215/5 224/216/5 1784/217/5 824/218/5 1304/219/5 344/220/5 1544/221/5 584/222/5 1064/223/5 104/224/5 1905/225/5 945/226/5 1425/227/5 465/228/5 1665/229/5 705/230/5 1185/231/5 225/232/5 1785/233/5 825/234/5 1305/235/5 345/236/5 1545/237/5 585/238/5 1065/239/5 105/240/5 1906/241/5 946/242/5 1426/243/5 466/244/5 1666/245/5 706/246/5 1186/247/5 226/248/5 1786/249/5 826/250/5 1306/251/5 346/252/5 1546/253/5 586/254/5 1066/255/5 106/256/5 1843/257/5 883/258/5 1363/259/5 403/260/5 1603/261/5 643/262/5 1123/263/5 163/264/5 1723/265/5 763/266/5 1243/267/5 283/268/5 1483/269/5 523/270/5 1003/271/5 43/272/5 1855/273/5 895/274/5 1375/275/5 415/276/5 1615/277/5 655/278/5 1135/279/5 175/280/5 1735/281/5 775/282/5 1255/283/5 295/284/5 1495/285/5 535/286/5 1015/287/5 55/288/5 1856/289/5 896/290/5 1376/291/5 416/292/5 1616/293/5 656/294/5 1136/295/5 176/296/5 1736/297/5 776/298/5 1256/299/5 296/300/5 1496/301/5 536/302/5 1016/303/5 56/304/5 1857/305/5 897/306/5 1377/307/5 417/308/5 1617/309/5 657/310/5 1137/311/5 177/312/5 1737/313/5 777/314/5 1257/315/5 297/316/5 1497/317/5 537/318/5 1017/319/5 57/320/5 1858/321/5 898/322/5 1378/323/5 418/324/5 1618/325/5 658/326/5 1138/327/5 178/328/5 1738/329/5 778/330/5 1258/331/5 298/332/5 1498/333/5 538/334/5 1018/335/5 58/336/5 1831/337/5 871/338/5 1351/339/5 391/340/5 1591/341/5 631/342/5 1111/343/5 151/344/5 1711/345/5 751/346/5 1231/347/5 271/348/5 1471/349/5 511/350/5 991/351/5 26/12/5 1947/352/5 987/353/5 1467/354/5 507/355/5 1707/356/5 747/357/5 1227/358/5 267/359/5 1827/360/5 867/361/5 1347/362/5 387/363/5 1587/364/5 627/365/5 1107/366/5 147/367/5 1948/368/5 988/369/5 1468/370/5 508/371/5 1708/372/5 748/373/5 1228/374/5 268/375/5 1828/376/5 868/377/5 1348/378/5 388/379/5 1588/380/5 628/381/5 1108/382/5 148/383/5 1949/384/5 989/385/5 1469/386/5 509/387/5 1709/388/5 749/389/5 1229/390/5 269/391/5 1829/392/5 869/393/5 1349/394/5 389/395/5 1589/396/5 629/397/5 1109/398/5 149/399/5 1950/400/5 990/401/5 1470/402/5 510/403/5 1710/404/5 750/405/5 1230/406/5 270/407/5 1830/408/5 870/409/5 1350/410/5 390/411/5 1590/412/5 630/413/5 1110/414/5 150/415/5 1854/416/5 894/417/5 1374/418/5 414/419/5 1614/420/5 654/421/5 1134/422/5 174/423/5 1734/424/5 774/425/5 1254/426/5 294/427/5 1494/428/5 534/429/5 1014/430/5 54/431/5 1899/432/5 939/433/5 1419/434/5 459/435/5 1659/436/5 699/437/5 1179/438/5 219/439/5 1779/440/5 819/441/5 1299/442/5 339/443/5 1539/444/5 579/445/5 1059/446/5 99/447/5 1900/448/5 940/449/5 1420/450/5 460/451/5 1660/452/5 700/453/5 1180/454/5 220/455/5 1780/456/5 820/457/5 1300/458/5 340/459/5 1540/460/5 580/461/5 1060/462/5 100/463/5 1901/464/5 941/465/5 1421/466/5 461/467/5 1661/468/5 701/469/5 1181/470/5 221/471/5 1781/472/5 821/473/5 1301/474/5 341/475/5 1541/476/5 581/477/5 1061/478/5 101/479/5 1902/480/5 942/481/5 1422/482/5 462/483/5 1662/484/5 702/485/5 1182/486/5 222/487/5 1782/488/5 822/489/5 1302/490/5 342/491/5 1542/492/5 582/493/5 1062/494/5 102/495/5 1842/496/5 882/497/5 1362/498/5 402/499/5 1602/500/5 642/501/5 1122/502/5 162/503/5 1722/504/5 762/505/5 1242/506/5 282/507/5 1482/508/5 522/509/5 1002/510/5 42/511/5 1923/512/5 963/513/5 1443/514/5 483/515/5 1683/516/5 723/517/5 1203/518/5 243/519/5 1803/520/5 843/521/5 1323/522/5 363/523/5 1563/524/5 603/525/5 1083/526/5 123/527/5 1924/528/5 964/529/5 1444/530/5 484/531/5 1684/532/5 724/533/5 1204/534/5 244/535/5 1804/536/5 844/537/5 1324/538/5 364/539/5 1564/540/5 604/541/5 1084/542/5 124/543/5 1925/544/5 965/545/5 1445/546/5 485/547/5 1685/548/5 725/549/5 1205/550/5 245/551/5 1805/552/5 845/553/5 1325/554/5 365/555/5 1565/556/5 605/557/5 1085/558/5 125/559/5 1926/560/5 966/561/5 1446/562/5 486/563/5 1686/564/5 726/565/5 1206/566/5 246/567/5 1806/568/5 846/569/5 1326/570/5 366/571/5 1566/572/5 606/573/5 1086/574/5 126/575/5 1848/576/5 888/577/5 1368/578/5 408/579/5 1608/580/5 648/581/5 1128/582/5 168/583/5 1728/584/5 768/585/5 1248/586/5 288/587/5 1488/588/5 528/589/5 1008/590/5 48/591/5 1875/592/5 915/593/5 1395/594/5 435/595/5 1635/596/5 675/597/5 1155/598/5 195/599/5 1755/600/5 795/601/5 1275/602/5 315/603/5 1515/604/5 555/605/5 1035/606/5 75/607/5 1876/608/5 916/609/5 1396/610/5 436/611/5 1636/612/5 676/613/5 1156/614/5 196/615/5 1756/616/5 796/617/5 1276/618/5 316/619/5 1516/620/5 556/621/5 1036/622/5 76/623/5 1877/624/5 917/625/5 1397/626/5 437/627/5 1637/628/5 677/629/5 1157/630/5 197/631/5 1757/632/5 797/633/5 1277/634/5 317/635/5 1517/636/5 557/637/5 1037/638/5 77/639/5 1878/640/5 918/641/5 1398/642/5 438/643/5 1638/644/5 678/645/5 1158/646/5 198/647/5 1758/648/5 798/649/5 1278/650/5 318/651/5 1518/652/5 558/653/5 1038/654/5 78/655/5 1836/656/5 876/657/5 1356/658/5 396/659/5 1596/660/5 636/661/5 1116/662/5 156/663/5 1716/664/5 756/665/5 1236/666/5 276/667/5 1476/668/5 516/669/5 996/670/5 36/13/5 1943/671/5 983/672/5 1463/673/5 503/674/5 1703/675/5 743/676/5 1223/677/5 263/678/5 1823/679/5 863/680/5 1343/681/5 383/682/5 1583/683/5 623/684/5 1103/685/5 143/686/5 1944/687/5 984/688/5 1464/689/5 504/690/5 1704/691/5 744/692/5 1224/693/5 264/694/5 1824/695/5 864/696/5 1344/697/5 384/698/5 1584/699/5 624/700/5 1104/701/5 144/702/5 1945/703/5 985/704/5 1465/705/5 505/706/5 1705/707/5 745/708/5 1225/709/5 265/710/5 1825/711/5 865/712/5 1345/713/5 385/714/5 1585/715/5 625/716/5 1105/717/5 145/718/5 1946/719/5 986/720/5 1466/721/5 506/722/5 1706/723/5 746/724/5 1226/725/5 266/726/5 1826/727/5 866/728/5 1346/729/5 386/730/5 1586/731/5 626/732/5 1106/733/5 146/734/5 1853/735/5 893/736/5 1373/737/5 413/738/5 1613/739/5 653/740/5 1133/741/5 173/742/5 1733/743/5 773/744/5 1253/745/5 293/746/5 1493/747/5 533/748/5 1013/749/5 53/750/5 1895/751/5 935/752/5 1415/753/5 455/754/5 1655/755/5 695/756/5 1175/757/5 215/758/5 1775/759/5 815/760/5 1295/761/5 335/762/5 1535/763/5 575/764/5 1055/765/5 95/766/5 1896/767/5 936/768/5 1416/769/5 456/770/5 1656/771/5 696/772/5 1176/773/5 216/774/5 1776/775/5 816/776/5 1296/777/5 336/778/5 1536/779/5 576/780/5 1056/781/5 96/782/5 1897/783/5 937/784/5 1417/785/5 457/786/5 1657/787/5 697/788/5 1177/789/5 217/790/5 1777/791/5 817/792/5 1297/793/5 337/794/5 1537/795/5 577/796/5 1057/797/5 97/798/5 1898/799/5 938/800/5 1418/801/5 458/802/5 1658/803/5 698/804/5 1178/805/5 218/806/5 1778/807/5 818/808/5 1298/809/5 338/810/5 1538/811/5 578/812/5 1058/813/5 98/814/5 1841/815/5 881/816/5 1361/817/5 401/818/5 1601/819/5 641/820/5 1121/821/5 161/822/5 1721/823/5 761/824/5 1241/825/5 281/826/5 1481/827/5 521/828/5 1001/829/5 41/830/5 1919/831/5 959/832/5 1439/833/5 479/834/5 1679/835/5 719/836/5 1199/837/5 239/838/5 1799/839/5 839/840/5 1319/841/5 359/842/5 1559/843/5 599/844/5 1079/845/5 119/846/5 1920/847/5 960/848/5 1440/849/5 480/850/5 1680/851/5 720/852/5 1200/853/5 240/854/5 1800/855/5 840/856/5 1320/857/5 360/858/5 1560/859/5 600/860/5 1080/861/5 120/862/5 1921/863/5 961/864/5 1441/865/5 481/866/5 1681/867/5 721/868/5 1201/869/5 241/870/5 1801/871/5 841/872/5 1321/873/5 361/874/5 1561/875/5 601/876/5 1081/877/5 121/878/5 1922/879/5 962/880/5 1442/881/5 482/882/5 1682/883/5 722/884/5 1202/885/5 242/886/5 1802/887/5 842/888/5 1322/889/5 362/890/5 1562/891/5 602/892/5 1082/893/5 122/894/5 1847/895/5 887/896/5 1367/897/5 407/898/5 1607/899/5 647/900/5 1127/901/5 167/902/5 1727/903/5 767/904/5 1247/905/5 287/906/5 1487/907/5 527/908/5 1007/909/5 47/910/5 1871/911/5 911/912/5 1391/913/5 431/914/5 1631/915/5 671/916/5 1151/917/5 191/918/5 1751/919/5 791/920/5 1271/921/5 311/922/5 1511/923/5 551/924/5 1031/925/5 71/926/5 1872/927/5 912/928/5 1392/929/5 432/930/5 1632/931/5 672/932/5 1152/933/5 192/934/5 1752/935/5 792/936/5 1272/937/5 312/938/5 1512/939/5 552/940/5 1032/941/5 72/942/5 1873/943/5 913/944/5 1393/945/5 433/946/5 1633/947/5 673/948/5 1153/949/5 193/950/5 1753/951/5 793/952/5 1273/953/5 313/954/5 1513/955/5 553/956/5 1033/957/5 73/958/5 1874/959/5 914/960/5 1394/961/5 434/962/5 1634/963/5 674/964/5 1154/965/5 194/966/5 1754/967/5 794/968/5 1274/969/5 314/970/5 1514/971/5 554/972/5 1034/973/5 74/974/5 1835/975/5 875/976/5 1355/977/5 395/978/5 1595/979/5 635/980/5 1115/981/5 155/982/5 1715/983/5 755/984/5 1235/985/5 275/986/5 1475/987/5 515/988/5 995/989/5 34/14/5 1939/990/5 979/991/5 1459/992/5 499/993/5 1699/994/5 739/995/5 1219/996/5 259/997/5 1819/998/5 859/999/5 1339/1000/5 379/1001/5 1579/1002/5 619/1003/5 1099/1004/5 139/1005/5 1940/1006/5 980/1007/5 1460/1008/5 500/1009/5 1700/1010/5 740/1011/5 1220/1012/5 260/1013/5 1820/1014/5 860/1015/5 1340/1016/5 380/1017/5 1580/1018/5 620/1019/5 1100/1020/5 140/1021/5 1941/1022/5 981/1023/5 1461/1024/5 501/1025/5 1701/1026/5 741/1027/5 1221/1028/5 261/1029/5 1821/1030/5 861/1031/5 1341/1032/5 381/1033/5 1581/1034/5 621/1035/5 1101/1036/5 141/1037/5 1942/1038/5 982/1039/5 1462/1040/5 502/1041/5 1702/1042/5 742/1043/5 1222/1044/5 262/1045/5 1822/1046/5 862/1047/5 1342/1048/5 382/1049/5 1582/1050/5 622/1051/5 1102/1052/5 142/1053/5 1852/1054/5 892/1055/5 1372/1056/5 412/1057/5 1612/1058/5 652/1059/5 1132/1060/5 172/1061/5 1732/1062/5 772/1063/5 1252/1064/5 292/1065/5 1492/1066/5 532/1067/5 1012/1068/5 52/1069/5 1891/1070/5 931/1071/5 1411/1072/5 451/1073/5 1651/1074/5 691/1075/5 1171/1076/5 211/1077/5 1771/1078/5 811/1079/5 1291/1080/5 331/1081/5 1531/1082/5 571/1083/5 1051/1084/5 91/1085/5 1892/1086/5 932/1087/5 1412/1088/5 452/1089/5 1652/1090/5 692/1091/5 1172/1092/5 212/1093/5 1772/1094/5 812/1095/5 1292/1096/5 332/1097/5 1532/1098/5 572/1099/5 1052/1100/5 92/1101/5 1893/1102/5 933/1103/5 1413/1104/5 453/1105/5 1653/1106/5 693/1107/5 1173/1108/5 213/1109/5 1773/1110/5 813/1111/5 1293/1112/5 333/1113/5 1533/1114/5 573/1115/5 1053/1116/5 93/1117/5 1894/1118/5 934/1119/5 1414/1120/5 454/1121/5 1654/1122/5 694/1123/5 1174/1124/5 214/1125/5 1774/1126/5 814/1127/5 1294/1128/5 334/1129/5 1534/1130/5 574/1131/5 1054/1132/5 94/1133/5 1840/1134/5 880/1135/5 1360/1136/5 400/1137/5 1600/1138/5 640/1139/5 1120/1140/5 160/1141/5 1720/1142/5 760/1143/5 1240/1144/5 280/1145/5 1480/1146/5 520/1147/5 1000/1148/5 40/1149/5 1915/1150/5 955/1151/5 1435/1152/5 475/1153/5 1675/1154/5 715/1155/5 1195/1156/5 235/1157/5 1795/1158/5 835/1159/5 1315/1160/5 355/1161/5 1555/1162/5 595/1163/5 1075/1164/5 115/1165/5 1916/1166/5 956/1167/5 1436/1168/5 476/1169/5 1676/1170/5 716/1171/5 1196/1172/5 236/1173/5 1796/1174/5 836/1175/5 1316/1176/5 356/1177/5 1556/1178/5 596/1179/5 1076/1180/5 116/1181/5 1917/1182/5 957/1183/5 1437/1184/5 477/1185/5 1677/1186/5 717/1187/5 1197/1188/5 237/1189/5 1797/1190/5 837/1191/5 1317/1192/5 357/1193/5 1557/1194/5 597/1195/5 1077/1196/5 117/1197/5 1918/1198/5 958/1199/5 1438/1200/5 478/1201/5 1678/1202/5 718/1203/5 1198/1204/5 238/1205/5 1798/1206/5 838/1207/5 1318/1208/5 358/1209/5 1558/1210/5 598/1211/5 1078/1212/5 118/1213/5 1846/1214/5 886/1215/5 1366/1216/5 406/1217/5 1606/1218/5 646/1219/5 1126/1220/5 166/1221/5 1726/1222/5 766/1223/5 1246/1224/5 286/1225/5 1486/1226/5 526/1227/5 1006/1228/5 46/1229/5 1867/1230/5 907/1231/5 1387/1232/5 427/1233/5 1627/1234/5 667/1235/5 1147/1236/5 187/1237/5 1747/1238/5 787/1239/5 1267/1240/5 307/1241/5 1507/1242/5 547/1243/5 1027/1244/5 67/1245/5 1868/1246/5 908/1247/5 1388/1248/5 428/1249/5 1628/1250/5 668/1251/5 1148/1252/5 188/1253/5 1748/1254/5 788/1255/5 1268/1256/5 308/1257/5 1508/1258/5 548/1259/5 1028/1260/5 68/1261/5 1869/1262/5 909/1263/5 1389/1264/5 429/1265/5 1629/1266/5 669/1267/5 1149/1268/5 189/1269/5 1749/1270/5 789/1271/5 1269/1272/5 309/1273/5 1509/1274/5 549/1275/5 1029/1276/5 69/1277/5 1870/1278/5 910/1279/5 1390/1280/5 430/1281/5 1630/1282/5 670/1283/5 1150/1284/5 190/1285/5 1750/1286/5 790/1287/5 1270/1288/5 310/1289/5 1510/1290/5 550/1291/5 1030/1292/5 70/1293/5 1834/1294/5 874/1295/5 1354/1296/5 394/1297/5 1594/1298/5 634/1299/5 1114/1300/5 154/1301/5 1714/1302/5 754/1303/5 1234/1304/5 274/1305/5 1474/1306/5 514/1307/5 994/1308/5 32/15/5 1935/1309/5 975/1310/5 1455/1311/5 495/1312/5 1695/1313/5 735/1314/5 1215/1315/5 255/1316/5 1815/1317/5 855/1318/5 1335/1319/5 375/1320/5 1575/1321/5 615/1322/5 1095/1323/5 135/1324/5 1936/1325/5 976/1326/5 1456/1327/5 496/1328/5 1696/1329/5 736/1330/5 1216/1331/5 256/1332/5 1816/1333/5 856/1334/5 1336/1335/5 376/1336/5 1576/1337/5 616/1338/5 1096/1339/5 136/1340/5 1937/1341/5 977/1342/5 1457/1343/5 497/1344/5 1697/1345/5 737/1346/5 1217/1347/5 257/1348/5 1817/1349/5 857/1350/5 1337/1351/5 377/1352/5 1577/1353/5 617/1354/5 1097/1355/5 137/1356/5 1938/1357/5 978/1358/5 1458/1359/5 498/1360/5 1698/1361/5 738/1362/5 1218/1363/5 258/1364/5 1818/1365/5 858/1366/5 1338/1367/5 378/1368/5 1578/1369/5 618/1370/5 1098/1371/5 138/1372/5 1851/1373/5 891/1374/5 1371/1375/5 411/1376/5 1611/1377/5 651/1378/5 1131/1379/5 171/1380/5 1731/1381/5 771/1382/5 1251/1383/5 291/1384/5 1491/1385/5 531/1386/5 1011/1387/5 51/1388/5 1887/1389/5 927/1390/5 1407/1391/5 447/1392/5 1647/1393/5 687/1394/5 1167/1395/5 207/1396/5 1767/1397/5 807/1398/5 1287/1399/5 327/1400/5 1527/1401/5 567/1402/5 1047/1403/5 87/1404/5 1888/1405/5 928/1406/5 1408/1407/5 448/1408/5 1648/1409/5 688/1410/5 1168/1411/5 208/1412/5 1768/1413/5 808/1414/5 1288/1415/5 328/1416/5 1528/1417/5 568/1418/5 1048/1419/5 88/1420/5 1889/1421/5 929/1422/5 1409/1423/5 449/1424/5 1649/1425/5 689/1426/5 1169/1427/5 209/1428/5 1769/1429/5 809/1430/5 1289/1431/5 329/1432/5 1529/1433/5 569/1434/5 1049/1435/5 89/1436/5 1890/1437/5 930/1438/5 1410/1439/5 450/1440/5 1650/1441/5 690/1442/5 1170/1443/5 210/1444/5 1770/1445/5 810/1446/5 1290/1447/5 330/1448/5 1530/1449/5 570/1450/5 1050/1451/5 90/1452/5 1839/1453/5 879/1454/5 1359/1455/5 399/1456/5 1599/1457/5 639/1458/5 1119/1459/5 159/1460/5 1719/1461/5 759/1462/5 1239/1463/5 279/1464/5 1479/1465/5 519/1466/5 999/1467/5 39/1468/5 1911/1469/5 951/1470/5 1431/1471/5 471/1472/5 1671/1473/5 711/1474/5 1191/1475/5 231/1476/5 1791/1477/5 831/1478/5 1311/1479/5 351/1480/5 1551/1481/5 591/1482/5 1071/1483/5 111/1484/5 1912/1485/5 952/1486/5 1432/1487/5 472/1488/5 1672/1489/5 712/1490/5 1192/1491/5 232/1492/5 1792/1493/5 832/1494/5 1312/1495/5 352/1496/5 1552/1497/5 592/1498/5 1072/1499/5 112/1500/5 1913/1501/5 953/1502/5 1433/1503/5 473/1504/5 1673/1505/5 713/1506/5 1193/1507/5 233/1508/5 1793/1509/5 833/1510/5 1313/1511/5 353/1512/5 1553/1513/5 593/1514/5 1073/1515/5 113/1516/5 1914/1517/5 954/1518/5 1434/1519/5 474/1520/5 1674/1521/5 714/1522/5 1194/1523/5 234/1524/5 1794/1525/5 834/1526/5 1314/1527/5 354/1528/5 1554/1529/5 594/1530/5 1074/1531/5 114/1532/5 1845/1533/5 885/1534/5 1365/1535/5 405/1536/5 1605/1537/5 645/1538/5 1125/1539/5 165/1540/5 1725/1541/5 765/1542/5 1245/1543/5 285/1544/5 1485/1545/5 525/1546/5 1005/1547/5 45/1548/5 1863/1549/5 903/1550/5 1383/1551/5 423/1552/5 1623/1553/5 663/1554/5 1143/1555/5 183/1556/5 1743/1557/5 783/1558/5 1263/1559/5 303/1560/5 1503/1561/5 543/1562/5 1023/1563/5 63/1564/5 1864/1565/5 904/1566/5 1384/1567/5 424/1568/5 1624/1569/5 664/1570/5 1144/1571/5 184/1572/5 1744/1573/5 784/1574/5 1264/1575/5 304/1576/5 1504/1577/5 544/1578/5 1024/1579/5 64/1580/5 1865/1581/5 905/1582/5 1385/1583/5 425/1584/5 1625/1585/5 665/1586/5 1145/1587/5 185/1588/5 1745/1589/5 785/1590/5 1265/1591/5 305/1592/5 1505/1593/5 545/1594/5 1025/1595/5 65/1596/5 1866/1597/5 906/1598/5 1386/1599/5 426/1600/5 1626/1601/5 666/1602/5 1146/1603/5 186/1604/5 1746/1605/5 786/1606/5 1266/1607/5 306/1608/5 1506/1609/5 546/1610/5 1026/1611/5 66/1612/5 1833/1613/5 873/1614/5 1353/1615/5 393/1616/5 1593/1617/5 633/1618/5 1113/1619/5 153/1620/5 1713/1621/5 753/1622/5 1233/1623/5 273/1624/5 1473/1625/5 513/1626/5 993/1627/5 30/16/5 1931/1628/5 971/1629/5 1451/1630/5 491/1631/5 1691/1632/5 731/1633/5 1211/1634/5 251/1635/5 1811/1636/5 851/1637/5 1331/1638/5 371/1639/5 1571/1640/5 611/1641/5 1091/1642/5 131/1643/5 1932/1644/5 972/1645/5 1452/1646/5 492/1647/5 1692/1648/5 732/1649/5 1212/1650/5 252/1651/5 1812/1652/5 852/1653/5 1332/1654/5 372/1655/5 1572/1656/5 612/1657/5 1092/1658/5 132/1659/5 1933/1660/5 973/1661/5 1453/1662/5 493/1663/5 1693/1664/5 733/1665/5 1213/1666/5 253/1667/5 1813/1668/5 853/1669/5 1333/1670/5 373/1671/5 1573/1672/5 613/1673/5 1093/1674/5 133/1675/5 1934/1676/5 974/1677/5 1454/1678/5 494/1679/5 1694/1680/5 734/1681/5 1214/1682/5 254/1683/5 1814/1684/5 854/1685/5 1334/1686/5 374/1687/5 1574/1688/5 614/1689/5 1094/1690/5 134/1691/5 1850/1692/5 890/1693/5 1370/1694/5 410/1695/5 1610/1696/5 650/1697/5 1130/1698/5 170/1699/5 1730/1700/5 770/1701/5 1250/1702/5 290/1703/5 1490/1704/5 530/1705/5 1010/1706/5 50/1707/5 1883/1708/5 923/1709/5 1403/1710/5 443/1711/5 1643/1712/5 683/1713/5 1163/1714/5 203/1715/5 1763/1716/5 803/1717/5 1283/1718/5 323/1719/5 1523/1720/5 563/1721/5 1043/1722/5 83/1723/5 1884/1724/5 924/1725/5 1404/1726/5 444/1727/5 1644/1728/5 684/1729/5 1164/1730/5 204/1731/5 1764/1732/5 804/1733/5 1284/1734/5 324/1735/5 1524/1736/5 564/1737/5 1044/1738/5 84/1739/5 1885/1740/5 925/1741/5 1405/1742/5 445/1743/5 1645/1744/5 685/1745/5 1165/1746/5 205/1747/5 1765/1748/5 805/1749/5 1285/1750/5 325/1751/5 1525/1752/5 565/1753/5 1045/1754/5 85/1755/5 1886/1756/5 926/1757/5 1406/1758/5 446/1759/5 1646/1760/5 686/1761/5 1166/1762/5 206/1763/5 1766/1764/5 806/1765/5 1286/1766/5 326/1767/5 1526/1768/5 566/1769/5 1046/1770/5 86/1771/5 1838/1772/5 878/1773/5 1358/1774/5 398/1775/5 1598/1776/5 638/1777/5 1118/1778/5 158/1779/5 1718/1780/5 758/1781/5 1238/1782/5 278/1783/5 1478/1784/5 518/1785/5 998/1786/5 38/1787/5 1907/1788/5 947/1789/5 1427/1790/5 467/1791/5 1667/1792/5 707/1793/5 1187/1794/5 227/1795/5 1787/1796/5 827/1797/5 1307/1798/5 347/1799/5 1547/1800/5 587/1801/5 1067/1802/5 107/1803/5 1908/1804/5 948/1805/5 1428/1806/5 468/1807/5 1668/1808/5 708/1809/5 1188/1810/5 228/1811/5 1788/1812/5 828/1813/5 1308/1814/5 348/1815/5 1548/1816/5 588/1817/5 1068/1818/5 108/1819/5 1909/1820/5 949/1821/5 1429/1822/5 469/1823/5 1669/1824/5 709/1825/5 1189/1826/5 229/1827/5 1789/1828/5 829/1829/5 1309/1830/5 349/1831/5 1549/1832/5 589/1833/5 1069/1834/5 109/1835/5 1910/1836/5 950/1837/5 1430/1838/5 470/1839/5 1670/1840/5 710/1841/5 1190/1842/5 230/1843/5 1790/1844/5 830/1845/5 1310/1846/5 350/1847/5 1550/1848/5 590/1849/5 1070/1850/5 110/1851/5 1844/1852/5 884/1853/5 1364/1854/5 404/1855/5 1604/1856/5 644/1857/5 1124/1858/5 164/1859/5 1724/1860/5 764/1861/5 1244/1862/5 284/1863/5 1484/1864/5 524/1865/5 1004/1866/5 44/1867/5 1859/1868/5 899/1869/5 1379/1870/5 419/1871/5 1619/1872/5 659/1873/5 1139/1874/5 179/1875/5 1739/1876/5 779/1877/5 1259/1878/5 299/1879/5 1499/1880/5 539/1881/5 1019/1882/5 59/1883/5 1860/1884/5 900/1885/5 1380/1886/5 420/1887/5 1620/1888/5 660/1889/5 1140/1890/5 180/1891/5 1740/1892/5 780/1893/5 1260/1894/5 300/1895/5 1500/1896/5 540/1897/5 1020/1898/5 60/1899/5 1861/1900/5 901/1901/5 1381/1902/5 421/1903/5 1621/1904/5 661/1905/5 1141/1906/5 181/1907/5 1741/1908/5 781/1909/5 1261/1910/5 301/1911/5 1501/1912/5 541/1913/5 1021/1914/5 61/1915/5 1862/1916/5 902/1917/5 1382/1918/5 422/1919/5 1622/1920/5 662/1921/5 1142/1922/5 182/1923/5 1742/1924/5 782/1925/5 1262/1926/5 302/1927/5 1502/1928/5 542/1929/5 1022/1930/5 62/1931/5 1832/1932/5 872/1933/5 1352/1934/5 392/1935/5 1592/1936/5 632/1937/5 1112/1938/5 152/1939/5 1712/1940/5 752/1941/5 1232/1942/5 272/1943/5 1472/1944/5 512/1945/5 992/1946/5
f 5876/1947/12 5877/1948/12 6518/1948/12 6517/1947/12
f 1565/556/11 365/555/11 5278/555/11 5357/556/11
f 25/21/8 27/22/8 29/23/8 31/24/8 33/25/8 35/26/8
f 1952/6/11 1951/5/11 1954/1949/11 2115/1950/11 2114/1951/11 2035/1952/11 2034/1953/11 2195/1954/11 2194/1955/11 1995/1956/11 1994/1957/11 2155/1958/11 2154/1959/11 2075/1960/11 2074/1961/11 2235/1962/11 2234/1963/11 1969/1964/11 1968/1965/11 2129/1966/11 2128/1967/11 2049/1968/11 2048/1969/11 2209/1970/11 2208/1971/11 2009/1972/11 2008/1973/11 2169/1974/11 2168/1975/11 2089/1976/11 2088/1977/11 2249/1978/11 2248/1979/11 1967/1980/11 1966/1981/11 2127/1982/11 2126/1983/11 2047/1984/11 2046/1985/11 2207/1986/11 2206/1987/11 2007/1988/11 2006/1989/11 2167/1990/11 2166/1991/11 2087/1992/11 2086/1993/11 2247/1994/11 2246/1995/11 1965/1996/11 1964/1997/11 2125/1998/11 2124/1999/11 2045/2000/11 2044/2001/11 2205/2002/11 2204/2003/11 2005/2004/11 2004/2005/11 2165/2006/11 2164/2007/11 2085/2008/11 2084/2009/11 2245/2010/11 2244/2011/11 1963/2012/11 1962/2013/11 2123/2014/11 2122/2015/11 2043/2016/11 2042/2017/11 2203/2018/11 2202/2019/11 2003/2020/11 2002/2021/11 2163/2022/11 2162/2023/11 2083/2024/11 2082/2025/11 2243/2026/11 2242/2027/11 1959/2028/11 1958/2029/11 2119/2030/11 2118/2031/11 2039/2032/11 2038/2033/11 2199/2034/11 2198/2035/11 1999/2036/11 1998/2037/11 2159/2038/11 2158/2039/11 2079/2040/11 2078/2041/11 2239/2042/11 2238/2043/11 1985/2044/11 1984/2045/11 2145/2046/11 2144/2047/11 2065/2048/11 2064/2049/11 2225/2050/11 2224/2051/11 2025/2052/11 2024/2053/11 2185/2054/11 2184/2055/11 2105/2056/11 2104/2057/11 2265/2058/11 2264/2059/11 1983/2060/11 1982/2061/11 2143/2062/11 2142/2063/11 2063/2064/11 2062/2065/11 2223/2066/11 2222/2067/11 2023/2068/11 2022/2069/11 2183/2070/11 2182/2071/11 2103/2072/11 2102/2073/11 2263/2074/11 2262/2075/11 1981/2076/11 1980/2077/11 2141/2078/11 2140/2079/11 2061/2080/11 2060/2081/11 2221/2082/11 2220/2083/11 2021/2084/11 2020/2085/11 2181/2086/11 2180/2087/11 2101/2088/11 2100/2089/11 2261/2090/11 2260/2091/11 1979/2092/11 1978/2093/11 2139/2094/11 2138/2095/11 2059/2096/11 2058/2097/11 2219/2098/11 2218/2099/11 2019/2100/11 2018/2101/11 2179/2102/11 2178/2103/11 2099/2104/11 2098/2105/11 2259/2106/11 2258/2107/11 1957/2108/11 1956/2109/11 2117/2110/11 2116/2111/11 2037/2112/11 2036/2113/11 2197/2114/11 2196/2115/11 1997/2116/11 1996/2117/11 2157/2118/11 2156/2119/11 2077/2120/11 2076/2121/11 2237/2122/11 2236/2123/11 1977/2124/11 1976/2125/11 2137/2126/11 2136/2127/11 2057/2128/11 2056/2129/11 2217/2130/11 2216/2131/11 2017/2132/11 2016/2133/11 2177/2134/11 2176/2135/11 2097/2136/11 2096/2137/11 2257/2138/11 2256/2139/11 1975/2140/11 1974/2141/11 2135/2142/11 2134/2143/11 2055/2144/11 2054/2145/11 2215/2146/11 2214/2147/11 2015/2148/11 2014/2149/11 2175/2150/11 2174/2151/11 2095/2152/11 2094/2153/11 2255/2154/11 2254/2155/11 1973/2156/11 1972/2157/11 2133/2158/11 2132/2159/11 2053/2160/11 2052/2161/11 2213/2162/11 2212/2163/11 2013/2164/11 2012/32/11 2173/31/11 2172/2165/11 2093/2166/11 2092/2167/11 2253/2168/11 2252/2169/11 1971/2170/11 1970/2171/11 2131/2172/11 2130/2173/11 2051/2174/11 2050/2175/11 2211/2176/11 2210/2177/11 2011/2178/11 2010/2179/11 2171/2180/11 2170/2181/11 2091/2182/11 2090/2183/11 2251/2184/11 2250/2185/11 1961/2186/11 1960/2187/11 2121/2188/11 2120/2189/11 2041/2190/11 2040/2191/11 2201/2192/11 2200/2193/11 2001/2194/11 2000/2195/11 2161/2196/11 2160/2197/11 2081/2198/11 2080/2199/11 2241/2200/11 2240/2201/11 1993/2202/11 1992/2203/11 2153/2204/11 2152/2205/11 2073/2206/11 2072/2207/11 2233/2208/11 2232/2209/11 2033/2210/11 2032/2211/11 2193/2212/11 2192/2213/11 2113/2214/11 2112/2215/11 2273/2216/11 2272/2217/11 1991/2218/11 1990/2219/11 2151/2220/11 2150/2221/11 2071/2222/11 2070/2223/11 2231/2224/11 2230/2225/11 2031/2226/11 2030/2227/11 2191/2228/11 2190/2229/11 2111/2230/11 2110/2231/11 2271/2232/11 2270/2233/11 1989/2234/11 1988/2235/11 2149/2236/11 2148/2237/11 2069/2238/11 2068/2239/11 2229/2240/11 2228/2241/11 2029/2242/11 2028/2243/11 2189/2244/11 2188/2245/11 2109/2246/11 2108/2247/11 2269/2248/11 2268/2249/11 1987/2250/11 1986/2251/11 2147/2252/11 2146/2253/11 2067/2254/11 2066/2255/11 2227/2256/11 2226/2257/11 2027/2258/11 2026/2259/11 2187/2260/11 2186/2261/11 2107/2262/11 2106/2263/11 2267/2264/11 2266/2265/11 1955/7/11 1953/8/11
f 63/1564/13 1023/1563/13 2282/1563/13 2283/1564/13
f 1936/1325/13 135/1324/13 2307/1324/13 2588/1325/13
f 1506/1609/14 306/1608/14 2369/1608/14 2448/1609/14
f 2171/2180/15 2010/2179/15 2651/2179/15 2812/2180/15
f 1935/1309/14 32/15/14 2594/15/14 2586/1309/14
f 1505/1593/14 305/1592/14 2367/1592/14 2446/1593/14
f 474/1520/13 1434/1519/13 2424/1519/13 2425/1520/13
f 2169/1974/11 2008/1973/11 2649/1973/11 2810/1974/11
f 1504/1577/13 304/1576/13 2365/1576/13 2444/1577/13
f 473/1504/13 1433/1503/13 2422/1503/13 2423/1504/13
f 2167/1990/15 2006/1989/15 2647/1989/15 2808/1990/15
f 885/1534/14 1845/1533/14 2558/1533/14 2559/1534/14
f 1503/1561/13 303/1560/13 2363/1560/13 2442/1561/13
f 472/1488/13 1432/1487/13 2420/1487/13 2421/1488/13
f 2165/2006/15 2004/2005/15 2645/2005/15 2806/2006/15
f 471/1472/14 1431/1471/14 2418/1471/14 2419/1472/14
f 2163/2022/11 2002/2021/11 2643/2021/11 2804/2022/11
f 1725/1541/14 165/1540/14 2319/1540/14 2518/1541/14
f 2161/2196/11 2000/2195/11 2641/2195/11 2802/2196/11
f 2159/2038/11 1998/2037/11 2639/2037/11 2800/2038/11
f 2157/2118/15 1996/2117/15 2637/2117/15 2798/2118/15
f 2155/1958/15 1994/1957/15 2635/1957/15 2796/1958/15
f 879/1454/13 1839/1453/13 2556/1453/13 2557/1454/13
f 2153/2204/15 1992/2203/15 2633/2203/15 2794/2204/15
f 1290/1447/13 810/1446/13 2537/1446/13 2376/1447/13
f 2151/2220/15 1990/2219/15 2631/2219/15 2792/2220/15
f 1719/1461/13 159/1460/13 2317/1460/13 2516/1461/13
f 1289/1431/14 809/1430/14 2535/1430/14 2374/1431/14
f 258/1364/13 1218/1363/13 2352/1363/13 2353/1364/13
f 2149/2236/11 1988/2235/11 2629/2235/11 2790/2236/11
f 51/1388/13 1011/1387/13 2280/1387/13 2281/1388/13
f 1288/1415/13 808/1414/13 2533/1414/13 2372/1415/13
f 257/1348/13 1217/1347/13 2350/1347/13 2351/1348/13
f 2147/2252/11 1986/2251/11 2627/2251/11 2788/2252/11
f 1287/1399/14 807/1398/14 2531/1398/14 2370/1399/14
f 256/1332/14 1216/1331/14 2348/1331/14 2349/1332/14
f 2145/2046/11 1984/2045/11 2625/2045/11 2786/2046/11
f 255/1316/14 1215/1315/14 2346/1315/14 2347/1316/14
f 2143/2062/15 1982/2061/15 2623/2061/15 2784/2062/15
f 873/1614/14 1833/1613/14 2554/1613/14 2555/1614/14
f 1491/1385/13 291/1384/13 2361/1384/13 2440/1385/13
f 666/1602/14 1626/1601/14 2488/1601/14 2489/1602/14
f 2141/2078/11 1980/2077/11 2621/2077/11 2782/2078/11
f 665/1586/13 1625/1585/13 2486/1585/13 2487/1586/13
f 2139/2094/15 1978/2093/15 2619/2093/15 2780/2094/15
f 1713/1621/14 153/1620/14 2315/1620/14 2514/1621/14
f 664/1570/14 1624/1569/14 2484/1569/14 2485/1570/14
f 2137/2126/15 1976/2125/15 2617/2125/15 2778/2126/15
f 45/1548/13 1005/1547/13 2278/1547/13 2279/1548/13
f 663/1554/13 1623/1553/13 2482/1553/13 2483/1554/13
f 2135/2142/11 1974/2141/11 2615/2141/11 2776/2142/11
f 2133/2158/15 1972/2157/15 2613/2157/15 2774/2158/15
f 1074/1531/14 594/1530/14 2465/1530/14 2304/1531/14
f 2131/2172/15 1970/2171/15 2611/2171/15 2772/2172/15
f 1073/1515/13 593/1514/13 2463/1514/13 2302/1515/13
f 1485/1545/13 285/1544/13 2359/1544/13 2438/1545/13
f 2129/1966/15 1968/1965/15 2609/1965/15 2770/1966/15
f 1072/1499/14 592/1498/14 2461/1498/14 2300/1499/14
f 1914/1517/14 113/1516/14 2303/1516/14 2584/1517/14
f 2127/1982/11 1966/1981/11 2607/1981/11 2768/1982/11
f 1071/1483/13 591/1482/13 2459/1482/13 2298/1483/13
f 1913/1501/14 112/1500/14 2301/1500/14 2582/1501/14
f 2125/1998/15 1964/1997/15 2605/1997/15 2766/1998/15
f 39/1468/14 999/1467/14 2276/1467/14 2277/1468/14
f 1912/1485/13 111/1484/13 2299/1484/13 2580/1485/13
f 2123/2014/15 1962/2013/15 2603/2013/15 2764/2014/15
f 1911/1469/13 39/1468/13 2277/1468/13 2578/1469/13
f 450/1440/14 1410/1439/14 2416/1439/14 2417/1440/14
f 2121/2188/15 1960/2187/15 2601/2187/15 2762/2188/15
f 449/1424/14 1409/1423/14 2414/1423/14 2415/1424/14
f 2119/2030/15 1958/2029/15 2599/2029/15 2760/2030/15
f 1479/1465/13 279/1464/13 2357/1464/13 2436/1465/13
f 448/1408/13 1408/1407/13 2412/1407/13 2413/1408/13
f 2117/2110/15 1956/2109/15 2597/2109/15 2758/2110/15
f 447/1392/13 1407/1391/13 2410/1391/13 2411/1392/13
f 2115/1950/15 1954/1949/15 2595/1949/15 2756/1950/15
f 2272/2217/11 2273/2216/11 2914/2216/11 2913/2217/11
f 858/1366/14 1818/1365/14 2552/1365/14 2553/1366/14
f 651/1378/14 1611/1377/14 2480/1377/14 2481/1378/14
f 2270/2233/15 2271/2232/15 2912/2232/15 2911/2233/15
f 857/1350/14 1817/1349/14 2550/1349/14 2551/1350/14
f 2268/2249/15 2269/2248/15 2910/2248/15 2909/2249/15
f 856/1334/13 1816/1333/13 2548/1333/13 2549/1334/13
f 1698/1361/13 498/1360/13 2433/1360/13 2512/1361/13
f 2266/2265/15 2267/2264/15 2908/2264/15 2907/2265/15
f 855/1318/13 1815/1317/13 2546/1317/13 2547/1318/13
f 1697/1345/13 497/1344/13 2431/1344/13 2510/1345/13
f 1473/1625/13 273/1624/13 2355/1624/13 2434/1625/13
f 2264/2059/11 2265/2058/11 2906/2058/11 2905/2059/11
f 1696/1329/13 496/1328/13 2429/1328/13 2508/1329/13
f 1266/1607/14 786/1606/14 2529/1606/14 2368/1607/14
f 2262/2075/15 2263/2074/15 2904/2074/15 2903/2075/15
f 1695/1313/13 495/1312/13 2427/1312/13 2506/1313/13
f 1265/1591/14 785/1590/14 2527/1590/14 2366/1591/14
f 234/1524/13 1194/1523/13 2344/1523/13 2345/1524/13
f 2260/2091/15 2261/2090/15 2902/2090/15 2901/2091/15
f 30/16/13 993/1627/13 2274/1627/13 2275/16/13
f 1264/1575/13 784/1574/13 2525/1574/13 2364/1575/13
f 233/1508/14 1193/1507/14 2342/1507/14 2343/1508/14
f 645/1538/13 1605/1537/13 2478/1537/13 2479/1538/13
f 2258/2107/15 2259/2106/15 2900/2106/15 2899/2107/15
f 1263/1559/13 783/1558/13 2523/1558/13 2362/1559/13
f 232/1492/14 1192/1491/14 2340/1491/14 2341/1492/14
f 2256/2139/15 2257/2138/15 2898/2138/15 2897/2139/15
f 231/1476/13 1191/1475/13 2338/1475/13 2339/1476/13
f 2254/2155/15 2255/2154/15 2896/2154/15 2895/2155/15
f 2252/2169/15 2253/2168/15 2894/2168/15 2893/2169/15
f 2250/2185/15 2251/2184/15 2892/2184/15 2891/2185/15
f 2248/1979/15 2249/1978/15 2890/1978/15 2889/1979/15
f 639/1458/14 1599/1457/14 2476/1457/14 2477/1458/14
f 2246/1995/11 2247/1994/11 2888/1994/11 2887/1995/11
f 2244/2011/15 2245/2010/15 2886/2010/15 2885/2011/15
f 1050/1451/14 570/1450/14 2457/1450/14 2296/1451/14
f 2242/2027/15 2243/2026/15 2884/2026/15 2883/2027/15
f 1049/1435/13 569/1434/13 2455/1434/13 2294/1435/13
f 2240/2201/15 2241/2200/15 2882/2200/15 2881/2201/15
f 1048/1419/14 568/1418/14 2453/1418/14 2292/1419/14
f 1890/1437/13 89/1436/13 2295/1436/13 2576/1437/13
f 2238/2043/15 2239/2042/15 2880/2042/15 2879/2043/15
f 1047/1403/14 567/1402/14 2451/1402/14 2290/1403/14
f 1889/1421/13 88/1420/13 2293/1420/13 2574/1421/13
f 2236/2123/15 2237/2122/15 2878/2122/15 2877/2123/15
f 1458/1359/13 978/1358/13 2593/1358/13 2432/1359/13
f 1888/1405/14 87/1404/14 2291/1404/14 2572/1405/14
f 633/1618/13 1593/1617/13 2474/1617/13 2475/1618/13
f 2234/1963/15 2235/1962/15 2876/1962/15 2875/1963/15
f 1251/1383/14 771/1382/14 2521/1382/14 2360/1383/14
f 1457/1343/14 977/1342/14 2591/1342/14 2430/1343/14
f 426/1600/14 1386/1599/14 2408/1599/14 2409/1600/14
f 1887/1389/13 51/1388/13 2281/1388/13 2570/1389/13
f 2232/2209/15 2233/2208/15 2874/2208/15 2873/2209/15
f 1456/1327/14 976/1326/14 2589/1326/14 2428/1327/14
f 425/1584/13 1385/1583/13 2406/1583/13 2407/1584/13
f 2230/2225/15 2231/2224/15 2872/2224/15 2871/2225/15
f 1455/1311/14 975/1310/14 2587/1310/14 2426/1311/14
f 424/1568/13 1384/1567/13 2404/1567/13 2405/1568/13
f 2228/2241/11 2229/2240/11 2870/2240/11 2869/2241/11
f 423/1552/13 1383/1551/13 2402/1551/13 2403/1552/13
f 2226/2257/15 2227/2256/15 2868/2256/15 2867/2257/15
f 2224/2051/15 2225/2050/15 2866/2050/15 2865/2051/15
f 834/1526/14 1794/1525/14 2544/1525/14 2545/1526/14
f 2222/2067/15 2223/2066/15 2864/2066/15 2863/2067/15
f 833/1510/14 1793/1509/14 2542/1509/14 2543/1510/14
f 1245/1543/13 765/1542/13 2519/1542/13 2358/1543/13
f 2220/2083/11 2221/2082/11 2862/2082/11 2861/2083/11
f 832/1494/13 1792/1493/13 2540/1493/13 2541/1494/13
f 1674/1521/14 474/1520/14 2425/1520/14 2504/1521/14
f 2218/2099/11 2219/2098/11 2860/2098/11 2859/2099/11
f 831/1478/13 1791/1477/13 2538/1477/13 2539/1478/13
f 1673/1505/13 473/1504/13 2423/1504/13 2502/1505/13
f 2216/2131/15 2217/2130/15 2858/2130/15 2857/2131/15
f 1672/1489/14 472/1488/14 2421/1488/14 2500/1489/14
f 2214/2147/11 2215/2146/11 2856/2146/11 2855/2147/11
f 210/1444/13 1170/1443/13 2336/1443/13 2337/1444/13
f 1671/1473/13 471/1472/13 2419/1472/13 2498/1473/13
f 2212/2163/15 2213/2162/15 2854/2162/15 2853/2163/15
f 209/1428/14 1169/1427/14 2334/1427/14 2335/1428/14
f 2210/2177/11 2211/2176/11 2852/2176/11 2851/2177/11
f 1239/1463/13 759/1462/13 2517/1462/13 2356/1463/13
f 208/1412/14 1168/1411/14 2332/1411/14 2333/1412/14
f 2208/1971/15 2209/1970/15 2850/1970/15 2849/1971/15
f 207/1396/13 1167/1395/13 2330/1395/13 2331/1396/13
f 1650/1441/13 450/1440/13 2417/1440/13 2496/1441/13
f 2206/1987/15 2207/1986/15 2848/1986/15 2847/1987/15
f 1649/1425/13 449/1424/13 2415/1424/13 2494/1425/13
f 618/1370/14 1578/1369/14 2472/1369/14 2473/1370/14
f 2204/2003/15 2205/2002/15 2846/2002/15 2845/2003/15
f 411/1376/13 1371/1375/13 2400/1375/13 2401/1376/13
f 1648/1409/14 448/1408/14 2413/1408/14 2492/1409/14
f 617/1354/13 1577/1353/13 2470/1353/13 2471/1354/13
f 2202/2019/11 2203/2018/11 2844/2018/11 2843/2019/11
f 1647/1393/13 447/1392/13 2411/1392/13 2490/1393/13
f 616/1338/13 1576/1337/13 2468/1337/13 2469/1338/13
f 2200/2193/11 2201/2192/11 2842/2192/11 2841/2193/11
f 615/1322/14 1575/1321/14 2466/1321/14 2467/1322/14
f 2198/2035/11 2199/2034/11 2840/2034/11 2839/2035/11
f 1233/1623/13 753/1622/13 2515/1622/13 2354/1623/13
f 2196/2115/11 2197/2114/11 2838/2114/11 2837/2115/11
f 1026/1611/14 546/1610/14 2449/1610/14 2288/1611/14
f 2194/1955/11 2195/1954/11 2836/1954/11 2835/1955/11
f 1025/1595/13 545/1594/13 2447/1594/13 2286/1595/13
f 2192/2213/15 2193/2212/15 2834/2212/15 2833/2213/15
f 1024/1579/14 544/1578/14 2445/1578/14 2284/1579/14
f 405/1536/13 1365/1535/13 2398/1535/13 2399/1536/13
f 1866/1597/14 65/1596/14 2287/1596/14 2568/1597/14
f 2190/2229/15 2191/2228/15 2832/2228/15 2831/2229/15
f 1023/1563/13 543/1562/13 2443/1562/13 2282/1563/13
f 1865/1581/13 64/1580/13 2285/1580/13 2566/1581/13
f 2188/2245/11 2189/2244/11 2830/2244/11 2829/2245/11
f 1434/1519/14 954/1518/14 2585/1518/14 2424/1519/14
f 1864/1565/13 63/1564/13 2283/1564/13 2564/1565/13
f 2186/2261/15 2187/2260/15 2828/2260/15 2827/2261/15
f 1863/1549/13 45/1548/13 2279/1548/13 2562/1549/13
f 1433/1503/13 953/1502/13 2583/1502/13 2422/1503/13
f 2184/2055/15 2185/2054/15 2826/2054/15 2825/2055/15
f 1432/1487/13 952/1486/13 2581/1486/13 2420/1487/13
f 2182/2071/11 2183/2070/11 2824/2070/11 2823/2071/11
f 1431/1471/13 951/1470/13 2579/1470/13 2418/1471/13
f 2180/2087/11 2181/2086/11 2822/2086/11 2821/2087/11
f 1991/2218/11 2272/2217/11 2913/2217/11 2632/2218/11
f 399/1456/14 1359/1455/14 2396/1455/14 2397/1456/14
f 2178/2103/15 2179/2102/15 2820/2102/15 2819/2103/15
f 1989/2234/11 2270/2233/11 2911/2233/11 2630/2234/11
f 2176/2135/11 2177/2134/11 2818/2134/11 2817/2135/11
f 810/1446/14 1770/1445/14 2536/1445/14 2537/1446/14
f 1987/2250/11 2268/2249/11 2909/2249/11 2628/2250/11
f 2174/2151/15 2175/2150/15 2816/2150/15 2815/2151/15
f 809/1430/13 1769/1429/13 2534/1429/13 2535/1430/13
f 1955/7/15 2266/2265/15 2907/2265/15 2915/7/15
f 2172/2165/15 2173/31/15 2814/31/15 2813/2165/15
f 808/1414/13 1768/1413/13 2532/1413/13 2533/1414/13
f 1983/2060/15 2264/2059/15 2905/2059/15 2624/2060/15
f 2170/2181/11 2171/2180/11 2812/2180/11 2811/2181/11
f 807/1398/13 1767/1397/13 2530/1397/13 2531/1398/13
f 1981/2076/11 2262/2075/11 2903/2075/11 2622/2076/11
f 2168/1975/15 2169/1974/15 2810/1974/15 2809/1975/15
f 1979/2092/11 2260/2091/11 2901/2091/11 2620/2092/11
f 1218/1363/13 738/1362/13 2513/1362/13 2352/1363/13
f 393/1616/13 1353/1615/13 2394/1615/13 2395/1616/13
f 2166/1991/15 2167/1990/15 2808/1990/15 2807/1991/15
f 1957/2108/11 2258/2107/11 2899/2107/11 2598/2108/11
f 1011/1387/14 531/1386/14 2441/1386/14 2280/1387/14
f 186/1604/13 1146/1603/13 2328/1603/13 2329/1604/13
f 1217/1347/14 737/1346/14 2511/1346/14 2350/1347/14
f 2164/2007/11 2165/2006/11 2806/2006/11 2805/2007/11
f 1975/2140/11 2256/2139/11 2897/2139/11 2616/2140/11
f 185/1588/13 1145/1587/13 2326/1587/13 2327/1588/13
f 1216/1331/13 736/1330/13 2509/1330/13 2348/1331/13
f 2162/2023/11 2163/2022/11 2804/2022/11 2803/2023/11
f 1973/2156/15 2254/2155/15 2895/2155/15 2614/2156/15
f 184/1572/14 1144/1571/14 2324/1571/14 2325/1572/14
f 1215/1315/13 735/1314/13 2507/1314/13 2346/1315/13
f 1851/1373/14 138/1372/14 2313/1372/14 2560/1373/14
f 2160/2197/15 2161/2196/15 2802/2196/15 2801/2197/15
f 1971/2170/11 2252/2169/11 2893/2169/11 2612/2170/11
f 183/1556/14 1143/1555/14 2322/1555/14 2323/1556/14
f 1626/1601/13 426/1600/13 2409/1600/13 2488/1601/13
f 2158/2039/11 2159/2038/11 2800/2038/11 2799/2039/11
f 1961/2186/15 2250/2185/15 2891/2185/15 2602/2186/15
f 1625/1585/13 425/1584/13 2407/1584/13 2486/1585/13
f 594/1530/13 1554/1529/13 2464/1529/13 2465/1530/13
f 2156/2119/11 2157/2118/11 2798/2118/11 2797/2119/11
f 1967/1980/15 2248/1979/15 2889/1979/15 2608/1980/15
f 1624/1569/13 424/1568/13 2405/1568/13 2484/1569/13
f 593/1514/13 1553/1513/13 2462/1513/13 2463/1514/13
f 2154/1959/11 2155/1958/11 2796/1958/11 2795/1959/11
f 1965/1996/15 2246/1995/15 2887/1995/15 2606/1996/15
f 1005/1547/14 525/1546/14 2439/1546/14 2278/1547/14
f 1623/1553/13 423/1552/13 2403/1552/13 2482/1553/13
f 592/1498/13 1552/1497/13 2460/1497/13 2461/1498/13
f 2152/2205/11 2153/2204/11 2794/2204/11 2793/2205/11
f 1963/2012/11 2244/2011/11 2885/2011/11 2604/2012/11
f 591/1482/14 1551/1481/14 2458/1481/14 2459/1482/14
f 2150/2221/15 2151/2220/15 2792/2220/15 2791/2221/15
f 1959/2028/15 2242/2027/15 2883/2027/15 2600/2028/15
f 1845/1533/13 114/1532/13 2305/1532/13 2558/1533/13
f 2148/2237/15 2149/2236/15 2790/2236/15 2789/2237/15
f 1993/2202/15 2240/2201/15 2881/2201/15 2634/2202/15
f 2146/2253/15 2147/2252/15 2788/2252/15 2787/2253/15
f 1985/2044/11 2238/2043/11 2879/2043/11 2626/2044/11
f 2144/2047/15 2145/2046/15 2786/2046/15 2785/2047/15
f 1977/2124/15 2236/2123/15 2877/2123/15 2618/2124/15
f 2142/2063/11 2143/2062/11 2784/2062/11 2783/2063/11
f 1969/1964/11 2234/1963/11 2875/1963/11 2610/1964/11
f 999/1467/14 519/1466/14 2437/1466/14 2276/1467/14
f 2140/2079/15 2141/2078/15 2782/2078/15 2781/2079/15
f 2033/2210/11 2232/2209/11 2873/2209/11 2674/2210/11
f 1410/1439/13 930/1438/13 2577/1438/13 2416/1439/13
f 2138/2095/11 2139/2094/11 2780/2094/11 2779/2095/11
f 2031/2226/11 2230/2225/11 2871/2225/11 2672/2226/11
f 1839/1453/13 90/1452/13 2297/1452/13 2556/1453/13
f 1409/1423/14 929/1422/14 2575/1422/14 2414/1423/14
f 378/1368/13 1338/1367/13 2392/1367/13 2393/1368/13
f 2136/2127/15 2137/2126/15 2778/2126/15 2777/2127/15
f 2029/2242/15 2228/2241/15 2869/2241/15 2670/2242/15
f 171/1380/14 1131/1379/14 2320/1379/14 2321/1380/14
f 1408/1407/14 928/1406/14 2573/1406/14 2412/1407/14
f 377/1352/13 1337/1351/13 2390/1351/13 2391/1352/13
f 2134/2143/15 2135/2142/15 2776/2142/15 2775/2143/15
f 2027/2258/11 2226/2257/11 2867/2257/11 2668/2258/11
f 1407/1391/13 927/1390/13 2571/1390/13 2410/1391/13
f 376/1336/13 1336/1335/13 2388/1335/13 2389/1336/13
f 2132/2159/15 2133/2158/15 2774/2158/15 2773/2159/15
f 2025/2052/11 2224/2051/11 2865/2051/11 2666/2052/11
f 29/6/16 30/5/16 1951/5/16 1952/6/16
f 375/1320/13 1335/1319/13 2386/1319/13 2387/1320/13
f 2130/2173/15 2131/2172/15 2772/2172/15 2771/2173/15
f 31/24/8 29/23/8 1952/23/8 1953/24/8
f 2023/2068/11 2222/2067/11 2863/2067/11 2664/2068/11
f 993/1627/14 513/1626/14 2435/1626/14 2274/1627/14
f 32/7/17 31/8/17 1953/8/17 1955/7/17
f 1611/1377/13 411/1376/13 2401/1376/13 2480/1377/13
f 2128/1967/15 2129/1966/15 2770/1966/15 2769/1967/15
f 786/1606/14 1746/1605/14 2528/1605/14 2529/1606/14
f 2021/2084/15 2220/2083/15 2861/2083/15 2662/2084/15
f 2126/1983/11 2127/1982/11 2768/1982/11 2767/1983/11
f 785/1590/13 1745/1589/13 2526/1589/13 2527/1590/13
f 2019/2100/15 2218/2099/15 2859/2099/15 2660/2100/15
f 1833/1613/13 66/1612/13 2289/1612/13 2554/1613/13
f 2124/1999/15 2125/1998/15 2766/1998/15 2765/1999/15
f 784/1574/13 1744/1573/13 2524/1573/13 2525/1574/13
f 2017/2132/11 2216/2131/11 2857/2131/11 2658/2132/11
f 165/1540/14 1125/1539/14 2318/1539/14 2319/1540/14
f 2122/2015/15 2123/2014/15 2764/2014/15 2763/2015/15
f 783/1558/13 1743/1557/13 2522/1557/13 2523/1558/13
f 2015/2148/15 2214/2147/15 2855/2147/15 2656/2148/15
f 2120/2189/15 2121/2188/15 2762/2188/15 2761/2189/15
f 2013/2164/15 2212/2163/15 2853/2163/15 2654/2164/15
f 1194/1523/14 714/1522/14 2505/1522/14 2344/1523/14
f 2118/2031/11 2119/2030/11 2760/2030/11 2759/2031/11
f 2011/2178/11 2210/2177/11 2851/2177/11 2652/2178/11
f 1193/1507/13 713/1506/13 2503/1506/13 2342/1507/13
f 1605/1537/13 405/1536/13 2399/1536/13 2478/1537/13
f 2116/2111/15 2117/2110/15 2758/2110/15 2757/2111/15
f 2009/1972/15 2208/1971/15 2849/1971/15 2650/1972/15
f 1192/1491/14 712/1490/14 2501/1490/14 2340/1491/14
f 2114/1951/15 2115/1950/15 2756/1950/15 2755/1951/15
f 2007/1988/11 2206/1987/11 2847/1987/11 2648/1988/11
f 1191/1475/13 711/1474/13 2499/1474/13 2338/1475/13
f 2112/2215/11 2113/2214/11 2754/2214/11 2753/2215/11
f 2005/2004/15 2204/2003/15 2845/2003/15 2646/2004/15
f 159/1460/14 1119/1459/14 2316/1459/14 2317/1460/14
f 2589/1326/5 2588/1325/5 2909/1325/5 2910/1326/5
f 2379/1480/5 2378/1479/5 2699/1479/5 2700/1480/5
f 2374/1431/5 2535/1430/5 2856/1430/5 2695/1431/5
f 2485/1570/5 2484/1569/5 2805/1569/5 2806/1570/5
f 2277/1468/5 2276/1467/5 2597/1467/5 2598/1468/5
f 2591/1342/5 2590/1341/5 2911/1341/5 2912/1342/5
f 2381/1496/5 2380/1495/5 2701/1495/5 2702/1496/5
f 2555/1614/5 2554/1613/5 2875/1613/5 2876/1614/5
f 2376/1447/5 2537/1446/5 2858/1446/5 2697/1447/5
f 2487/1586/5 2486/1585/5 2807/1585/5 2808/1586/5
f 2593/1358/5 2592/1357/5 2913/1357/5 2914/1358/5
f 2383/1512/5 2382/1511/5 2703/1511/5 2704/1512/5
f 2489/1602/5 2488/1601/5 2809/1601/5 2810/1602/5
f 2385/1528/5 2384/1527/5 2705/1527/5 2706/1528/5
f 2521/1382/5 2520/1381/5 2841/1381/5 2842/1382/5
f 2478/1537/5 2399/1536/5 2720/1536/5 2799/1537/5
f 2442/1561/5 2363/1560/5 2684/1560/5 2763/1561/5
f 2338/1475/5 2499/1474/5 2820/1474/5 2659/1475/5
f 2279/1548/5 2278/1547/5 2599/1547/5 2600/1548/5
f 2444/1577/5 2365/1576/5 2686/1576/5 2765/1577/5
f 2557/1454/5 2556/1453/5 2877/1453/5 2878/1454/5
f 2340/1491/5 2501/1490/5 2822/1490/5 2661/1491/5
f 2451/1402/5 2450/1401/5 2771/1401/5 2772/1402/5
f 2562/1549/5 2279/1548/5 2600/1548/5 2883/1549/5
f 2446/1593/5 2367/1592/5 2688/1592/5 2767/1593/5
f 2347/1316/5 2346/1315/5 2667/1315/5 2668/1316/5
f 2342/1507/5 2503/1506/5 2824/1506/5 2663/1507/5
f 2453/1418/5 2452/1417/5 2773/1417/5 2774/1418/5
f 2564/1565/5 2283/1564/5 2604/1564/5 2885/1565/5
f 2448/1609/5 2369/1608/5 2690/1608/5 2769/1609/5
f 2349/1332/5 2348/1331/5 2669/1331/5 2670/1332/5
f 2344/1523/5 2505/1522/5 2826/1522/5 2665/1523/5
f 2480/1377/5 2401/1376/5 2722/1376/5 2801/1377/5
f 2455/1434/5 2454/1433/5 2775/1433/5 2776/1434/5
f 2566/1581/5 2285/1580/5 2606/1580/5 2887/1581/5
f 2351/1348/5 2350/1347/5 2671/1347/5 2672/1348/5
f 2315/1620/5 2314/1619/5 2635/1619/5 2636/1620/5
f 2457/1450/5 2456/1449/5 2777/1449/5 2778/1450/5
f 2568/1597/5 2287/1596/5 2608/1596/5 2889/1597/5
f 2353/1364/5 2352/1363/5 2673/1363/5 2674/1364/5
f 2281/1388/5 2280/1387/5 2601/1387/5 2602/1388/5
f 2559/1534/5 2558/1533/5 2879/1533/5 2880/1534/5
f 2410/1391/5 2571/1390/5 2892/1390/5 2731/1391/5
f 2306/1323/5 2467/1322/5 2788/1322/5 2627/1323/5
f 2412/1407/5 2573/1406/5 2894/1406/5 2733/1407/5
f 2523/1558/5 2522/1557/5 2843/1557/5 2844/1558/5
f 2308/1339/5 2469/1338/5 2790/1338/5 2629/1339/5
f 2419/1472/5 2418/1471/5 2739/1471/5 2740/1472/5
f 2530/1397/5 2331/1396/5 2652/1396/5 2851/1397/5
f 2414/1423/5 2575/1422/5 2896/1422/5 2735/1423/5
f 2525/1574/5 2524/1573/5 2845/1573/5 2846/1574/5
f 2317/1460/5 2316/1459/5 2637/1459/5 2638/1460/5
f 2310/1355/5 2471/1354/5 2792/1354/5 2631/1355/5
f 2274/1627/5 2435/1626/5 2756/1626/5 2595/1627/5
f 2421/1488/5 2420/1487/5 2741/1487/5 2742/1488/5
f 2532/1413/5 2333/1412/5 2654/1412/5 2853/1413/5
f 2416/1439/5 2577/1438/5 2898/1438/5 2737/1439/5
f 2527/1590/5 2526/1589/5 2847/1589/5 2848/1590/5
f 2312/1371/5 2473/1370/5 2794/1370/5 2633/1371/5
f 2423/1504/5 2422/1503/5 2743/1503/5 2744/1504/5
f 2534/1429/5 2335/1428/5 2656/1428/5 2855/1429/5
f 2529/1606/5 2528/1605/5 2849/1605/5 2850/1606/5
f 2425/1520/5 2424/1519/5 2745/1519/5 2746/1520/5
f 2536/1445/5 2337/1444/5 2658/1444/5 2857/1445/5
f 2561/1374/5 2560/1373/5 2881/1373/5 2882/1374/5
f 2482/1553/5 2403/1552/5 2724/1552/5 2803/1553/5
f 2378/1479/5 2539/1478/5 2860/1478/5 2699/1479/5
f 2319/1540/5 2318/1539/5 2639/1539/5 2640/1540/5
f 2484/1569/5 2405/1568/5 2726/1568/5 2805/1569/5
f 2276/1467/5 2437/1466/5 2758/1466/5 2597/1467/5
f 2380/1495/5 2541/1494/5 2862/1494/5 2701/1495/5
f 2491/1394/5 2490/1393/5 2811/1393/5 2812/1394/5
f 2486/1585/5 2407/1584/5 2728/1584/5 2807/1585/5
f 2387/1320/5 2386/1319/5 2707/1319/5 2708/1320/5
f 2498/1473/5 2419/1472/5 2740/1472/5 2819/1473/5
f 2382/1511/5 2543/1510/5 2864/1510/5 2703/1511/5
f 2493/1410/5 2492/1409/5 2813/1409/5 2814/1410/5
f 2488/1601/5 2409/1600/5 2730/1600/5 2809/1601/5
f 2283/1564/5 2282/1563/5 2603/1563/5 2604/1564/5
f 2389/1336/5 2388/1335/5 2709/1335/5 2710/1336/5
f 2500/1489/5 2421/1488/5 2742/1488/5 2821/1489/5
f 2384/1527/5 2545/1526/5 2866/1526/5 2705/1527/5
f 2495/1426/5 2494/1425/5 2815/1425/5 2816/1426/5
f 2285/1580/5 2284/1579/5 2605/1579/5 2606/1580/5
f 2391/1352/5 2390/1351/5 2711/1351/5 2712/1352/5
f 2502/1505/5 2423/1504/5 2744/1504/5 2823/1505/5
f 2355/1624/5 2354/1623/5 2675/1623/5 2676/1624/5
f 2497/1442/5 2496/1441/5 2817/1441/5 2818/1442/5
f 2287/1596/5 2286/1595/5 2607/1595/5 2608/1596/5
f 2393/1368/5 2392/1367/5 2713/1367/5 2714/1368/5
f 2504/1521/5 2425/1520/5 2746/1520/5 2825/1521/5
f 2289/1612/5 2288/1611/5 2609/1611/5 2610/1612/5
f 2321/1380/5 2320/1379/5 2641/1379/5 2642/1380/5
f 2278/1547/5 2439/1546/5 2760/1546/5 2599/1547/5
f 2450/1401/5 2371/1400/5 2692/1400/5 2771/1401/5
f 2346/1315/5 2507/1314/5 2828/1314/5 2667/1315/5
f 2452/1417/5 2373/1416/5 2694/1416/5 2773/1417/5
f 2563/1550/5 2562/1549/5 2883/1549/5 2884/1550/5
f 2348/1331/5 2509/1330/5 2830/1330/5 2669/1331/5
f 2459/1482/5 2458/1481/5 2779/1481/5 2780/1482/5
f 2570/1389/5 2281/1388/5 2602/1388/5 2891/1389/5
f 2454/1433/5 2375/1432/5 2696/1432/5 2775/1433/5
f 2565/1566/5 2564/1565/5 2885/1565/5 2886/1566/5
f 2357/1464/5 2356/1463/5 2677/1463/5 2678/1464/5
f 2350/1347/5 2511/1346/5 2832/1346/5 2671/1347/5
f 2314/1619/5 2475/1618/5 2796/1618/5 2635/1619/5
f 2461/1498/5 2460/1497/5 2781/1497/5 2782/1498/5
f 2572/1405/5 2291/1404/5 2612/1404/5 2893/1405/5
f 2456/1449/5 2377/1448/5 2698/1448/5 2777/1449/5
f 2567/1582/5 2566/1581/5 2887/1581/5 2888/1582/5
f 2352/1363/5 2513/1362/5 2834/1362/5 2673/1363/5
f 2463/1514/5 2462/1513/5 2783/1513/5 2784/1514/5
f 2574/1421/5 2293/1420/5 2614/1420/5 2895/1421/5
f 2569/1598/5 2568/1597/5 2889/1597/5 2890/1598/5
f 2465/1530/5 2464/1529/5 2785/1529/5 2786/1530/5
f 2576/1437/5 2295/1436/5 2616/1436/5 2897/1437/5
f 2280/1387/5 2441/1386/5 2762/1386/5 2601/1387/5
f 2418/1471/5 2579/1470/5 2900/1470/5 2739/1471/5
f 2359/1544/5 2358/1543/5 2679/1543/5 2680/1544/5
f 2316/1459/5 2477/1458/5 2798/1458/5 2637/1459/5
f 2420/1487/5 2581/1486/5 2902/1486/5 2741/1487/5
f 2531/1398/5 2530/1397/5 2851/1397/5 2852/1398/5
f 2427/1312/5 2426/1311/5 2747/1311/5 2748/1312/5
f 2538/1477/5 2339/1476/5 2660/1476/5 2859/1477/5
f 2422/1503/5 2583/1502/5 2904/1502/5 2743/1503/5
f 2533/1414/5 2532/1413/5 2853/1413/5 2854/1414/5
f 2323/1556/5 2322/1555/5 2643/1555/5 2644/1556/5
f 2429/1328/5 2428/1327/5 2749/1327/5 2750/1328/5
f 2540/1493/5 2341/1492/5 2662/1492/5 2861/1493/5
f 2424/1519/5 2585/1518/5 2906/1518/5 2745/1519/5
f 2535/1430/5 2534/1429/5 2855/1429/5 2856/1430/5
f 2325/1572/5 2324/1571/5 2645/1571/5 2646/1572/5
f 2431/1344/5 2430/1343/5 2751/1343/5 2752/1344/5
f 2542/1509/5 2343/1508/5 2664/1508/5 2863/1509/5
f 2395/1616/5 2394/1615/5 2715/1615/5 2716/1616/5
f 2537/1446/5 2536/1445/5 2857/1445/5 2858/1446/5
f 2327/1588/5 2326/1587/5 2647/1587/5 2648/1588/5
f 2433/1360/5 2432/1359/5 2753/1359/5 2754/1360/5
f 2544/1525/5 2345/1524/5 2666/1524/5 2865/1525/5
f 2329/1604/5 2328/1603/5 2649/1603/5 2650/1604/5
f 2361/1384/5 2360/1383/5 2681/1383/5 2682/1384/5
f 2318/1539/5 2479/1538/5 2800/1538/5 2639/1539/5
f 2490/1393/5 2411/1392/5 2732/1392/5 2811/1393/5
f 2386/1319/5 2547/1318/5 2868/1318/5 2707/1319/5
f 2492/1409/5 2413/1408/5 2734/1408/5 2813/1409/5
f 2282/1563/5 2443/1562/5 2764/1562/5 2603/1563/5
f 2388/1335/5 2549/1334/5 2870/1334/5 2709/1335/5
f 2499/1474/5 2498/1473/5 2819/1473/5 2820/1474/5
f 2494/1425/5 2415/1424/5 2736/1424/5 2815/1425/5
f 2284/1579/5 2445/1578/5 2766/1578/5 2605/1579/5
f 2397/1456/5 2396/1455/5 2717/1455/5 2718/1456/5
f 2506/1313/5 2427/1312/5 2748/1312/5 2827/1313/5
f 2390/1351/5 2551/1350/5 2872/1350/5 2711/1351/5
f 2354/1623/5 2515/1622/5 2836/1622/5 2675/1623/5
f 2501/1490/5 2500/1489/5 2821/1489/5 2822/1490/5
f 2496/1441/5 2417/1440/5 2738/1440/5 2817/1441/5
f 2291/1404/5 2290/1403/5 2611/1403/5 2612/1404/5
f 2286/1595/5 2447/1594/5 2768/1594/5 2607/1595/5
f 2508/1329/5 2429/1328/5 2750/1328/5 2829/1329/5
f 2392/1367/5 2553/1366/5 2874/1366/5 2713/1367/5
f 2503/1506/5 2502/1505/5 2823/1505/5 2824/1506/5
f 2293/1420/5 2292/1419/5 2613/1419/5 2614/1420/5
f 2288/1611/5 2449/1610/5 2770/1610/5 2609/1611/5
f 2510/1345/5 2431/1344/5 2752/1344/5 2831/1345/5
f 2505/1522/5 2504/1521/5 2825/1521/5 2826/1522/5
f 2295/1436/5 2294/1435/5 2615/1435/5 2616/1436/5
f 2320/1379/5 2481/1378/5 2802/1378/5 2641/1379/5
f 2512/1361/5 2433/1360/5 2754/1360/5 2833/1361/5
f 2297/1452/5 2296/1451/5 2617/1451/5 2618/1452/5
f 2458/1481/5 2379/1480/5 2700/1480/5 2779/1481/5
f 2399/1536/5 2398/1535/5 2719/1535/5 2720/1536/5
f 2356/1463/5 2517/1462/5 2838/1462/5 2677/1463/5
f 2460/1497/5 2381/1496/5 2702/1496/5 2781/1497/5
f 2571/1390/5 2570/1389/5 2891/1389/5 2892/1390/5
f 2467/1322/5 2466/1321/5 2787/1321/5 2788/1322/5
f 2578/1469/5 2277/1468/5 2598/1468/5 2899/1469/5
f 2462/1513/5 2383/1512/5 2704/1512/5 2783/1513/5
f 2573/1406/5 2572/1405/5 2893/1405/5 2894/1406/5
f 2363/1560/5 2362/1559/5 2683/1559/5 2684/1560/5
f 2469/1338/5 2468/1337/5 2789/1337/5 2790/1338/5
f 2580/1485/5 2299/1484/5 2620/1484/5 2901/1485/5
f 2464/1529/5 2385/1528/5 2706/1528/5 2785/1529/5
f 2575/1422/5 2574/1421/5 2895/1421/5 2896/1422/5
f 2365/1576/5 2364/1575/5 2685/1575/5 2686/1576/5
f 2471/1354/5 2470/1353/5 2791/1353/5 2792/1354/5
f 2582/1501/5 2301/1500/5 2622/1500/5 2903/1501/5
f 2435/1626/5 2434/1625/5 2755/1625/5 2756/1626/5
f 2577/1438/5 2576/1437/5 2897/1437/5 2898/1438/5
f 2367/1592/5 2366/1591/5 2687/1591/5 2688/1592/5
f 2473/1370/5 2472/1369/5 2793/1369/5 2794/1370/5
f 2584/1517/5 2303/1516/5 2624/1516/5 2905/1517/5
f 2369/1608/5 2368/1607/5 2689/1607/5 2690/1608/5
f 2401/1376/5 2400/1375/5 2721/1375/5 2722/1376/5
f 2358/1543/5 2519/1542/5 2840/1542/5 2679/1543/5
f 2426/1311/5 2587/1310/5 2908/1310/5 2747/1311/5
f 2322/1555/5 2483/1554/5 2804/1554/5 2643/1555/5
f 2428/1327/5 2589/1326/5 2910/1326/5 2749/1327/5
f 2539/1478/5 2538/1477/5 2859/1477/5 2860/1478/5
f 2324/1571/5 2485/1570/5 2806/1570/5 2645/1571/5
f 2437/1466/5 2436/1465/5 2757/1465/5 2758/1466/5
f 2546/1317/5 2347/1316/5 2668/1316/5 2867/1317/5
f 2430/1343/5 2591/1342/5 2912/1342/5 2751/1343/5
f 2394/1615/5 2555/1614/5 2876/1614/5 2715/1615/5
f 2541/1494/5 2540/1493/5 2861/1493/5 2862/1494/5
f 2331/1396/5 2330/1395/5 2651/1395/5 2652/1396/5
f 2326/1587/5 2487/1586/5 2808/1586/5 2647/1587/5
f 2548/1333/5 2349/1332/5 2670/1332/5 2869/1333/5
f 2432/1359/5 2593/1358/5 2914/1358/5 2753/1359/5
f 2543/1510/5 2542/1509/5 2863/1509/5 2864/1510/5
f 2333/1412/5 2332/1411/5 2653/1411/5 2654/1412/5
f 2328/1603/5 2489/1602/5 2810/1602/5 2649/1603/5
f 2550/1349/5 2351/1348/5 2672/1348/5 2871/1349/5
f 2514/1621/5 2315/1620/5 2636/1620/5 2835/1621/5
f 2545/1526/5 2544/1525/5 2865/1525/5 2866/1526/5
f 2360/1383/5 2521/1382/5 2842/1382/5 2681/1383/5
f 2335/1428/5 2334/1427/5 2655/1427/5 2656/1428/5
f 2552/1365/5 2353/1364/5 2674/1364/5 2873/1365/5
f 2337/1444/5 2336/1443/5 2657/1443/5 2658/1444/5
f 2439/1546/5 2438/1545/5 2759/1545/5 2760/1546/5
f 2396/1455/5 2557/1454/5 2878/1454/5 2717/1455/5
f 2290/1403/5 2451/1402/5 2772/1402/5 2611/1403/5
f 2507/1314/5 2506/1313/5 2827/1313/5 2828/1314/5
f 2292/1419/5 2453/1418/5 2774/1418/5 2613/1419/5
f 2403/1552/5 2402/1551/5 2723/1551/5 2724/1552/5
f 2516/1461/5 2317/1460/5 2638/1460/5 2837/1461/5
f 2509/1330/5 2508/1329/5 2829/1329/5 2830/1330/5
f 2299/1484/5 2298/1483/5 2619/1483/5 2620/1484/5
f 2294/1435/5 2455/1434/5 2776/1434/5 2615/1435/5
f 2405/1568/5 2404/1567/5 2725/1567/5 2726/1568/5
f 2511/1346/5 2510/1345/5 2831/1345/5 2832/1346/5
f 2475/1618/5 2474/1617/5 2795/1617/5 2796/1618/5
f 2301/1500/5 2300/1499/5 2621/1499/5 2622/1500/5
f 2296/1451/5 2457/1450/5 2778/1450/5 2617/1451/5
f 2407/1584/5 2406/1583/5 2727/1583/5 2728/1584/5
f 2513/1362/5 2512/1361/5 2833/1361/5 2834/1362/5
f 2303/1516/5 2302/1515/5 2623/1515/5 2624/1516/5
f 2409/1600/5 2408/1599/5 2729/1599/5 2730/1600/5
f 2305/1532/5 2304/1531/5 2625/1531/5 2626/1532/5
f 2441/1386/5 2440/1385/5 2761/1385/5 2762/1386/5
f 2398/1535/5 2559/1534/5 2880/1534/5 2719/1535/5
f 2466/1321/5 2387/1320/5 2708/1320/5 2787/1321/5
f 2518/1541/5 2319/1540/5 2640/1540/5 2839/1541/5
f 2362/1559/5 2523/1558/5 2844/1558/5 2683/1559/5
f 2468/1337/5 2389/1336/5 2710/1336/5 2789/1337/5
f 2579/1470/5 2578/1469/5 2899/1469/5 2900/1470/5
f 2364/1575/5 2525/1574/5 2846/1574/5 2685/1575/5
f 2477/1458/5 2476/1457/5 2797/1457/5 2798/1458/5
f 2586/1309/5 2594/15/5 2915/15/5 2907/1309/5
f 2470/1353/5 2391/1352/5 2712/1352/5 2791/1353/5
f 2434/1625/5 2355/1624/5 2676/1624/5 2755/1625/5
f 2581/1486/5 2580/1485/5 2901/1485/5 2902/1486/5
f 2371/1400/5 2370/1399/5 2691/1399/5 2692/1400/5
f 2366/1591/5 2527/1590/5 2848/1590/5 2687/1591/5
f 2588/1325/5 2307/1324/5 2628/1324/5 2909/1325/5
f 2472/1369/5 2393/1368/5 2714/1368/5 2793/1369/5
f 2583/1502/5 2582/1501/5 2903/1501/5 2904/1502/5
f 2373/1416/5 2372/1415/5 2693/1415/5 2694/1416/5
f 2368/1607/5 2529/1606/5 2850/1606/5 2689/1607/5
f 2590/1341/5 2309/1340/5 2630/1340/5 2911/1341/5
f 2554/1613/5 2289/1612/5 2610/1612/5 2875/1613/5
f 2585/1518/5 2584/1517/5 2905/1517/5 2906/1518/5
f 2400/1375/5 2561/1374/5 2882/1374/5 2721/1375/5
f 2375/1432/5 2374/1431/5 2695/1431/5 2696/1432/5
f 2592/1357/5 2311/1356/5 2632/1356/5 2913/1357/5
f 2377/1448/5 2376/1447/5 2697/1447/5 2698/1448/5
f 2520/1381/5 2321/1380/5 2642/1380/5 2841/1381/5
f 2479/1538/5 2478/1537/5 2799/1537/5 2800/1538/5
f 2436/1465/5 2357/1464/5 2678/1464/5 2757/1465/5
f 2330/1395/5 2491/1394/5 2812/1394/5 2651/1395/5
f 2547/1318/5 2546/1317/5 2867/1317/5 2868/1318/5
f 2332/1411/5 2493/1410/5 2814/1410/5 2653/1411/5
f 2443/1562/5 2442/1561/5 2763/1561/5 2764/1562/5
f 2556/1453/5 2297/1452/5 2618/1452/5 2877/1453/5
f 2549/1334/5 2548/1333/5 2869/1333/5 2870/1334/5
f 2339/1476/5 2338/1475/5 2659/1475/5 2660/1476/5
f 2334/1427/5 2495/1426/5 2816/1426/5 2655/1427/5
f 2445/1578/5 2444/1577/5 2765/1577/5 2766/1578/5
f 2551/1350/5 2550/1349/5 2871/1349/5 2872/1350/5
f 2515/1622/5 2514/1621/5 2835/1621/5 2836/1622/5
f 2341/1492/5 2340/1491/5 2661/1491/5 2662/1492/5
f 2336/1443/5 2497/1442/5 2818/1442/5 2657/1443/5
f 2447/1594/5 2446/1593/5 2767/1593/5 2768/1594/5
f 2553/1366/5 2552/1365/5 2873/1365/5 2874/1366/5
f 2343/1508/5 2342/1507/5 2663/1507/5 2664/1508/5
f 2449/1610/5 2448/1609/5 2769/1609/5 2770/1610/5
f 2345/1524/5 2344/1523/5 2665/1523/5 2666/1524/5
f 2481/1378/5 2480/1377/5 2801/1377/5 2802/1378/5
f 2438/1545/5 2359/1544/5 2680/1544/5 2759/1545/5
f 2275/16/5 2274/1627/5 2595/1627/5 2596/16/5
f 2558/1533/5 2305/1532/5 2626/1532/5 2879/1533/5
f 2402/1551/5 2563/1550/5 2884/1550/5 2723/1551/5
f 2298/1483/5 2459/1482/5 2780/1482/5 2619/1483/5
f 2404/1567/5 2565/1566/5 2886/1566/5 2725/1567/5
f 2517/1462/5 2516/1461/5 2837/1461/5 2838/1462/5
f 2474/1617/5 2395/1616/5 2716/1616/5 2795/1617/5
f 2300/1499/5 2461/1498/5 2782/1498/5 2621/1499/5
f 2411/1392/5 2410/1391/5 2731/1391/5 2732/1392/5
f 2522/1557/5 2323/1556/5 2644/1556/5 2843/1557/5
f 2406/1583/5 2567/1582/5 2888/1582/5 2727/1583/5
f 2307/1324/5 2306/1323/5 2627/1323/5 2628/1324/5
f 2302/1515/5 2463/1514/5 2784/1514/5 2623/1515/5
f 2413/1408/5 2412/1407/5 2733/1407/5 2734/1408/5
f 2524/1573/5 2325/1572/5 2646/1572/5 2845/1573/5
f 2408/1599/5 2569/1598/5 2890/1598/5 2729/1599/5
f 2309/1340/5 2308/1339/5 2629/1339/5 2630/1340/5
f 2304/1531/5 2465/1530/5 2786/1530/5 2625/1531/5
f 2440/1385/5 2361/1384/5 2682/1384/5 2761/1385/5
f 2415/1424/5 2414/1423/5 2735/1423/5 2736/1424/5
f 2526/1589/5 2327/1588/5 2648/1588/5 2847/1589/5
f 2311/1356/5 2310/1355/5 2631/1355/5 2632/1356/5
f 2417/1440/5 2416/1439/5 2737/1439/5 2738/1440/5
f 2528/1605/5 2329/1604/5 2650/1604/5 2849/1605/5
f 2313/1372/5 2312/1371/5 2633/1371/5 2634/1372/5
f 2560/1373/5 2313/1372/5 2634/1372/5 2881/1373/5
f 2519/1542/5 2518/1541/5 2839/1541/5 2840/1542/5
f 2476/1457/5 2397/1456/5 2718/1456/5 2797/1457/5
f 2370/1399/5 2531/1398/5 2852/1398/5 2691/1399/5
f 2587/1310/5 2586/1309/5 2907/1309/5 2908/1310/5
f 2372/1415/5 2533/1414/5 2854/1414/5 2693/1415/5
f 2483/1554/5 2482/1553/5 2803/1553/5 2804/1554/5
f 1937/1341/13 136/1340/13 2309/1340/13 2590/1341/13
f 1731/1381/13 171/1380/13 2321/1380/13 2520/1381/13
f 64/1580/13 1024/1579/13 2284/1579/13 2285/1580/13
f 1095/1323/13 615/1322/13 2467/1322/13 2306/1323/13
f 2175/2150/15 2014/2149/15 2655/2149/15 2816/2150/15
f 1938/1357/13 137/1356/13 2311/1356/13 2592/1357/13
f 65/1596/14 1025/1595/14 2286/1595/14 2287/1596/14
f 1096/1339/14 616/1338/14 2469/1338/14 2308/1339/14
f 2177/2134/15 2016/2133/15 2657/2133/15 2818/2134/15
f 66/1612/13 1026/1611/13 2288/1611/13 2289/1612/13
f 1097/1355/14 617/1354/14 2471/1354/14 2310/1355/14
f 891/1374/13 1851/1373/13 2560/1373/13 2561/1374/13
f 2179/2102/11 2018/2101/11 2659/2101/11 2820/2102/11
f 273/1624/14 1233/1623/14 2354/1623/14 2355/1624/14
f 1098/1371/13 618/1370/13 2473/1370/13 2312/1371/13
f 2181/2086/15 2020/2085/15 2661/2085/15 2822/2086/15
f 2183/2070/15 2022/2069/15 2663/2069/15 2824/2070/15
f 687/1394/13 1647/1393/13 2490/1393/13 2491/1394/13
f 2185/2054/15 2024/2053/15 2665/2053/15 2826/2054/15
f 688/1410/13 1648/1409/13 2492/1409/13 2493/1410/13
f 2187/2260/11 2026/2259/11 2667/2259/11 2828/2260/11
f 689/1426/13 1649/1425/13 2494/1425/13 2495/1426/13
f 2189/2244/11 2028/2243/11 2669/2243/11 2830/2244/11
f 690/1442/14 1650/1441/14 2496/1441/14 2497/1442/14
f 2191/2228/15 2030/2227/15 2671/2227/15 2832/2228/15
f 279/1464/13 1239/1463/13 2356/1463/13 2357/1464/13
f 2193/2212/11 2032/2211/11 2673/2211/11 2834/2212/11
f 1311/1479/13 831/1478/13 2539/1478/13 2378/1479/13
f 2195/1954/15 2034/1953/15 2675/1953/15 2836/1954/15
f 1312/1495/13 832/1494/13 2541/1494/13 2380/1495/13
f 2197/2114/15 2036/2113/15 2677/2113/15 2838/2114/15
f 1313/1511/13 833/1510/13 2543/1510/13 2382/1511/13
f 1743/1557/13 183/1556/13 2323/1556/13 2522/1557/13
f 2199/2034/15 2038/2033/15 2679/2033/15 2840/2034/15
f 1314/1527/14 834/1526/14 2545/1526/14 2384/1527/14
f 1744/1573/13 184/1572/13 2325/1572/13 2524/1573/13
f 2201/2192/11 2040/2191/11 2681/2191/11 2842/2192/11
f 1745/1589/14 185/1588/14 2327/1588/14 2526/1589/14
f 903/1550/14 1863/1549/14 2562/1549/14 2563/1550/14
f 2203/2018/11 2042/2017/11 2683/2017/11 2844/2018/11
f 285/1544/13 1245/1543/13 2358/1543/13 2359/1544/13
f 1746/1605/13 186/1604/13 2329/1604/13 2528/1605/13
f 904/1566/14 1864/1565/14 2564/1565/14 2565/1566/14
f 2205/2002/15 2044/2001/15 2685/2001/15 2846/2002/15
f 1954/1949/15 1951/5/15 2596/5/15 2595/1949/15
f 905/1582/13 1865/1581/13 2566/1581/13 2567/1582/13
f 2207/1986/11 2046/1985/11 2687/1985/11 2848/1986/11
f 906/1598/13 1866/1597/13 2568/1597/13 2569/1598/13
f 2209/1970/15 2048/1969/15 2689/1969/15 2850/1970/15
f 1956/2109/11 1957/2108/11 2598/2108/11 2597/2109/11
f 1113/1619/14 633/1618/14 2475/1618/14 2314/1619/14
f 2211/2176/11 2050/2175/11 2691/2175/11 2852/2176/11
f 495/1312/13 1455/1311/13 2426/1311/13 2427/1312/13
f 1958/2029/11 1959/2028/11 2600/2028/11 2599/2029/11
f 2213/2162/11 2052/2161/11 2693/2161/11 2854/2162/11
f 1527/1401/14 327/1400/14 2371/1400/14 2450/1401/14
f 1960/2187/11 1961/2186/11 2602/2186/11 2601/2187/11
f 496/1328/13 1456/1327/13 2428/1327/13 2429/1328/13
f 2215/2146/15 2054/2145/15 2695/2145/15 2856/2146/15
f 1528/1417/14 328/1416/14 2373/1416/14 2452/1417/14
f 1962/2013/15 1963/2012/15 2604/2012/15 2603/2013/15
f 497/1344/13 1457/1343/13 2430/1343/13 2431/1344/13
f 291/1384/13 1251/1383/13 2360/1383/13 2361/1384/13
f 2217/2130/15 2056/2129/15 2697/2129/15 2858/2130/15
f 1529/1433/14 329/1432/14 2375/1432/14 2454/1433/14
f 1964/1997/11 1965/1996/11 2606/1996/11 2605/1997/11
f 498/1360/13 1458/1359/13 2432/1359/13 2433/1360/13
f 2219/2098/11 2058/2097/11 2699/2097/11 2860/2098/11
f 1530/1449/13 330/1448/13 2377/1448/13 2456/1449/13
f 1966/1981/15 1967/1980/15 2608/1980/15 2607/1981/15
f 87/1404/13 1047/1403/13 2290/1403/13 2291/1404/13
f 2221/2082/11 2060/2081/11 2701/2081/11 2862/2082/11
f 1968/1965/11 1969/1964/11 2610/1964/11 2609/1965/11
f 1119/1459/13 639/1458/13 2477/1458/13 2316/1459/13
f 88/1420/13 1048/1419/13 2292/1419/13 2293/1420/13
f 2223/2066/11 2062/2065/11 2703/2065/11 2864/2066/11
f 1970/2171/15 1971/2170/15 2612/2170/15 2611/2171/15
f 89/1436/14 1049/1435/14 2294/1435/14 2295/1436/14
f 2225/2050/15 2064/2049/15 2705/2049/15 2866/2050/15
f 1972/2157/11 1973/2156/11 2614/2156/11 2613/2157/11
f 90/1452/13 1050/1451/13 2296/1451/13 2297/1452/13
f 2227/2256/11 2066/2255/11 2707/2255/11 2868/2256/11
f 1974/2141/15 1975/2140/15 2616/2140/15 2615/2141/15
f 2229/2240/15 2068/2239/15 2709/2239/15 2870/2240/15
f 1976/2125/11 1977/2124/11 2618/2124/11 2617/2125/11
f 2231/2224/11 2070/2223/11 2711/2223/11 2872/2224/11
f 711/1474/13 1671/1473/13 2498/1473/13 2499/1474/13
f 1978/2093/11 1979/2092/11 2620/2092/11 2619/2093/11
f 2233/2208/15 2072/2207/15 2713/2207/15 2874/2208/15
f 712/1490/13 1672/1489/13 2500/1489/13 2501/1490/13
f 1980/2077/15 1981/2076/15 2622/2076/15 2621/2077/15
f 32/7/17 1955/7/17 2915/7/17 2594/7/17
f 1125/1539/13 645/1538/13 2479/1538/13 2318/1539/13
f 2235/1962/15 2074/1961/15 2715/1961/15 2876/1962/15
f 713/1506/14 1673/1505/14 2502/1505/14 2503/1506/14
f 1982/2061/11 1983/2060/11 2624/2060/11 2623/2061/11
f 2237/2122/15 2076/2121/15 2717/2121/15 2878/2122/15
f 714/1522/13 1674/1521/13 2504/1521/13 2505/1522/13
f 1984/2045/11 1985/2044/11 2626/2044/11 2625/2045/11
f 2239/2042/15 2078/2041/15 2719/2041/15 2880/2042/15
f 1986/2251/15 1987/2250/15 2628/2250/15 2627/2251/15
f 303/1560/13 1263/1559/13 2362/1559/13 2363/1560/13
f 2241/2200/15 2080/2199/15 2721/2199/15 2882/2200/15
f 1988/2235/15 1989/2234/15 2630/2234/15 2629/2235/15
f 304/1576/13 1264/1575/13 2364/1575/13 2365/1576/13
f 1335/1319/13 855/1318/13 2547/1318/13 2386/1319/13
f 2243/2026/11 2082/2025/11 2723/2025/11 2884/2026/11
f 1990/2219/15 1991/2218/15 2632/2218/15 2631/2219/15
f 305/1592/13 1265/1591/13 2366/1591/13 2367/1592/13
f 1336/1335/13 856/1334/13 2549/1334/13 2388/1335/13
f 2245/2010/15 2084/2009/15 2725/2009/15 2886/2010/15
f 1992/2203/11 1993/2202/11 2634/2202/11 2633/2203/11
f 1767/1397/14 207/1396/14 2331/1396/14 2530/1397/14
f 306/1608/13 1266/1607/13 2368/1607/13 2369/1608/13
f 1337/1351/14 857/1350/14 2551/1350/14 2390/1351/14
f 1131/1379/13 651/1378/13 2481/1378/13 2320/1379/13
f 2247/1994/15 2086/1993/15 2727/1993/15 2888/1994/15
f 1994/1957/15 1995/1956/15 2636/1956/15 2635/1957/15
f 513/1626/14 1473/1625/14 2434/1625/14 2435/1626/14
f 1768/1413/13 208/1412/13 2333/1412/13 2532/1413/13
f 1338/1367/13 858/1366/13 2553/1366/13 2392/1367/13
f 1951/5/16 30/5/16 2275/5/16 2596/5/16
f 2249/1978/11 2088/1977/11 2729/1977/11 2890/1978/11
f 1996/2117/15 1997/2116/15 2638/2116/15 2637/2117/15
f 1769/1429/13 209/1428/13 2335/1428/13 2534/1429/13
f 927/1390/14 1887/1389/14 2570/1389/14 2571/1390/14
f 2251/2184/15 2090/2183/15 2731/2183/15 2892/2184/15
f 1998/2037/15 1999/2036/15 2640/2036/15 2639/2037/15
f 1770/1445/14 210/1444/14 2337/1444/14 2536/1445/14
f 928/1406/13 1888/1405/13 2572/1405/13 2573/1406/13
f 2253/2168/15 2092/2167/15 2733/2167/15 2894/2168/15
f 2000/2195/15 2001/2194/15 2642/2194/15 2641/2195/15
f 929/1422/14 1889/1421/14 2574/1421/14 2575/1422/14
f 2255/2154/11 2094/2153/11 2735/2153/11 2896/2154/11
f 2002/2021/15 2003/2020/15 2644/2020/15 2643/2021/15
f 930/1438/13 1890/1437/13 2576/1437/13 2577/1438/13
f 2257/2138/11 2096/2137/11 2737/2137/11 2898/2138/11
f 2004/2005/15 2005/2004/15 2646/2004/15 2645/2005/15
f 2259/2106/11 2098/2105/11 2739/2105/11 2900/2106/11
f 2006/1989/11 2007/1988/11 2648/1988/11 2647/1989/11
f 519/1466/13 1479/1465/13 2436/1465/13 2437/1466/13
f 2261/2090/11 2100/2089/11 2741/2089/11 2902/2090/11
f 2008/1973/11 2009/1972/11 2650/1972/11 2649/1973/11
f 1551/1481/13 351/1480/13 2379/1480/13 2458/1481/13
f 2263/2074/15 2102/2073/15 2743/2073/15 2904/2074/15
f 2010/2179/15 2011/2178/15 2652/2178/15 2651/2179/15
f 1552/1497/13 352/1496/13 2381/1496/13 2460/1497/13
f 2265/2058/11 2104/2057/11 2745/2057/11 2906/2058/11
f 2012/32/15 2013/2164/15 2654/2164/15 2653/32/15
f 1553/1513/13 353/1512/13 2383/1512/13 2462/1513/13
f 2267/2264/15 2106/2263/15 2747/2263/15 2908/2264/15
f 2014/2149/11 2015/2148/11 2656/2148/11 2655/2149/11
f 1554/1529/13 354/1528/13 2385/1528/13 2464/1529/13
f 111/1484/13 1071/1483/13 2298/1483/13 2299/1484/13
f 2269/2248/11 2108/2247/11 2749/2247/11 2910/2248/11
f 2016/2133/11 2017/2132/11 2658/2132/11 2657/2133/11
f 112/1500/13 1072/1499/13 2300/1499/13 2301/1500/13
f 1143/1555/14 663/1554/14 2483/1554/14 2322/1555/14
f 2271/2232/11 2110/2231/11 2751/2231/11 2912/2232/11
f 2018/2101/15 2019/2100/15 2660/2100/15 2659/2101/15
f 525/1546/13 1485/1545/13 2438/1545/13 2439/1546/13
f 113/1516/14 1073/1515/14 2302/1515/14 2303/1516/14
f 1144/1571/13 664/1570/13 2485/1570/13 2324/1571/13
f 2273/2216/15 2112/2215/15 2753/2215/15 2914/2216/15
f 2020/2085/15 2021/2084/15 2662/2084/15 2661/2085/15
f 114/1532/14 1074/1531/14 2304/1531/14 2305/1532/14
f 1145/1587/14 665/1586/14 2487/1586/14 2326/1587/14
f 2035/1952/11 2114/1951/11 2755/1951/11 2676/1952/11
f 2022/2069/11 2023/2068/11 2664/2068/11 2663/2069/11
f 1146/1603/13 666/1602/13 2489/1602/13 2328/1603/13
f 2037/2112/11 2116/2111/11 2757/2111/11 2678/2112/11
f 2024/2053/11 2025/2052/11 2666/2052/11 2665/2053/11
f 1353/1615/14 873/1614/14 2555/1614/14 2394/1615/14
f 2039/2032/15 2118/2031/15 2759/2031/15 2680/2032/15
f 735/1314/13 1695/1313/13 2506/1313/13 2507/1314/13
f 2026/2259/15 2027/2258/15 2668/2258/15 2667/2259/15
f 2041/2190/15 2120/2189/15 2761/2189/15 2682/2190/15
f 736/1330/13 1696/1329/13 2508/1329/13 2509/1330/13
f 2028/2243/15 2029/2242/15 2670/2242/15 2669/2243/15
f 2043/2016/11 2122/2015/11 2763/2015/11 2684/2016/11
f 737/1346/13 1697/1345/13 2510/1345/13 2511/1346/13
f 2030/2227/15 2031/2226/15 2672/2226/15 2671/2227/15
f 531/1386/14 1491/1385/14 2440/1385/14 2441/1386/14
f 2045/2000/15 2124/1999/15 2765/1999/15 2686/2000/15
f 738/1362/14 1698/1361/14 2512/1361/14 2513/1362/14
f 2032/2211/11 2033/2210/11 2674/2210/11 2673/2211/11
f 2047/1984/11 2126/1983/11 2767/1983/11 2688/1984/11
f 2034/1953/15 2035/1952/15 2676/1952/15 2675/1953/15
f 327/1400/13 1287/1399/13 2370/1399/13 2371/1400/13
f 2049/1968/15 2128/1967/15 2769/1967/15 2690/1968/15
f 2036/2113/11 2037/2112/11 2678/2112/11 2677/2113/11
f 328/1416/13 1288/1415/13 2372/1415/13 2373/1416/13
f 1359/1455/14 879/1454/14 2557/1454/14 2396/1455/14
f 2051/2174/11 2130/2173/11 2771/2173/11 2692/2174/11
f 2038/2033/11 2039/2032/11 2680/2032/11 2679/2033/11
f 329/1432/13 1289/1431/13 2374/1431/13 2375/1432/13
f 2053/2160/15 2132/2159/15 2773/2159/15 2694/2160/15
f 2040/2191/11 2041/2190/11 2682/2190/11 2681/2191/11
f 330/1448/13 1290/1447/13 2376/1447/13 2377/1448/13
f 1791/1477/14 231/1476/14 2339/1476/14 2538/1477/14
f 2055/2144/11 2134/2143/11 2775/2143/11 2696/2144/11
f 2042/2017/15 2043/2016/15 2684/2016/15 2683/2017/15
f 1792/1493/14 232/1492/14 2341/1492/14 2540/1493/14
f 2057/2128/11 2136/2127/11 2777/2127/11 2698/2128/11
f 2044/2001/11 2045/2000/11 2686/2000/11 2685/2001/11
f 1793/1509/13 233/1508/13 2343/1508/13 2542/1509/13
f 951/1470/14 1911/1469/14 2578/1469/14 2579/1470/14
f 2059/2096/15 2138/2095/15 2779/2095/15 2700/2096/15
f 2046/1985/15 2047/1984/15 2688/1984/15 2687/1985/15
f 1794/1525/13 234/1524/13 2345/1524/13 2544/1525/13
f 952/1486/14 1912/1485/14 2580/1485/14 2581/1486/14
f 2061/2080/11 2140/2079/11 2781/2079/11 2702/2080/11
f 2048/1969/11 2049/1968/11 2690/1968/11 2689/1969/11
f 1365/1535/13 885/1534/13 2559/1534/13 2398/1535/13
f 953/1502/14 1913/1501/14 2582/1501/14 2583/1502/14
f 2063/2064/11 2142/2063/11 2783/2063/11 2704/2064/11
f 2050/2175/11 2051/2174/11 2692/2174/11 2691/2175/11
f 954/1518/13 1914/1517/13 2584/1517/13 2585/1518/13
f 2065/2048/11 2144/2047/11 2785/2047/11 2706/2048/11
f 2052/2161/11 2053/2160/11 2694/2160/11 2693/2161/11
f 2067/2254/15 2146/2253/15 2787/2253/15 2708/2254/15
f 543/1562/14 1503/1561/14 2442/1561/14 2443/1562/14
f 2054/2145/11 2055/2144/11 2696/2144/11 2695/2145/11
f 2069/2238/15 2148/2237/15 2789/2237/15 2710/2238/15
f 544/1578/14 1504/1577/14 2444/1577/14 2445/1578/14
f 1575/1321/13 375/1320/13 2387/1320/13 2466/1321/13
f 2056/2129/15 2057/2128/15 2698/2128/15 2697/2129/15
f 2071/2222/11 2150/2221/11 2791/2221/11 2712/2222/11
f 545/1594/14 1505/1593/14 2446/1593/14 2447/1594/14
f 1576/1337/14 376/1336/14 2389/1336/14 2468/1337/14
f 2058/2097/11 2059/2096/11 2700/2096/11 2699/2097/11
f 2073/2206/15 2152/2205/15 2793/2205/15 2714/2206/15
f 546/1610/14 1506/1609/14 2448/1609/14 2449/1610/14
f 1577/1353/14 377/1352/14 2391/1352/14 2470/1353/14
f 2060/2081/15 2061/2080/15 2702/2080/15 2701/2081/15
f 1371/1375/13 891/1374/13 2561/1374/13 2400/1375/13
f 2075/1960/15 2154/1959/15 2795/1959/15 2716/1960/15
f 753/1622/13 1713/1621/13 2514/1621/13 2515/1622/13
f 1578/1369/13 378/1368/13 2393/1368/13 2472/1369/13
f 2062/2065/15 2063/2064/15 2704/2064/15 2703/2065/15
f 135/1324/13 1095/1323/13 2306/1323/13 2307/1324/13
f 2077/2120/15 2156/2119/15 2797/2119/15 2718/2120/15
f 2064/2049/11 2065/2048/11 2706/2048/11 2705/2049/11
f 136/1340/13 1096/1339/13 2308/1339/13 2309/1340/13
f 1167/1395/14 687/1394/14 2491/1394/14 2330/1395/14
f 2079/2040/11 2158/2039/11 2799/2039/11 2720/2040/11
f 2066/2255/15 2067/2254/15 2708/2254/15 2707/2255/15
f 137/1356/14 1097/1355/14 2310/1355/14 2311/1356/14
f 1168/1411/13 688/1410/13 2493/1410/13 2332/1411/13
f 2081/2198/11 2160/2197/11 2801/2197/11 2722/2198/11
f 2068/2239/11 2069/2238/11 2710/2238/11 2709/2239/11
f 138/1372/13 1098/1371/13 2312/1371/13 2313/1372/13
f 1169/1427/13 689/1426/13 2495/1426/13 2334/1427/13
f 2083/2024/15 2162/2023/15 2803/2023/15 2724/2024/15
f 2070/2223/15 2071/2222/15 2712/2222/15 2711/2223/15
f 1170/1443/14 690/1442/14 2497/1442/14 2336/1443/14
f 2085/2008/11 2164/2007/11 2805/2007/11 2726/2008/11
f 2072/2207/11 2073/2206/11 2714/2206/11 2713/2207/11
f 2087/1992/15 2166/1991/15 2807/1991/15 2728/1992/15
f 759/1462/13 1719/1461/13 2516/1461/13 2517/1462/13
f 2074/1961/11 2075/1960/11 2716/1960/11 2715/1961/11
f 2089/1976/11 2168/1975/11 2809/1975/11 2730/1976/11
f 2076/2121/11 2077/2120/11 2718/2120/11 2717/2121/11
f 2091/2182/15 2170/2181/15 2811/2181/15 2732/2182/15
f 2078/2041/11 2079/2040/11 2720/2040/11 2719/2041/11
f 2093/2166/11 2172/2165/11 2813/2165/11 2734/2166/11
f 2080/2199/11 2081/2198/11 2722/2198/11 2721/2199/11
f 2095/2152/11 2174/2151/11 2815/2151/11 2736/2152/11
f 2082/2025/11 2083/2024/11 2724/2024/11 2723/2025/11
f 351/1480/13 1311/1479/13 2378/1479/13 2379/1480/13
f 2097/2136/15 2176/2135/15 2817/2135/15 2738/2136/15
f 2084/2009/11 2085/2008/11 2726/2008/11 2725/2009/11
f 352/1496/14 1312/1495/14 2380/1495/14 2381/1496/14
f 1383/1551/13 903/1550/13 2563/1550/13 2402/1551/13
f 2099/2104/11 2178/2103/11 2819/2103/11 2740/2104/11
f 765/1542/13 1725/1541/13 2518/1541/13 2519/1542/13
f 2086/1993/11 2087/1992/11 2728/1992/11 2727/1993/11
f 353/1512/13 1313/1511/13 2382/1511/13 2383/1512/13
f 1384/1567/14 904/1566/14 2565/1566/14 2404/1567/14
f 2101/2088/15 2180/2087/15 2821/2087/15 2742/2088/15
f 2088/1977/15 2089/1976/15 2730/1976/15 2729/1977/15
f 354/1528/13 1314/1527/13 2384/1527/13 2385/1528/13
f 1385/1583/14 905/1582/14 2567/1582/14 2406/1583/14
f 1815/1317/14 255/1316/14 2347/1316/14 2546/1317/14
f 2103/2072/11 2182/2071/11 2823/2071/11 2744/2072/11
f 2090/2183/15 2091/2182/15 2732/2182/15 2731/2183/15
f 1386/1599/13 906/1598/13 2569/1598/13 2408/1599/13
f 1816/1333/13 256/1332/13 2349/1332/13 2548/1333/13
f 2105/2056/11 2184/2055/11 2825/2055/11 2746/2056/11
f 1593/1617/13 393/1616/13 2395/1616/13 2474/1617/13
f 2092/2167/15 2093/2166/15 2734/2166/15 2733/2167/15
f 1817/1349/13 257/1348/13 2351/1348/13 2550/1349/13
f 975/1310/13 1935/1309/13 2586/1309/13 2587/1310/13
f 2107/2262/11 2186/2261/11 2827/2261/11 2748/2262/11
f 2094/2153/11 2095/2152/11 2736/2152/11 2735/2153/11
f 1818/1365/13 258/1364/13 2353/1364/13 2552/1365/13
f 976/1326/14 1936/1325/14 2588/1325/14 2589/1326/14
f 2109/2246/11 2188/2245/11 2829/2245/11 2750/2246/11
f 2096/2137/15 2097/2136/15 2738/2136/15 2737/2137/15
f 977/1342/13 1937/1341/13 2590/1341/13 2591/1342/13
f 2111/2230/11 2190/2229/11 2831/2229/11 2752/2230/11
f 771/1382/14 1731/1381/14 2520/1381/14 2521/1382/14
f 2098/2105/15 2099/2104/15 2740/2104/15 2739/2105/15
f 153/1620/13 1113/1619/13 2314/1619/13 2315/1620/13
f 978/1358/13 1938/1357/13 2592/1357/13 2593/1358/13
f 2113/2214/15 2192/2213/15 2833/2213/15 2754/2214/15
f 2100/2089/11 2101/2088/11 2742/2088/11 2741/2089/11
f 1995/1956/15 2194/1955/15 2835/1955/15 2636/1956/15
f 2102/2073/11 2103/2072/11 2744/2072/11 2743/2073/11
f 567/1402/13 1527/1401/13 2450/1401/13 2451/1402/13
f 1997/2116/11 2196/2115/11 2837/2115/11 2638/2116/11
f 2104/2057/11 2105/2056/11 2746/2056/11 2745/2057/11
f 568/1418/13 1528/1417/13 2452/1417/13 2453/1418/13
f 1599/1457/13 399/1456/13 2397/1456/13 2476/1457/13
f 1999/2036/15 2198/2035/15 2839/2035/15 2640/2036/15
f 2106/2263/11 2107/2262/11 2748/2262/11 2747/2263/11
f 569/1434/13 1529/1433/13 2454/1433/13 2455/1434/13
f 2001/2194/15 2200/2193/15 2841/2193/15 2642/2194/15
f 2108/2247/15 2109/2246/15 2750/2246/15 2749/2247/15
f 570/1450/14 1530/1449/14 2456/1449/14 2457/1450/14
f 2003/2020/15 2202/2019/15 2843/2019/15 2644/2020/15
f 2110/2231/15 2111/2230/15 2752/2230/15 2751/2231/15
f 2917/4/18 2916/3/18 2919/2266/18 3080/2267/18 3079/2268/18 3000/2269/18 2999/2270/18 3160/2271/18 3159/2272/18 2960/2273/18 2959/2274/18 3120/2275/18 3119/2276/18 3040/2277/18 3039/2278/18 3200/2279/18 3199/2280/18 2934/2281/18 2933/2282/18 3094/2283/18 3093/2284/18 3014/2285/18 3013/2286/18 3174/2287/18 3173/2288/18 2974/2289/18 2973/2290/18 3134/2291/18 3133/2292/18 3054/2293/18 3053/2294/18 3214/2295/18 3213/2296/18 2932/2297/18 2931/2298/18 3092/2299/18 3091/2300/18 3012/2301/18 3011/2302/18 3172/2303/18 3171/2304/18 2972/2305/18 2971/2306/18 3132/2307/18 3131/2308/18 3052/2309/18 3051/2310/18 3212/2311/18 3211/2312/18 2930/2313/18 2929/2314/18 3090/2315/18 3089/2316/18 3010/2317/18 3009/2318/18 3170/2319/18 3169/2320/18 2970/2321/18 2969/2322/18 3130/2323/18 3129/2324/18 3050/2325/18 3049/2326/18 3210/2327/18 3209/2328/18 2928/2329/18 2927/2330/18 3088/2331/18 3087/2332/18 3008/2333/18 3007/2334/18 3168/2335/18 3167/2336/18 2968/2337/18 2967/2338/18 3128/2339/18 3127/2340/18 3048/2341/18 3047/2342/18 3208/2343/18 3207/2344/18 2924/2345/18 2923/2346/18 3084/2347/18 3083/2348/18 3004/2349/18 3003/2350/18 3164/2351/18 3163/2352/18 2964/2353/18 2963/2354/18 3124/2355/18 3123/2356/18 3044/2357/18 3043/2358/18 3204/2359/18 3203/2360/18 2950/2361/18 2949/2362/18 3110/2363/18 3109/2364/18 3030/2365/18 3029/2366/18 3190/2367/18 3189/2368/18 2990/2369/18 2989/2370/18 3150/2371/18 3149/2372/18 3070/2373/18 3069/2374/18 3230/2375/18 3229/2376/18 2948/2377/18 2947/2378/18 3108/2379/18 3107/2380/18 3028/2381/18 3027/2382/18 3188/2383/18 3187/2384/18 2988/2385/18 2987/2386/18 3148/2387/18 3147/2388/18 3068/2389/18 3067/2390/18 3228/2391/18 3227/2392/18 2946/2393/18 2945/2394/18 3106/2395/18 3105/2396/18 3026/2397/18 3025/2398/18 3186/2399/18 3185/2400/18 2986/2401/18 2985/2402/18 3146/2403/18 3145/2404/18 3066/2405/18 3065/2406/18 3226/2407/18 3225/2408/18 2944/2409/18 2943/2410/18 3104/2411/18 3103/2412/18 3024/2413/18 3023/2414/18 3184/2415/18 3183/2416/18 2984/2417/18 2983/2418/18 3144/2419/18 3143/2420/18 3064/2421/18 3063/30/18 3224/29/18 3223/2422/18 2922/2423/18 2921/2424/18 3082/2425/18 3081/2426/18 3002/2427/18 3001/2428/18 3162/2429/18 3161/2430/18 2962/2431/18 2961/2432/18 3122/2433/18 3121/2434/18 3042/2435/18 3041/2436/18 3202/2437/18 3201/2438/18 2942/2439/18 2941/2440/18 3102/2441/18 3101/2442/18 3022/2443/18 3021/2444/18 3182/2445/18 3181/2446/18 2982/2447/18 2981/2448/18 3142/2449/18 3141/2450/18 3062/2451/18 3061/2452/18 3222/2453/18 3221/2454/18 2940/2455/18 2939/2456/18 3100/2457/18 3099/2458/18 3020/2459/18 3019/2460/18 3180/2461/18 3179/2462/18 2980/2463/18 2979/2464/18 3140/2465/18 3139/2466/18 3060/2467/18 3059/2468/18 3220/2469/18 3219/2470/18 2938/2471/18 2937/2472/18 3098/2473/18 3097/2474/18 3018/2475/18 3017/2476/18 3178/2477/18 3177/2478/18 2978/2479/18 2977/2480/18 3138/2481/18 3137/2482/18 3058/2483/18 3057/2484/18 3218/2485/18 3217/2486/18 2936/2487/18 2935/2488/18 3096/2489/18 3095/2490/18 3016/2491/18 3015/2492/18 3176/2493/18 3175/2494/18 2976/2495/18 2975/2496/18 3136/2497/18 3135/2498/18 3056/2499/18 3055/2500/18 3216/2501/18 3215/2502/18 2926/2503/18 2925/2504/18 3086/2505/18 3085/2506/18 3006/2507/18 3005/2508/18 3166/2509/18 3165/2510/18 2966/2511/18 2965/2512/18 3126/2513/18 3125/2514/18 3046/2515/18 3045/2516/18 3206/2517/18 3205/2518/18 2958/2519/18 2957/2520/18 3118/2521/18 3117/2522/18 3038/2523/18 3037/2524/18 3198/2525/18 3197/2526/18 2998/2527/18 2997/2528/18 3158/2529/18 3157/2530/18 3078/2531/18 3077/2532/18 3238/2533/18 3237/2534/18 2956/2535/18 2955/2536/18 3116/2537/18 3115/2538/18 3036/2539/18 3035/2540/18 3196/2541/18 3195/2542/18 2996/2543/18 2995/2544/18 3156/2545/18 3155/2546/18 3076/2547/18 3075/2548/18 3236/2549/18 3235/2550/18 2954/2551/18 2953/2552/18 3114/2553/18 3113/2554/18 3034/2555/18 3033/2556/18 3194/2557/18 3193/2558/18 2994/2559/18 2993/2560/18 3154/2561/18 3153/2562/18 3074/2563/18 3073/2564/18 3234/2565/18 3233/2566/18 2952/2567/18 2951/2568/18 3112/2569/18 3111/2570/18 3032/2571/18 3031/2572/18 3192/2573/18 3191/2574/18 2992/2575/18 2991/2576/18 3152/2577/18 3151/2578/18 3072/2579/18 3071/2580/18 3232/2581/18 3231/2582/18 2920/5/18 2918/6/18
f 686/1761/19 1646/1760/19 3461/1760/19 3462/1761/19
f 2969/2322/10 2970/2321/10 3611/2321/10 3610/2322/10
f 3222/2453/10 3061/2452/10 3702/2452/10 3863/2453/10
f 685/1745/19 1645/1744/19 3459/1744/19 3460/1745/19
f 2967/2338/10 2968/2337/10 3609/2337/10 3608/2338/10
f 3220/2469/10 3059/2468/10 3700/2468/10 3861/2469/10
f 272/1943/19 1232/1942/19 3319/1942/19 3320/1943/19
f 684/1729/12 1644/1728/12 3457/1728/12 3458/1729/12
f 2965/2512/18 2966/2511/18 3607/2511/18 3606/2512/18
f 890/1693/12 1850/1692/12 3525/1692/12 3526/1693/12
f 3218/2485/10 3057/2484/10 3698/2484/10 3859/2485/10
f 683/1713/19 1643/1712/19 3455/1712/19 3456/1713/19
f 2963/2354/10 2964/2353/10 3605/2353/10 3604/2354/10
f 3216/2501/10 3055/2500/10 3696/2500/10 3857/2501/10
f 1886/1756/19 85/1755/19 3260/1755/19 3541/1756/19
f 2961/2432/10 2962/2431/10 3603/2431/10 3602/2432/10
f 1094/1690/19 614/1689/19 3438/1689/19 3277/1690/19
f 3214/2295/10 3053/2294/10 3694/2294/10 3855/2295/10
f 1885/1740/19 84/1739/19 3258/1739/19 3539/1740/19
f 2959/2274/10 2960/2273/10 3601/2273/10 3600/2274/10
f 62/1931/19 1022/1930/19 3253/1930/19 3254/1931/19
f 1093/1674/19 613/1673/19 3436/1673/19 3275/1674/19
f 3212/2311/10 3051/2310/10 3692/2310/10 3853/2311/10
f 1884/1724/19 83/1723/19 3256/1723/19 3537/1724/19
f 2957/2520/10 2958/2519/10 3599/2519/10 3598/2520/10
f 61/1915/19 1021/1914/19 3251/1914/19 3252/1915/19
f 1092/1658/19 612/1657/19 3434/1657/19 3273/1658/19
f 3210/2327/18 3049/2326/18 3690/2326/18 3851/2327/18
f 1883/1708/12 50/1707/12 3246/1707/12 3535/1708/12
f 2955/2536/10 2956/2535/10 3597/2535/10 3596/2536/10
f 60/1899/19 1020/1898/19 3249/1898/19 3250/1899/19
f 1091/1642/19 611/1641/19 3432/1641/19 3271/1642/19
f 3208/2343/18 3047/2342/18 3688/2342/18 3849/2343/18
f 2953/2552/18 2954/2551/18 3595/2551/18 3594/2552/18
f 884/1853/19 1844/1852/19 3523/1852/19 3524/1853/19
f 59/1883/19 1019/1882/19 3247/1882/19 3248/1883/19
f 3206/2517/10 3045/2516/10 3686/2516/10 3847/2517/10
f 1502/1928/19 302/1927/19 3334/1927/19 3413/1928/19
f 2951/2568/10 2952/2567/10 3593/2567/10 3592/2568/10
f 3204/2359/10 3043/2358/10 3684/2358/10 3845/2359/10
f 1501/1912/19 301/1911/19 3332/1911/19 3411/1912/19
f 470/1839/19 1430/1838/19 3389/1838/19 3390/1839/19
f 2949/2362/10 2950/2361/10 3591/2361/10 3590/2362/10
f 3202/2437/18 3041/2436/18 3682/2436/18 3843/2437/18
f 1500/1896/19 300/1895/19 3330/1895/19 3409/1896/19
f 469/1823/12 1429/1822/12 3387/1822/12 3388/1823/12
f 2947/2378/10 2948/2377/10 3589/2377/10 3588/2378/10
f 3200/2279/10 3039/2278/10 3680/2278/10 3841/2279/10
f 1499/1880/19 299/1879/19 3328/1879/19 3407/1880/19
f 468/1807/19 1428/1806/19 3385/1806/19 3386/1807/19
f 2945/2394/10 2946/2393/10 3587/2393/10 3586/2394/10
f 3198/2525/10 3037/2524/10 3678/2524/10 3839/2525/10
f 467/1791/19 1427/1790/19 3383/1790/19 3384/1791/19
f 2943/2410/10 2944/2409/10 3585/2409/10 3584/2410/10
f 1670/1840/12 470/1839/12 3390/1839/12 3469/1840/12
f 3196/2541/10 3035/2540/10 3676/2540/10 3837/2541/10
f 2941/2440/10 2942/2439/10 3583/2439/10 3582/2440/10
f 878/1773/19 1838/1772/19 3521/1772/19 3522/1773/19
f 1669/1824/19 469/1823/19 3388/1823/19 3467/1824/19
f 3194/2557/10 3033/2556/10 3674/2556/10 3835/2557/10
f 2939/2456/10 2940/2455/10 3581/2455/10 3580/2456/10
f 1668/1808/12 468/1807/12 3386/1807/12 3465/1808/12
f 3192/2573/10 3031/2572/10 3672/2572/10 3833/2573/10
f 2937/2472/10 2938/2471/10 3579/2471/10 3578/2472/10
f 1667/1792/19 467/1791/19 3384/1791/19 3463/1792/19
f 3190/2367/10 3029/2366/10 3670/2366/10 3831/2367/10
f 2935/2488/18 2936/2487/18 3577/2487/18 3576/2488/18
f 50/1707/19 1010/1706/19 3245/1706/19 3246/1707/19
f 3188/2383/10 3027/2382/10 3668/2382/10 3829/2383/10
f 2933/2282/10 2934/2281/10 3575/2281/10 3574/2282/10
f 3186/2399/10 3025/2398/10 3666/2398/10 3827/2399/10
f 1286/1766/19 806/1765/19 3502/1765/19 3341/1766/19
f 2931/2298/10 2932/2297/10 3573/2297/10 3572/2298/10
f 3184/2415/10 3023/2414/10 3664/2414/10 3825/2415/10
f 1285/1750/19 805/1749/19 3500/1749/19 3339/1750/19
f 254/1683/19 1214/1682/19 3317/1682/19 3318/1683/19
f 2929/2314/10 2930/2313/10 3571/2313/10 3570/2314/10
f 872/1933/19 1832/1932/19 3519/1932/19 3520/1933/19
f 3182/2445/10 3021/2444/10 3662/2444/10 3823/2445/10
f 1284/1734/19 804/1733/19 3498/1733/19 3337/1734/19
f 253/1667/19 1213/1666/19 3315/1666/19 3316/1667/19
f 1490/1704/19 290/1703/19 3326/1703/19 3405/1704/19
f 2927/2330/10 2928/2329/10 3569/2329/10 3568/2330/10
f 3180/2461/10 3019/2460/10 3660/2460/10 3821/2461/10
f 1283/1718/19 803/1717/19 3496/1717/19 3335/1718/19
f 252/1651/19 1212/1650/19 3313/1650/19 3314/1651/19
f 2925/2504/18 2926/2503/18 3567/2503/18 3566/2504/18
f 3178/2477/10 3017/2476/10 3658/2476/10 3819/2477/10
f 251/1635/19 1211/1634/19 3311/1634/19 3312/1635/19
f 2923/2346/18 2924/2345/18 3565/2345/18 3564/2346/18
f 44/1867/19 1004/1866/19 3243/1866/19 3244/1867/19
f 3176/2493/18 3015/2492/18 3656/2492/18 3817/2493/18
f 662/1921/19 1622/1920/19 3453/1920/19 3454/1921/19
f 2921/2424/10 2922/2423/10 3563/2423/10 3562/2424/10
f 3174/2287/18 3013/2286/18 3654/2286/18 3815/2287/18
f 661/1905/19 1621/1904/19 3451/1904/19 3452/1905/19
f 3172/2303/10 3011/2302/10 3652/2302/10 3813/2303/10
f 660/1889/19 1620/1888/19 3449/1888/19 3450/1889/19
f 2919/2266/10 2916/3/10 3561/3/10 3560/2266/10
f 3170/2319/10 3009/2318/10 3650/2318/10 3811/2319/10
f 1484/1864/19 284/1863/19 3324/1863/19 3403/1864/19
f 659/1873/19 1619/1872/19 3447/1872/19 3448/1873/19
f 3168/2335/10 3007/2334/10 3648/2334/10 3809/2335/10
f 1862/1916/19 61/1915/19 3252/1915/19 3533/1916/19
f 1070/1850/19 590/1849/19 3430/1849/19 3269/1850/19
f 3166/2509/18 3005/2508/18 3646/2508/18 3807/2509/18
f 1861/1900/19 60/1899/19 3250/1899/19 3531/1900/19
f 1069/1834/19 589/1833/19 3428/1833/19 3267/1834/19
f 38/1787/19 998/1786/19 3241/1786/19 3242/1787/19
f 3164/2351/10 3003/2350/10 3644/2350/10 3805/2351/10
f 1860/1884/19 59/1883/19 3248/1883/19 3529/1884/19
f 1068/1818/12 588/1817/12 3426/1817/12 3265/1818/12
f 3162/2429/18 3001/2428/18 3642/2428/18 3803/2429/18
f 1859/1868/19 44/1867/19 3244/1867/19 3527/1868/19
f 30/5/20 2920/5/20 3880/5/20 3559/5/20
f 1067/1802/19 587/1801/19 3424/1801/19 3263/1802/19
f 3160/2271/10 2999/2270/10 3640/2270/10 3801/2271/10
f 3158/2529/18 2997/2528/18 3638/2528/18 3799/2529/18
f 1478/1784/19 278/1783/19 3322/1783/19 3401/1784/19
f 3156/2545/10 2995/2544/10 3636/2544/10 3797/2545/10
f 446/1759/19 1406/1758/19 3381/1758/19 3382/1759/19
f 3154/2561/10 2993/2560/10 3634/2560/10 3795/2561/10
f 445/1743/19 1405/1742/19 3379/1742/19 3380/1743/19
f 3152/2577/18 2991/2576/18 3632/2576/18 3793/2577/18
f 444/1727/12 1404/1726/12 3377/1726/12 3378/1727/12
f 650/1697/19 1610/1696/19 3445/1696/19 3446/1697/19
f 3150/2371/10 2989/2370/10 3630/2370/10 3791/2371/10
f 443/1711/12 1403/1710/12 3375/1710/12 3376/1711/12
f 2916/3/21 28/3/21 3240/3/21 3561/3/21
f 3148/2387/10 2987/2386/10 3628/2386/10 3789/2387/10
f 854/1685/12 1814/1684/12 3517/1684/12 3518/1685/12
f 3146/2403/10 2985/2402/10 3626/2402/10 3787/2403/10
f 1472/1944/19 272/1943/19 3320/1943/19 3399/1944/19
f 853/1669/19 1813/1668/19 3515/1668/19 3516/1669/19
f 3144/2419/10 2983/2418/10 3624/2418/10 3785/2419/10
f 1850/1692/19 134/1691/19 3278/1691/19 3525/1692/19
f 852/1653/19 1812/1652/19 3513/1652/19 3514/1653/19
f 3142/2449/10 2981/2448/10 3622/2448/10 3783/2449/10
f 851/1637/19 1811/1636/19 3511/1636/19 3512/1637/19
f 3140/2465/18 2979/2464/18 3620/2464/18 3781/2465/18
f 644/1857/19 1604/1856/19 3443/1856/19 3444/1857/19
f 3138/2481/18 2977/2480/18 3618/2480/18 3779/2481/18
f 1262/1926/12 782/1925/12 3494/1925/12 3333/1926/12
f 28/11/19 992/1946/19 3239/1946/19 3240/11/19
f 3136/2497/18 2975/2496/18 3616/2496/18 3777/2497/18
f 1261/1910/19 781/1909/19 3492/1909/19 3331/1910/19
f 230/1843/19 1190/1842/19 3309/1842/19 3310/1843/19
f 3134/2291/22 2973/2290/22 3614/2290/22 3775/2291/22
f 1260/1894/19 780/1893/19 3490/1893/19 3329/1894/19
f 229/1827/19 1189/1826/19 3307/1826/19 3308/1827/19
f 3132/2307/10 2971/2306/10 3612/2306/10 3773/2307/10
f 1844/1852/19 110/1851/19 3270/1851/19 3523/1852/19
f 1259/1878/19 779/1877/19 3488/1877/19 3327/1878/19
f 228/1811/19 1188/1810/19 3305/1810/19 3306/1811/19
f 3130/2323/10 2969/2322/10 3610/2322/10 3771/2323/10
f 227/1795/19 1187/1794/19 3303/1794/19 3304/1795/19
f 3128/2339/10 2967/2338/10 3608/2338/10 3769/2339/10
f 638/1777/19 1598/1776/19 3441/1776/19 3442/1777/19
f 3126/2513/10 2965/2512/10 3606/2512/10 3767/2513/10
f 3124/2355/10 2963/2354/10 3604/2354/10 3765/2355/10
f 3122/2433/10 2961/2432/10 3602/2432/10 3763/2433/10
f 3120/2275/10 2959/2274/10 3600/2274/10 3761/2275/10
f 1838/1772/19 86/1771/19 3262/1771/19 3521/1772/19
f 1046/1770/19 566/1769/19 3422/1769/19 3261/1770/19
f 3118/2521/18 2957/2520/18 3598/2520/18 3759/2521/18
f 1045/1754/19 565/1753/19 3420/1753/19 3259/1754/19
f 3116/2537/18 2955/2536/18 3596/2536/18 3757/2537/18
f 632/1937/19 1592/1936/19 3439/1936/19 3440/1937/19
f 1044/1738/19 564/1737/19 3418/1737/19 3257/1738/19
f 3114/2553/10 2953/2552/10 3594/2552/10 3755/2553/10
f 1250/1702/19 770/1701/19 3486/1701/19 3325/1702/19
f 1043/1722/19 563/1721/19 3416/1721/19 3255/1722/19
f 3112/2569/10 2951/2568/10 3592/2568/10 3753/2569/10
f 3110/2363/10 2949/2362/10 3590/2362/10 3751/2363/10
f 1454/1678/12 974/1677/12 3558/1677/12 3397/1678/12
f 3108/2379/10 2947/2378/10 3588/2378/10 3749/2379/10
f 1832/1932/19 62/1931/19 3254/1931/19 3519/1932/19
f 1453/1662/19 973/1661/19 3556/1661/19 3395/1662/19
f 422/1919/19 1382/1918/19 3373/1918/19 3374/1919/19
f 3106/2395/10 2945/2394/10 3586/2394/10 3747/2395/10
f 1452/1646/19 972/1645/19 3554/1645/19 3393/1646/19
f 421/1903/19 1381/1902/19 3371/1902/19 3372/1903/19
f 3104/2411/10 2943/2410/10 3584/2410/10 3745/2411/10
f 1451/1630/19 971/1629/19 3552/1629/19 3391/1630/19
f 420/1887/19 1380/1886/19 3369/1886/19 3370/1887/19
f 3102/2441/18 2941/2440/18 3582/2440/18 3743/2441/18
f 1244/1862/19 764/1861/19 3484/1861/19 3323/1862/19
f 419/1871/19 1379/1870/19 3367/1870/19 3368/1871/19
f 3100/2457/10 2939/2456/10 3580/2456/10 3741/2457/10
f 830/1845/19 1790/1844/19 3509/1844/19 3510/1845/19
f 3098/2473/10 2937/2472/10 3578/2472/10 3739/2473/10
f 829/1829/19 1789/1828/19 3507/1828/19 3508/1829/19
f 3096/2489/10 2935/2488/10 3576/2488/10 3737/2489/10
f 828/1813/19 1788/1812/19 3505/1812/19 3506/1813/19
f 3094/2283/18 2933/2282/18 3574/2282/18 3735/2283/18
f 827/1797/12 1787/1796/12 3503/1796/12 3504/1797/12
f 3092/2299/10 2931/2298/10 3572/2298/10 3733/2299/10
f 3090/2315/18 2929/2314/18 3570/2314/18 3731/2315/18
f 1238/1782/12 758/1781/12 3482/1781/12 3321/1782/12
f 3088/2331/18 2927/2330/18 3568/2330/18 3729/2331/18
f 206/1763/12 1166/1762/12 3301/1762/12 3302/1763/12
f 3086/2505/10 2925/2504/10 3566/2504/10 3727/2505/10
f 205/1747/19 1165/1746/19 3299/1746/19 3300/1747/19
f 3084/2347/10 2923/2346/10 3564/2346/10 3725/2347/10
f 204/1731/12 1164/1730/12 3297/1730/12 3298/1731/12
f 410/1695/19 1370/1694/19 3365/1694/19 3366/1695/19
f 3082/2425/18 2921/2424/18 3562/2424/18 3723/2425/18
f 203/1715/19 1163/1714/19 3295/1714/19 3296/1715/19
f 1646/1760/19 446/1759/19 3382/1759/19 3461/1760/19
f 3080/2267/18 2919/2266/18 3560/2266/18 3721/2267/18
f 1645/1744/12 445/1743/12 3380/1743/12 3459/1744/12
f 614/1689/12 1574/1688/12 3437/1688/12 3438/1689/12
f 3237/2534/10 3238/2533/10 3879/2533/10 3878/2534/10
f 1232/1942/19 752/1941/19 3480/1941/19 3319/1942/19
f 27/4/21 28/3/21 2916/3/21 2917/4/21
f 1644/1728/19 444/1727/19 3378/1727/19 3457/1728/19
f 613/1673/19 1573/1672/19 3435/1672/19 3436/1673/19
f 29/23/8 27/22/8 2917/22/8 2918/23/8
f 3235/2550/22 3236/2549/22 3877/2549/22 3876/2550/22
f 1643/1712/12 443/1711/12 3376/1711/12 3455/1712/12
f 612/1657/19 1572/1656/19 3433/1656/19 3434/1657/19
f 3233/2566/10 3234/2565/10 3875/2565/10 3874/2566/10
f 611/1641/19 1571/1640/19 3431/1640/19 3432/1641/19
f 30/5/20 29/6/20 2918/6/20 2920/5/20
f 3231/2582/18 3232/2581/18 3873/2581/18 3872/2582/18
f 1814/1684/19 254/1683/19 3318/1683/19 3517/1684/19
f 404/1855/19 1364/1854/19 3363/1854/19 3364/1855/19
f 1022/1930/19 542/1929/19 3414/1929/19 3253/1930/19
f 3229/2376/18 3230/2375/18 3871/2375/18 3870/2376/18
f 1813/1668/19 253/1667/19 3316/1667/19 3515/1668/19
f 1021/1914/19 541/1913/19 3412/1913/19 3251/1914/19
f 3227/2392/10 3228/2391/10 3869/2391/10 3868/2392/10
f 1812/1652/12 252/1651/12 3314/1651/12 3513/1652/12
f 1020/1898/12 540/1897/12 3410/1897/12 3249/1898/12
f 3225/2408/18 3226/2407/18 3867/2407/18 3866/2408/18
f 1811/1636/12 251/1635/12 3312/1635/12 3511/1636/12
f 1019/1882/19 539/1881/19 3408/1881/19 3247/1882/19
f 3223/2422/10 3224/29/10 3865/29/10 3864/2422/10
f 3221/2454/10 3222/2453/10 3863/2453/10 3862/2454/10
f 1430/1838/19 950/1837/19 3550/1837/19 3389/1838/19
f 3219/2470/10 3220/2469/10 3861/2469/10 3860/2470/10
f 1429/1822/19 949/1821/19 3548/1821/19 3387/1822/19
f 398/1775/19 1358/1774/19 3361/1774/19 3362/1775/19
f 3217/2486/10 3218/2485/10 3859/2485/10 3858/2486/10
f 1428/1806/19 948/1805/19 3546/1805/19 3385/1806/19
f 3215/2502/18 3216/2501/18 3857/2501/18 3856/2502/18
f 1427/1790/19 947/1789/19 3544/1789/19 3383/1790/19
f 3213/2296/10 3214/2295/10 3855/2295/10 3854/2296/10
f 3211/2312/18 3212/2311/18 3853/2311/18 3852/2312/18
f 806/1765/19 1766/1764/19 3501/1764/19 3502/1765/19
f 3209/2328/10 3210/2327/10 3851/2327/10 3850/2328/10
f 805/1749/12 1765/1748/12 3499/1748/12 3500/1749/12
f 3207/2344/10 3208/2343/10 3849/2343/10 3848/2344/10
f 392/1935/19 1352/1934/19 3359/1934/19 3360/1935/19
f 804/1733/12 1764/1732/12 3497/1732/12 3498/1733/12
f 1010/1706/12 530/1705/12 3406/1705/12 3245/1706/12
f 3205/2518/10 3206/2517/10 3847/2517/10 3846/2518/10
f 803/1717/19 1763/1716/19 3495/1716/19 3496/1717/19
f 3203/2360/10 3204/2359/10 3845/2359/10 3844/2360/10
f 3201/2438/22 3202/2437/22 3843/2437/22 3842/2438/22
f 1214/1682/12 734/1681/12 3478/1681/12 3317/1682/12
f 3199/2280/10 3200/2279/10 3841/2279/10 3840/2280/10
f 1213/1666/12 733/1665/12 3476/1665/12 3315/1666/12
f 182/1923/19 1142/1922/19 3293/1922/19 3294/1923/19
f 3197/2526/18 3198/2525/18 3839/2525/18 3838/2526/18
f 1212/1650/12 732/1649/12 3474/1649/12 3313/1650/12
f 181/1907/19 1141/1906/19 3291/1906/19 3292/1907/19
f 3195/2542/18 3196/2541/18 3837/2541/18 3836/2542/18
f 1211/1634/19 731/1633/19 3472/1633/19 3311/1634/19
f 180/1891/19 1140/1890/19 3289/1890/19 3290/1891/19
f 1004/1866/19 524/1865/19 3404/1865/19 3243/1866/19
f 3193/2558/18 3194/2557/18 3835/2557/18 3834/2558/18
f 179/1875/19 1139/1874/19 3287/1874/19 3288/1875/19
f 1622/1920/19 422/1919/19 3374/1919/19 3453/1920/19
f 3191/2574/10 3192/2573/10 3833/2573/10 3832/2574/10
f 1621/1904/19 421/1903/19 3372/1903/19 3451/1904/19
f 590/1849/19 1550/1848/19 3429/1848/19 3430/1849/19
f 3189/2368/10 3190/2367/10 3831/2367/10 3830/2368/10
f 589/1833/19 1549/1832/19 3427/1832/19 3428/1833/19
f 1620/1888/19 420/1887/19 3370/1887/19 3449/1888/19
f 3187/2384/10 3188/2383/10 3829/2383/10 3828/2384/10
f 588/1817/19 1548/1816/19 3425/1816/19 3426/1817/19
f 1619/1872/19 419/1871/19 3368/1871/19 3447/1872/19
f 3185/2400/10 3186/2399/10 3827/2399/10 3826/2400/10
f 587/1801/12 1547/1800/12 3423/1800/12 3424/1801/12
f 3183/2416/18 3184/2415/18 3825/2415/18 3824/2416/18
f 1790/1844/19 230/1843/19 3310/1843/19 3509/1844/19
f 998/1786/12 518/1785/12 3402/1785/12 3241/1786/12
f 3181/2446/10 3182/2445/10 3823/2445/10 3822/2446/10
f 1789/1828/19 229/1827/19 3308/1827/19 3507/1828/19
f 3179/2462/10 3180/2461/10 3821/2461/10 3820/2462/10
f 1788/1812/12 228/1811/12 3306/1811/12 3505/1812/12
f 3177/2478/10 3178/2477/10 3819/2477/10 3818/2478/10
f 1787/1796/19 227/1795/19 3304/1795/19 3503/1796/19
f 3175/2494/10 3176/2493/10 3817/2493/10 3816/2494/10
f 170/1699/12 1130/1698/12 3285/1698/12 3286/1699/12
f 3173/2288/10 3174/2287/10 3815/2287/10 3814/2288/10
f 1406/1758/19 926/1757/19 3542/1757/19 3381/1758/19
f 3171/2304/10 3172/2303/10 3813/2303/10 3812/2304/10
f 374/1687/19 1334/1686/19 3357/1686/19 3358/1687/19
f 1405/1742/19 925/1741/19 3540/1741/19 3379/1742/19
f 992/1946/19 512/1945/19 3400/1945/19 3239/1946/19
f 3169/2320/10 3170/2319/10 3811/2319/10 3810/2320/10
f 373/1671/19 1333/1670/19 3355/1670/19 3356/1671/19
f 1404/1726/12 924/1725/12 3538/1725/12 3377/1726/12
f 1610/1696/19 410/1695/19 3366/1695/19 3445/1696/19
f 3167/2336/10 3168/2335/10 3809/2335/10 3808/2336/10
f 372/1655/19 1332/1654/19 3353/1654/19 3354/1655/19
f 1403/1710/19 923/1709/19 3536/1709/19 3375/1710/19
f 3165/2510/10 3166/2509/10 3807/2509/10 3806/2510/10
f 371/1639/19 1331/1638/19 3351/1638/19 3352/1639/19
f 3163/2352/10 3164/2351/10 3805/2351/10 3804/2352/10
f 164/1859/19 1124/1858/19 3283/1858/19 3284/1859/19
f 782/1925/19 1742/1924/19 3493/1924/19 3494/1925/19
f 3161/2430/10 3162/2429/10 3803/2429/10 3802/2430/10
f 781/1909/12 1741/1908/12 3491/1908/12 3492/1909/12
f 3159/2272/10 3160/2271/10 3801/2271/10 3800/2272/10
f 780/1893/19 1740/1892/19 3489/1892/19 3490/1893/19
f 3157/2530/10 3158/2529/10 3799/2529/10 3798/2530/10
f 1604/1856/19 404/1855/19 3364/1855/19 3443/1856/19
f 779/1877/19 1739/1876/19 3487/1876/19 3488/1877/19
f 3155/2546/10 3156/2545/10 3797/2545/10 3796/2546/10
f 3345/1814/5 3506/1813/5 3827/1813/5 3666/1814/5
f 3456/1713/5 3455/1712/5 3776/1712/5 3777/1713/5
f 3451/1904/5 3372/1903/5 3693/1903/5 3772/1904/5
f 3352/1639/5 3351/1638/5 3672/1638/5 3673/1639/5
f 3347/1830/5 3508/1829/5 3829/1829/5 3668/1830/5
f 3458/1729/5 3457/1728/5 3778/1728/5 3779/1729/5
f 3453/1920/5 3374/1919/5 3695/1919/5 3774/1920/5
f 3248/1883/5 3247/1882/5 3568/1882/5 3569/1883/5
f 3354/1655/5 3353/1654/5 3674/1654/5 3675/1655/5
f 3349/1846/5 3510/1845/5 3831/1845/5 3670/1846/5
f 3460/1745/5 3459/1744/5 3780/1744/5 3781/1745/5
f 3284/1859/5 3283/1858/5 3604/1858/5 3605/1859/5
f 3250/1899/5 3249/1898/5 3570/1898/5 3571/1899/5
f 3241/1786/5 3402/1785/5 3723/1785/5 3562/1786/5
f 3356/1671/5 3355/1670/5 3676/1670/5 3677/1671/5
f 3487/1876/5 3288/1875/5 3609/1875/5 3808/1876/5
f 3462/1761/5 3461/1760/5 3782/1760/5 3783/1761/5
f 3252/1915/5 3251/1914/5 3572/1914/5 3573/1915/5
f 3523/1852/5 3270/1851/5 3591/1851/5 3844/1852/5
f 3358/1687/5 3357/1686/5 3678/1686/5 3679/1687/5
f 3489/1892/5 3290/1891/5 3611/1891/5 3810/1892/5
f 3254/1931/5 3253/1930/5 3574/1930/5 3575/1931/5
f 3491/1908/5 3292/1907/5 3613/1907/5 3812/1908/5
f 3493/1924/5 3294/1923/5 3615/1923/5 3814/1924/5
f 3320/1943/5 3319/1942/5 3640/1942/5 3641/1943/5
f 3415/1720/5 3336/1719/5 3657/1719/5 3736/1720/5
f 3311/1634/5 3472/1633/5 3793/1633/5 3632/1634/5
f 3417/1736/5 3338/1735/5 3659/1735/5 3738/1736/5
f 3528/1869/5 3527/1868/5 3848/1868/5 3849/1869/5
f 3313/1650/5 3474/1649/5 3795/1649/5 3634/1650/5
f 3286/1699/5 3285/1698/5 3606/1698/5 3607/1699/5
f 3424/1801/5 3423/1800/5 3744/1800/5 3745/1801/5
f 3419/1752/5 3340/1751/5 3661/1751/5 3740/1752/5
f 3243/1866/5 3404/1865/5 3725/1865/5 3564/1866/5
f 3530/1885/5 3529/1884/5 3850/1884/5 3851/1885/5
f 3315/1666/5 3476/1665/5 3797/1665/5 3636/1666/5
f 3426/1817/5 3425/1816/5 3746/1816/5 3747/1817/5
f 3421/1768/5 3342/1767/5 3663/1767/5 3742/1768/5
f 3525/1692/5 3278/1691/5 3599/1691/5 3846/1692/5
f 3532/1901/5 3531/1900/5 3852/1900/5 3853/1901/5
f 3317/1682/5 3478/1681/5 3799/1681/5 3638/1682/5
f 3428/1833/5 3427/1832/5 3748/1832/5 3749/1833/5
f 3534/1917/5 3533/1916/5 3854/1916/5 3855/1917/5
f 3430/1849/5 3429/1848/5 3750/1848/5 3751/1849/5
f 3322/1783/5 3321/1782/5 3642/1782/5 3643/1783/5
f 3279/1938/5 3440/1937/5 3761/1937/5 3600/1938/5
f 3245/1706/5 3406/1705/5 3727/1705/5 3566/1706/5
f 3383/1790/5 3544/1789/5 3865/1789/5 3704/1790/5
f 3385/1806/5 3546/1805/5 3867/1805/5 3706/1806/5
f 3496/1717/5 3495/1716/5 3816/1716/5 3817/1717/5
f 3392/1631/5 3391/1630/5 3712/1630/5 3713/1631/5
f 3387/1822/5 3548/1821/5 3869/1821/5 3708/1822/5
f 3498/1733/5 3497/1732/5 3818/1732/5 3819/1733/5
f 3288/1875/5 3287/1874/5 3608/1874/5 3609/1875/5
f 3394/1647/5 3393/1646/5 3714/1646/5 3715/1647/5
f 3389/1838/5 3550/1837/5 3871/1837/5 3710/1838/5
f 3500/1749/5 3499/1748/5 3820/1748/5 3821/1749/5
f 3324/1863/5 3323/1862/5 3644/1862/5 3645/1863/5
f 3290/1891/5 3289/1890/5 3610/1890/5 3611/1891/5
f 3281/1778/5 3442/1777/5 3763/1777/5 3602/1778/5
f 3396/1663/5 3395/1662/5 3716/1662/5 3717/1663/5
f 3527/1868/5 3244/1867/5 3565/1867/5 3848/1868/5
f 3502/1765/5 3501/1764/5 3822/1764/5 3823/1765/5
f 3292/1907/5 3291/1906/5 3612/1906/5 3613/1907/5
f 3398/1679/5 3397/1678/5 3718/1678/5 3719/1679/5
f 3529/1884/5 3248/1883/5 3569/1883/5 3850/1884/5
f 3294/1923/5 3293/1922/5 3614/1922/5 3615/1923/5
f 3531/1900/5 3250/1899/5 3571/1899/5 3852/1900/5
f 3533/1916/5 3252/1915/5 3573/1915/5 3854/1916/5
f 3360/1935/5 3359/1934/5 3680/1934/5 3681/1935/5
f 3455/1712/5 3376/1711/5 3697/1711/5 3776/1712/5
f 3351/1638/5 3512/1637/5 3833/1637/5 3672/1638/5
f 3457/1728/5 3378/1727/5 3699/1727/5 3778/1728/5
f 3247/1882/5 3408/1881/5 3729/1881/5 3568/1882/5
f 3353/1654/5 3514/1653/5 3835/1653/5 3674/1654/5
f 3326/1703/5 3325/1702/5 3646/1702/5 3647/1703/5
f 3464/1793/5 3463/1792/5 3784/1792/5 3785/1793/5
f 3459/1744/5 3380/1743/5 3701/1743/5 3780/1744/5
f 3283/1858/5 3444/1857/5 3765/1857/5 3604/1858/5
f 3249/1898/5 3410/1897/5 3731/1897/5 3570/1898/5
f 3355/1670/5 3516/1669/5 3837/1669/5 3676/1670/5
f 3466/1809/5 3465/1808/5 3786/1808/5 3787/1809/5
f 3461/1760/5 3382/1759/5 3703/1759/5 3782/1760/5
f 3256/1723/5 3255/1722/5 3576/1722/5 3577/1723/5
f 3251/1914/5 3412/1913/5 3733/1913/5 3572/1914/5
f 3357/1686/5 3518/1685/5 3839/1685/5 3678/1686/5
f 3468/1825/5 3467/1824/5 3788/1824/5 3789/1825/5
f 3258/1739/5 3257/1738/5 3578/1738/5 3579/1739/5
f 3253/1930/5 3414/1929/5 3735/1929/5 3574/1930/5
f 3495/1716/5 3296/1715/5 3617/1715/5 3816/1716/5
f 3470/1841/5 3469/1840/5 3790/1840/5 3791/1841/5
f 3260/1755/5 3259/1754/5 3580/1754/5 3581/1755/5
f 3362/1775/5 3361/1774/5 3682/1774/5 3683/1775/5
f 3497/1732/5 3298/1731/5 3619/1731/5 3818/1732/5
f 3319/1942/5 3480/1941/5 3801/1941/5 3640/1942/5
f 3262/1771/5 3261/1770/5 3582/1770/5 3583/1771/5
f 3499/1748/5 3300/1747/5 3621/1747/5 3820/1748/5
f 3501/1764/5 3302/1763/5 3623/1763/5 3822/1764/5
f 3285/1698/5 3446/1697/5 3767/1697/5 3606/1698/5
f 3423/1800/5 3344/1799/5 3665/1799/5 3744/1800/5
f 3425/1816/5 3346/1815/5 3667/1815/5 3746/1816/5
f 3536/1709/5 3535/1708/5 3856/1708/5 3857/1709/5
f 3432/1641/5 3431/1640/5 3752/1640/5 3753/1641/5
f 3427/1832/5 3348/1831/5 3669/1831/5 3748/1832/5
f 3538/1725/5 3537/1724/5 3858/1724/5 3859/1725/5
f 3328/1879/5 3327/1878/5 3648/1878/5 3649/1879/5
f 3434/1657/5 3433/1656/5 3754/1656/5 3755/1657/5
f 3429/1848/5 3350/1847/5 3671/1847/5 3750/1848/5
f 3540/1741/5 3539/1740/5 3860/1740/5 3861/1741/5
f 3364/1855/5 3363/1854/5 3684/1854/5 3685/1855/5
f 3330/1895/5 3329/1894/5 3650/1894/5 3651/1895/5
f 3321/1782/5 3482/1781/5 3803/1781/5 3642/1782/5
f 3436/1673/5 3435/1672/5 3756/1672/5 3757/1673/5
f 3542/1757/5 3541/1756/5 3862/1756/5 3863/1757/5
f 3332/1911/5 3331/1910/5 3652/1910/5 3653/1911/5
f 3463/1792/5 3384/1791/5 3705/1791/5 3784/1792/5
f 3438/1689/5 3437/1688/5 3758/1688/5 3759/1689/5
f 3334/1927/5 3333/1926/5 3654/1926/5 3655/1927/5
f 3465/1808/5 3386/1807/5 3707/1807/5 3786/1808/5
f 3467/1824/5 3388/1823/5 3709/1823/5 3788/1824/5
f 3400/1945/5 3399/1944/5 3720/1944/5 3721/1945/5
f 3469/1840/5 3390/1839/5 3711/1839/5 3790/1840/5
f 3391/1630/5 3552/1629/5 3873/1629/5 3712/1630/5
f 3287/1874/5 3448/1873/5 3769/1873/5 3608/1874/5
f 3393/1646/5 3554/1645/5 3875/1645/5 3714/1646/5
f 3366/1695/5 3365/1694/5 3686/1694/5 3687/1695/5
f 3504/1797/5 3503/1796/5 3824/1796/5 3825/1797/5
f 3323/1862/5 3484/1861/5 3805/1861/5 3644/1862/5
f 3289/1890/5 3450/1889/5 3771/1889/5 3610/1890/5
f 3395/1662/5 3556/1661/5 3877/1661/5 3716/1662/5
f 3506/1813/5 3505/1812/5 3826/1812/5 3827/1813/5
f 3296/1715/5 3295/1714/5 3616/1714/5 3617/1715/5
f 3291/1906/5 3452/1905/5 3773/1905/5 3612/1906/5
f 3397/1678/5 3558/1677/5 3879/1677/5 3718/1678/5
f 3508/1829/5 3507/1828/5 3828/1828/5 3829/1829/5
f 3298/1731/5 3297/1730/5 3618/1730/5 3619/1731/5
f 3293/1922/5 3454/1921/5 3775/1921/5 3614/1922/5
f 3535/1708/5 3246/1707/5 3567/1707/5 3856/1708/5
f 3510/1845/5 3509/1844/5 3830/1844/5 3831/1845/5
f 3300/1747/5 3299/1746/5 3620/1746/5 3621/1747/5
f 3402/1785/5 3401/1784/5 3722/1784/5 3723/1785/5
f 3537/1724/5 3256/1723/5 3577/1723/5 3858/1724/5
f 3359/1934/5 3520/1933/5 3841/1933/5 3680/1934/5
f 3302/1763/5 3301/1762/5 3622/1762/5 3623/1763/5
f 3539/1740/5 3258/1739/5 3579/1739/5 3860/1740/5
f 3541/1756/5 3260/1755/5 3581/1755/5 3862/1756/5
f 3325/1702/5 3486/1701/5 3807/1701/5 3646/1702/5
f 3255/1722/5 3416/1721/5 3737/1721/5 3576/1722/5
f 3472/1633/5 3471/1632/5 3792/1632/5 3793/1633/5
f 3257/1738/5 3418/1737/5 3739/1737/5 3578/1738/5
f 3368/1871/5 3367/1870/5 3688/1870/5 3689/1871/5
f 3474/1649/5 3473/1648/5 3794/1648/5 3795/1649/5
f 3264/1803/5 3263/1802/5 3584/1802/5 3585/1803/5
f 3259/1754/5 3420/1753/5 3741/1753/5 3580/1754/5
f 3404/1865/5 3403/1864/5 3724/1864/5 3725/1865/5
f 3370/1887/5 3369/1886/5 3690/1886/5 3691/1887/5
f 3361/1774/5 3522/1773/5 3843/1773/5 3682/1774/5
f 3476/1665/5 3475/1664/5 3796/1664/5 3797/1665/5
f 3266/1819/5 3265/1818/5 3586/1818/5 3587/1819/5
f 3261/1770/5 3422/1769/5 3743/1769/5 3582/1770/5
f 3372/1903/5 3371/1902/5 3692/1902/5 3693/1903/5
f 3503/1796/5 3304/1795/5 3625/1795/5 3824/1796/5
f 3478/1681/5 3477/1680/5 3798/1680/5 3799/1681/5
f 3268/1835/5 3267/1834/5 3588/1834/5 3589/1835/5
f 3374/1919/5 3373/1918/5 3694/1918/5 3695/1919/5
f 3505/1812/5 3306/1811/5 3627/1811/5 3826/1812/5
f 3270/1851/5 3269/1850/5 3590/1850/5 3591/1851/5
f 3507/1828/5 3308/1827/5 3629/1827/5 3828/1828/5
f 3440/1937/5 3439/1936/5 3760/1936/5 3761/1937/5
f 3509/1844/5 3310/1843/5 3631/1843/5 3830/1844/5
f 3431/1640/5 3352/1639/5 3673/1639/5 3752/1640/5
f 3327/1878/5 3488/1877/5 3809/1877/5 3648/1878/5
f 3433/1656/5 3354/1655/5 3675/1655/5 3754/1656/5
f 3406/1705/5 3405/1704/5 3726/1704/5 3727/1705/5
f 3544/1789/5 3543/1788/5 3864/1788/5 3865/1789/5
f 3363/1854/5 3524/1853/5 3845/1853/5 3684/1854/5
f 3329/1894/5 3490/1893/5 3811/1893/5 3650/1894/5
f 3435/1672/5 3356/1671/5 3677/1671/5 3756/1672/5
f 3546/1805/5 3545/1804/5 3866/1804/5 3867/1805/5
f 3336/1719/5 3335/1718/5 3656/1718/5 3657/1719/5
f 3331/1910/5 3492/1909/5 3813/1909/5 3652/1910/5
f 3437/1688/5 3358/1687/5 3679/1687/5 3758/1688/5
f 3548/1821/5 3547/1820/5 3868/1820/5 3869/1821/5
f 3338/1735/5 3337/1734/5 3658/1734/5 3659/1735/5
f 3333/1926/5 3494/1925/5 3815/1925/5 3654/1926/5
f 3550/1837/5 3549/1836/5 3870/1836/5 3871/1837/5
f 3340/1751/5 3339/1750/5 3660/1750/5 3661/1751/5
f 3471/1632/5 3392/1631/5 3713/1631/5 3792/1632/5
f 3442/1777/5 3441/1776/5 3762/1776/5 3763/1777/5
f 3399/1944/5 3320/1943/5 3641/1943/5 3720/1944/5
f 3342/1767/5 3341/1766/5 3662/1766/5 3663/1767/5
f 3473/1648/5 3394/1647/5 3715/1647/5 3794/1648/5
f 3475/1664/5 3396/1663/5 3717/1663/5 3796/1664/5
f 3365/1694/5 3526/1693/5 3847/1693/5 3686/1694/5
f 3477/1680/5 3398/1679/5 3719/1679/5 3798/1680/5
f 3295/1714/5 3456/1713/5 3777/1713/5 3616/1714/5
f 3512/1637/5 3511/1636/5 3832/1636/5 3833/1637/5
f 3297/1730/5 3458/1729/5 3779/1729/5 3618/1730/5
f 3408/1881/5 3407/1880/5 3728/1880/5 3729/1881/5
f 3514/1653/5 3513/1652/5 3834/1652/5 3835/1653/5
f 3304/1795/5 3303/1794/5 3624/1794/5 3625/1795/5
f 3299/1746/5 3460/1745/5 3781/1745/5 3620/1746/5
f 3444/1857/5 3443/1856/5 3764/1856/5 3765/1857/5
f 3410/1897/5 3409/1896/5 3730/1896/5 3731/1897/5
f 3401/1784/5 3322/1783/5 3643/1783/5 3722/1784/5
f 3516/1669/5 3515/1668/5 3836/1668/5 3837/1669/5
f 3306/1811/5 3305/1810/5 3626/1810/5 3627/1811/5
f 3301/1762/5 3462/1761/5 3783/1761/5 3622/1762/5
f 3412/1913/5 3411/1912/5 3732/1912/5 3733/1913/5
f 3543/1788/5 3242/1787/5 3563/1787/5 3864/1788/5
f 3518/1685/5 3517/1684/5 3838/1684/5 3839/1685/5
f 3308/1827/5 3307/1826/5 3628/1826/5 3629/1827/5
f 3414/1929/5 3413/1928/5 3734/1928/5 3735/1929/5
f 3545/1804/5 3264/1803/5 3585/1803/5 3866/1804/5
f 3310/1843/5 3309/1842/5 3630/1842/5 3631/1843/5
f 3547/1820/5 3266/1819/5 3587/1819/5 3868/1820/5
f 3480/1941/5 3479/1940/5 3800/1940/5 3801/1941/5
f 3549/1836/5 3268/1835/5 3589/1835/5 3870/1836/5
f 3240/11/5 3239/1946/5 3560/1946/5 3561/11/5
f 3367/1870/5 3528/1869/5 3849/1869/5 3688/1870/5
f 3446/1697/5 3445/1696/5 3766/1696/5 3767/1697/5
f 3263/1802/5 3424/1801/5 3745/1801/5 3584/1802/5
f 3403/1864/5 3324/1863/5 3645/1863/5 3724/1864/5
f 3369/1886/5 3530/1885/5 3851/1885/5 3690/1886/5
f 3265/1818/5 3426/1817/5 3747/1817/5 3586/1818/5
f 3376/1711/5 3375/1710/5 3696/1710/5 3697/1711/5
f 3371/1902/5 3532/1901/5 3853/1901/5 3692/1902/5
f 3272/1643/5 3271/1642/5 3592/1642/5 3593/1643/5
f 3267/1834/5 3428/1833/5 3749/1833/5 3588/1834/5
f 3378/1727/5 3377/1726/5 3698/1726/5 3699/1727/5
f 3373/1918/5 3534/1917/5 3855/1917/5 3694/1918/5
f 3274/1659/5 3273/1658/5 3594/1658/5 3595/1659/5
f 3269/1850/5 3430/1849/5 3751/1849/5 3590/1850/5
f 3380/1743/5 3379/1742/5 3700/1742/5 3701/1743/5
f 3511/1636/5 3312/1635/5 3633/1635/5 3832/1636/5
f 3482/1781/5 3481/1780/5 3802/1780/5 3803/1781/5
f 3276/1675/5 3275/1674/5 3596/1674/5 3597/1675/5
f 3439/1936/5 3360/1935/5 3681/1935/5 3760/1936/5
f 3382/1759/5 3381/1758/5 3702/1758/5 3703/1759/5
f 3513/1652/5 3314/1651/5 3635/1651/5 3834/1652/5
f 3278/1691/5 3277/1690/5 3598/1690/5 3599/1691/5
f 3515/1668/5 3316/1667/5 3637/1667/5 3836/1668/5
f 3405/1704/5 3326/1703/5 3647/1703/5 3726/1704/5
f 3517/1684/5 3318/1683/5 3639/1683/5 3838/1684/5
f 3335/1718/5 3496/1717/5 3817/1717/5 3656/1718/5
f 3552/1629/5 3551/1628/5 3872/1628/5 3873/1629/5
f 3479/1940/5 3280/1939/5 3601/1939/5 3800/1940/5
f 3337/1734/5 3498/1733/5 3819/1733/5 3658/1734/5
f 3448/1873/5 3447/1872/5 3768/1872/5 3769/1873/5
f 3554/1645/5 3553/1644/5 3874/1644/5 3875/1645/5
f 3344/1799/5 3343/1798/5 3664/1798/5 3665/1799/5
f 3339/1750/5 3500/1749/5 3821/1749/5 3660/1750/5
f 3484/1861/5 3483/1860/5 3804/1860/5 3805/1861/5
f 3450/1889/5 3449/1888/5 3770/1888/5 3771/1889/5
f 3441/1776/5 3362/1775/5 3683/1775/5 3762/1776/5
f 3556/1661/5 3555/1660/5 3876/1660/5 3877/1661/5
f 3346/1815/5 3345/1814/5 3666/1814/5 3667/1815/5
f 3341/1766/5 3502/1765/5 3823/1765/5 3662/1766/5
f 3452/1905/5 3451/1904/5 3772/1904/5 3773/1905/5
f 3558/1677/5 3557/1676/5 3878/1676/5 3879/1677/5
f 3348/1831/5 3347/1830/5 3668/1830/5 3669/1831/5
f 3454/1921/5 3453/1920/5 3774/1920/5 3775/1921/5
f 3350/1847/5 3349/1846/5 3670/1846/5 3671/1847/5
f 3242/1787/5 3241/1786/5 3562/1786/5 3563/1787/5
f 3520/1933/5 3519/1932/5 3840/1932/5 3841/1933/5
f 3481/1780/5 3282/1779/5 3603/1779/5 3802/1780/5
f 3407/1880/5 3328/1879/5 3649/1879/5 3728/1880/5
f 3486/1701/5 3485/1700/5 3806/1700/5 3807/1701/5
f 3303/1794/5 3464/1793/5 3785/1793/5 3624/1794/5
f 3443/1856/5 3364/1855/5 3685/1855/5 3764/1856/5
f 3409/1896/5 3330/1895/5 3651/1895/5 3730/1896/5
f 3305/1810/5 3466/1809/5 3787/1809/5 3626/1810/5
f 3416/1721/5 3415/1720/5 3736/1720/5 3737/1721/5
f 3411/1912/5 3332/1911/5 3653/1911/5 3732/1912/5
f 3312/1635/5 3311/1634/5 3632/1634/5 3633/1635/5
f 3307/1826/5 3468/1825/5 3789/1825/5 3628/1826/5
f 3418/1737/5 3417/1736/5 3738/1736/5 3739/1737/5
f 3413/1928/5 3334/1927/5 3655/1927/5 3734/1928/5
f 3314/1651/5 3313/1650/5 3634/1650/5 3635/1651/5
f 3309/1842/5 3470/1841/5 3791/1841/5 3630/1842/5
f 3420/1753/5 3419/1752/5 3740/1752/5 3741/1753/5
f 3244/1867/5 3243/1866/5 3564/1866/5 3565/1867/5
f 3551/1628/5 3559/16/5 3880/16/5 3872/1628/5
f 3522/1773/5 3521/1772/5 3842/1772/5 3843/1773/5
f 3316/1667/5 3315/1666/5 3636/1666/5 3637/1667/5
f 3422/1769/5 3421/1768/5 3742/1768/5 3743/1769/5
f 3553/1644/5 3272/1643/5 3593/1643/5 3874/1644/5
f 3483/1860/5 3284/1859/5 3605/1859/5 3804/1860/5
f 3318/1683/5 3317/1682/5 3638/1682/5 3639/1683/5
f 3555/1660/5 3274/1659/5 3595/1659/5 3876/1660/5
f 3445/1696/5 3366/1695/5 3687/1695/5 3766/1696/5
f 3557/1676/5 3276/1675/5 3597/1675/5 3878/1676/5
f 3280/1939/5 3279/1938/5 3600/1938/5 3601/1939/5
f 3375/1710/5 3536/1709/5 3857/1709/5 3696/1710/5
f 3271/1642/5 3432/1641/5 3753/1641/5 3592/1642/5
f 3519/1932/5 3254/1931/5 3575/1931/5 3840/1932/5
f 3377/1726/5 3538/1725/5 3859/1725/5 3698/1726/5
f 3488/1877/5 3487/1876/5 3808/1876/5 3809/1877/5
f 3273/1658/5 3434/1657/5 3755/1657/5 3594/1658/5
f 3246/1707/5 3245/1706/5 3566/1706/5 3567/1707/5
f 3384/1791/5 3383/1790/5 3704/1790/5 3705/1791/5
f 3379/1742/5 3540/1741/5 3861/1741/5 3700/1742/5
f 3524/1853/5 3523/1852/5 3844/1852/5 3845/1853/5
f 3490/1893/5 3489/1892/5 3810/1892/5 3811/1893/5
f 3275/1674/5 3436/1673/5 3757/1673/5 3596/1674/5
f 3386/1807/5 3385/1806/5 3706/1806/5 3707/1807/5
f 3381/1758/5 3542/1757/5 3863/1757/5 3702/1758/5
f 3485/1700/5 3286/1699/5 3607/1699/5 3806/1700/5
f 3492/1909/5 3491/1908/5 3812/1908/5 3813/1909/5
f 3277/1690/5 3438/1689/5 3759/1689/5 3598/1690/5
f 3388/1823/5 3387/1822/5 3708/1822/5 3709/1823/5
f 3494/1925/5 3493/1924/5 3814/1924/5 3815/1925/5
f 3390/1839/5 3389/1838/5 3710/1838/5 3711/1839/5
f 3282/1779/5 3281/1778/5 3602/1778/5 3603/1779/5
f 3239/1946/5 3400/1945/5 3721/1945/5 3560/1946/5
f 3521/1772/5 3262/1771/5 3583/1771/5 3842/1772/5
f 3447/1872/5 3368/1871/5 3689/1871/5 3768/1872/5
f 3526/1693/5 3525/1692/5 3846/1692/5 3847/1693/5
f 3343/1798/5 3504/1797/5 3825/1797/5 3664/1798/5
f 3449/1888/5 3370/1887/5 3691/1887/5 3770/1888/5
f 2971/2306/10 2972/2305/10 3613/2305/10 3612/2306/10
f 3226/2407/10 3065/2406/10 3706/2406/10 3867/2407/10
f 2973/2290/18 2974/2289/18 3615/2289/18 3614/2290/18
f 1307/1798/19 827/1797/19 3504/1797/19 3343/1798/19
f 3228/2391/18 3067/2390/18 3708/2390/18 3869/2391/18
f 2975/2496/22 2976/2495/22 3617/2495/22 3616/2496/22
f 1308/1814/19 828/1813/19 3506/1813/19 3345/1814/19
f 3230/2375/10 3069/2374/10 3710/2374/10 3871/2375/10
f 2977/2480/18 2978/2479/18 3619/2479/18 3618/2480/18
f 278/1783/19 1238/1782/19 3321/1782/19 3322/1783/19
f 1309/1830/19 829/1829/19 3508/1829/19 3347/1830/19
f 3232/2581/10 3071/2580/10 3712/2580/10 3873/2581/10
f 2979/2464/10 2980/2463/10 3621/2463/10 3620/2464/10
f 1310/1846/19 830/1845/19 3510/1845/19 3349/1846/19
f 3234/2565/18 3073/2564/18 3714/2564/18 3875/2565/18
f 2981/2448/18 2982/2447/18 3623/2447/18 3622/2448/18
f 3236/2549/18 3075/2548/18 3716/2548/18 3877/2549/18
f 2983/2418/10 2984/2417/10 3625/2417/10 3624/2418/10
f 899/1869/12 1859/1868/12 3527/1868/12 3528/1869/12
f 3238/2533/18 3077/2532/18 3718/2532/18 3879/2533/18
f 1691/1632/19 491/1631/19 3392/1631/19 3471/1632/19
f 2985/2402/10 2986/2401/10 3627/2401/10 3626/2402/10
f 900/1885/19 1860/1884/19 3529/1884/19 3530/1885/19
f 3000/2269/10 3079/2268/10 3720/2268/10 3641/2269/10
f 1692/1648/12 492/1647/12 3394/1647/12 3473/1648/12
f 2987/2386/10 2988/2385/10 3629/2385/10 3628/2386/10
f 901/1901/12 1861/1900/12 3531/1900/12 3532/1901/12
f 3002/2427/10 3081/2426/10 3722/2426/10 3643/2427/10
f 1693/1664/19 493/1663/19 3396/1663/19 3475/1664/19
f 2989/2370/10 2990/2369/10 3631/2369/10 3630/2370/10
f 902/1917/19 1862/1916/19 3533/1916/19 3534/1917/19
f 284/1863/12 1244/1862/12 3323/1862/12 3324/1863/12
f 3004/2349/10 3083/2348/10 3724/2348/10 3645/2349/10
f 1694/1680/19 494/1679/19 3398/1679/19 3477/1680/19
f 2991/2576/10 2992/2575/10 3633/2575/10 3632/2576/10
f 491/1631/12 1451/1630/12 3391/1630/12 3392/1631/12
f 3006/2507/18 3085/2506/18 3726/2506/18 3647/2507/18
f 2993/2560/18 2994/2559/18 3635/2559/18 3634/2560/18
f 492/1647/19 1452/1646/19 3393/1646/19 3394/1647/19
f 1523/1720/19 323/1719/19 3336/1719/19 3415/1720/19
f 3008/2333/10 3087/2332/10 3728/2332/10 3649/2333/10
f 2995/2544/18 2996/2543/18 3637/2543/18 3636/2544/18
f 493/1663/19 1453/1662/19 3395/1662/19 3396/1663/19
f 1524/1736/19 324/1735/19 3338/1735/19 3417/1736/19
f 3010/2317/10 3089/2316/10 3730/2316/10 3651/2317/10
f 1112/1938/19 632/1937/19 3440/1937/19 3279/1938/19
f 2997/2528/10 2998/2527/10 3639/2527/10 3638/2528/10
f 494/1679/19 1454/1678/19 3397/1678/19 3398/1679/19
f 1525/1752/12 325/1751/12 3340/1751/12 3419/1752/12
f 3012/2301/10 3091/2300/10 3732/2300/10 3653/2301/10
f 2999/2270/10 3000/2269/10 3641/2269/10 3640/2270/10
f 1526/1768/19 326/1767/19 3342/1767/19 3421/1768/19
f 3014/2285/10 3093/2284/10 3734/2284/10 3655/2285/10
f 83/1723/12 1043/1722/12 3255/1722/12 3256/1723/12
f 3001/2428/10 3002/2427/10 3643/2427/10 3642/2428/10
f 290/1703/19 1250/1702/19 3325/1702/19 3326/1703/19
f 3016/2491/10 3095/2490/10 3736/2490/10 3657/2491/10
f 84/1739/19 1044/1738/19 3257/1738/19 3258/1739/19
f 3003/2350/10 3004/2349/10 3645/2349/10 3644/2350/10
f 1907/1788/19 38/1787/19 3242/1787/19 3543/1788/19
f 3018/2475/10 3097/2474/10 3738/2474/10 3659/2475/10
f 85/1755/19 1045/1754/19 3259/1754/19 3260/1755/19
f 3005/2508/10 3006/2507/10 3647/2507/10 3646/2508/10
f 1908/1804/19 107/1803/19 3264/1803/19 3545/1804/19
f 3020/2459/10 3099/2458/10 3740/2458/10 3661/2459/10
f 86/1771/19 1046/1770/19 3261/1770/19 3262/1771/19
f 3007/2334/10 3008/2333/10 3649/2333/10 3648/2334/10
f 1909/1820/19 108/1819/19 3266/1819/19 3547/1820/19
f 3022/2443/10 3101/2442/10 3742/2442/10 3663/2443/10
f 1118/1778/12 638/1777/12 3442/1777/12 3281/1778/12
f 3009/2318/10 3010/2317/10 3651/2317/10 3650/2318/10
f 1910/1836/19 109/1835/19 3268/1835/19 3549/1836/19
f 3024/2413/10 3103/2412/10 3744/2412/10 3665/2413/10
f 3011/2302/10 3012/2301/10 3653/2301/10 3652/2302/10
f 707/1793/19 1667/1792/19 3463/1792/19 3464/1793/19
f 3026/2397/18 3105/2396/18 3746/2396/18 3667/2397/18
f 3013/2286/10 3014/2285/10 3655/2285/10 3654/2286/10
f 708/1809/19 1668/1808/19 3465/1808/19 3466/1809/19
f 3028/2381/10 3107/2380/10 3748/2380/10 3669/2381/10
f 3015/2492/10 3016/2491/10 3657/2491/10 3656/2492/10
f 709/1825/19 1669/1824/19 3467/1824/19 3468/1825/19
f 3030/2365/10 3109/2364/10 3750/2364/10 3671/2365/10
f 3017/2476/10 3018/2475/10 3659/2475/10 3658/2476/10
f 710/1841/19 1670/1840/19 3469/1840/19 3470/1841/19
f 3032/2571/10 3111/2570/10 3752/2570/10 3673/2571/10
f 3019/2460/10 3020/2459/10 3661/2459/10 3660/2460/10
f 299/1879/19 1259/1878/19 3327/1878/19 3328/1879/19
f 3034/2555/18 3113/2554/18 3754/2554/18 3675/2555/18
f 1124/1858/19 644/1857/19 3444/1857/19 3283/1858/19
f 3021/2444/10 3022/2443/10 3663/2443/10 3662/2444/10
f 300/1895/19 1260/1894/19 3329/1894/19 3330/1895/19
f 1331/1638/12 851/1637/12 3512/1637/12 3351/1638/12
f 3036/2539/10 3115/2538/10 3756/2538/10 3677/2539/10
f 3023/2414/10 3024/2413/10 3665/2413/10 3664/2414/10
f 301/1911/19 1261/1910/19 3331/1910/19 3332/1911/19
f 1332/1654/19 852/1653/19 3514/1653/19 3353/1654/19
f 3038/2523/10 3117/2522/10 3758/2522/10 3679/2523/10
f 3025/2398/10 3026/2397/10 3667/2397/10 3666/2398/10
f 302/1927/19 1262/1926/19 3333/1926/19 3334/1927/19
f 1333/1670/12 853/1669/12 3516/1669/12 3355/1670/12
f 3040/2277/10 3119/2276/10 3760/2276/10 3681/2277/10
f 1712/1940/12 152/1939/12 3280/1939/12 3479/1940/12
f 3027/2382/10 3028/2381/10 3669/2381/10 3668/2382/10
f 1334/1686/12 854/1685/12 3518/1685/12 3357/1686/12
f 3042/2435/10 3121/2434/10 3762/2434/10 3683/2435/10
f 3029/2366/10 3030/2365/10 3671/2365/10 3670/2366/10
f 3044/2357/10 3123/2356/10 3764/2356/10 3685/2357/10
f 923/1709/19 1883/1708/19 3535/1708/19 3536/1709/19
f 3031/2572/18 3032/2571/18 3673/2571/18 3672/2572/18
f 3046/2515/10 3125/2514/10 3766/2514/10 3687/2515/10
f 1130/1698/19 650/1697/19 3446/1697/19 3285/1698/19
f 924/1725/19 1884/1724/19 3537/1724/19 3538/1725/19
f 3033/2556/10 3034/2555/10 3675/2555/10 3674/2556/10
f 512/1945/19 1472/1944/19 3399/1944/19 3400/1945/19
f 3048/2341/10 3127/2340/10 3768/2340/10 3689/2341/10
f 925/1741/19 1885/1740/19 3539/1740/19 3540/1741/19
f 3035/2540/18 3036/2539/18 3677/2539/18 3676/2540/18
f 3050/2325/10 3129/2324/10 3770/2324/10 3691/2325/10
f 926/1757/12 1886/1756/12 3541/1756/12 3542/1757/12
f 3037/2524/18 3038/2523/18 3679/2523/18 3678/2524/18
f 3052/2309/10 3131/2308/10 3772/2308/10 3693/2309/10
f 1718/1780/19 158/1779/19 3282/1779/19 3481/1780/19
f 3039/2278/10 3040/2277/10 3681/2277/10 3680/2278/10
f 3054/2293/10 3133/2292/10 3774/2292/10 3695/2293/10
f 3041/2436/10 3042/2435/10 3683/2435/10 3682/2436/10
f 1547/1800/19 347/1799/19 3344/1799/19 3423/1800/19
f 3056/2499/10 3135/2498/10 3776/2498/10 3697/2499/10
f 3043/2358/10 3044/2357/10 3685/2357/10 3684/2358/10
f 1548/1816/19 348/1815/19 3346/1815/19 3425/1816/19
f 3058/2483/10 3137/2482/10 3778/2482/10 3699/2483/10
f 3045/2516/18 3046/2515/18 3687/2515/18 3686/2516/18
f 518/1785/19 1478/1784/19 3401/1784/19 3402/1785/19
f 1549/1832/19 349/1831/19 3348/1831/19 3427/1832/19
f 3060/2467/10 3139/2466/10 3780/2466/10 3701/2467/10
f 3047/2342/10 3048/2341/10 3689/2341/10 3688/2342/10
f 1550/1848/12 350/1847/12 3350/1847/12 3429/1848/12
f 3062/2451/10 3141/2450/10 3782/2450/10 3703/2451/10
f 107/1803/19 1067/1802/19 3263/1802/19 3264/1803/19
f 3049/2326/10 3050/2325/10 3691/2325/10 3690/2326/10
f 3064/2421/10 3143/2420/10 3784/2420/10 3705/2421/10
f 1724/1860/19 164/1859/19 3284/1859/19 3483/1860/19
f 108/1819/19 1068/1818/19 3265/1818/19 3266/1819/19
f 1139/1874/19 659/1873/19 3448/1873/19 3287/1874/19
f 3051/2310/10 3052/2309/10 3693/2309/10 3692/2310/10
f 1931/1628/12 30/16/12 3559/16/12 3551/1628/12
f 3066/2405/18 3145/2404/18 3786/2404/18 3707/2405/18
f 109/1835/19 1069/1834/19 3267/1834/19 3268/1835/19
f 1140/1890/19 660/1889/19 3450/1889/19 3289/1890/19
f 3053/2294/10 3054/2293/10 3695/2293/10 3694/2294/10
f 1932/1644/19 131/1643/19 3272/1643/19 3553/1644/19
f 3068/2389/10 3147/2388/10 3788/2388/10 3709/2389/10
f 110/1851/19 1070/1850/19 3269/1850/19 3270/1851/19
f 1141/1906/19 661/1905/19 3452/1905/19 3291/1906/19
f 3055/2500/18 3056/2499/18 3697/2499/18 3696/2500/18
f 1933/1660/19 132/1659/19 3274/1659/19 3555/1660/19
f 3070/2373/10 3149/2372/10 3790/2372/10 3711/2373/10
f 1142/1922/19 662/1921/19 3454/1921/19 3293/1922/19
f 3057/2484/10 3058/2483/10 3699/2483/10 3698/2484/10
f 524/1865/19 1484/1864/19 3403/1864/19 3404/1865/19
f 1934/1676/19 133/1675/19 3276/1675/19 3557/1676/19
f 3072/2579/18 3151/2578/18 3792/2578/18 3713/2579/18
f 3059/2468/10 3060/2467/10 3701/2467/10 3700/2468/10
f 731/1633/12 1691/1632/12 3471/1632/12 3472/1633/12
f 3074/2563/18 3153/2562/18 3794/2562/18 3715/2563/18
f 3061/2452/18 3062/2451/18 3703/2451/18 3702/2452/18
f 732/1649/19 1692/1648/19 3473/1648/19 3474/1649/19
f 3076/2547/18 3155/2546/18 3796/2546/18 3717/2547/18
f 1730/1700/12 170/1699/12 3286/1699/12 3485/1700/12
f 3063/30/10 3064/2421/10 3705/2421/10 3704/30/10
f 733/1665/12 1693/1664/12 3475/1664/12 3476/1665/12
f 1352/1934/19 872/1933/19 3520/1933/19 3359/1934/19
f 3078/2531/10 3157/2530/10 3798/2530/10 3719/2531/10
f 3065/2406/10 3066/2405/10 3707/2405/10 3706/2406/10
f 734/1681/19 1694/1680/19 3477/1680/19 3478/1681/19
f 2960/2273/18 3159/2272/18 3800/2272/18 3601/2273/18
f 3067/2390/10 3068/2389/10 3709/2389/10 3708/2390/10
f 323/1719/12 1283/1718/12 3335/1718/12 3336/1719/12
f 2962/2431/10 3161/2430/10 3802/2430/10 3603/2431/10
f 3069/2374/10 3070/2373/10 3711/2373/10 3710/2374/10
f 530/1705/12 1490/1704/12 3405/1704/12 3406/1705/12
f 324/1735/19 1284/1734/19 3337/1734/19 3338/1735/19
f 2964/2353/10 3163/2352/10 3804/2352/10 3605/2353/10
f 3071/2580/10 3072/2579/10 3713/2579/10 3712/2580/10
f 325/1751/19 1285/1750/19 3339/1750/19 3340/1751/19
f 2966/2511/10 3165/2510/10 3806/2510/10 3607/2511/10
f 3073/2564/10 3074/2563/10 3715/2563/10 3714/2564/10
f 326/1767/12 1286/1766/12 3341/1766/12 3342/1767/12
f 2968/2337/10 3167/2336/10 3808/2336/10 3609/2337/10
f 3075/2548/10 3076/2547/10 3717/2547/10 3716/2548/10
f 1358/1774/12 878/1773/12 3522/1773/12 3361/1774/12
f 2970/2321/10 3169/2320/10 3810/2320/10 3611/2321/10
f 3077/2532/18 3078/2531/18 3719/2531/18 3718/2532/18
f 2972/2305/10 3171/2304/10 3812/2304/10 3613/2305/10
f 3079/2268/10 3080/2267/10 3721/2267/10 3720/2268/10
f 947/1789/12 1907/1788/12 3543/1788/12 3544/1789/12
f 2974/2289/10 3173/2288/10 3814/2288/10 3615/2289/10
f 1739/1876/19 179/1875/19 3288/1875/19 3487/1876/19
f 3081/2426/10 3082/2425/10 3723/2425/10 3722/2426/10
f 948/1805/19 1908/1804/19 3545/1804/19 3546/1805/19
f 2976/2495/18 3175/2494/18 3816/2494/18 3617/2495/18
f 1740/1892/19 180/1891/19 3290/1891/19 3489/1892/19
f 3083/2348/10 3084/2347/10 3725/2347/10 3724/2348/10
f 949/1821/19 1909/1820/19 3547/1820/19 3548/1821/19
f 2978/2479/10 3177/2478/10 3818/2478/10 3619/2479/10
f 1741/1908/19 181/1907/19 3292/1907/19 3491/1908/19
f 3085/2506/10 3086/2505/10 3727/2505/10 3726/2506/10
f 950/1837/19 1910/1836/19 3549/1836/19 3550/1837/19
f 2980/2463/18 3179/2462/18 3820/2462/18 3621/2463/18
f 1742/1924/19 182/1923/19 3294/1923/19 3493/1924/19
f 3087/2332/10 3088/2331/10 3729/2331/10 3728/2332/10
f 539/1881/12 1499/1880/12 3407/1880/12 3408/1881/12
f 1364/1854/12 884/1853/12 3524/1853/12 3363/1854/12
f 2982/2447/10 3181/2446/10 3822/2446/10 3623/2447/10
f 3089/2316/10 3090/2315/10 3731/2315/10 3730/2316/10
f 540/1897/19 1500/1896/19 3409/1896/19 3410/1897/19
f 1571/1640/12 371/1639/12 3352/1639/12 3431/1640/12
f 2984/2417/10 3183/2416/10 3824/2416/10 3625/2417/10
f 3091/2300/10 3092/2299/10 3733/2299/10 3732/2300/10
f 541/1913/19 1501/1912/19 3411/1912/19 3412/1913/19
f 1572/1656/19 372/1655/19 3354/1655/19 3433/1656/19
f 2986/2401/10 3185/2400/10 3826/2400/10 3627/2401/10
f 3093/2284/10 3094/2283/10 3735/2283/10 3734/2284/10
f 542/1929/19 1502/1928/19 3413/1928/19 3414/1929/19
f 1573/1672/19 373/1671/19 3356/1671/19 3435/1672/19
f 2988/2385/18 3187/2384/18 3828/2384/18 3629/2385/18
f 3095/2490/10 3096/2489/10 3737/2489/10 3736/2490/10
f 1574/1688/19 374/1687/19 3358/1687/19 3437/1688/19
f 2990/2369/18 3189/2368/18 3830/2368/18 3631/2369/18
f 131/1643/12 1091/1642/12 3271/1642/12 3272/1643/12
f 3097/2474/10 3098/2473/10 3739/2473/10 3738/2474/10
f 2992/2575/18 3191/2574/18 3832/2574/18 3633/2575/18
f 132/1659/12 1092/1658/12 3273/1658/12 3274/1659/12
f 1163/1714/19 683/1713/19 3456/1713/19 3295/1714/19
f 3099/2458/18 3100/2457/18 3741/2457/18 3740/2458/18
f 1370/1694/12 890/1693/12 3526/1693/12 3365/1694/12
f 2994/2559/10 3193/2558/10 3834/2558/10 3635/2559/10
f 133/1675/12 1093/1674/12 3275/1674/12 3276/1675/12
f 1164/1730/19 684/1729/19 3458/1729/19 3297/1730/19
f 3101/2442/10 3102/2441/10 3743/2441/10 3742/2442/10
f 752/1941/19 1712/1940/19 3479/1940/19 3480/1941/19
f 2996/2543/10 3195/2542/10 3836/2542/10 3637/2543/10
f 134/1691/19 1094/1690/19 3277/1690/19 3278/1691/19
f 1165/1746/19 685/1745/19 3460/1745/19 3299/1746/19
f 3103/2412/10 3104/2411/10 3745/2411/10 3744/2412/10
f 2998/2527/10 3197/2526/10 3838/2526/10 3639/2527/10
f 1166/1762/19 686/1761/19 3462/1761/19 3301/1762/19
f 3105/2396/10 3106/2395/10 3747/2395/10 3746/2396/10
f 2934/2281/10 3199/2280/10 3840/2280/10 3575/2281/10
f 3107/2380/10 3108/2379/10 3749/2379/10 3748/2380/10
f 2942/2439/10 3201/2438/10 3842/2438/10 3583/2439/10
f 3109/2364/10 3110/2363/10 3751/2363/10 3750/2364/10
f 2950/2361/18 3203/2360/18 3844/2360/18 3591/2361/18
f 3111/2570/18 3112/2569/18 3753/2569/18 3752/2570/18
f 2958/2519/18 3205/2518/18 3846/2518/18 3599/2519/18
f 3113/2554/10 3114/2553/10 3755/2553/10 3754/2554/10
f 758/1781/19 1718/1780/19 3481/1780/19 3482/1781/19
f 2924/2345/10 3207/2344/10 3848/2344/10 3565/2345/10
f 3115/2538/10 3116/2537/10 3757/2537/10 3756/2538/10
f 347/1799/19 1307/1798/19 3343/1798/19 3344/1799/19
f 2928/2329/10 3209/2328/10 3850/2328/10 3569/2329/10
f 3117/2522/10 3118/2521/10 3759/2521/10 3758/2522/10
f 348/1815/19 1308/1814/19 3345/1814/19 3346/1815/19
f 1379/1870/19 899/1869/19 3528/1869/19 3367/1870/19
f 2930/2313/10 3211/2312/10 3852/2312/10 3571/2313/10
f 3119/2276/10 3120/2275/10 3761/2275/10 3760/2276/10
f 349/1831/12 1309/1830/12 3347/1830/12 3348/1831/12
f 1380/1886/19 900/1885/19 3530/1885/19 3369/1886/19
f 2932/2297/10 3213/2296/10 3854/2296/10 3573/2297/10
f 3121/2434/10 3122/2433/10 3763/2433/10 3762/2434/10
f 350/1847/19 1310/1846/19 3349/1846/19 3350/1847/19
f 1381/1902/23 901/1901/23 3532/1901/23 3371/1902/23
f 2926/2503/10 3215/2502/10 3856/2502/10 3567/2503/10
f 3123/2356/18 3124/2355/18 3765/2355/18 3764/2356/18
f 1382/1918/19 902/1917/19 3534/1917/19 3373/1918/19
f 2936/2487/10 3217/2486/10 3858/2486/10 3577/2487/10
f 3125/2514/18 3126/2513/18 3767/2513/18 3766/2514/18
f 764/1861/19 1724/1860/19 3483/1860/19 3484/1861/19
f 2938/2471/18 3219/2470/18 3860/2470/18 3579/2471/18
f 3127/2340/10 3128/2339/10 3769/2339/10 3768/2340/10
f 971/1629/19 1931/1628/19 3551/1628/19 3552/1629/19
f 2940/2455/10 3221/2454/10 3862/2454/10 3581/2455/10
f 1763/1716/12 203/1715/12 3296/1715/12 3495/1716/12
f 3129/2324/10 3130/2323/10 3771/2323/10 3770/2324/10
f 972/1645/12 1932/1644/12 3553/1644/12 3554/1645/12
f 2922/2423/10 3223/2422/10 3864/2422/10 3563/2423/10
f 1764/1732/19 204/1731/19 3298/1731/19 3497/1732/19
f 3131/2308/10 3132/2307/10 3773/2307/10 3772/2308/10
f 973/1661/19 1933/1660/19 3555/1660/19 3556/1661/19
f 1592/1936/19 392/1935/19 3360/1935/19 3439/1936/19
f 2944/2409/10 3225/2408/10 3866/2408/10 3585/2409/10
f 1765/1748/19 205/1747/19 3300/1747/19 3499/1748/19
f 3133/2292/10 3134/2291/10 3775/2291/10 3774/2292/10
f 974/1677/19 1934/1676/19 3557/1676/19 3558/1677/19
f 2946/2393/10 3227/2392/10 3868/2392/10 3587/2393/10
f 1766/1764/19 206/1763/19 3302/1763/19 3501/1764/19
f 3135/2498/10 3136/2497/10 3777/2497/10 3776/2498/10
f 563/1721/12 1523/1720/12 3415/1720/12 3416/1721/12
f 2948/2377/22 3229/2376/22 3870/2376/22 3589/2377/22
f 3137/2482/10 3138/2481/10 3779/2481/10 3778/2482/10
f 770/1701/19 1730/1700/19 3485/1700/19 3486/1701/19
f 564/1737/19 1524/1736/19 3417/1736/19 3418/1737/19
f 2920/5/10 3231/2582/10 3872/2582/10 3880/5/10
f 152/1939/19 1112/1938/19 3279/1938/19 3280/1939/19
f 3139/2466/10 3140/2465/10 3781/2465/10 3780/2466/10
f 565/1753/19 1525/1752/19 3419/1752/19 3420/1753/19
f 2952/2567/18 3233/2566/18 3874/2566/18 3593/2567/18
f 3141/2450/10 3142/2449/10 3783/2449/10 3782/2450/10
f 566/1769/19 1526/1768/19 3421/1768/19 3422/1769/19
f 2954/2551/18 3235/2550/18 3876/2550/18 3595/2551/18
f 3143/2420/18 3144/2419/18 3785/2419/18 3784/2420/18
f 1598/1776/19 398/1775/19 3362/1775/19 3441/1776/19
f 2956/2535/10 3237/2534/10 3878/2534/10 3597/2535/10
f 3145/2404/10 3146/2403/10 3787/2403/10 3786/2404/10
f 1187/1794/19 707/1793/19 3464/1793/19 3303/1794/19
f 3147/2388/10 3148/2387/10 3789/2387/10 3788/2388/10
f 1188/1810/19 708/1809/19 3466/1809/19 3305/1810/19
f 3149/2372/10 3150/2371/10 3791/2371/10 3790/2372/10
f 158/1779/19 1118/1778/19 3281/1778/19 3282/1779/19
f 1189/1826/12 709/1825/12 3468/1825/12 3307/1826/12
f 3151/2578/10 3152/2577/10 3793/2577/10 3792/2578/10
f 1190/1842/19 710/1841/19 3470/1841/19 3309/1842/19
f 3153/2562/10 3154/2561/10 3795/2561/10 3794/2562/10
f 3881/1/24 3884/2/24 3883/2583/24 4045/2584/24 4044/2585/24 3965/2586/24 3964/2587/24 4125/2588/24 4124/2589/24 3925/2590/24 3924/2591/24 4085/2592/24 4084/2593/24 4005/2594/24 4004/2595/24 4165/2596/24 4164/2597/24 3899/2598/24 3898/2599/24 4059/2600/24 4058/2601/24 3979/2602/24 3978/2603/24 4139/2604/24 4138/2605/24 3939/2606/24 3938/2607/24 4099/2608/24 4098/2609/24 4019/2610/24 4018/2611/24 4179/2612/24 4178/2613/24 3897/2614/24 3896/2615/24 4057/2616/24 4056/2617/24 3977/2618/24 3976/2619/24 4137/2620/24 4136/2621/24 3937/2622/24 3936/2623/24 4097/2624/24 4096/2625/24 4017/2626/24 4016/2627/24 4177/2628/24 4176/2629/24 3895/2630/24 3894/2631/24 4055/2632/24 4054/2633/24 3975/2634/24 3974/2635/24 4135/2636/24 4134/2637/24 3935/2638/24 3934/2639/24 4095/2640/24 4094/2641/24 4015/2642/24 4014/2643/24 4175/2644/24 4174/2645/24 3893/2646/24 3892/2647/24 4053/2648/24 4052/2649/24 3973/2650/24 3972/2651/24 4133/2652/24 4132/2653/24 3933/2654/24 3932/2655/24 4093/2656/24 4092/2657/24 4013/2658/24 4012/2659/24 4173/2660/24 4172/2661/24 3889/2662/24 3888/2663/24 4049/2664/24 4048/2665/24 3969/2666/24 3968/2667/24 4129/2668/24 4128/2669/24 3929/2670/24 3928/2671/24 4089/2672/24 4088/2673/24 4009/2674/24 4008/2675/24 4169/2676/24 4168/2677/24 3915/2678/24 3914/2679/24 4075/2680/24 4074/2681/24 3995/2682/24 3994/2683/24 4155/2684/24 4154/2685/24 3955/2686/24 3954/2687/24 4115/2688/24 4114/2689/24 4035/2690/24 4034/2691/24 4195/2692/24 4194/2693/24 3913/2694/24 3912/2695/24 4073/2696/24 4072/2697/24 3993/2698/24 3992/2699/24 4153/2700/24 4152/2701/24 3953/2702/24 3952/2703/24 4113/2704/24 4112/2705/24 4033/2706/24 4032/2707/24 4193/2708/24 4192/2709/24 3911/2710/24 3910/2711/24 4071/2712/24 4070/2713/24 3991/2714/24 3990/2715/24 4151/2716/24 4150/2717/24 3951/2718/24 3950/2719/24 4111/2720/24 4110/2721/24 4031/2722/24 4030/2723/24 4191/2724/24 4190/2725/24 3909/2726/24 3908/2727/24 4069/2728/24 4068/2729/24 3989/2730/24 3988/2731/24 4149/2732/24 4148/2733/24 3949/2734/24 3948/2735/24 4109/2736/24 4108/2737/24 4029/2738/24 4028/2739/24 4189/2740/24 4188/2741/24 3887/2742/24 3886/2743/24 4047/2744/24 4046/2745/24 3967/2746/24 3966/2747/24 4127/2748/24 4126/2749/24 3927/2750/24 3926/2751/24 4087/2752/24 4086/2753/24 4007/2754/24 4006/2755/24 4167/2756/24 4166/2757/24 3907/2758/24 3906/2759/24 4067/2760/24 4066/2761/24 3987/2762/24 3986/2763/24 4147/2764/24 4146/2765/24 3947/2766/24 3946/2767/24 4107/2768/24 4106/2769/24 4027/2770/24 4026/2771/24 4187/2772/24 4186/2773/24 3905/2774/24 3904/2775/24 4065/2776/24 4064/2777/24 3985/2778/24 3984/2779/24 4145/2780/24 4144/2781/24 3945/2782/24 3944/2783/24 4105/2784/24 4104/2785/24 4025/2786/24 4024/2787/24 4185/2788/24 4184/2789/24 3903/2790/24 3902/2791/24 4063/2792/24 4062/2793/24 3983/2794/24 3982/2795/24 4143/2796/24 4142/2797/24 3943/2798/24 3942/2799/24 4103/2800/24 4102/2801/24 4023/2802/24 4022/2803/24 4183/2804/24 4182/2805/24 3901/2806/24 3900/2807/24 4061/2808/24 4060/2809/24 3981/2810/24 3980/2811/24 4141/2812/24 4140/2813/24 3941/2814/24 3940/2815/24 4101/2816/24 4100/2817/24 4021/2818/24 4020/2819/24 4181/2820/24 4180/2821/24 3891/2822/24 3890/2823/24 4051/2824/24 4050/2825/24 3971/2826/24 3970/2827/24 4131/2828/24 4130/2829/24 3931/2830/24 3930/2831/24 4091/2832/24 4090/2833/24 4011/2834/24 4010/2835/24 4171/2836/24 4170/2837/24 3923/2838/24 3922/2839/24 4083/2840/24 4082/2841/24 4003/2842/24 4002/2843/24 4163/2844/24 4162/2845/24 3963/2846/24 3962/2847/24 4123/2848/24 4122/2849/24 4043/2850/24 4042/2851/24 4203/2852/24 4202/2853/24 3921/2854/24 3920/2855/24 4081/2856/24 4080/2857/24 4001/2858/24 4000/2859/24 4161/2860/24 4160/2861/24 3961/2862/24 3960/2863/24 4121/2864/24 4120/2865/24 4041/2866/24 4040/2867/24 4201/2868/24 4200/2869/24 3919/2870/24 3918/2871/24 4079/2872/24 4078/2873/24 3999/2874/24 3998/2875/24 4159/2876/24 4158/2877/24 3959/2878/24 3958/2879/24 4119/2880/24 4118/2881/24 4039/2882/24 4038/2883/24 4199/2884/24 4198/2885/24 3917/2886/24 3916/2887/24 4077/2888/24 4076/2889/24 3997/2890/24 3996/2891/24 4157/2892/24 4156/2893/24 3957/2894/24 3956/2895/24 4117/2896/24 4116/2897/24 4037/2898/24 4036/2899/24 4197/2900/24 4196/2901/24 3885/3/24 3882/4/24
f 1009/111/9 529/110/9 4371/110/9 4210/111/9
f 4127/2748/24 3966/2747/24 4607/2747/24 4768/2748/24
f 1723/265/9 163/264/9 4249/264/9 4448/265/9
f 1929/67/9 128/66/9 4239/66/9 4520/67/9
f 802/170/9 1762/169/9 4466/169/9 4467/170/9
f 4125/2588/24 3964/2587/24 4605/2587/24 4766/2588/24
f 1928/51/9 127/50/9 4237/50/9 4518/51/9
f 801/154/9 1761/153/9 4464/153/9 4465/154/9
f 4123/2848/25 3962/2847/25 4603/2847/25 4764/2848/25
f 1927/35/9 28/11/9 4524/11/9 4516/35/9
f 800/138/9 1760/137/9 4462/137/9 4463/138/9
f 4121/2864/24 3960/2863/24 4601/2863/24 4762/2864/24
f 799/122/9 1759/121/9 4460/121/9 4461/122/9
f 4119/2880/24 3958/2879/24 4599/2879/24 4760/2880/24
f 4117/2896/24 3956/2895/24 4597/2895/24 4758/2896/24
f 1210/87/9 730/86/9 4443/86/9 4282/87/9
f 1003/271/9 523/270/9 4369/270/9 4208/271/9
f 4115/2688/24 3954/2687/24 4595/2687/24 4756/2688/24
f 1209/73/9 729/72/9 4441/72/9 4280/73/9
f 178/328/9 1138/327/9 4258/327/9 4259/328/9
f 1717/185/9 157/184/9 4247/184/9 4446/185/9
f 4113/2704/24 3952/2703/24 4593/2703/24 4754/2704/24
f 1208/57/9 728/56/9 4439/56/9 4278/57/9
f 177/312/9 1137/311/9 4256/311/9 4257/312/9
f 4111/2720/24 3950/2719/24 4591/2719/24 4752/2720/24
f 1207/41/9 727/40/9 4437/40/9 4276/41/9
f 176/296/9 1136/295/9 4254/295/9 4255/296/9
f 4109/2736/24 3948/2735/24 4589/2735/24 4750/2736/24
f 175/280/9 1135/279/9 4252/279/9 4253/280/9
f 1618/325/9 418/324/9 4339/324/9 4418/325/9
f 4107/2768/24 3946/2767/24 4587/2767/24 4748/2768/24
f 1617/309/9 417/308/9 4337/308/9 4416/309/9
f 586/254/9 1546/253/9 4394/253/9 4395/254/9
f 4105/2784/24 3944/2783/24 4585/2783/24 4746/2784/24
f 1616/293/9 416/292/9 4335/292/9 4414/293/9
f 585/238/9 1545/237/9 4392/237/9 4393/238/9
f 997/191/9 517/190/9 4367/190/9 4206/191/9
f 4103/2800/24 3942/2799/24 4583/2799/24 4744/2800/24
f 1711/345/9 151/344/9 4245/344/9 4444/345/9
f 1615/277/9 415/276/9 4333/276/9 4412/277/9
f 584/222/9 1544/221/9 4390/221/9 4391/222/9
f 4101/2816/24 3940/2815/24 4581/2815/24 4742/2816/24
f 583/206/9 1543/205/9 4388/205/9 4389/206/9
f 4099/2608/24 3938/2607/24 4579/2607/24 4740/2608/24
f 4097/2624/24 3936/2623/24 4577/2623/24 4738/2624/24
f 169/104/9 1129/103/9 4250/103/9 4251/104/9
f 4095/2640/24 3934/2639/24 4575/2639/24 4736/2640/24
f 4093/2656/24 3932/2655/24 4573/2655/24 4734/2656/24
f 991/351/9 511/350/9 4365/350/9 4204/351/9
f 4091/2832/24 3930/2831/24 4571/2831/24 4732/2832/24
f 1609/101/9 409/100/9 4331/100/9 4410/101/9
f 4089/2672/24 3928/2671/24 4569/2671/24 4730/2672/24
f 1402/163/9 922/162/9 4507/162/9 4346/163/9
f 4087/2752/24 3926/2751/24 4567/2751/24 4728/2752/24
f 1401/147/9 921/146/9 4505/146/9 4344/147/9
f 370/92/9 1330/91/9 4322/91/9 4323/92/9
f 4085/2592/24 3924/2591/24 4565/2591/24 4726/2592/24
f 163/264/9 1123/263/9 4248/263/9 4249/264/9
f 1400/131/9 920/130/9 4503/130/9 4342/131/9
f 369/78/9 1329/77/9 4320/77/9 4321/78/9
f 4083/2840/24 3922/2839/24 4563/2839/24 4724/2840/24
f 1399/115/9 919/114/9 4501/114/9 4340/115/9
f 368/62/9 1328/61/9 4318/61/9 4319/62/9
f 4081/2856/24 3920/2855/24 4561/2855/24 4722/2856/24
f 367/46/9 1327/45/9 4316/45/9 4317/46/9
f 1906/241/9 105/240/9 4233/240/9 4514/241/9
f 4079/2872/24 3918/2871/24 4559/2871/24 4720/2872/24
f 1905/225/9 104/224/9 4231/224/9 4512/225/9
f 1603/261/9 403/260/9 4329/260/9 4408/261/9
f 27/22/8 25/21/8 3881/21/8 3882/22/8
f 778/330/9 1738/329/9 4458/329/9 4459/330/9
f 4077/2888/24 3916/2887/24 4557/2887/24 4718/2888/24
f 1904/209/9 103/208/9 4229/208/9 4510/209/9
f 25/20/26 26/19/26 3884/19/26 3881/20/26
f 777/314/9 1737/313/9 4456/313/9 4457/314/9
f 4075/2680/24 3914/2679/24 4555/2679/24 4716/2680/24
f 1903/193/9 37/192/9 4207/192/9 4508/193/9
f 28/3/27 27/4/27 3882/4/27 3885/3/27
f 776/298/9 1736/297/9 4454/297/9 4455/298/9
f 4073/2696/24 3912/2695/24 4553/2695/24 4714/2696/24
f 157/184/9 1117/183/9 4246/183/9 4247/184/9
f 775/282/9 1735/281/9 4452/281/9 4453/282/9
f 4071/2712/24 3910/2711/24 4551/2711/24 4712/2712/24
f 4069/2728/24 3908/2727/24 4549/2727/24 4710/2728/24
f 1186/247/9 706/246/9 4435/246/9 4274/247/9
f 4067/2760/24 3906/2759/24 4547/2759/24 4708/2760/24
f 1185/231/9 705/230/9 4433/230/9 4272/231/9
f 1597/181/9 397/180/9 4327/180/9 4406/181/9
f 4065/2776/24 3904/2775/24 4545/2775/24 4706/2776/24
f 1184/215/9 704/214/9 4431/214/9 4270/215/9
f 4063/2792/24 3902/2791/24 4543/2791/24 4704/2792/24
f 1183/199/9 703/198/9 4429/198/9 4268/199/9
f 4061/2808/24 3900/2807/24 4541/2807/24 4702/2808/24
f 151/344/9 1111/343/9 4244/343/9 4245/344/9
f 1690/85/9 490/84/9 4363/84/9 4442/85/9
f 769/106/9 1729/105/9 4450/105/9 4451/106/9
f 4059/2600/24 3898/2599/24 4539/2599/24 4700/2600/24
f 1689/71/9 489/70/9 4361/70/9 4440/71/9
f 562/174/9 1522/173/9 4386/173/9 4387/174/9
f 4057/2616/24 3896/2615/24 4537/2615/24 4698/2616/24
f 1688/55/9 488/54/9 4359/54/9 4438/55/9
f 561/158/9 1521/157/9 4384/157/9 4385/158/9
f 4055/2632/24 3894/2631/24 4535/2631/24 4696/2632/24
f 1687/39/9 487/38/9 4357/38/9 4436/39/9
f 1591/341/9 391/340/9 4325/340/9 4404/341/9
f 560/142/9 1520/141/9 4382/141/9 4383/142/9
f 4053/2648/24 3892/2647/24 4533/2647/24 4694/2648/24
f 559/126/9 1519/125/9 4380/125/9 4381/126/9
f 4051/2824/24 3890/2823/24 4531/2823/24 4692/2824/24
f 970/82/9 1930/27/9 4522/27/9 4523/82/9
f 4049/2664/24 3888/2663/24 4529/2663/24 4690/2664/24
f 763/266/9 1723/265/9 4448/265/9 4449/266/9
f 969/68/9 1929/67/9 4520/67/9 4521/68/9
f 4047/2744/24 3886/2743/24 4527/2743/24 4688/2744/24
f 968/52/9 1928/51/9 4518/51/9 4519/52/9
f 4045/2584/24 3883/2583/24 4525/2583/24 4686/2584/24
f 967/36/9 1927/35/9 4516/35/9 4517/36/9
f 4202/2853/24 4203/2852/24 4844/2852/24 4843/2853/24
f 4200/2869/24 4201/2868/24 4842/2868/24 4841/2869/24
f 1378/323/9 898/322/9 4499/322/9 4338/323/9
f 4198/2885/24 4199/2884/24 4840/2884/24 4839/2885/24
f 1377/307/9 897/306/9 4497/306/9 4336/307/9
f 346/252/9 1306/251/9 4314/251/9 4315/252/9
f 4196/2901/24 4197/2900/24 4838/2900/24 4837/2901/24
f 1376/291/9 896/290/9 4495/290/9 4334/291/9
f 345/236/9 1305/235/9 4312/235/9 4313/236/9
f 757/186/9 1717/185/9 4446/185/9 4447/186/9
f 4194/2693/24 4195/2692/24 4836/2692/24 4835/2693/24
f 1375/275/9 895/274/9 4493/274/9 4332/275/9
f 344/220/9 1304/219/9 4310/219/9 4311/220/9
f 4192/2709/24 4193/2708/24 4834/2708/24 4833/2709/24
f 343/204/9 1303/203/9 4308/203/9 4309/204/9
f 1882/161/9 81/160/9 4225/160/9 4506/161/9
f 4190/2725/24 4191/2724/24 4832/2724/24 4831/2725/24
f 1881/145/9 80/144/9 4223/144/9 4504/145/9
f 4188/2741/24 4189/2740/24 4830/2740/24 4829/2741/24
f 1880/129/9 79/128/9 4221/128/9 4502/129/9
f 4186/2773/24 4187/2772/24 4828/2772/24 4827/2773/24
f 1879/113/9 49/112/9 4211/112/9 4500/113/9
f 4184/2789/24 4185/2788/24 4826/2788/24 4825/2789/24
f 751/346/9 1711/345/9 4444/345/9 4445/346/9
f 4182/2805/24 4183/2804/24 4824/2804/24 4823/2805/24
f 1369/99/9 889/98/9 4491/98/9 4330/99/9
f 4180/2821/24 4181/2820/24 4822/2820/24 4821/2821/24
f 1162/167/9 682/166/9 4427/166/9 4266/167/9
f 4178/2613/24 4179/2612/24 4820/2612/24 4819/2613/24
f 1161/151/9 681/150/9 4425/150/9 4264/151/9
f 130/96/9 1090/95/9 4242/95/9 4243/96/9
f 4176/2629/24 4177/2628/24 4818/2628/24 4817/2629/24
f 1160/135/9 680/134/9 4423/134/9 4262/135/9
f 129/28/9 1089/81/9 4240/81/9 4241/28/9
f 4174/2645/24 4175/2644/24 4816/2644/24 4815/2645/24
f 1159/119/9 679/118/9 4421/118/9 4260/119/9
f 128/66/9 1088/65/9 4238/65/9 4239/66/9
f 4172/2661/24 4173/2660/24 4814/2660/24 4813/2661/24
f 127/50/9 1087/49/9 4236/49/9 4237/50/9
f 1666/245/9 466/244/9 4355/244/9 4434/245/9
f 1570/93/9 370/92/9 4323/92/9 4402/93/9
f 4170/2837/24 4171/2836/24 4812/2836/24 4811/2837/24
f 1665/229/9 465/228/9 4353/228/9 4432/229/9
f 1363/259/9 883/258/9 4489/258/9 4328/259/9
f 1569/79/9 369/78/9 4321/78/9 4400/79/9
f 538/334/9 1498/333/9 4378/333/9 4379/334/9
f 4168/2677/24 4169/2676/24 4810/2676/24 4809/2677/24
f 1664/213/9 464/212/9 4351/212/9 4430/213/9
f 1568/63/9 368/62/9 4319/62/9 4398/63/9
f 537/318/9 1497/317/9 4376/317/9 4377/318/9
f 4166/2757/24 4167/2756/24 4808/2756/24 4807/2757/24
f 1663/197/9 463/196/9 4349/196/9 4428/197/9
f 1567/47/9 367/46/9 4317/46/9 4396/47/9
f 536/302/9 1496/301/9 4374/301/9 4375/302/9
f 4164/2597/24 4165/2596/24 4806/2596/24 4805/2597/24
f 535/286/9 1495/285/9 4372/285/9 4373/286/9
f 4162/2845/24 4163/2844/24 4804/2844/24 4803/2845/24
f 946/242/9 1906/241/9 4514/241/9 4515/242/9
f 4160/2861/24 4161/2860/24 4802/2860/24 4801/2861/24
f 945/226/9 1905/225/9 4512/225/9 4513/226/9
f 4158/2877/24 4159/2876/24 4800/2876/24 4799/2877/24
f 1357/179/9 877/178/9 4487/178/9 4326/179/9
f 944/210/9 1904/209/9 4510/209/9 4511/210/9
f 4156/2893/24 4157/2892/24 4798/2892/24 4797/2893/24
f 943/194/9 1903/193/9 4508/193/9 4509/194/9
f 4154/2685/24 4155/2684/24 4796/2684/24 4795/2685/24
f 4152/2701/24 4153/2700/24 4794/2700/24 4793/2701/24
f 529/110/9 1489/109/9 4370/109/9 4371/110/9
f 4150/2717/24 4151/2716/24 4792/2716/24 4791/2717/24
f 322/172/9 1282/171/9 4306/171/9 4307/172/9
f 4148/2733/24 4149/2732/24 4790/2732/24 4789/2733/24
f 321/156/9 1281/155/9 4304/155/9 4305/156/9
f 4146/2765/24 4147/2764/24 4788/2764/24 4787/2765/24
f 1351/339/9 871/338/9 4485/338/9 4324/339/9
f 320/140/9 1280/139/9 4302/139/9 4303/140/9
f 4144/2781/24 4145/2780/24 4786/2780/24 4785/2781/24
f 319/124/9 1279/123/9 4300/123/9 4301/124/9
f 1858/321/9 57/320/9 4217/320/9 4498/321/9
f 4142/2797/24 4143/2796/24 4784/2796/24 4783/2797/24
f 1857/305/9 56/304/9 4215/304/9 4496/305/9
f 730/86/9 1690/85/9 4442/85/9 4443/86/9
f 4140/2813/24 4141/2812/24 4782/2812/24 4781/2813/24
f 1856/289/9 55/288/9 4213/288/9 4494/289/9
f 523/270/9 1483/269/9 4368/269/9 4369/270/9
f 729/72/9 1689/71/9 4440/71/9 4441/72/9
f 4138/2605/24 4139/2604/24 4780/2604/24 4779/2605/24
f 1855/273/9 43/272/9 4209/272/9 4492/273/9
f 728/56/9 1688/55/9 4438/55/9 4439/56/9
f 4136/2621/24 4137/2620/24 4778/2620/24 4777/2621/24
f 727/40/9 1687/39/9 4436/39/9 4437/40/9
f 4134/2637/24 4135/2636/24 4776/2636/24 4775/2637/24
f 4132/2653/24 4133/2652/24 4774/2652/24 4773/2653/24
f 1138/327/9 658/326/9 4419/326/9 4258/327/9
f 4130/2829/24 4131/2828/24 4772/2828/24 4771/2829/24
f 106/256/9 1066/255/9 4234/255/9 4235/256/9
f 1137/311/9 657/310/9 4417/310/9 4256/311/9
f 4128/2669/24 4129/2668/24 4770/2668/24 4769/2669/24
f 105/240/9 1065/239/9 4232/239/9 4233/240/9
f 1136/295/9 656/294/9 4415/294/9 4254/295/9
f 517/190/9 1477/189/9 4366/189/9 4367/190/9
f 4126/2749/24 4127/2748/24 4768/2748/24 4767/2749/24
f 104/224/9 1064/223/9 4230/223/9 4231/224/9
f 1135/279/9 655/278/9 4413/278/9 4252/279/9
f 1849/97/9 130/96/9 4243/96/9 4490/97/9
f 4124/2589/24 4125/2588/24 4766/2588/24 4765/2589/24
f 103/208/9 1063/207/9 4228/207/9 4229/208/9
f 1546/253/9 346/252/9 4315/252/9 4394/253/9
f 4122/2849/24 4123/2848/24 4764/2848/24 4763/2849/24
f 1545/237/9 345/236/9 4313/236/9 4392/237/9
f 4120/2865/24 4121/2864/24 4762/2864/24 4761/2865/24
f 1544/221/9 344/220/9 4311/220/9 4390/221/9
f 4118/2881/24 4119/2880/24 4760/2880/24 4759/2881/24
f 1543/205/9 343/204/9 4309/204/9 4388/205/9
f 4116/2897/24 4117/2896/24 4758/2896/24 4757/2897/24
f 511/350/9 1471/349/9 4364/349/9 4365/350/9
f 4114/2689/24 4115/2688/24 4756/2688/24 4755/2689/24
f 1129/103/9 649/102/9 4411/102/9 4250/103/9
f 1843/257/9 106/256/9 4235/256/9 4488/257/9
f 922/162/9 1882/161/9 4506/161/9 4507/162/9
f 4112/2705/24 4113/2704/24 4754/2704/24 4753/2705/24
f 921/146/9 1881/145/9 4504/145/9 4505/146/9
f 4110/2721/24 4111/2720/24 4752/2720/24 4751/2721/24
f 3921/2854/24 4202/2853/24 4843/2853/24 4562/2854/24
f 920/130/9 1880/129/9 4502/129/9 4503/130/9
f 4108/2737/24 4109/2736/24 4750/2736/24 4749/2737/24
f 3919/2870/24 4200/2869/24 4841/2869/24 4560/2870/24
f 919/114/9 1879/113/9 4500/113/9 4501/114/9
f 4106/2769/24 4107/2768/24 4748/2768/24 4747/2769/24
f 3917/2886/24 4198/2885/24 4839/2885/24 4558/2886/24
f 4104/2785/24 4105/2784/24 4746/2784/24 4745/2785/24
f 3885/3/24 4196/2901/24 4837/2901/24 4845/3/24
f 1330/91/9 850/90/9 4483/90/9 4322/91/9
f 4102/2801/24 4103/2800/24 4744/2800/24 4743/2801/24
f 1123/263/9 643/262/9 4409/262/9 4248/263/9
f 3913/2694/24 4194/2693/24 4835/2693/24 4554/2694/24
f 1837/177/9 82/176/9 4227/176/9 4486/177/9
f 1329/77/9 849/76/9 4481/76/9 4320/77/9
f 298/332/9 1258/331/9 4298/331/9 4299/332/9
f 4100/2817/24 4101/2816/24 4742/2816/24 4741/2817/24
f 3911/2710/24 4192/2709/24 4833/2709/24 4552/2710/24
f 1328/61/9 848/60/9 4479/60/9 4318/61/9
f 297/316/9 1257/315/9 4296/315/9 4297/316/9
f 4098/2609/24 4099/2608/24 4740/2608/24 4739/2609/24
f 3909/2726/24 4190/2725/24 4831/2725/24 4550/2726/24
f 1327/45/9 847/44/9 4477/44/9 4316/45/9
f 296/300/9 1256/299/9 4294/299/9 4295/300/9
f 4096/2625/24 4097/2624/24 4738/2624/24 4737/2625/24
f 3887/2742/24 4188/2741/24 4829/2741/24 4528/2742/24
f 295/284/9 1255/283/9 4292/283/9 4293/284/9
f 4094/2641/24 4095/2640/24 4736/2640/24 4735/2641/24
f 3905/2774/25 4186/2773/25 4827/2773/25 4546/2774/25
f 706/246/9 1666/245/9 4434/245/9 4435/246/9
f 4092/2657/24 4093/2656/24 4734/2656/24 4733/2657/24
f 3903/2790/24 4184/2789/24 4825/2789/24 4544/2790/24
f 705/230/9 1665/229/9 4432/229/9 4433/230/9
f 4090/2833/24 4091/2832/24 4732/2832/24 4731/2833/24
f 1117/183/9 637/182/9 4407/182/9 4246/183/9
f 3901/2806/24 4182/2805/24 4823/2805/24 4542/2806/24
f 1831/337/9 58/336/9 4219/336/9 4484/337/9
f 704/214/9 1664/213/9 4430/213/9 4431/214/9
f 4088/2673/24 4089/2672/24 4730/2672/24 4729/2673/24
f 3891/2822/24 4180/2821/24 4821/2821/24 4532/2822/24
f 703/198/9 1663/197/9 4428/197/9 4429/198/9
f 4086/2753/24 4087/2752/24 4728/2752/24 4727/2753/24
f 3897/2614/24 4178/2613/24 4819/2613/24 4538/2614/24
f 4084/2593/24 4085/2592/24 4726/2592/24 4725/2593/24
f 3895/2630/24 4176/2629/24 4817/2629/24 4536/2630/24
f 289/108/9 1249/107/9 4290/107/9 4291/108/9
f 4082/2841/24 4083/2840/24 4724/2840/24 4723/2841/24
f 82/176/9 1042/175/9 4226/175/9 4227/176/9
f 3893/2646/24 4174/2645/24 4815/2645/24 4534/2646/24
f 4080/2857/24 4081/2856/24 4722/2856/24 4721/2857/24
f 81/160/9 1041/159/9 4224/159/9 4225/160/9
f 3889/2662/24 4172/2661/24 4813/2661/24 4530/2662/24
f 4078/2873/24 4079/2872/24 4720/2872/24 4719/2873/24
f 1111/343/9 631/342/9 4405/342/9 4244/343/9
f 80/144/9 1040/143/9 4222/143/9 4223/144/9
f 3923/2838/24 4170/2837/24 4811/2837/24 4564/2838/24
f 4076/2889/24 4077/2888/24 4718/2888/24 4717/2889/24
f 79/128/9 1039/127/9 4220/127/9 4221/128/9
f 3915/2678/24 4168/2677/24 4809/2677/24 4556/2678/24
f 1522/173/9 322/172/9 4307/172/9 4386/173/9
f 4074/2681/24 4075/2680/24 4716/2680/24 4715/2681/24
f 3907/2758/24 4166/2757/24 4807/2757/24 4548/2758/24
f 1521/157/9 321/156/9 4305/156/9 4384/157/9
f 490/84/9 1450/83/9 4362/83/9 4363/84/9
f 4072/2697/24 4073/2696/24 4714/2696/24 4713/2697/24
f 3899/2598/24 4164/2597/24 4805/2597/24 4540/2598/24
f 283/268/9 1243/267/9 4288/267/9 4289/268/9
f 1520/141/9 320/140/9 4303/140/9 4382/141/9
f 489/70/9 1449/69/9 4360/69/9 4361/70/9
f 4070/2713/24 4071/2712/24 4712/2712/24 4711/2713/24
f 3963/2846/24 4162/2845/24 4803/2845/24 4604/2846/24
f 1519/125/9 319/124/9 4301/124/9 4380/125/9
f 488/54/9 1448/53/9 4358/53/9 4359/54/9
f 4068/2729/24 4069/2728/24 4710/2728/24 4709/2729/24
f 3961/2862/24 4160/2861/24 4801/2861/24 4602/2862/24
f 487/38/9 1447/37/9 4356/37/9 4357/38/9
f 4066/2761/24 4067/2760/24 4708/2760/24 4707/2761/24
f 3959/2878/24 4158/2877/24 4799/2877/24 4600/2878/24
f 898/322/9 1858/321/9 4498/321/9 4499/322/9
f 4064/2777/24 4065/2776/24 4706/2776/24 4705/2777/24
f 3957/2894/24 4156/2893/24 4797/2893/24 4598/2894/24
f 897/306/9 1857/305/9 4496/305/9 4497/306/9
f 4062/2793/24 4063/2792/24 4704/2792/24 4703/2793/24
f 4367/190/5 4366/189/5 4687/189/5 4688/190/5
f 4324/339/5 4485/338/5 4806/338/5 4645/339/5
f 4220/127/5 4381/126/5 4702/126/5 4541/127/5
f 4437/40/5 4436/39/5 4757/39/5 4758/40/5
f 4222/143/5 4383/142/5 4704/142/5 4543/143/5
f 4333/276/5 4332/275/5 4653/275/5 4654/276/5
f 4484/337/5 4219/336/5 4540/336/5 4805/337/5
f 4290/107/5 4451/106/5 4772/106/5 4611/107/5
f 4439/56/5 4438/55/5 4759/55/5 4760/56/5
f 4229/208/5 4228/207/5 4549/207/5 4550/208/5
f 4224/159/5 4385/158/5 4706/158/5 4545/159/5
f 4335/292/5 4334/291/5 4655/291/5 4656/292/5
f 4441/72/5 4440/71/5 4761/71/5 4762/72/5
f 4231/224/5 4230/223/5 4551/223/5 4552/224/5
f 4226/175/5 4387/174/5 4708/174/5 4547/175/5
f 4337/308/5 4336/307/5 4657/307/5 4658/308/5
f 4450/105/5 4251/104/5 4572/104/5 4771/105/5
f 4443/86/5 4442/85/5 4763/85/5 4764/86/5
f 4233/240/5 4232/239/5 4553/239/5 4554/240/5
f 4339/324/5 4338/323/5 4659/323/5 4660/324/5
f 4235/256/5 4234/255/5 4555/255/5 4556/256/5
f 4369/270/5 4368/269/5 4689/269/5 4690/270/5
f 4326/179/5 4487/178/5 4808/178/5 4647/179/5
f 4396/47/5 4317/46/5 4638/46/5 4717/47/5
f 4486/177/5 4227/176/5 4548/176/5 4807/177/5
f 4292/283/5 4453/282/5 4774/282/5 4613/283/5
f 4398/63/5 4319/62/5 4640/62/5 4719/63/5
f 4509/194/5 4508/193/5 4829/193/5 4830/194/5
f 4294/299/5 4455/298/5 4776/298/5 4615/299/5
f 4405/342/5 4404/341/5 4725/341/5 4726/342/5
f 4400/79/5 4321/78/5 4642/78/5 4721/79/5
f 4511/210/5 4510/209/5 4831/209/5 4832/210/5
f 4301/124/5 4300/123/5 4621/123/5 4622/124/5
f 4452/281/5 4253/280/5 4574/280/5 4773/281/5
f 4296/315/5 4457/314/5 4778/314/5 4617/315/5
f 4402/93/5 4323/92/5 4644/92/5 4723/93/5
f 4513/226/5 4512/225/5 4833/225/5 4834/226/5
f 4303/140/5 4302/139/5 4623/139/5 4624/140/5
f 4454/297/5 4255/296/5 4576/296/5 4775/297/5
f 4298/331/5 4459/330/5 4780/330/5 4619/331/5
f 4371/110/5 4370/109/5 4691/109/5 4692/110/5
f 4515/242/5 4514/241/5 4835/241/5 4836/242/5
f 4328/259/5 4489/258/5 4810/258/5 4649/259/5
f 4305/156/5 4304/155/5 4625/155/5 4626/156/5
f 4456/313/5 4257/312/5 4578/312/5 4777/313/5
f 4307/172/5 4306/171/5 4627/171/5 4628/172/5
f 4458/329/5 4259/328/5 4580/328/5 4779/329/5
f 4488/257/5 4235/256/5 4556/256/5 4809/257/5
f 4407/182/5 4406/181/5 4727/181/5 4728/182/5
f 4364/349/5 4285/348/5 4606/348/5 4685/349/5
f 4260/119/5 4421/118/5 4742/118/5 4581/119/5
f 4477/44/5 4476/43/5 4797/43/5 4798/44/5
f 4262/135/5 4423/134/5 4744/134/5 4583/135/5
f 4373/286/5 4372/285/5 4693/285/5 4694/286/5
f 4330/99/5 4491/98/5 4812/98/5 4651/99/5
f 4479/60/5 4478/59/5 4799/59/5 4800/60/5
f 4269/200/5 4268/199/5 4589/199/5 4590/200/5
f 4264/151/5 4425/150/5 4746/150/5 4585/151/5
f 4375/302/5 4374/301/5 4695/301/5 4696/302/5
f 4481/76/5 4480/75/5 4801/75/5 4802/76/5
f 4271/216/5 4270/215/5 4591/215/5 4592/216/5
f 4266/167/5 4427/166/5 4748/166/5 4587/167/5
f 4377/318/5 4376/317/5 4697/317/5 4698/318/5
f 4490/97/5 4243/96/5 4564/96/5 4811/97/5
f 4483/90/5 4482/89/5 4803/89/5 4804/90/5
f 4273/232/5 4272/231/5 4593/231/5 4594/232/5
f 4379/334/5 4378/333/5 4699/333/5 4700/334/5
f 4275/248/5 4274/247/5 4595/247/5 4596/248/5
f 4409/262/5 4408/261/5 4729/261/5 4730/262/5
f 4366/189/5 4287/188/5 4608/188/5 4687/189/5
f 4205/12/5 4204/351/5 4525/351/5 4526/12/5
f 4332/275/5 4493/274/5 4814/274/5 4653/275/5
f 4228/207/5 4389/206/5 4710/206/5 4549/207/5
f 4334/291/5 4495/290/5 4816/290/5 4655/291/5
f 4445/346/5 4444/345/5 4765/345/5 4766/346/5
f 4230/223/5 4391/222/5 4712/222/5 4551/223/5
f 4341/116/5 4340/115/5 4661/115/5 4662/116/5
f 4492/273/5 4209/272/5 4530/272/5 4813/273/5
f 4336/307/5 4497/306/5 4818/306/5 4657/307/5
f 4237/50/5 4236/49/5 4557/49/5 4558/50/5
f 4232/239/5 4393/238/5 4714/238/5 4553/239/5
f 4343/132/5 4342/131/5 4663/131/5 4664/132/5
f 4494/289/5 4213/288/5 4534/288/5 4815/289/5
f 4338/323/5 4499/322/5 4820/322/5 4659/323/5
f 4411/102/5 4410/101/5 4731/101/5 4732/102/5
f 4239/66/5 4238/65/5 4559/65/5 4560/66/5
f 4234/255/5 4395/254/5 4716/254/5 4555/255/5
f 4368/269/5 4289/268/5 4610/268/5 4689/269/5
f 4345/148/5 4344/147/5 4665/147/5 4666/148/5
f 4496/305/5 4215/304/5 4536/304/5 4817/305/5
f 4241/28/5 4240/81/5 4561/81/5 4562/28/5
f 4347/164/5 4346/163/5 4667/163/5 4668/164/5
f 4498/321/5 4217/320/5 4538/320/5 4819/321/5
f 4243/96/5 4242/95/5 4563/95/5 4564/96/5
f 4447/186/5 4446/185/5 4767/185/5 4768/186/5
f 4404/341/5 4325/340/5 4646/340/5 4725/341/5
f 4300/123/5 4461/122/5 4782/122/5 4621/123/5
f 4517/36/5 4516/35/5 4837/35/5 4838/36/5
f 4302/139/5 4463/138/5 4784/138/5 4623/139/5
f 4413/278/5 4412/277/5 4733/277/5 4734/278/5
f 4370/109/5 4291/108/5 4612/108/5 4691/109/5
f 4519/52/5 4518/51/5 4839/51/5 4840/52/5
f 4309/204/5 4308/203/5 4629/203/5 4630/204/5
f 4460/121/5 4261/120/5 4582/120/5 4781/121/5
f 4304/155/5 4465/154/5 4786/154/5 4625/155/5
f 4415/294/5 4414/293/5 4735/293/5 4736/294/5
f 4521/68/5 4520/67/5 4841/67/5 4842/68/5
f 4311/220/5 4310/219/5 4631/219/5 4632/220/5
f 4462/137/5 4263/136/5 4584/136/5 4783/137/5
f 4306/171/5 4467/170/5 4788/170/5 4627/171/5
f 4417/310/5 4416/309/5 4737/309/5 4738/310/5
f 4523/82/5 4522/27/5 4843/27/5 4844/82/5
f 4313/236/5 4312/235/5 4633/235/5 4634/236/5
f 4464/153/5 4265/152/5 4586/152/5 4785/153/5
f 4419/326/5 4418/325/5 4739/325/5 4740/326/5
f 4315/252/5 4314/251/5 4635/251/5 4636/252/5
f 4466/169/5 4267/168/5 4588/168/5 4787/169/5
f 4449/266/5 4448/265/5 4769/265/5 4770/266/5
f 4406/181/5 4327/180/5 4648/180/5 4727/181/5
f 4372/285/5 4293/284/5 4614/284/5 4693/285/5
f 4268/199/5 4429/198/5 4750/198/5 4589/199/5
f 4207/192/5 4206/191/5 4527/191/5 4528/192/5
f 4374/301/5 4295/300/5 4616/300/5 4695/301/5
f 4485/338/5 4484/337/5 4805/337/5 4806/338/5
f 4270/215/5 4431/214/5 4752/214/5 4591/215/5
f 4381/126/5 4380/125/5 4701/125/5 4702/126/5
f 4376/317/5 4297/316/5 4618/316/5 4697/317/5
f 4277/42/5 4276/41/5 4597/41/5 4598/42/5
f 4428/197/5 4349/196/5 4670/196/5 4749/197/5
f 4272/231/5 4433/230/5 4754/230/5 4593/231/5
f 4383/142/5 4382/141/5 4703/141/5 4704/142/5
f 4378/333/5 4299/332/5 4620/332/5 4699/333/5
f 4451/106/5 4450/105/5 4771/105/5 4772/106/5
f 4279/58/5 4278/57/5 4599/57/5 4600/58/5
f 4430/213/5 4351/212/5 4672/212/5 4751/213/5
f 4274/247/5 4435/246/5 4756/246/5 4595/247/5
f 4408/261/5 4329/260/5 4650/260/5 4729/261/5
f 4385/158/5 4384/157/5 4705/157/5 4706/158/5
f 4281/74/5 4280/73/5 4601/73/5 4602/74/5
f 4432/229/5 4353/228/5 4674/228/5 4753/229/5
f 4387/174/5 4386/173/5 4707/173/5 4708/174/5
f 4283/88/5 4282/87/5 4603/87/5 4604/88/5
f 4434/245/5 4355/244/5 4676/244/5 4755/245/5
f 4209/272/5 4208/271/5 4529/271/5 4530/272/5
f 4487/178/5 4486/177/5 4807/177/5 4808/178/5
f 4340/115/5 4501/114/5 4822/114/5 4661/115/5
f 4236/49/5 4397/48/5 4718/48/5 4557/49/5
f 4342/131/5 4503/130/5 4824/130/5 4663/131/5
f 4453/282/5 4452/281/5 4773/281/5 4774/282/5
f 4410/101/5 4331/100/5 4652/100/5 4731/101/5
f 4238/65/5 4399/64/5 4720/64/5 4559/65/5
f 4349/196/5 4348/195/5 4669/195/5 4670/196/5
f 4500/113/5 4211/112/5 4532/112/5 4821/113/5
f 4344/147/5 4505/146/5 4826/146/5 4665/147/5
f 4455/298/5 4454/297/5 4775/297/5 4776/298/5
f 4245/344/5 4244/343/5 4565/343/5 4566/344/5
f 4240/81/5 4401/80/5 4722/80/5 4561/81/5
f 4351/212/5 4350/211/5 4671/211/5 4672/212/5
f 4502/129/5 4221/128/5 4542/128/5 4823/129/5
f 4346/163/5 4507/162/5 4828/162/5 4667/163/5
f 4457/314/5 4456/313/5 4777/313/5 4778/314/5
f 4242/95/5 4403/94/5 4724/94/5 4563/95/5
f 4353/228/5 4352/227/5 4673/227/5 4674/228/5
f 4504/145/5 4223/144/5 4544/144/5 4825/145/5
f 4459/330/5 4458/329/5 4779/329/5 4780/330/5
f 4211/112/5 4210/111/5 4531/111/5 4532/112/5
f 4355/244/5 4354/243/5 4675/243/5 4676/244/5
f 4506/161/5 4225/160/5 4546/160/5 4827/161/5
f 4489/258/5 4488/257/5 4809/257/5 4810/258/5
f 4412/277/5 4333/276/5 4654/276/5 4733/277/5
f 4308/203/5 4469/202/5 4790/202/5 4629/203/5
f 4247/184/5 4246/183/5 4567/183/5 4568/184/5
f 4414/293/5 4335/292/5 4656/292/5 4735/293/5
f 4204/351/5 4365/350/5 4686/350/5 4525/351/5
f 4310/219/5 4471/218/5 4792/218/5 4631/219/5
f 4421/118/5 4420/117/5 4741/117/5 4742/118/5
f 4416/309/5 4337/308/5 4658/308/5 4737/309/5
f 4317/46/5 4316/45/5 4637/45/5 4638/46/5
f 4468/201/5 4269/200/5 4590/200/5 4789/201/5
f 4312/235/5 4473/234/5 4794/234/5 4633/235/5
f 4423/134/5 4422/133/5 4743/133/5 4744/134/5
f 4418/325/5 4339/324/5 4660/324/5 4739/325/5
f 4213/288/5 4212/287/5 4533/287/5 4534/288/5
f 4319/62/5 4318/61/5 4639/61/5 4640/62/5
f 4491/98/5 4490/97/5 4811/97/5 4812/98/5
f 4470/217/5 4271/216/5 4592/216/5 4791/217/5
f 4314/251/5 4475/250/5 4796/250/5 4635/251/5
f 4425/150/5 4424/149/5 4745/149/5 4746/150/5
f 4215/304/5 4214/303/5 4535/303/5 4536/304/5
f 4321/78/5 4320/77/5 4641/77/5 4642/78/5
f 4472/233/5 4273/232/5 4594/232/5 4793/233/5
f 4427/166/5 4426/165/5 4747/165/5 4748/166/5
f 4217/320/5 4216/319/5 4537/319/5 4538/320/5
f 4323/92/5 4322/91/5 4643/91/5 4644/92/5
f 4474/249/5 4275/248/5 4596/248/5 4795/249/5
f 4219/336/5 4218/335/5 4539/335/5 4540/336/5
f 4249/264/5 4248/263/5 4569/263/5 4570/264/5
f 4206/191/5 4367/190/5 4688/190/5 4527/191/5
f 4380/125/5 4301/124/5 4622/124/5 4701/125/5
f 4276/41/5 4437/40/5 4758/40/5 4597/41/5
f 4382/141/5 4303/140/5 4624/140/5 4703/141/5
f 4493/274/5 4492/273/5 4813/273/5 4814/274/5
f 4278/57/5 4439/56/5 4760/56/5 4599/57/5
f 4389/206/5 4388/205/5 4709/205/5 4710/206/5
f 4384/157/5 4305/156/5 4626/156/5 4705/157/5
f 4495/290/5 4494/289/5 4815/289/5 4816/290/5
f 4285/348/5 4284/347/5 4605/347/5 4606/348/5
f 4436/39/5 4357/38/5 4678/38/5 4757/39/5
f 4280/73/5 4441/72/5 4762/72/5 4601/73/5
f 4391/222/5 4390/221/5 4711/221/5 4712/222/5
f 4386/173/5 4307/172/5 4628/172/5 4707/173/5
f 4497/306/5 4496/305/5 4817/305/5 4818/306/5
f 4438/55/5 4359/54/5 4680/54/5 4759/55/5
f 4282/87/5 4443/86/5 4764/86/5 4603/87/5
f 4393/238/5 4392/237/5 4713/237/5 4714/238/5
f 4499/322/5 4498/321/5 4819/321/5 4820/322/5
f 4440/71/5 4361/70/5 4682/70/5 4761/71/5
f 4251/104/5 4250/103/5 4571/103/5 4572/104/5
f 4395/254/5 4394/253/5 4715/253/5 4716/254/5
f 4208/271/5 4369/270/5 4690/270/5 4529/271/5
f 4442/85/5 4363/84/5 4684/84/5 4763/85/5
f 4348/195/5 4509/194/5 4830/194/5 4669/195/5
f 4287/188/5 4286/187/5 4607/187/5 4608/188/5
f 4244/343/5 4405/342/5 4726/342/5 4565/343/5
f 4350/211/5 4511/210/5 4832/210/5 4671/211/5
f 4461/122/5 4460/121/5 4781/121/5 4782/122/5
f 4357/38/5 4356/37/5 4677/37/5 4678/38/5
f 4508/193/5 4207/192/5 4528/192/5 4829/193/5
f 4352/227/5 4513/226/5 4834/226/5 4673/227/5
f 4463/138/5 4462/137/5 4783/137/5 4784/138/5
f 4253/280/5 4252/279/5 4573/279/5 4574/280/5
f 4210/111/5 4371/110/5 4692/110/5 4531/111/5
f 4359/54/5 4358/53/5 4679/53/5 4680/54/5
f 4510/209/5 4229/208/5 4550/208/5 4831/209/5
f 4354/243/5 4515/242/5 4836/242/5 4675/243/5
f 4465/154/5 4464/153/5 4785/153/5 4786/154/5
f 4255/296/5 4254/295/5 4575/295/5 4576/296/5
f 4361/70/5 4360/69/5 4681/69/5 4682/70/5
f 4512/225/5 4231/224/5 4552/224/5 4833/225/5
f 4467/170/5 4466/169/5 4787/169/5 4788/170/5
f 4257/312/5 4256/311/5 4577/311/5 4578/312/5
f 4363/84/5 4362/83/5 4683/83/5 4684/84/5
f 4514/241/5 4233/240/5 4554/240/5 4835/241/5
f 4259/328/5 4258/327/5 4579/327/5 4580/328/5
f 4289/268/5 4288/267/5 4609/267/5 4610/268/5
f 4246/183/5 4407/182/5 4728/182/5 4567/183/5
f 4420/117/5 4341/116/5 4662/116/5 4741/117/5
f 4316/45/5 4477/44/5 4798/44/5 4637/45/5
f 4422/133/5 4343/132/5 4664/132/5 4743/133/5
f 4212/287/5 4373/286/5 4694/286/5 4533/287/5
f 4318/61/5 4479/60/5 4800/60/5 4639/61/5
f 4429/198/5 4428/197/5 4749/197/5 4750/198/5
f 4424/149/5 4345/148/5 4666/148/5 4745/149/5
f 4214/303/5 4375/302/5 4696/302/5 4535/303/5
f 4325/340/5 4324/339/5 4645/339/5 4646/340/5
f 4476/43/5 4277/42/5 4598/42/5 4797/43/5
f 4320/77/5 4481/76/5 4802/76/5 4641/77/5
f 4431/214/5 4430/213/5 4751/213/5 4752/214/5
f 4426/165/5 4347/164/5 4668/164/5 4747/165/5
f 4221/128/5 4220/127/5 4541/127/5 4542/128/5
f 4216/319/5 4377/318/5 4698/318/5 4537/319/5
f 4478/59/5 4279/58/5 4600/58/5 4799/59/5
f 4322/91/5 4483/90/5 4804/90/5 4643/91/5
f 4433/230/5 4432/229/5 4753/229/5 4754/230/5
f 4223/144/5 4222/143/5 4543/143/5 4544/144/5
f 4218/335/5 4379/334/5 4700/334/5 4539/335/5
f 4480/75/5 4281/74/5 4602/74/5 4801/75/5
f 4291/108/5 4290/107/5 4611/107/5 4612/108/5
f 4435/246/5 4434/245/5 4755/245/5 4756/246/5
f 4248/263/5 4409/262/5 4730/262/5 4569/263/5
f 4225/160/5 4224/159/5 4545/159/5 4546/160/5
f 4482/89/5 4283/88/5 4604/88/5 4803/89/5
f 4227/176/5 4226/175/5 4547/175/5 4548/176/5
f 4388/205/5 4309/204/5 4630/204/5 4709/205/5
f 4327/180/5 4326/179/5 4647/179/5 4648/180/5
f 4284/347/5 4445/346/5 4766/346/5 4605/347/5
f 4390/221/5 4311/220/5 4632/220/5 4711/221/5
f 4501/114/5 4500/113/5 4821/113/5 4822/114/5
f 4397/48/5 4396/47/5 4717/47/5 4718/48/5
f 4392/237/5 4313/236/5 4634/236/5 4713/237/5
f 4503/130/5 4502/129/5 4823/129/5 4824/130/5
f 4293/284/5 4292/283/5 4613/283/5 4614/284/5
f 4444/345/5 4245/344/5 4566/344/5 4765/345/5
f 4250/103/5 4411/102/5 4732/102/5 4571/103/5
f 4399/64/5 4398/63/5 4719/63/5 4720/64/5
f 4394/253/5 4315/252/5 4636/252/5 4715/253/5
f 4505/146/5 4504/145/5 4825/145/5 4826/146/5
f 4295/300/5 4294/299/5 4615/299/5 4616/300/5
f 4401/80/5 4400/79/5 4721/79/5 4722/80/5
f 4507/162/5 4506/161/5 4827/161/5 4828/162/5
f 4297/316/5 4296/315/5 4617/315/5 4618/316/5
f 4403/94/5 4402/93/5 4723/93/5 4724/94/5
f 4299/332/5 4298/331/5 4619/331/5 4620/332/5
f 4329/260/5 4328/259/5 4649/259/5 4650/260/5
f 4286/187/5 4447/186/5 4768/186/5 4607/187/5
f 4356/37/5 4517/36/5 4838/36/5 4677/37/5
f 4446/185/5 4247/184/5 4568/184/5 4767/185/5
f 4252/279/5 4413/278/5 4734/278/5 4573/279/5
f 4358/53/5 4519/52/5 4840/52/5 4679/53/5
f 4469/202/5 4468/201/5 4789/201/5 4790/202/5
f 4254/295/5 4415/294/5 4736/294/5 4575/295/5
f 4365/350/5 4364/349/5 4685/349/5 4686/350/5
f 4516/35/5 4524/11/5 4845/11/5 4837/35/5
f 4360/69/5 4521/68/5 4842/68/5 4681/69/5
f 4471/218/5 4470/217/5 4791/217/5 4792/218/5
f 4261/120/5 4260/119/5 4581/119/5 4582/120/5
f 4256/311/5 4417/310/5 4738/310/5 4577/311/5
f 4518/51/5 4237/50/5 4558/50/5 4839/51/5
f 4362/83/5 4523/82/5 4844/82/5 4683/83/5
f 4473/234/5 4472/233/5 4793/233/5 4794/234/5
f 4263/136/5 4262/135/5 4583/135/5 4584/136/5
f 4258/327/5 4419/326/5 4740/326/5 4579/327/5
f 4520/67/5 4239/66/5 4560/66/5 4841/67/5
f 4331/100/5 4330/99/5 4651/99/5 4652/100/5
f 4475/250/5 4474/249/5 4795/249/5 4796/250/5
f 4288/267/5 4449/266/5 4770/266/5 4609/267/5
f 4265/152/5 4264/151/5 4585/151/5 4586/152/5
f 4522/27/5 4241/28/5 4562/28/5 4843/27/5
f 4267/168/5 4266/167/5 4587/167/5 4588/168/5
f 4448/265/5 4249/264/5 4570/264/5 4769/265/5
f 391/340/9 1351/339/9 4324/339/9 4325/340/9
f 4129/2668/24 3968/2667/24 4609/2667/24 4770/2668/24
f 1423/195/9 943/194/9 4509/194/9 4348/195/9
f 4131/2828/24 3970/2827/24 4611/2827/24 4772/2828/24
f 1424/211/9 944/210/9 4511/210/9 4350/211/9
f 4133/2652/24 3972/2651/24 4613/2651/24 4774/2652/24
f 3883/2583/24 3884/2/24 4526/2/24 4525/2583/24
f 1425/227/9 945/226/9 4513/226/9 4352/227/9
f 4135/2636/24 3974/2635/24 4615/2635/24 4776/2636/24
f 1426/243/9 946/242/9 4515/242/9 4354/243/9
f 4137/2620/24 3976/2619/24 4617/2619/24 4778/2620/24
f 1729/105/9 169/104/9 4251/104/9 4450/105/9
f 4139/2604/24 3978/2603/24 4619/2603/24 4780/2604/24
f 1015/287/9 535/286/9 4373/286/9 4212/287/9
f 3886/2743/24 3887/2742/24 4528/2742/24 4527/2743/24
f 397/180/9 1357/179/9 4326/179/9 4327/180/9
f 4141/2812/24 3980/2811/24 4621/2811/24 4782/2812/24
f 1016/303/9 536/302/9 4375/302/9 4214/303/9
f 3888/2663/24 3889/2662/24 4530/2662/24 4529/2663/24
f 4143/2796/24 3982/2795/24 4623/2795/24 4784/2796/24
f 1017/319/9 537/318/9 4377/318/9 4216/319/9
f 3890/2823/24 3891/2822/24 4532/2822/24 4531/2823/24
f 4145/2780/25 3984/2779/25 4625/2779/25 4786/2780/25
f 1018/335/9 538/334/9 4379/334/9 4218/335/9
f 3892/2647/24 3893/2646/24 4534/2646/24 4533/2647/24
f 4147/2764/24 3986/2763/24 4627/2763/24 4788/2764/24
f 3894/2631/24 3895/2630/24 4536/2630/24 4535/2631/24
f 607/48/9 1567/47/9 4396/47/9 4397/48/9
f 4149/2732/24 3988/2731/24 4629/2731/24 4790/2732/24
f 3896/2615/24 3897/2614/24 4538/2614/24 4537/2615/24
f 608/64/9 1568/63/9 4398/63/9 4399/64/9
f 1639/117/9 439/116/9 4341/116/9 4420/117/9
f 1735/281/9 175/280/9 4253/280/9 4452/281/9
f 4151/2716/24 3990/2715/24 4631/2715/24 4792/2716/24
f 3898/2599/24 3899/2598/24 4540/2598/24 4539/2599/24
f 609/80/9 1569/79/9 4400/79/9 4401/80/9
f 1640/133/9 440/132/9 4343/132/9 4422/133/9
f 403/260/9 1363/259/9 4328/259/9 4329/260/9
f 1736/297/9 176/296/9 4255/296/9 4454/297/9
f 4153/2700/24 3992/2699/24 4633/2699/24 4794/2700/24
f 3900/2807/24 3901/2806/24 4542/2806/24 4541/2807/24
f 610/94/9 1570/93/9 4402/93/9 4403/94/9
f 1641/149/9 441/148/9 4345/148/9 4424/149/9
f 1737/313/9 177/312/9 4257/312/9 4456/313/9
f 4155/2684/24 3994/2683/24 4635/2683/24 4796/2684/24
f 3902/2791/24 3903/2790/24 4544/2790/24 4543/2791/24
f 1642/165/9 442/164/9 4347/164/9 4426/165/9
f 199/120/9 1159/119/9 4260/119/9 4261/120/9
f 1738/329/9 178/328/9 4259/328/9 4458/329/9
f 4157/2892/24 3996/2891/24 4637/2891/24 4798/2892/24
f 3904/2775/24 3905/2774/24 4546/2774/24 4545/2775/24
f 200/136/9 1160/135/9 4262/135/9 4263/136/9
f 1231/347/9 751/346/9 4445/346/9 4284/347/9
f 4159/2876/24 3998/2875/24 4639/2875/24 4800/2876/24
f 3906/2759/24 3907/2758/24 4548/2758/24 4547/2759/24
f 201/152/9 1161/151/9 4264/151/9 4265/152/9
f 4161/2860/24 4000/2859/24 4641/2859/24 4802/2860/24
f 3908/2727/24 3909/2726/24 4550/2726/24 4549/2727/24
f 202/168/9 1162/167/9 4266/167/9 4267/168/9
f 4163/2844/24 4002/2843/24 4643/2843/24 4804/2844/24
f 3910/2711/24 3911/2710/24 4552/2710/24 4551/2711/24
f 409/100/9 1369/99/9 4330/99/9 4331/100/9
f 4165/2596/24 4004/2595/24 4645/2595/24 4806/2596/24
f 3912/2695/24 3913/2694/24 4554/2694/24 4553/2695/24
f 4167/2756/24 4006/2755/24 4647/2755/24 4808/2756/24
f 823/202/9 1783/201/9 4468/201/9 4469/202/9
f 3914/2679/24 3915/2678/24 4556/2678/24 4555/2679/24
f 4169/2676/24 4008/2675/24 4649/2675/24 4810/2676/24
f 824/218/9 1784/217/9 4470/217/9 4471/218/9
f 3916/2887/24 3917/2886/24 4558/2886/24 4557/2887/24
f 1237/187/9 757/186/9 4447/186/9 4286/187/9
f 4171/2836/25 4010/2835/25 4651/2835/25 4812/2836/25
f 825/234/9 1785/233/9 4472/233/9 4473/234/9
f 3918/2871/24 3919/2870/24 4560/2870/24 4559/2871/24
f 4173/2660/24 4012/2659/24 4653/2659/24 4814/2660/24
f 826/250/9 1786/249/9 4474/249/9 4475/250/9
f 3920/2855/24 3921/2854/24 4562/2854/24 4561/2855/24
f 4175/2644/24 4014/2643/24 4655/2643/24 4816/2644/24
f 3922/2839/24 3923/2838/24 4564/2838/24 4563/2839/24
f 415/276/9 1375/275/9 4332/275/9 4333/276/9
f 4177/2628/24 4016/2627/24 4657/2627/24 4818/2628/24
f 3924/2591/24 3925/2590/24 4566/2590/24 4565/2591/24
f 1447/37/9 967/36/9 4517/36/9 4356/37/9
f 416/292/9 1376/291/9 4334/291/9 4335/292/9
f 4179/2612/24 4018/2611/24 4659/2611/24 4820/2612/24
f 3926/2751/24 3927/2750/24 4568/2750/24 4567/2751/24
f 1448/53/9 968/52/9 4519/52/9 4358/53/9
f 417/308/9 1377/307/9 4336/307/9 4337/308/9
f 4181/2820/24 4020/2819/24 4661/2819/24 4822/2820/24
f 3928/2671/24 3929/2670/24 4570/2670/24 4569/2671/24
f 1449/69/9 969/68/9 4521/68/9 4360/69/9
f 418/324/9 1378/323/9 4338/323/9 4339/324/9
f 1243/267/9 763/266/9 4449/266/9 4288/267/9
f 4183/2804/24 4022/2803/24 4663/2803/24 4824/2804/24
f 3930/2831/24 3931/2830/24 4572/2830/24 4571/2831/24
f 1450/83/9 970/82/9 4523/82/9 4362/83/9
f 4185/2788/24 4024/2787/24 4665/2787/24 4826/2788/24
f 3932/2655/24 3933/2654/24 4574/2654/24 4573/2655/24
f 4187/2772/24 4026/2771/24 4667/2771/24 4828/2772/24
f 1039/127/9 559/126/9 4381/126/9 4220/127/9
f 3934/2639/24 3935/2638/24 4576/2638/24 4575/2639/24
f 4189/2740/24 4028/2739/24 4669/2739/24 4830/2740/24
f 1040/143/9 560/142/9 4383/142/9 4222/143/9
f 3936/2623/24 3937/2622/24 4578/2622/24 4577/2623/24
f 4191/2724/24 4030/2723/24 4671/2723/24 4832/2724/24
f 1041/159/9 561/158/9 4385/158/9 4224/159/9
f 3938/2607/24 3939/2606/24 4580/2606/24 4579/2607/24
f 4193/2708/24 4032/2707/24 4673/2707/24 4834/2708/24
f 1042/175/9 562/174/9 4387/174/9 4226/175/9
f 3940/2815/24 3941/2814/24 4582/2814/24 4581/2815/24
f 1249/107/9 769/106/9 4451/106/9 4290/107/9
f 4195/2692/24 4034/2691/24 4675/2691/24 4836/2692/24
f 3942/2799/24 3943/2798/24 4584/2798/24 4583/2799/24
f 631/342/9 1591/341/9 4404/341/9 4405/342/9
f 4197/2900/24 4036/2899/24 4677/2899/24 4838/2900/24
f 3944/2783/24 3945/2782/24 4586/2782/24 4585/2783/24
f 1759/121/9 199/120/9 4261/120/9 4460/121/9
f 4199/2884/24 4038/2883/24 4679/2883/24 4840/2884/24
f 3946/2767/24 3947/2766/24 4588/2766/24 4587/2767/24
f 1760/137/9 200/136/9 4263/136/9 4462/137/9
f 4201/2868/24 4040/2867/24 4681/2867/24 4842/2868/24
f 3948/2735/24 3949/2734/24 4590/2734/24 4589/2735/24
f 1761/153/9 201/152/9 4265/152/9 4464/153/9
f 4203/2852/24 4042/2851/24 4683/2851/24 4844/2852/24
f 3950/2719/24 3951/2718/24 4592/2718/24 4591/2719/24
f 1762/169/9 202/168/9 4267/168/9 4466/169/9
f 223/200/9 1183/199/9 4268/199/9 4269/200/9
f 3965/2586/24 4044/2585/24 4685/2585/24 4606/2586/24
f 3952/2703/24 3953/2702/24 4594/2702/24 4593/2703/24
f 224/216/9 1184/215/9 4270/215/9 4271/216/9
f 1255/283/9 775/282/9 4453/282/9 4292/283/9
f 3967/2746/24 4046/2745/24 4687/2745/24 4608/2746/24
f 3954/2687/24 3955/2686/24 4596/2686/24 4595/2687/24
f 637/182/9 1597/181/9 4406/181/9 4407/182/9
f 225/232/9 1185/231/9 4272/231/9 4273/232/9
f 1256/299/9 776/298/9 4455/298/9 4294/299/9
f 3969/2666/24 4048/2665/24 4689/2665/24 4610/2666/24
f 3956/2895/24 3957/2894/24 4598/2894/24 4597/2895/24
f 226/248/9 1186/247/9 4274/247/9 4275/248/9
f 1257/315/9 777/314/9 4457/314/9 4296/315/9
f 3971/2826/24 4050/2825/24 4691/2825/24 4612/2826/24
f 26/12/9 991/351/9 4204/351/9 4205/12/9
f 3958/2879/24 3959/2878/24 4600/2878/24 4599/2879/24
f 1258/331/9 778/330/9 4459/330/9 4298/331/9
f 3973/2650/24 4052/2649/24 4693/2649/24 4614/2650/24
f 3960/2863/24 3961/2862/24 4602/2862/24 4601/2863/24
f 3975/2634/24 4054/2633/24 4695/2633/24 4616/2634/24
f 3962/2847/24 3963/2846/24 4604/2846/24 4603/2847/24
f 847/44/9 1807/43/9 4476/43/9 4477/44/9
f 3977/2618/24 4056/2617/24 4697/2617/24 4618/2618/24
f 3964/2587/24 3965/2586/24 4606/2586/24 4605/2587/24
f 848/60/9 1808/59/9 4478/59/9 4479/60/9
f 3979/2602/24 4058/2601/24 4699/2601/24 4620/2602/24
f 3966/2747/24 3967/2746/24 4608/2746/24 4607/2747/24
f 849/76/9 1809/75/9 4480/75/9 4481/76/9
f 643/262/9 1603/261/9 4408/261/9 4409/262/9
f 3981/2810/24 4060/2809/24 4701/2809/24 4622/2810/24
f 3968/2667/24 3969/2666/24 4610/2666/24 4609/2667/24
f 850/90/9 1810/89/9 4482/89/9 4483/90/9
f 3983/2794/24 4062/2793/24 4703/2793/24 4624/2794/24
f 3970/2827/24 3971/2826/24 4612/2826/24 4611/2827/24
f 439/116/9 1399/115/9 4340/115/9 4341/116/9
f 3985/2778/24 4064/2777/24 4705/2777/24 4626/2778/24
f 3972/2651/24 3973/2650/24 4614/2650/24 4613/2651/24
f 440/132/9 1400/131/9 4342/131/9 4343/132/9
f 1471/349/9 271/348/9 4285/348/9 4364/349/9
f 3987/2762/24 4066/2761/24 4707/2761/24 4628/2762/24
f 3974/2635/24 3975/2634/24 4616/2634/24 4615/2635/24
f 441/148/9 1401/147/9 4344/147/9 4345/148/9
f 3989/2730/24 4068/2729/24 4709/2729/24 4630/2730/24
f 3976/2619/24 3977/2618/24 4618/2618/24 4617/2619/24
f 442/164/9 1402/163/9 4346/163/9 4347/164/9
f 3991/2714/24 4070/2713/24 4711/2713/24 4632/2714/24
f 3978/2603/24 3979/2602/24 4620/2602/24 4619/2603/24
f 649/102/9 1609/101/9 4410/101/9 4411/102/9
f 3993/2698/24 4072/2697/24 4713/2697/24 4634/2698/24
f 3980/2811/24 3981/2810/24 4622/2810/24 4621/2811/24
f 3884/19/26 26/19/26 4205/19/26 4526/19/26
f 3995/2682/24 4074/2681/24 4715/2681/24 4636/2682/24
f 1063/207/9 583/206/9 4389/206/9 4228/207/9
f 3982/2795/24 3983/2794/24 4624/2794/24 4623/2795/24
f 3997/2890/24 4076/2889/24 4717/2889/24 4638/2890/24
f 1064/223/9 584/222/9 4391/222/9 4230/223/9
f 3984/2779/24 3985/2778/24 4626/2778/24 4625/2779/24
f 1477/189/9 277/188/9 4287/188/9 4366/189/9
f 3999/2874/24 4078/2873/24 4719/2873/24 4640/2874/24
f 1065/239/9 585/238/9 4393/238/9 4232/239/9
f 3986/2763/24 3987/2762/24 4628/2762/24 4627/2763/24
f 4001/2858/24 4080/2857/24 4721/2857/24 4642/2858/24
f 1066/255/9 586/254/9 4395/254/9 4234/255/9
f 3988/2731/24 3989/2730/24 4630/2730/24 4629/2731/24
f 4003/2842/24 4082/2841/24 4723/2841/24 4644/2842/24
f 3990/2715/24 3991/2714/24 4632/2714/24 4631/2715/24
f 655/278/9 1615/277/9 4412/277/9 4413/278/9
f 4005/2594/24 4084/2593/24 4725/2593/24 4646/2594/24
f 37/192/9 997/191/9 4206/191/9 4207/192/9
f 3992/2699/24 3993/2698/24 4634/2698/24 4633/2699/24
f 656/294/9 1616/293/9 4414/293/9 4415/294/9
f 1783/201/9 223/200/9 4269/200/9 4468/201/9
f 4007/2754/24 4086/2753/24 4727/2753/24 4648/2754/24
f 3994/2683/24 3995/2682/24 4636/2682/24 4635/2683/24
f 657/310/9 1617/309/9 4416/309/9 4417/310/9
f 28/3/27 3885/3/27 4845/3/27 4524/3/27
f 1784/217/9 224/216/9 4271/216/9 4470/217/9
f 4009/2674/24 4088/2673/24 4729/2673/24 4650/2674/24
f 3996/2891/24 3997/2890/24 4638/2890/24 4637/2891/24
f 658/326/9 1618/325/9 4418/325/9 4419/326/9
f 1483/269/9 283/268/9 4289/268/9 4368/269/9
f 1785/233/9 225/232/9 4273/232/9 4472/233/9
f 4011/2834/24 4090/2833/24 4731/2833/24 4652/2834/24
f 3998/2875/24 3999/2874/24 4640/2874/24 4639/2875/24
f 1786/249/9 226/248/9 4275/248/9 4474/249/9
f 247/42/9 1207/41/9 4276/41/9 4277/42/9
f 4013/2658/24 4092/2657/24 4733/2657/24 4654/2658/24
f 4000/2859/24 4001/2858/24 4642/2858/24 4641/2859/24
f 248/58/9 1208/57/9 4278/57/9 4279/58/9
f 1279/123/9 799/122/9 4461/122/9 4300/123/9
f 4015/2642/24 4094/2641/24 4735/2641/24 4656/2642/24
f 4002/2843/24 4003/2842/24 4644/2842/24 4643/2843/24
f 249/74/9 1209/73/9 4280/73/9 4281/74/9
f 1280/139/9 800/138/9 4463/138/9 4302/139/9
f 4017/2626/24 4096/2625/24 4737/2625/24 4658/2626/24
f 43/272/9 1003/271/9 4208/271/9 4209/272/9
f 4004/2595/24 4005/2594/24 4646/2594/24 4645/2595/24
f 250/88/9 1210/87/9 4282/87/9 4283/88/9
f 1281/155/28 801/154/28 4465/154/28 4304/155/28
f 4019/2610/24 4098/2609/24 4739/2609/24 4660/2610/24
f 4006/2755/24 4007/2754/24 4648/2754/24 4647/2755/24
f 1282/171/9 802/170/9 4467/170/9 4306/171/9
f 4021/2818/24 4100/2817/24 4741/2817/24 4662/2818/24
f 4008/2675/24 4009/2674/24 4650/2674/24 4649/2675/24
f 1489/109/9 289/108/9 4291/108/9 4370/109/9
f 4023/2802/24 4102/2801/24 4743/2801/24 4664/2802/24
f 871/338/9 1831/337/9 4484/337/9 4485/338/9
f 4010/2835/24 4011/2834/24 4652/2834/24 4651/2835/24
f 4025/2786/24 4104/2785/24 4745/2785/24 4666/2786/24
f 4012/2659/24 4013/2658/24 4654/2658/24 4653/2659/24
f 4027/2770/24 4106/2769/24 4747/2769/24 4668/2770/24
f 4014/2643/24 4015/2642/24 4656/2642/24 4655/2643/24
f 4029/2738/24 4108/2737/24 4749/2737/24 4670/2738/24
f 49/112/9 1009/111/9 4210/111/9 4211/112/9
f 4016/2627/24 4017/2626/24 4658/2626/24 4657/2627/24
f 4031/2722/24 4110/2721/24 4751/2721/24 4672/2722/24
f 4018/2611/24 4019/2610/24 4660/2610/24 4659/2611/24
f 463/196/9 1423/195/9 4348/195/9 4349/196/9
f 4033/2706/24 4112/2705/24 4753/2705/24 4674/2706/24
f 4020/2819/24 4021/2818/24 4662/2818/24 4661/2819/24
f 464/212/9 1424/211/9 4350/211/9 4351/212/9
f 1495/285/9 295/284/9 4293/284/9 4372/285/9
f 4035/2690/24 4114/2689/24 4755/2689/24 4676/2690/24
f 877/178/9 1837/177/9 4486/177/9 4487/178/9
f 4022/2803/24 4023/2802/24 4664/2802/24 4663/2803/24
f 465/228/9 1425/227/9 4352/227/9 4353/228/9
f 1496/301/9 296/300/9 4295/300/9 4374/301/9
f 4037/2898/24 4116/2897/24 4757/2897/24 4678/2898/24
f 4024/2787/24 4025/2786/24 4666/2786/24 4665/2787/24
f 466/244/9 1426/243/9 4354/243/9 4355/244/9
f 1497/317/9 297/316/9 4297/316/9 4376/317/9
f 4039/2882/24 4118/2881/24 4759/2881/24 4680/2882/24
f 4026/2771/24 4027/2770/24 4668/2770/24 4667/2771/24
f 1498/333/9 298/332/9 4299/332/9 4378/333/9
f 4041/2866/24 4120/2865/24 4761/2865/24 4682/2866/24
f 55/288/9 1015/287/9 4212/287/9 4213/288/9
f 4028/2739/24 4029/2738/24 4670/2738/24 4669/2739/24
f 4043/2850/24 4122/2849/24 4763/2849/24 4684/2850/24
f 56/304/9 1016/303/9 4214/303/9 4215/304/9
f 1087/49/9 607/48/9 4397/48/9 4236/49/9
f 4030/2723/24 4031/2722/24 4672/2722/24 4671/2723/24
f 3925/2590/24 4124/2589/24 4765/2589/24 4566/2590/24
f 57/320/9 1017/319/9 4216/319/9 4217/320/9
f 1088/65/9 608/64/9 4399/64/9 4238/65/9
f 4032/2707/24 4033/2706/24 4674/2706/24 4673/2707/24
f 3927/2750/24 4126/2749/24 4767/2749/24 4568/2750/24
f 58/336/9 1018/335/9 4218/335/9 4219/336/9
f 1089/81/9 609/80/9 4401/80/9 4240/81/9
f 4034/2691/24 4035/2690/24 4676/2690/24 4675/2691/24
f 883/258/9 1843/257/9 4488/257/9 4489/258/9
f 3929/2670/24 4128/2669/24 4769/2669/24 4570/2670/24
f 1090/95/9 610/94/9 4403/94/9 4242/95/9
f 4036/2899/24 4037/2898/24 4678/2898/24 4677/2899/24
f 3931/2830/24 4130/2829/24 4771/2829/24 4572/2830/24
f 4038/2883/24 4039/2882/24 4680/2882/24 4679/2883/24
f 679/118/9 1639/117/9 4420/117/9 4421/118/9
f 3933/2654/24 4132/2653/24 4773/2653/24 4574/2654/24
f 4040/2867/24 4041/2866/24 4682/2866/24 4681/2867/24
f 680/134/9 1640/133/9 4422/133/9 4423/134/9
f 1807/43/9 247/42/9 4277/42/9 4476/43/9
f 3935/2638/24 4134/2637/24 4775/2637/24 4576/2638/24
f 4042/2851/24 4043/2850/24 4684/2850/24 4683/2851/24
f 681/150/9 1641/149/9 4424/149/9 4425/150/9
f 1808/59/9 248/58/9 4279/58/9 4478/59/9
f 3937/2622/24 4136/2621/24 4777/2621/24 4578/2622/24
f 4044/2585/24 4045/2584/24 4686/2584/24 4685/2585/24
f 682/166/9 1642/165/9 4426/165/9 4427/166/9
f 1809/75/9 249/74/9 4281/74/9 4480/75/9
f 3939/2606/24 4138/2605/24 4779/2605/24 4580/2606/24
f 4046/2745/24 4047/2744/24 4688/2744/24 4687/2745/24
f 889/98/9 1849/97/9 4490/97/9 4491/98/9
f 1810/89/9 250/88/9 4283/88/9 4482/89/9
f 271/348/9 1231/347/9 4284/347/9 4285/348/9
f 3941/2814/24 4140/2813/24 4781/2813/24 4582/2814/24
f 4048/2665/24 4049/2664/24 4690/2664/24 4689/2665/24
f 1303/203/9 823/202/9 4469/202/9 4308/203/9
f 3943/2798/24 4142/2797/24 4783/2797/24 4584/2798/24
f 4050/2825/24 4051/2824/24 4692/2824/24 4691/2825/24
f 1304/219/9 824/218/9 4471/218/9 4310/219/9
f 3945/2782/24 4144/2781/24 4785/2781/24 4586/2782/24
f 4052/2649/24 4053/2648/24 4694/2648/24 4693/2649/24
f 1305/235/9 825/234/9 4473/234/9 4312/235/9
f 3947/2766/24 4146/2765/24 4787/2765/24 4588/2766/24
f 4054/2633/24 4055/2632/24 4696/2632/24 4695/2633/24
f 1306/251/9 826/250/9 4475/250/9 4314/251/9
f 3949/2734/24 4148/2733/24 4789/2733/24 4590/2734/24
f 4056/2617/24 4057/2616/24 4698/2616/24 4697/2617/24
f 3951/2718/24 4150/2717/24 4791/2717/24 4592/2718/24
f 4058/2601/24 4059/2600/24 4700/2600/24 4699/2601/24
f 895/274/9 1855/273/9 4492/273/9 4493/274/9
f 277/188/9 1237/187/9 4286/187/9 4287/188/9
f 3953/2702/24 4152/2701/24 4793/2701/24 4594/2702/24
f 4060/2809/24 4061/2808/24 4702/2808/24 4701/2809/24
f 896/290/9 1856/289/9 4494/289/9 4495/290/9
f 3955/2686/24 4154/2685/24 4795/2685/24 4596/2686/24
f 4849/18/13 4848/17/13 4850/2902/13 5010/2903/13 5009/2904/13 4930/2905/13 4929/2906/13 5090/2907/13 5089/2908/13 4890/2909/13 4889/2910/13 5050/2911/13 5049/2912/13 4970/2913/13 4969/2914/13 5130/2915/13 5129/2916/13 4864/2917/13 4863/2918/13 5024/2919/13 5023/2920/13 4944/2921/13 4943/2922/13 5104/2923/13 5103/2924/13 4904/2925/13 4903/2926/13 5064/2927/13 5063/2928/13 4984/2929/13 4983/2930/13 5144/2931/13 5143/2932/13 4862/2933/13 4861/2934/13 5022/2935/13 5021/2936/13 4942/2937/13 4941/2938/13 5102/2939/13 5101/2940/13 4902/2941/13 4901/2942/13 5062/2943/13 5061/2944/13 4982/2945/13 4981/2946/13 5142/2947/13 5141/2948/13 4860/2949/13 4859/2950/13 5020/2951/13 5019/2952/13 4940/2953/13 4939/2954/13 5100/2955/13 5099/2956/13 4900/2957/13 4899/2958/13 5060/2959/13 5059/2960/13 4980/2961/13 4979/2962/13 5140/2963/13 5139/2964/13 4858/2965/13 4857/2966/13 5018/2967/13 5017/2968/13 4938/2969/13 4937/2970/13 5098/2971/13 5097/2972/13 4898/2973/13 4897/2974/13 5058/2975/13 5057/2976/13 4978/2977/13 4977/2978/13 5138/2979/13 5137/2980/13 4854/2981/13 4853/2982/13 5014/2983/13 5013/2984/13 4934/2985/13 4933/2986/13 5094/2987/13 5093/2988/13 4894/2989/13 4893/2990/13 5054/2991/13 5053/2992/13 4974/2993/13 4973/2994/13 5134/2995/13 5133/2996/13 4880/2997/13 4879/2998/13 5040/2999/13 5039/3000/13 4960/3001/13 4959/3002/13 5120/3003/13 5119/3004/13 4920/3005/13 4919/3006/13 5080/3007/13 5079/3008/13 5000/3009/13 4999/3010/13 5160/3011/13 5159/3012/13 4878/3013/13 4877/3014/13 5038/3015/13 5037/3016/13 4958/3017/13 4957/3018/13 5118/3019/13 5117/3020/13 4918/3021/13 4917/3022/13 5078/3023/13 5077/3024/13 4998/3025/13 4997/3026/13 5158/3027/13 5157/3028/13 4876/3029/13 4875/3030/13 5036/3031/13 5035/3032/13 4956/3033/13 4955/3034/13 5116/3035/13 5115/3036/13 4916/3037/13 4915/3038/13 5076/3039/13 5075/3040/13 4996/3041/13 4995/3042/13 5156/3043/13 5155/3044/13 4874/3045/13 4873/3046/13 5034/3047/13 5033/3048/13 4954/3049/13 4953/3050/13 5114/3051/13 5113/3052/13 4914/3053/13 4913/3054/13 5074/3055/13 5073/3056/13 4994/3057/13 4993/3058/13 5154/3059/13 5153/3060/13 4852/3061/13 4851/3062/13 5012/3063/13 5011/3064/13 4932/3065/13 4931/3066/13 5092/3067/13 5091/3068/13 4892/3069/13 4891/3070/13 5052/3071/13 5051/3072/13 4972/3073/13 4971/3074/13 5132/3075/13 5131/3076/13 4872/3077/13 4871/3078/13 5032/3079/13 5031/3080/13 4952/3081/13 4951/3082/13 5112/3083/13 5111/3084/13 4912/3085/13 4911/3086/13 5072/3087/13 5071/3088/13 4992/3089/13 4991/3090/13 5152/3091/13 5151/3092/13 4870/3093/13 4869/3094/13 5030/3095/13 5029/3096/13 4950/3097/13 4949/3098/13 5110/3099/13 5109/3100/13 4910/3101/13 4909/3102/13 5070/3103/13 5069/3104/13 4990/3105/13 4989/3106/13 5150/3107/13 5149/3108/13 4868/3109/13 4867/3110/13 5028/3111/13 5027/3112/13 4948/3113/13 4947/3114/13 5108/3115/13 5107/3116/13 4908/3117/13 4907/3118/13 5068/3119/13 5067/3120/13 4988/3121/13 4987/3122/13 5148/3123/13 5147/3124/13 4866/3125/13 4865/3126/13 5026/3127/13 5025/3128/13 4946/3129/13 4945/3130/13 5106/3131/13 5105/3132/13 4906/3133/13 4905/3134/13 5066/3135/13 5065/3136/13 4986/3137/13 4985/3138/13 5146/3139/13 5145/3140/13 4856/3141/13 4855/3142/13 5016/3143/13 5015/3144/13 4936/3145/13 4935/3146/13 5096/3147/13 5095/3148/13 4896/3149/13 4895/3150/13 5056/3151/13 5055/3152/13 4976/3153/13 4975/3154/13 5136/3155/13 5135/3156/13 4888/3157/13 4887/3158/13 5048/3159/13 5047/3160/13 4968/3161/13 4967/3162/13 5128/3163/13 5127/3164/13 4928/3165/13 4927/3166/13 5088/3167/13 5087/3168/13 5008/3169/13 5007/3170/13 5168/3171/13 5167/3172/13 4886/3173/13 4885/3174/13 5046/3175/13 5045/3176/13 4966/3177/13 4965/3178/13 5126/3179/13 5125/3180/13 4926/3181/13 4925/3182/13 5086/3183/13 5085/3184/13 5006/3185/13 5005/3186/13 5166/3187/13 5165/3188/13 4884/3189/13 4883/3190/13 5044/3191/13 5043/3192/13 4964/3193/13 4963/3194/13 5124/3195/13 5123/3196/13 4924/3197/13 4923/3198/13 5084/3199/13 5083/3200/13 5004/3201/13 5003/3202/13 5164/3203/13 5163/3204/13 4882/3205/13 4881/3206/13 5042/3207/13 5041/3208/13 4962/3209/13 4961/3210/13 5122/3211/13 5121/3212/13 4922/3213/13 4921/3214/13 5082/3215/13 5081/3216/13 5002/3217/13 5001/3218/13 5162/3219/13 5161/3220/13 4847/19/13 4846/20/13
f 534/429/15 1494/428/15 5335/428/15 5336/429/15
f 5151/3092/14 5152/3091/14 5793/3091/14 5792/3092/14
f 1564/540/15 364/539/15 5276/539/15 5355/540/15
f 5149/3108/14 5150/3107/14 5791/3107/14 5790/3108/14
f 1563/524/11 363/523/11 5274/523/11 5353/524/11
f 5147/3124/14 5148/3123/14 5789/3123/14 5788/3124/14
f 1356/658/15 876/657/15 5450/657/15 5289/658/15
f 5145/3140/14 5146/3139/14 5787/3139/14 5786/3140/14
f 5143/2932/14 5144/2931/14 5785/2931/14 5784/2932/14
f 942/481/11 1902/480/11 5471/480/11 5472/481/11
f 5141/2948/14 5142/2947/14 5783/2947/14 5782/2948/14
f 941/465/15 1901/464/15 5469/464/15 5470/465/15
f 528/589/11 1488/588/11 5333/588/11 5334/589/11
f 5139/2964/14 5140/2963/14 5781/2963/14 5780/2964/14
f 940/449/11 1900/448/11 5467/448/11 5468/449/11
f 1902/480/15 101/479/15 5190/479/15 5471/480/15
f 5137/2980/14 5138/2979/14 5779/2979/14 5778/2980/14
f 939/433/11 1899/432/11 5465/432/11 5466/433/11
f 1901/464/11 100/463/11 5188/463/11 5469/464/11
f 5135/3156/13 5136/3155/13 5777/3155/13 5776/3156/13
f 1350/410/15 870/409/15 5448/409/15 5287/410/15
f 1900/448/15 99/447/15 5186/447/15 5467/448/15
f 5133/2996/14 5134/2995/14 5775/2995/14 5774/2996/14
f 318/651/11 1278/650/11 5263/650/11 5264/651/11
f 1899/432/11 54/431/11 5176/431/11 5465/432/11
f 1349/394/15 869/393/15 5446/393/15 5285/394/15
f 5131/3076/14 5132/3075/14 5773/3075/14 5772/3076/14
f 317/635/11 1277/634/11 5261/634/11 5262/635/11
f 1348/378/15 868/377/15 5444/377/15 5283/378/15
f 5129/2916/14 5130/2915/14 5771/2915/14 5770/2916/14
f 316/619/11 1276/618/11 5259/618/11 5260/619/11
f 1347/362/11 867/361/11 5442/361/11 5281/362/11
f 522/509/15 1482/508/15 5331/508/15 5332/509/15
f 5127/3164/14 5128/3163/14 5769/3163/14 5768/3164/14
f 315/603/11 1275/602/11 5257/602/11 5258/603/11
f 5125/3180/14 5126/3179/14 5767/3179/14 5766/3180/14
f 5123/3196/13 5124/3195/13 5765/3195/13 5764/3196/13
f 726/565/11 1686/564/11 5399/564/11 5400/565/11
f 5121/3212/14 5122/3211/14 5763/3211/14 5762/3212/14
f 725/549/11 1685/548/11 5397/548/11 5398/549/11
f 5119/3004/14 5120/3003/14 5761/3003/14 5760/3004/14
f 724/533/11 1684/532/11 5395/532/11 5396/533/11
f 1686/564/15 486/563/15 5320/563/15 5399/564/15
f 5117/3020/14 5118/3019/14 5759/3019/14 5758/3020/14
f 723/517/11 1683/516/11 5393/516/11 5394/517/11
f 1685/548/11 485/547/11 5318/547/11 5397/548/11
f 516/669/15 1476/668/15 5329/668/15 5330/669/15
f 5115/3036/14 5116/3035/14 5757/3035/14 5756/3036/14
f 1684/532/15 484/531/15 5316/531/15 5395/532/15
f 1134/422/11 654/421/11 5376/421/11 5215/422/11
f 5113/3052/13 5114/3051/13 5755/3051/13 5754/3052/13
f 102/495/11 1062/494/11 5191/494/11 5192/495/11
f 1683/516/15 483/515/15 5314/515/15 5393/516/15
f 5111/3084/14 5112/3083/14 5753/3083/14 5752/3084/14
f 101/479/15 1061/478/15 5189/478/15 5190/479/15
f 5109/3100/13 5110/3099/13 5751/3099/13 5750/3100/13
f 100/463/15 1060/462/15 5187/462/15 5188/463/15
f 5107/3116/13 5108/3115/13 5749/3115/13 5748/3116/13
f 99/447/11 1059/446/11 5185/446/11 5186/447/11
f 1542/492/11 342/491/11 5272/491/11 5351/492/11
f 5105/3132/13 5106/3131/13 5747/3131/13 5746/3132/13
f 1541/476/15 341/475/15 5270/475/15 5349/476/15
f 510/403/11 1470/402/11 5327/402/11 5328/403/11
f 5103/2924/14 5104/2923/14 5745/2923/14 5744/2924/14
f 1128/582/15 648/581/15 5374/581/15 5213/582/15
f 1540/460/15 340/459/15 5268/459/15 5347/460/15
f 509/387/11 1469/386/11 5325/386/11 5326/387/11
f 5101/2940/14 5102/2939/14 5743/2939/14 5742/2940/14
f 1539/444/15 339/443/15 5266/443/15 5345/444/15
f 508/371/11 1468/370/11 5323/370/11 5324/371/11
f 5099/2956/13 5100/2955/13 5741/2955/13 5740/2956/13
f 507/355/11 1467/354/11 5321/354/11 5322/355/11
f 5097/2972/14 5098/2971/14 5739/2971/14 5738/2972/14
f 5095/3148/13 5096/3147/13 5737/3147/13 5736/3148/13
f 918/641/11 1878/640/11 5463/640/11 5464/641/11
f 26/19/16 25/20/16 4846/20/16 4847/19/16
f 5093/2988/13 5094/2987/13 5735/2987/13 5734/2988/13
f 917/625/11 1877/624/11 5461/624/11 5462/625/11
f 5091/3068/13 5092/3067/13 5733/3067/13 5732/3068/13
f 916/609/11 1876/608/11 5459/608/11 5460/609/11
f 1122/502/15 642/501/15 5372/501/15 5211/502/15
f 1878/640/15 77/639/15 5182/639/15 5463/640/15
f 5089/2908/14 5090/2907/14 5731/2907/14 5730/2908/14
f 915/593/15 1875/592/15 5457/592/15 5458/593/15
f 1877/624/15 76/623/15 5180/623/15 5461/624/15
f 5087/3168/14 5088/3167/14 5729/3167/14 5728/3168/14
f 1876/608/15 75/607/15 5178/607/15 5459/608/15
f 1326/570/15 846/569/15 5440/569/15 5279/570/15
f 5085/3184/13 5086/3183/13 5727/3183/13 5726/3184/13
f 1875/592/15 48/591/15 5174/591/15 5457/592/15
f 1325/554/11 845/553/11 5438/553/11 5277/554/11
f 294/427/11 1254/426/11 5255/426/11 5256/427/11
f 5083/3200/13 5084/3199/13 5725/3199/13 5724/3200/13
f 1324/538/11 844/537/11 5436/537/11 5275/538/11
f 5081/3216/14 5082/3215/14 5723/3215/14 5722/3216/14
f 1323/522/11 843/521/11 5434/521/11 5273/522/11
f 5079/3008/14 5080/3007/14 5721/3007/14 5720/3008/14
f 1116/662/11 636/661/11 5370/661/11 5209/662/11
f 5077/3024/14 5078/3023/14 5719/3023/14 5718/3024/14
f 5075/3040/14 5076/3039/14 5717/3039/14 5716/3040/14
f 702/485/15 1662/484/15 5391/484/15 5392/485/15
f 4886/3173/13 5167/3172/13 5808/3172/13 5527/3173/13
f 5073/3056/14 5074/3055/14 5715/3055/14 5714/3056/14
f 701/469/11 1661/468/11 5389/468/11 5390/469/11
f 4884/3189/14 5165/3188/14 5806/3188/14 5525/3189/14
f 288/587/11 1248/586/11 5253/586/11 5254/587/11
f 5071/3088/14 5072/3087/14 5713/3087/14 5712/3088/14
f 700/453/11 1660/452/11 5387/452/11 5388/453/11
f 4882/3205/13 5163/3204/13 5804/3204/13 5523/3205/13
f 1662/484/11 462/483/11 5312/483/11 5391/484/11
f 5069/3104/14 5070/3103/14 5711/3103/14 5710/3104/14
f 699/437/11 1659/436/11 5385/436/11 5386/437/11
f 4847/19/13 5161/3220/13 5802/3220/13 5810/19/13
f 35/18/17 36/17/17 4848/17/17 4849/18/17
f 1661/468/15 461/467/15 5310/467/15 5389/468/15
f 5067/3120/14 5068/3119/14 5709/3119/14 5708/3120/14
f 4878/3013/14 5159/3012/14 5800/3012/14 5519/3013/14
f 1660/452/15 460/451/15 5308/451/15 5387/452/15
f 25/21/8 35/26/8 4849/26/8 4846/21/8
f 1110/414/15 630/413/15 5368/413/15 5207/414/15
f 5065/3136/13 5066/3135/13 5707/3135/13 5706/3136/13
f 4876/3029/13 5157/3028/13 5798/3028/13 5517/3029/13
f 1659/436/11 459/435/11 5306/435/11 5385/436/11
f 1109/398/15 629/397/15 5366/397/15 5205/398/15
f 78/655/11 1038/654/11 5183/654/11 5184/655/11
f 5063/2928/14 5064/2927/14 5705/2927/14 5704/2928/14
f 4874/3045/13 5155/3044/13 5796/3044/13 5515/3045/13
f 1108/382/15 628/381/15 5364/381/15 5203/382/15
f 77/639/11 1037/638/11 5181/638/11 5182/639/11
f 5061/2944/14 5062/2943/14 5703/2943/14 5702/2944/14
f 4852/3061/13 5153/3060/13 5794/3060/13 5493/3061/13
f 1107/366/15 627/365/15 5362/365/15 5201/366/15
f 76/623/11 1036/622/11 5179/622/11 5180/623/11
f 282/507/11 1242/506/11 5251/506/11 5252/507/11
f 5059/2960/14 5060/2959/14 5701/2959/14 5700/2960/14
f 4870/3093/13 5151/3092/13 5792/3092/13 5511/3093/13
f 75/607/11 1035/606/11 5177/606/11 5178/607/11
f 1518/652/15 318/651/15 5264/651/15 5343/652/15
f 5057/2976/14 5058/2975/14 5699/2975/14 5698/2976/14
f 4868/3109/13 5149/3108/13 5790/3108/13 5509/3109/13
f 1517/636/15 317/635/15 5262/635/15 5341/636/15
f 486/563/11 1446/562/11 5319/562/11 5320/563/11
f 5055/3152/13 5056/3151/13 5697/3151/13 5696/3152/13
f 4866/3125/13 5147/3124/13 5788/3124/13 5507/3125/13
f 1516/620/11 316/619/11 5260/619/11 5339/620/11
f 485/547/11 1445/546/11 5317/546/11 5318/547/11
f 5053/2992/14 5054/2991/14 5695/2991/14 5694/2992/14
f 4856/3141/14 5145/3140/14 5786/3140/14 5497/3141/14
f 1515/604/15 315/603/15 5258/603/15 5337/604/15
f 484/531/11 1444/530/11 5315/530/11 5316/531/11
f 5051/3072/13 5052/3071/13 5693/3071/13 5692/3072/13
f 4862/2933/14 5143/2932/14 5784/2932/14 5503/2933/14
f 483/515/11 1443/514/11 5313/514/11 5314/515/11
f 5049/2912/14 5050/2911/14 5691/2911/14 5690/2912/14
f 4860/2949/13 5141/2948/13 5782/2948/13 5501/2949/13
f 276/667/11 1236/666/11 5249/666/11 5250/667/11
f 5047/3160/13 5048/3159/13 5689/3159/13 5688/3160/13
f 4858/2965/13 5139/2964/13 5780/2964/13 5499/2965/13
f 894/417/15 1854/416/15 5455/416/15 5456/417/15
f 5045/3176/13 5046/3175/13 5687/3175/13 5686/3176/13
f 4854/2981/13 5137/2980/13 5778/2980/13 5495/2981/13
f 5043/3192/13 5044/3191/13 5685/3191/13 5684/3192/13
f 4888/3157/14 5135/3156/14 5776/3156/14 5529/3157/14
f 1854/416/15 150/415/15 5208/415/15 5455/416/15
f 5041/3208/14 5042/3207/14 5683/3207/14 5682/3208/14
f 4880/2997/14 5133/2996/14 5774/2996/14 5521/2997/14
f 5039/3000/14 5040/2999/14 5681/2999/14 5680/3000/14
f 4872/3077/13 5131/3076/13 5772/3076/13 5513/3077/13
f 1302/490/15 822/489/15 5432/489/15 5271/490/15
f 5037/3016/14 5038/3015/14 5679/3015/14 5678/3016/14
f 4864/2917/13 5129/2916/13 5770/2916/13 5505/2917/13
f 1301/474/15 821/473/15 5430/473/15 5269/474/15
f 270/407/11 1230/406/11 5247/406/11 5248/407/11
f 5035/3032/14 5036/3031/14 5677/3031/14 5676/3032/14
f 4928/3165/13 5127/3164/13 5768/3164/13 5569/3165/13
f 888/577/11 1848/576/11 5453/576/11 5454/577/11
f 1300/458/11 820/457/11 5428/457/11 5267/458/11
f 269/391/11 1229/390/11 5245/390/11 5246/391/11
f 5033/3048/14 5034/3047/14 5675/3047/14 5674/3048/14
f 4926/3181/13 5125/3180/13 5766/3180/13 5567/3181/13
f 1299/442/15 819/441/15 5426/441/15 5265/442/15
f 268/375/15 1228/374/15 5243/374/15 5244/375/15
f 5031/3080/14 5032/3079/14 5673/3079/14 5672/3080/14
f 4924/3197/13 5123/3196/13 5764/3196/13 5565/3197/13
f 1848/576/15 126/575/15 5200/575/15 5453/576/15
f 267/359/15 1227/358/15 5241/358/15 5242/359/15
f 5029/3096/14 5030/3095/14 5671/3095/14 5670/3096/14
f 4922/3213/13 5121/3212/13 5762/3212/13 5563/3213/13
f 5027/3112/14 5028/3111/14 5669/3111/14 5668/3112/14
f 678/645/15 1638/644/15 5383/644/15 5384/645/15
f 4920/3005/13 5119/3004/13 5760/3004/13 5561/3005/13
f 5025/3128/14 5026/3127/14 5667/3127/14 5666/3128/14
f 677/629/11 1637/628/11 5381/628/11 5382/629/11
f 4918/3021/14 5117/3020/14 5758/3020/14 5559/3021/14
f 5023/2920/14 5024/2919/14 5665/2919/14 5664/2920/14
f 676/613/11 1636/612/11 5379/612/11 5380/613/11
f 4916/3037/14 5115/3036/14 5756/3036/14 5557/3037/14
f 882/497/11 1842/496/11 5451/496/11 5452/497/11
f 5021/2936/13 5022/2935/13 5663/2935/13 5662/2936/13
f 675/597/11 1635/596/11 5377/596/11 5378/597/11
f 4914/3053/14 5113/3052/14 5754/3052/14 5555/3053/14
f 5019/2952/14 5020/2951/14 5661/2951/14 5660/2952/14
f 4912/3085/13 5111/3084/13 5752/3084/13 5553/3085/13
f 1086/574/15 606/573/15 5360/573/15 5199/574/15
f 1842/496/11 102/495/11 5192/495/11 5451/496/11
f 5017/2968/14 5018/2967/14 5659/2967/14 5658/2968/14
f 4910/3101/14 5109/3100/14 5750/3100/14 5551/3101/14
f 1085/558/11 605/557/11 5358/557/11 5197/558/11
f 54/431/11 1014/430/11 5175/430/11 5176/431/11
f 5015/3144/13 5016/3143/13 5657/3143/13 5656/3144/13
f 4908/3117/14 5107/3116/14 5748/3116/14 5549/3117/14
f 1084/542/15 604/541/15 5356/541/15 5195/542/15
f 5013/2984/13 5014/2983/13 5655/2983/13 5654/2984/13
f 4906/3133/14 5105/3132/14 5746/3132/14 5547/3133/14
f 1083/526/15 603/525/15 5354/525/15 5193/526/15
f 5011/3064/14 5012/3063/14 5653/3063/14 5652/3064/14
f 4904/2925/13 5103/2924/13 5744/2924/13 5545/2925/13
f 876/657/15 1836/656/15 5449/656/15 5450/657/15
f 1494/428/11 294/427/11 5256/427/11 5335/428/11
f 5009/2904/14 5010/2903/14 5651/2903/14 5650/2904/14
f 4902/2941/13 5101/2940/13 5742/2940/13 5543/2941/13
f 462/483/11 1422/482/11 5311/482/11 5312/483/11
f 5007/3170/13 5008/3169/13 5649/3169/13 5648/3170/13
f 4900/2957/14 5099/2956/14 5740/2956/14 5541/2957/14
f 1836/656/11 78/655/11 5184/655/11 5449/656/11
f 461/467/11 1421/466/11 5309/466/11 5310/467/11
f 5005/3186/13 5006/3185/13 5647/3185/13 5646/3186/13
f 4898/2973/13 5097/2972/13 5738/2972/13 5539/2973/13
f 48/591/11 1008/590/11 5173/590/11 5174/591/11
f 460/451/11 1420/450/11 5307/450/11 5308/451/11
f 5003/3202/14 5004/3201/14 5645/3201/14 5644/3202/14
f 4896/3149/14 5095/3148/14 5736/3148/14 5537/3149/14
f 459/435/11 1419/434/11 5305/434/11 5306/435/11
f 5001/3218/13 5002/3217/13 5643/3217/13 5642/3218/13
f 4894/2989/14 5093/2988/14 5734/2988/14 5535/2989/14
f 4999/3010/13 5000/3009/13 5641/3009/13 5640/3010/13
f 4892/3069/14 5091/3068/14 5732/3068/14 5533/3069/14
f 870/409/15 1830/408/15 5447/408/15 5448/409/15
f 1488/588/15 288/587/15 5254/587/15 5333/588/15
f 4997/3026/13 4998/3025/13 5639/3025/13 5638/3026/13
f 4890/2909/13 5089/2908/13 5730/2908/13 5531/2909/13
f 869/393/15 1829/392/15 5445/392/15 5446/393/15
f 4995/3042/13 4996/3041/13 5637/3041/13 5636/3042/13
f 5008/3169/14 5087/3168/14 5728/3168/14 5649/3169/14
f 868/377/11 1828/376/11 5443/376/11 5444/377/11
f 1830/408/15 270/407/15 5248/407/15 5447/408/15
f 4993/3058/14 4994/3057/14 5635/3057/14 5634/3058/14
f 5006/3185/14 5085/3184/14 5726/3184/14 5647/3185/14
f 867/361/11 1827/360/11 5441/360/11 5442/361/11
f 42/511/11 1002/510/11 5171/510/11 5172/511/11
f 1829/392/15 269/391/15 5246/391/15 5445/392/15
f 4991/3090/14 4992/3089/14 5633/3089/14 5632/3090/14
f 5004/3201/13 5083/3200/13 5724/3200/13 5645/3201/13
f 1278/650/15 798/649/15 5424/649/15 5263/650/15
f 1828/376/15 268/375/15 5244/375/15 5443/376/15
f 4989/3106/13 4990/3105/13 5631/3105/13 5630/3106/13
f 5002/3217/13 5081/3216/13 5722/3216/13 5643/3217/13
f 1277/634/15 797/633/15 5422/633/15 5261/634/15
f 246/567/11 1206/566/11 5239/566/11 5240/567/11
f 1827/360/15 267/359/15 5242/359/15 5441/360/15
f 4987/3122/14 4988/3121/14 5629/3121/14 5628/3122/14
f 5000/3009/13 5079/3008/13 5720/3008/13 5641/3009/13
f 1276/618/15 796/617/15 5420/617/15 5259/618/15
f 245/551/15 1205/550/15 5237/550/15 5238/551/15
f 1482/508/15 282/507/15 5252/507/15 5331/508/15
f 4985/3138/13 4986/3137/13 5627/3137/13 5626/3138/13
f 4998/3025/13 5077/3024/13 5718/3024/13 5639/3025/13
f 1275/602/11 795/601/11 5418/601/11 5257/602/11
f 244/535/15 1204/534/15 5235/534/15 5236/535/15
f 4983/2930/13 4984/2929/13 5625/2929/13 5624/2930/13
f 4996/3041/13 5075/3040/13 5716/3040/13 5637/3041/13
f 243/519/11 1203/518/11 5233/518/11 5234/519/11
f 4981/2946/14 4982/2945/14 5623/2945/14 5622/2946/14
f 4994/3057/13 5073/3056/13 5714/3056/13 5635/3057/13
f 36/13/11 996/670/11 5169/670/11 5170/13/11
f 4979/2962/14 4980/2961/14 5621/2961/14 5620/2962/14
f 654/421/11 1614/420/11 5375/420/11 5376/421/11
f 4992/3089/13 5071/3088/13 5712/3088/13 5633/3089/13
f 4977/2978/13 4978/2977/13 5619/2977/13 5618/2978/13
f 4990/3105/13 5069/3104/13 5710/3104/13 5631/3105/13
f 4975/3154/13 4976/3153/13 5617/3153/13 5616/3154/13
f 4988/3121/13 5067/3120/13 5708/3120/13 5629/3121/13
f 1476/668/15 276/667/15 5250/667/15 5329/668/15
f 4973/2994/13 4974/2993/13 5615/2993/13 5614/2994/13
f 4986/3137/14 5065/3136/14 5706/3136/14 5627/3137/14
f 4971/3074/14 4972/3073/14 5613/3073/14 5612/3074/14
f 4984/2929/14 5063/2928/14 5704/2928/14 5625/2929/14
f 1062/494/15 582/493/15 5352/493/15 5191/494/15
f 4969/2914/14 4970/2913/14 5611/2913/14 5610/2914/14
f 4982/2945/13 5061/2944/13 5702/2944/13 5623/2945/13
f 1061/478/15 581/477/15 5350/477/15 5189/478/15
f 4967/3162/13 4968/3161/13 5609/3161/13 5608/3162/13
f 648/581/11 1608/580/11 5373/580/11 5374/581/11
f 4980/2961/13 5059/2960/13 5700/2960/13 5621/2961/13
f 1060/462/15 580/461/15 5348/461/15 5187/462/15
f 4965/3178/13 4966/3177/13 5607/3177/13 5606/3178/13
f 4978/2977/13 5057/2976/13 5698/2976/13 5619/2977/13
f 1059/446/15 579/445/15 5346/445/15 5185/446/15
f 4963/3194/13 4964/3193/13 5605/3193/13 5604/3194/13
f 4976/3153/14 5055/3152/14 5696/3152/14 5617/3153/14
f 1470/402/11 990/401/11 5488/401/11 5327/402/11
f 4961/3210/14 4962/3209/14 5603/3209/14 5602/3210/14
f 4974/2993/13 5053/2992/13 5694/2992/13 5615/2993/13
f 1469/386/15 989/385/15 5486/385/15 5325/386/15
f 438/643/11 1398/642/11 5303/642/11 5304/643/11
f 4959/3002/13 4960/3001/13 5601/3001/13 5600/3002/13
f 4972/3073/13 5051/3072/13 5692/3072/13 5613/3073/13
f 1468/370/15 988/369/15 5484/369/15 5323/370/15
f 437/627/11 1397/626/11 5301/626/11 5302/627/11
f 4957/3018/14 4958/3017/14 5599/3017/14 5598/3018/14
f 4970/2913/13 5049/2912/13 5690/2912/13 5611/2913/13
f 1467/354/15 987/353/15 5482/353/15 5321/354/15
f 436/611/11 1396/610/11 5299/610/11 5300/611/11
f 4955/3034/14 4956/3033/14 5597/3033/14 5596/3034/14
f 642/501/11 1602/500/11 5371/500/11 5372/501/11
f 4968/3161/14 5047/3160/14 5688/3160/14 5609/3161/14
f 435/595/11 1395/594/11 5297/594/11 5298/595/11
f 4953/3050/14 4954/3049/14 5595/3049/14 5594/3050/14
f 4966/3177/13 5045/3176/13 5686/3176/13 5607/3177/13
f 4951/3082/14 4952/3081/14 5593/3081/14 5592/3082/14
f 4964/3193/14 5043/3192/14 5684/3192/14 5605/3193/14
f 846/569/15 1806/568/15 5439/568/15 5440/569/15
f 5413/584/5 5214/583/5 5535/583/5 5734/584/5
f 5287/410/5 5448/409/5 5769/409/5 5608/410/5
f 5398/549/5 5397/548/5 5718/548/5 5719/549/5
f 5188/463/5 5187/462/5 5508/462/5 5509/463/5
f 5183/654/5 5344/653/5 5665/653/5 5504/654/5
f 5400/565/5 5399/564/5 5720/564/5 5721/565/5
f 5190/479/5 5189/478/5 5510/478/5 5511/479/5
f 5296/419/5 5295/418/5 5616/418/5 5617/419/5
f 5253/586/5 5414/585/5 5735/585/5 5574/586/5
f 5192/495/5 5191/494/5 5512/494/5 5513/495/5
f 5449/656/5 5184/655/5 5505/655/5 5770/656/5
f 5353/524/5 5274/523/5 5595/523/5 5674/524/5
f 5355/540/5 5276/539/5 5597/539/5 5676/540/5
f 5332/509/5 5331/508/5 5652/508/5 5653/509/5
f 5415/424/5 5216/423/5 5537/423/5 5736/424/5
f 5466/433/5 5465/432/5 5786/432/5 5787/433/5
f 5289/658/5 5450/657/5 5771/657/5 5610/658/5
f 5362/365/5 5361/364/5 5682/364/5 5683/365/5
f 5357/556/5 5278/555/5 5599/555/5 5678/556/5
f 5468/449/5 5467/448/5 5788/448/5 5789/449/5
f 5258/603/5 5257/602/5 5578/602/5 5579/603/5
f 5364/381/5 5363/380/5 5684/380/5 5685/381/5
f 5359/572/5 5280/571/5 5601/571/5 5680/572/5
f 5470/465/5 5469/464/5 5790/464/5 5791/465/5
f 5260/619/5 5259/618/5 5580/618/5 5581/619/5
f 5255/426/5 5416/425/5 5737/425/5 5576/426/5
f 5366/397/5 5365/396/5 5686/396/5 5687/397/5
f 5472/481/5 5471/480/5 5792/480/5 5793/481/5
f 5262/635/5 5261/634/5 5582/634/5 5583/635/5
f 5368/413/5 5367/412/5 5688/412/5 5689/413/5
f 5451/496/5 5192/495/5 5513/495/5 5772/496/5
f 5264/651/5 5263/650/5 5584/650/5 5585/651/5
f 5481/352/5 5489/12/5 5810/12/5 5802/352/5
f 5483/368/5 5202/367/5 5523/367/5 5804/368/5
f 5334/589/5 5333/588/5 5654/588/5 5655/589/5
f 5291/498/5 5452/497/5 5773/497/5 5612/498/5
f 5485/384/5 5204/383/5 5525/383/5 5806/384/5
f 5321/354/5 5482/353/5 5803/353/5 5642/354/5
f 5487/400/5 5206/399/5 5527/399/5 5808/400/5
f 5217/598/5 5378/597/5 5699/597/5 5538/598/5
f 5323/370/5 5484/369/5 5805/369/5 5644/370/5
f 5434/521/5 5433/520/5 5754/520/5 5755/521/5
f 5219/614/5 5380/613/5 5701/613/5 5540/614/5
f 5325/386/5 5486/385/5 5807/385/5 5646/386/5
f 5436/537/5 5435/536/5 5756/536/5 5757/537/5
f 5226/439/5 5225/438/5 5546/438/5 5547/439/5
f 5221/630/5 5382/629/5 5703/629/5 5542/630/5
f 5370/661/5 5369/660/5 5690/660/5 5691/661/5
f 5453/576/5 5200/575/5 5521/575/5 5774/576/5
f 5327/402/5 5488/401/5 5809/401/5 5648/402/5
f 5438/553/5 5437/552/5 5758/552/5 5759/553/5
f 5228/455/5 5227/454/5 5548/454/5 5549/455/5
f 5223/646/5 5384/645/5 5705/645/5 5544/646/5
f 5440/569/5 5439/568/5 5760/568/5 5761/569/5
f 5230/471/5 5229/470/5 5550/470/5 5551/471/5
f 5336/429/5 5335/428/5 5656/428/5 5657/429/5
f 5293/578/5 5454/577/5 5775/577/5 5614/578/5
f 5232/487/5 5231/486/5 5552/486/5 5553/487/5
f 5372/501/5 5371/500/5 5692/500/5 5693/501/5
f 5455/416/5 5208/415/5 5529/415/5 5776/416/5
f 5185/446/5 5346/445/5 5667/445/5 5506/446/5
f 5329/668/5 5250/667/5 5571/667/5 5650/668/5
f 5402/357/5 5401/356/5 5722/356/5 5723/357/5
f 5187/462/5 5348/461/5 5669/461/5 5508/462/5
f 5298/595/5 5297/594/5 5618/594/5 5619/595/5
f 5404/373/5 5403/372/5 5724/372/5 5725/373/5
f 5194/527/5 5193/526/5 5514/526/5 5515/527/5
f 5189/478/5 5350/477/5 5671/477/5 5510/478/5
f 5300/611/5 5299/610/5 5620/610/5 5621/611/5
f 5295/418/5 5456/417/5 5777/417/5 5616/418/5
f 5406/389/5 5405/388/5 5726/388/5 5727/389/5
f 5196/543/5 5195/542/5 5516/542/5 5517/543/5
f 5191/494/5 5352/493/5 5673/493/5 5512/494/5
f 5302/627/5 5301/626/5 5622/626/5 5623/627/5
f 5408/405/5 5407/404/5 5728/404/5 5729/405/5
f 5198/559/5 5197/558/5 5518/558/5 5519/559/5
f 5304/643/5 5303/642/5 5624/642/5 5625/643/5
f 5200/575/5 5199/574/5 5520/574/5 5521/575/5
f 5417/600/5 5218/599/5 5539/599/5 5738/600/5
f 5374/581/5 5373/580/5 5694/580/5 5695/581/5
f 5419/616/5 5220/615/5 5541/615/5 5740/616/5
f 5331/508/5 5252/507/5 5573/507/5 5652/508/5
f 5361/364/5 5282/363/5 5603/363/5 5682/364/5
f 5421/632/5 5222/631/5 5543/631/5 5742/632/5
f 5257/602/5 5418/601/5 5739/601/5 5578/602/5
f 5363/380/5 5284/379/5 5605/379/5 5684/380/5
f 5423/648/5 5224/647/5 5545/647/5 5744/648/5
f 5474/513/5 5473/512/5 5794/512/5 5795/513/5
f 5259/618/5 5420/617/5 5741/617/5 5580/618/5
f 5365/396/5 5286/395/5 5607/395/5 5686/396/5
f 5476/529/5 5475/528/5 5796/528/5 5797/529/5
f 5266/443/5 5265/442/5 5586/442/5 5587/443/5
f 5261/634/5 5422/633/5 5743/633/5 5582/634/5
f 5410/665/5 5409/664/5 5730/664/5 5731/665/5
f 5367/412/5 5288/411/5 5609/411/5 5688/412/5
f 5478/545/5 5477/544/5 5798/544/5 5799/545/5
f 5268/459/5 5267/458/5 5588/458/5 5589/459/5
f 5263/650/5 5424/649/5 5745/649/5 5584/650/5
f 5480/561/5 5479/560/5 5800/560/5 5801/561/5
f 5270/475/5 5269/474/5 5590/474/5 5591/475/5
f 5376/421/5 5375/420/5 5696/420/5 5697/421/5
f 5333/588/5 5254/587/5 5575/587/5 5654/588/5
f 5272/491/5 5271/490/5 5592/490/5 5593/491/5
f 5385/436/5 5306/435/5 5627/435/5 5706/436/5
f 5387/452/5 5308/451/5 5629/451/5 5708/452/5
f 5389/468/5 5310/467/5 5631/467/5 5710/468/5
f 5412/505/5 5411/504/5 5732/504/5 5733/505/5
f 5225/438/5 5386/437/5 5707/437/5 5546/438/5
f 5369/660/5 5290/659/5 5611/659/5 5690/660/5
f 5391/484/5 5312/483/5 5633/483/5 5712/484/5
f 5442/361/5 5441/360/5 5762/360/5 5763/361/5
f 5227/454/5 5388/453/5 5709/453/5 5548/454/5
f 5338/605/5 5337/604/5 5658/604/5 5659/605/5
f 5444/377/5 5443/376/5 5764/376/5 5765/377/5
f 5234/519/5 5233/518/5 5554/518/5 5555/519/5
f 5229/470/5 5390/469/5 5711/469/5 5550/470/5
f 5340/621/5 5339/620/5 5660/620/5 5661/621/5
f 5335/428/5 5256/427/5 5577/427/5 5656/428/5
f 5446/393/5 5445/392/5 5766/392/5 5767/393/5
f 5236/535/5 5235/534/5 5556/534/5 5557/535/5
f 5231/486/5 5392/485/5 5713/485/5 5552/486/5
f 5342/637/5 5341/636/5 5662/636/5 5663/637/5
f 5170/13/5 5169/670/5 5490/670/5 5491/13/5
f 5448/409/5 5447/408/5 5768/408/5 5769/409/5
f 5238/551/5 5237/550/5 5558/550/5 5559/551/5
f 5344/653/5 5343/652/5 5664/652/5 5665/653/5
f 5240/567/5 5239/566/5 5560/566/5 5561/567/5
f 5457/592/5 5174/591/5 5495/591/5 5778/592/5
f 5414/585/5 5413/584/5 5734/584/5 5735/585/5
f 5459/608/5 5178/607/5 5499/607/5 5780/608/5
f 5371/500/5 5292/499/5 5613/499/5 5692/500/5
f 5461/624/5 5180/623/5 5501/623/5 5782/624/5
f 5297/594/5 5458/593/5 5779/593/5 5618/594/5
f 5463/640/5 5182/639/5 5503/639/5 5784/640/5
f 5193/526/5 5354/525/5 5675/525/5 5514/526/5
f 5299/610/5 5460/609/5 5781/609/5 5620/610/5
f 5195/542/5 5356/541/5 5677/541/5 5516/542/5
f 5172/511/5 5171/510/5 5492/510/5 5493/511/5
f 5306/435/5 5305/434/5 5626/434/5 5627/435/5
f 5301/626/5 5462/625/5 5783/625/5 5622/626/5
f 5450/657/5 5449/656/5 5770/656/5 5771/657/5
f 5202/367/5 5201/366/5 5522/366/5 5523/367/5
f 5197/558/5 5358/557/5 5679/557/5 5518/558/5
f 5308/451/5 5307/450/5 5628/450/5 5629/451/5
f 5303/642/5 5464/641/5 5785/641/5 5624/642/5
f 5204/383/5 5203/382/5 5524/382/5 5525/383/5
f 5199/574/5 5360/573/5 5681/573/5 5520/574/5
f 5310/467/5 5309/466/5 5630/466/5 5631/467/5
f 5416/425/5 5415/424/5 5736/424/5 5737/425/5
f 5206/399/5 5205/398/5 5526/398/5 5527/399/5
f 5373/580/5 5294/579/5 5615/579/5 5694/580/5
f 5312/483/5 5311/482/5 5632/482/5 5633/483/5
f 5208/415/5 5207/414/5 5528/414/5 5529/415/5
f 5425/440/5 5226/439/5 5547/439/5 5746/440/5
f 5427/456/5 5228/455/5 5549/455/5 5748/456/5
f 5174/591/5 5173/590/5 5494/590/5 5495/591/5
f 5429/472/5 5230/471/5 5551/471/5 5750/472/5
f 5452/497/5 5451/496/5 5772/496/5 5773/497/5
f 5265/442/5 5426/441/5 5747/441/5 5586/442/5
f 5431/488/5 5232/487/5 5553/487/5 5752/488/5
f 5482/353/5 5481/352/5 5802/352/5 5803/353/5
f 5267/458/5 5428/457/5 5749/457/5 5588/458/5
f 5378/597/5 5377/596/5 5698/596/5 5699/597/5
f 5484/369/5 5483/368/5 5804/368/5 5805/369/5
f 5274/523/5 5273/522/5 5594/522/5 5595/523/5
f 5269/474/5 5430/473/5 5751/473/5 5590/474/5
f 5380/613/5 5379/612/5 5700/612/5 5701/613/5
f 5375/420/5 5296/419/5 5617/419/5 5696/420/5
f 5486/385/5 5485/384/5 5806/384/5 5807/385/5
f 5276/539/5 5275/538/5 5596/538/5 5597/539/5
f 5271/490/5 5432/489/5 5753/489/5 5592/490/5
f 5382/629/5 5381/628/5 5702/628/5 5703/629/5
f 5210/663/5 5209/662/5 5530/662/5 5531/663/5
f 5488/401/5 5487/400/5 5808/400/5 5809/401/5
f 5278/555/5 5277/554/5 5598/554/5 5599/555/5
f 5384/645/5 5383/644/5 5704/644/5 5705/645/5
f 5280/571/5 5279/570/5 5600/570/5 5601/571/5
f 5176/431/5 5175/430/5 5496/430/5 5497/431/5
f 5393/516/5 5314/515/5 5635/515/5 5714/516/5
f 5454/577/5 5453/576/5 5774/576/5 5775/577/5
f 5395/532/5 5316/531/5 5637/531/5 5716/532/5
f 5337/604/5 5258/603/5 5579/603/5 5658/604/5
f 5397/548/5 5318/547/5 5639/547/5 5718/548/5
f 5233/518/5 5394/517/5 5715/517/5 5554/518/5
f 5339/620/5 5260/619/5 5581/619/5 5660/620/5
f 5399/564/5 5320/563/5 5641/563/5 5720/564/5
f 5235/534/5 5396/533/5 5717/533/5 5556/534/5
f 5212/503/5 5211/502/5 5532/502/5 5533/503/5
f 5346/445/5 5345/444/5 5666/444/5 5667/445/5
f 5341/636/5 5262/635/5 5583/635/5 5662/636/5
f 5169/670/5 5330/669/5 5651/669/5 5490/670/5
f 5242/359/5 5241/358/5 5562/358/5 5563/359/5
f 5237/550/5 5398/549/5 5719/549/5 5558/550/5
f 5348/461/5 5347/460/5 5668/460/5 5669/461/5
f 5343/652/5 5264/651/5 5585/651/5 5664/652/5
f 5244/375/5 5243/374/5 5564/374/5 5565/375/5
f 5239/566/5 5400/565/5 5721/565/5 5560/566/5
f 5350/477/5 5349/476/5 5670/476/5 5671/477/5
f 5456/417/5 5455/416/5 5776/416/5 5777/417/5
f 5246/391/5 5245/390/5 5566/390/5 5567/391/5
f 5352/493/5 5351/492/5 5672/492/5 5673/493/5
f 5248/407/5 5247/406/5 5568/406/5 5569/407/5
f 5465/432/5 5176/431/5 5497/431/5 5786/432/5
f 5467/448/5 5186/447/5 5507/447/5 5788/448/5
f 5214/583/5 5213/582/5 5534/582/5 5535/583/5
f 5469/464/5 5188/463/5 5509/463/5 5790/464/5
f 5171/510/5 5332/509/5 5653/509/5 5492/510/5
f 5305/434/5 5466/433/5 5787/433/5 5626/434/5
f 5471/480/5 5190/479/5 5511/479/5 5792/480/5
f 5201/366/5 5362/365/5 5683/365/5 5522/366/5
f 5307/450/5 5468/449/5 5789/449/5 5628/450/5
f 5418/601/5 5417/600/5 5738/600/5 5739/601/5
f 5203/382/5 5364/381/5 5685/381/5 5524/382/5
f 5314/515/5 5313/514/5 5634/514/5 5635/515/5
f 5309/466/5 5470/465/5 5791/465/5 5630/466/5
f 5420/617/5 5419/616/5 5740/616/5 5741/617/5
f 5205/398/5 5366/397/5 5687/397/5 5526/398/5
f 5316/531/5 5315/530/5 5636/530/5 5637/531/5
f 5311/482/5 5472/481/5 5793/481/5 5632/482/5
f 5422/633/5 5421/632/5 5742/632/5 5743/633/5
f 5250/667/5 5249/666/5 5570/666/5 5571/667/5
f 5207/414/5 5368/413/5 5689/413/5 5528/414/5
f 5318/547/5 5317/546/5 5638/546/5 5639/547/5
f 5424/649/5 5423/648/5 5744/648/5 5745/649/5
f 5320/563/5 5319/562/5 5640/562/5 5641/563/5
f 5216/423/5 5215/422/5 5536/422/5 5537/423/5
f 5433/520/5 5234/519/5 5555/519/5 5754/520/5
f 5173/590/5 5334/589/5 5655/589/5 5494/590/5
f 5435/536/5 5236/535/5 5557/535/5 5756/536/5
f 5377/596/5 5298/595/5 5619/595/5 5698/596/5
f 5437/552/5 5238/551/5 5559/551/5 5758/552/5
f 5273/522/5 5434/521/5 5755/521/5 5594/522/5
f 5379/612/5 5300/611/5 5621/611/5 5700/612/5
f 5439/568/5 5240/567/5 5561/567/5 5760/568/5
f 5275/538/5 5436/537/5 5757/537/5 5596/538/5
f 5252/507/5 5251/506/5 5572/506/5 5573/507/5
f 5386/437/5 5385/436/5 5706/436/5 5707/437/5
f 5381/628/5 5302/627/5 5623/627/5 5702/628/5
f 5209/662/5 5370/661/5 5691/661/5 5530/662/5
f 5282/363/5 5281/362/5 5602/362/5 5603/363/5
f 5277/554/5 5438/553/5 5759/553/5 5598/554/5
f 5388/453/5 5387/452/5 5708/452/5 5709/453/5
f 5383/644/5 5304/643/5 5625/643/5 5704/644/5
f 5178/607/5 5177/606/5 5498/606/5 5499/607/5
f 5284/379/5 5283/378/5 5604/378/5 5605/379/5
f 5279/570/5 5440/569/5 5761/569/5 5600/570/5
f 5390/469/5 5389/468/5 5710/468/5 5711/469/5
f 5180/623/5 5179/622/5 5500/622/5 5501/623/5
f 5175/430/5 5336/429/5 5657/429/5 5496/430/5
f 5286/395/5 5285/394/5 5606/394/5 5607/395/5
f 5392/485/5 5391/484/5 5712/484/5 5713/485/5
f 5182/639/5 5181/638/5 5502/638/5 5503/639/5
f 5288/411/5 5287/410/5 5608/410/5 5609/411/5
f 5184/655/5 5183/654/5 5504/654/5 5505/655/5
f 5401/356/5 5322/355/5 5643/355/5 5722/356/5
f 5403/372/5 5324/371/5 5645/371/5 5724/372/5
f 5254/587/5 5253/586/5 5574/586/5 5575/587/5
f 5211/502/5 5372/501/5 5693/501/5 5532/502/5
f 5345/444/5 5266/443/5 5587/443/5 5666/444/5
f 5405/388/5 5326/387/5 5647/387/5 5726/388/5
f 5241/358/5 5402/357/5 5723/357/5 5562/358/5
f 5347/460/5 5268/459/5 5589/459/5 5668/460/5
f 5407/404/5 5328/403/5 5649/403/5 5728/404/5
f 5458/593/5 5457/592/5 5778/592/5 5779/593/5
f 5243/374/5 5404/373/5 5725/373/5 5564/374/5
f 5354/525/5 5353/524/5 5674/524/5 5675/525/5
f 5349/476/5 5270/475/5 5591/475/5 5670/476/5
f 5460/609/5 5459/608/5 5780/608/5 5781/609/5
f 5245/390/5 5406/389/5 5727/389/5 5566/390/5
f 5356/541/5 5355/540/5 5676/540/5 5677/541/5
f 5351/492/5 5272/491/5 5593/491/5 5672/492/5
f 5462/625/5 5461/624/5 5782/624/5 5783/625/5
f 5290/659/5 5289/658/5 5610/658/5 5611/659/5
f 5247/406/5 5408/405/5 5729/405/5 5568/406/5
f 5358/557/5 5357/556/5 5678/556/5 5679/557/5
f 5464/641/5 5463/640/5 5784/640/5 5785/641/5
f 5360/573/5 5359/572/5 5680/572/5 5681/573/5
f 5256/427/5 5255/426/5 5576/426/5 5577/427/5
f 5473/512/5 5172/511/5 5493/511/5 5794/512/5
f 5213/582/5 5374/581/5 5695/581/5 5534/582/5
f 5475/528/5 5194/527/5 5515/527/5 5796/528/5
f 5409/664/5 5210/663/5 5531/663/5 5730/664/5
f 5477/544/5 5196/543/5 5517/543/5 5798/544/5
f 5313/514/5 5474/513/5 5795/513/5 5634/514/5
f 5479/560/5 5198/559/5 5519/559/5 5800/560/5
f 5315/530/5 5476/529/5 5797/529/5 5636/530/5
f 5292/499/5 5291/498/5 5612/498/5 5613/499/5
f 5426/441/5 5425/440/5 5746/440/5 5747/441/5
f 5249/666/5 5410/665/5 5731/665/5 5570/666/5
f 5322/355/5 5321/354/5 5642/354/5 5643/355/5
f 5317/546/5 5478/545/5 5799/545/5 5638/546/5
f 5428/457/5 5427/456/5 5748/456/5 5749/457/5
f 5218/599/5 5217/598/5 5538/598/5 5539/599/5
f 5324/371/5 5323/370/5 5644/370/5 5645/371/5
f 5319/562/5 5480/561/5 5801/561/5 5640/562/5
f 5430/473/5 5429/472/5 5750/472/5 5751/473/5
f 5220/615/5 5219/614/5 5540/614/5 5541/615/5
f 5215/422/5 5376/421/5 5697/421/5 5536/422/5
f 5326/387/5 5325/386/5 5646/386/5 5647/387/5
f 5432/489/5 5431/488/5 5752/488/5 5753/489/5
f 5222/631/5 5221/630/5 5542/630/5 5543/631/5
f 5328/403/5 5327/402/5 5648/402/5 5649/403/5
f 5411/504/5 5212/503/5 5533/503/5 5732/504/5
f 5224/647/5 5223/646/5 5544/646/5 5545/647/5
f 5441/360/5 5242/359/5 5563/359/5 5762/360/5
f 5443/376/5 5244/375/5 5565/375/5 5764/376/5
f 5294/579/5 5293/578/5 5614/578/5 5615/579/5
f 5251/506/5 5412/505/5 5733/505/5 5572/506/5
f 5445/392/5 5246/391/5 5567/391/5 5766/392/5
f 5281/362/5 5442/361/5 5763/361/5 5602/362/5
f 5447/408/5 5248/407/5 5569/407/5 5768/408/5
f 5177/606/5 5338/605/5 5659/605/5 5498/606/5
f 5283/378/5 5444/377/5 5765/377/5 5604/378/5
f 5394/517/5 5393/516/5 5714/516/5 5715/517/5
f 5179/622/5 5340/621/5 5661/621/5 5500/622/5
f 5285/394/5 5446/393/5 5767/393/5 5606/394/5
f 5396/533/5 5395/532/5 5716/532/5 5717/533/5
f 5186/447/5 5185/446/5 5506/446/5 5507/447/5
f 5181/638/5 5342/637/5 5663/637/5 5502/638/5
f 5330/669/5 5329/668/5 5650/668/5 5651/669/5
f 5153/3060/14 5154/3059/14 5795/3059/14 5794/3060/14
f 1566/572/15 366/571/15 5280/571/15 5359/572/15
f 123/527/11 1083/526/11 5193/526/11 5194/527/11
f 5155/3044/14 5156/3043/14 5797/3043/14 5796/3044/14
f 124/543/11 1084/542/11 5195/542/11 5196/543/11
f 1155/598/15 675/597/15 5378/597/15 5217/598/15
f 5157/3028/14 5158/3027/14 5799/3027/14 5798/3028/14
f 1362/498/15 882/497/15 5452/497/15 5291/498/15
f 125/559/11 1085/558/11 5197/558/11 5198/559/11
f 1156/614/15 676/613/15 5380/613/15 5219/614/15
f 5159/3012/13 5160/3011/13 5801/3011/13 5800/3012/13
f 1707/356/15 507/355/15 5322/355/15 5401/356/15
f 126/575/15 1086/574/15 5199/574/15 5200/575/15
f 1157/630/15 677/629/15 5382/629/15 5221/630/15
f 5161/3220/14 5162/3219/14 5803/3219/14 5802/3220/14
f 1708/372/11 508/371/11 5324/371/11 5403/372/11
f 1158/646/15 678/645/15 5384/645/15 5223/646/15
f 5163/3204/14 5164/3203/14 5805/3203/14 5804/3204/14
f 1709/388/11 509/387/11 5326/387/11 5405/388/11
f 747/357/11 1707/356/11 5401/356/11 5402/357/11
f 5165/3188/14 5166/3187/14 5807/3187/14 5806/3188/14
f 1710/404/11 510/403/11 5328/403/11 5407/404/11
f 748/373/11 1708/372/11 5403/372/11 5404/373/11
f 5167/3172/13 5168/3171/13 5809/3171/13 5808/3172/13
f 749/389/15 1709/388/15 5405/388/15 5406/389/15
f 5010/2903/14 4850/2902/14 5490/2902/14 5651/2903/14
f 1368/578/15 888/577/15 5454/577/15 5293/578/15
f 750/405/15 1710/404/15 5407/404/15 5408/405/15
f 5012/3063/14 4851/3062/14 5492/3062/14 5653/3063/14
f 5014/2983/14 4853/2982/14 5494/2982/14 5655/2983/14
f 339/443/11 1299/442/11 5265/442/11 5266/443/11
f 5016/3143/14 4855/3142/14 5496/3142/14 5657/3143/14
f 340/459/11 1300/458/11 5267/458/11 5268/459/11
f 5018/2967/14 4857/2966/14 5498/2966/14 5659/2967/14
f 341/475/11 1301/474/11 5269/474/11 5270/475/11
f 1716/664/15 156/663/15 5210/663/15 5409/664/15
f 5020/2951/14 4859/2950/14 5500/2950/14 5661/2951/14
f 1923/512/15 42/511/15 5172/511/15 5473/512/15
f 342/491/11 1302/490/11 5271/490/11 5272/491/11
f 5022/2935/13 4861/2934/13 5502/2934/13 5663/2935/13
f 1924/528/11 123/527/11 5194/527/11 5475/528/11
f 1374/418/15 894/417/15 5456/417/15 5295/418/15
f 756/665/11 1716/664/11 5409/664/11 5410/665/11
f 5024/2919/14 4863/2918/14 5504/2918/14 5665/2919/14
f 1925/544/11 124/543/11 5196/543/11 5477/544/11
f 963/513/11 1923/512/11 5473/512/11 5474/513/11
f 5026/3127/14 4865/3126/14 5506/3126/14 5667/3127/14
f 1926/560/15 125/559/15 5198/559/15 5479/560/15
f 964/529/15 1924/528/15 5475/528/15 5476/529/15
f 5028/3111/14 4867/3110/14 5508/3110/14 5669/3111/14
f 965/545/15 1925/544/15 5477/544/15 5478/545/15
f 5030/3095/13 4869/3094/13 5510/3094/13 5671/3095/13
f 1722/504/15 162/503/15 5212/503/15 5411/504/15
f 966/561/11 1926/560/11 5479/560/11 5480/561/11
f 5032/3079/13 4871/3078/13 5512/3078/13 5673/3079/13
f 5034/3047/13 4873/3046/13 5514/3046/13 5675/3047/13
f 555/605/15 1515/604/15 5337/604/15 5338/605/15
f 762/505/11 1722/504/11 5411/504/11 5412/505/11
f 5036/3031/13 4875/3030/13 5516/3030/13 5677/3031/13
f 556/621/15 1516/620/15 5339/620/15 5340/621/15
f 1587/364/11 387/363/11 5282/363/11 5361/364/11
f 5038/3015/13 4877/3014/13 5518/3014/13 5679/3015/13
f 557/637/11 1517/636/11 5341/636/11 5342/637/11
f 1588/380/11 388/379/11 5284/379/11 5363/380/11
f 5040/2999/14 4879/2998/14 5520/2998/14 5681/2999/14
f 558/653/15 1518/652/15 5343/652/15 5344/653/15
f 1589/396/15 389/395/15 5286/395/15 5365/396/15
f 5042/3207/13 4881/3206/13 5522/3206/13 5683/3207/13
f 1590/412/15 390/411/15 5288/411/15 5367/412/15
f 147/367/11 1107/366/11 5201/366/11 5202/367/11
f 1728/584/15 168/583/15 5214/583/15 5413/584/15
f 26/19/16 4847/19/16 5810/19/16 5489/19/16
f 5044/3191/14 4883/3190/14 5524/3190/14 5685/3191/14
f 148/383/11 1108/382/11 5203/382/11 5204/383/11
f 1179/438/15 699/437/15 5386/437/15 5225/438/15
f 5046/3175/14 4885/3174/14 5526/3174/14 5687/3175/14
f 149/399/11 1109/398/11 5205/398/11 5206/399/11
f 1180/454/11 700/453/11 5388/453/11 5227/454/11
f 768/585/11 1728/584/11 5413/584/11 5414/585/11
f 5048/3159/14 4887/3158/14 5528/3158/14 5689/3159/14
f 150/415/11 1110/414/11 5207/414/11 5208/415/11
f 1181/470/15 701/469/15 5390/469/15 5229/470/15
f 5050/2911/13 4889/2910/13 5530/2910/13 5691/2911/13
f 1182/486/15 702/485/15 5392/485/15 5231/486/15
f 5052/3071/14 4891/3070/14 5532/3070/14 5693/3071/14
f 5054/2991/14 4893/2990/14 5534/2990/14 5695/2991/14
f 1596/660/11 396/659/11 5290/659/11 5369/660/11
f 1734/424/15 174/423/15 5216/423/15 5415/424/15
f 5056/3151/13 4895/3150/13 5536/3150/13 5697/3151/13
f 5058/2975/13 4897/2974/13 5538/2974/13 5699/2975/13
f 774/425/11 1734/424/11 5415/424/11 5416/425/11
f 5060/2959/13 4899/2958/13 5540/2958/13 5701/2959/13
f 156/663/15 1116/662/15 5209/662/15 5210/663/15
f 5062/2943/13 4901/2942/13 5542/2942/13 5703/2943/13
f 363/523/11 1323/522/11 5273/522/11 5274/523/11
f 5064/2927/14 4903/2926/14 5544/2926/14 5705/2927/14
f 364/539/11 1324/538/11 5275/538/11 5276/539/11
f 1395/594/15 915/593/15 5458/593/15 5297/594/15
f 5066/3135/14 4905/3134/14 5546/3134/14 5707/3135/14
f 1602/500/11 402/499/11 5292/499/11 5371/500/11
f 365/555/11 1325/554/11 5277/554/11 5278/555/11
f 1396/610/15 916/609/15 5460/609/15 5299/610/15
f 5068/3119/13 4907/3118/13 5548/3118/13 5709/3119/13
f 366/571/11 1326/570/11 5279/570/11 5280/571/11
f 1397/626/15 917/625/15 5462/625/15 5301/626/15
f 1947/352/15 26/12/15 5489/12/15 5481/352/15
f 5070/3103/14 4909/3102/14 5550/3102/14 5711/3103/14
f 1398/642/11 918/641/11 5464/641/11 5303/642/11
f 1948/368/11 147/367/11 5202/367/11 5483/368/11
f 5072/3087/14 4911/3086/14 5552/3086/14 5713/3087/14
f 1949/384/11 148/383/11 5204/383/11 5485/384/11
f 162/503/15 1122/502/15 5211/502/15 5212/503/15
f 987/353/15 1947/352/15 5481/352/15 5482/353/15
f 5074/3055/13 4913/3054/13 5554/3054/13 5715/3055/13
f 1950/400/15 149/399/15 5206/399/15 5487/400/15
f 988/369/15 1948/368/15 5483/368/15 5484/369/15
f 5076/3039/13 4915/3038/13 5556/3038/13 5717/3039/13
f 989/385/15 1949/384/15 5485/384/15 5486/385/15
f 5078/3023/13 4917/3022/13 5558/3022/13 5719/3023/13
f 1608/580/15 408/579/15 5294/579/15 5373/580/15
f 990/401/11 1950/400/11 5487/400/11 5488/401/11
f 5080/3007/14 4919/3006/14 5560/3006/14 5721/3007/14
f 5082/3215/13 4921/3214/13 5562/3214/13 5723/3215/13
f 579/445/11 1539/444/11 5345/444/11 5346/445/11
f 5084/3199/14 4923/3198/14 5564/3198/14 5725/3199/14
f 580/461/11 1540/460/11 5347/460/11 5348/461/11
f 168/583/15 1128/582/15 5213/582/15 5214/583/15
f 5086/3183/14 4925/3182/14 5566/3182/14 5727/3183/14
f 581/477/11 1541/476/11 5349/476/11 5350/477/11
f 5088/3167/13 4927/3166/13 5568/3166/13 5729/3167/13
f 582/493/15 1542/492/15 5351/492/15 5352/493/15
f 5090/2907/13 4929/2906/13 5570/2906/13 5731/2907/13
f 1614/420/15 414/419/15 5296/419/15 5375/420/15
f 996/670/15 516/669/15 5330/669/15 5169/670/15
f 5092/3067/14 4931/3066/14 5572/3066/14 5733/3067/14
f 1203/518/11 723/517/11 5394/517/11 5233/518/11
f 5094/2987/13 4933/2986/13 5574/2986/13 5735/2987/13
f 1204/534/15 724/533/15 5396/533/15 5235/534/15
f 5096/3147/13 4935/3146/13 5576/3146/13 5737/3147/13
f 174/423/15 1134/422/15 5215/422/15 5216/423/15
f 1205/550/15 725/549/15 5398/549/15 5237/550/15
f 1755/600/15 195/599/15 5218/599/15 5417/600/15
f 5098/2971/13 4937/2970/13 5578/2970/13 5739/2971/13
f 1206/566/15 726/565/15 5400/565/15 5239/566/15
f 1756/616/15 196/615/15 5220/615/15 5419/616/15
f 5100/2955/14 4939/2954/14 5580/2954/14 5741/2955/14
f 1757/632/15 197/631/15 5222/631/15 5421/632/15
f 795/601/11 1755/600/11 5417/600/11 5418/601/11
f 5102/2939/14 4941/2938/14 5582/2938/14 5743/2939/14
f 4850/2902/14 4848/17/14 5491/17/14 5490/2902/14
f 1758/648/11 198/647/11 5224/647/11 5423/648/11
f 1002/510/15 522/509/15 5332/509/15 5171/510/15
f 796/617/11 1756/616/11 5419/616/11 5420/617/11
f 5104/2923/14 4943/2922/14 5584/2922/14 5745/2923/14
f 4851/3062/14 4852/3061/14 5493/3061/14 5492/3062/14
f 797/633/11 1757/632/11 5421/632/11 5422/633/11
f 5106/3131/13 4945/3130/13 5586/3130/13 5747/3131/13
f 4853/2982/13 4854/2981/13 5495/2981/13 5494/2982/13
f 798/649/15 1758/648/15 5423/648/15 5424/649/15
f 5108/3115/14 4947/3114/14 5588/3114/14 5749/3115/14
f 4855/3142/13 4856/3141/13 5497/3141/13 5496/3142/13
f 5110/3099/14 4949/3098/14 5590/3098/14 5751/3099/14
f 387/363/15 1347/362/15 5281/362/15 5282/363/15
f 4857/2966/14 4858/2965/14 5499/2965/14 5498/2966/14
f 5112/3083/14 4951/3082/14 5592/3082/14 5753/3083/14
f 388/379/11 1348/378/11 5283/378/11 5284/379/11
f 1419/434/15 939/433/15 5466/433/15 5305/434/15
f 4859/2950/14 4860/2949/14 5501/2949/14 5500/2950/14
f 5114/3051/13 4953/3050/13 5594/3050/13 5755/3051/13
f 389/395/11 1349/394/11 5285/394/11 5286/395/11
f 1420/450/15 940/449/15 5468/449/15 5307/450/15
f 4861/2934/13 4862/2933/13 5503/2933/13 5502/2934/13
f 1008/590/15 528/589/15 5334/589/15 5173/590/15
f 5116/3035/13 4955/3034/13 5596/3034/13 5757/3035/13
f 390/411/11 1350/410/11 5287/410/11 5288/411/11
f 1421/466/15 941/465/15 5470/465/15 5309/466/15
f 4863/2918/14 4864/2917/14 5505/2917/14 5504/2918/14
f 5118/3019/13 4957/3018/13 5598/3018/13 5759/3019/13
f 1422/482/15 942/481/15 5472/481/15 5311/482/15
f 4865/3126/13 4866/3125/13 5507/3125/13 5506/3126/13
f 5120/3003/13 4959/3002/13 5600/3002/13 5761/3003/13
f 4867/3110/13 4868/3109/13 5509/3109/13 5508/3110/13
f 5122/3211/13 4961/3210/13 5602/3210/13 5763/3211/13
f 4869/3094/14 4870/3093/14 5511/3093/14 5510/3094/14
f 5124/3195/14 4963/3194/14 5604/3194/14 5765/3195/14
f 4871/3078/14 4872/3077/14 5513/3077/14 5512/3078/14
f 5126/3179/13 4965/3178/13 5606/3178/13 5767/3179/13
f 4873/3046/13 4874/3045/13 5515/3045/13 5514/3046/13
f 1014/430/15 534/429/15 5336/429/15 5175/430/15
f 5128/3163/14 4967/3162/14 5608/3162/14 5769/3163/14
f 396/659/11 1356/658/11 5289/658/11 5290/659/11
f 4875/3030/14 4876/3029/14 5517/3029/14 5516/3030/14
f 5130/2915/13 4969/2914/13 5610/2914/13 5771/2915/13
f 603/525/15 1563/524/15 5353/524/15 5354/525/15
f 4877/3014/13 4878/3013/13 5519/3013/13 5518/3014/13
f 5132/3075/13 4971/3074/13 5612/3074/13 5773/3075/13
f 604/541/11 1564/540/11 5355/540/11 5356/541/11
f 1635/596/11 435/595/11 5298/595/11 5377/596/11
f 4879/2998/13 4880/2997/13 5521/2997/13 5520/2998/13
f 5134/2995/14 4973/2994/14 5614/2994/14 5775/2995/14
f 605/557/11 1565/556/11 5357/556/11 5358/557/11
f 1636/612/15 436/611/15 5300/611/15 5379/612/15
f 4881/3206/14 4882/3205/14 5523/3205/14 5522/3206/14
f 5136/3155/14 4975/3154/14 5616/3154/14 5777/3155/14
f 606/573/11 1566/572/11 5359/572/11 5360/573/11
f 1637/628/15 437/627/15 5302/627/15 5381/628/15
f 4883/3190/13 4884/3189/13 5525/3189/13 5524/3190/13
f 5138/2979/14 4977/2978/14 5618/2978/14 5779/2979/14
f 1638/644/15 438/643/15 5304/643/15 5383/644/15
f 4885/3174/14 4886/3173/14 5527/3173/14 5526/3174/14
f 195/599/15 1155/598/15 5217/598/15 5218/599/15
f 5140/2963/13 4979/2962/13 5620/2962/13 5781/2963/13
f 402/499/15 1362/498/15 5291/498/15 5292/499/15
f 4887/3158/13 4888/3157/13 5529/3157/13 5528/3158/13
f 196/615/11 1156/614/11 5219/614/11 5220/615/11
f 1227/358/15 747/357/15 5402/357/15 5241/358/15
f 5142/2947/14 4981/2946/14 5622/2946/14 5783/2947/14
f 4889/2910/14 4890/2909/14 5531/2909/14 5530/2910/14
f 197/631/11 1157/630/11 5221/630/11 5222/631/11
f 1228/374/15 748/373/15 5404/373/15 5243/374/15
f 5144/2931/13 4983/2930/13 5624/2930/13 5785/2931/13
f 4891/3070/14 4892/3069/14 5533/3069/14 5532/3070/14
f 198/647/15 1158/646/15 5223/646/15 5224/647/15
f 1229/390/11 749/389/11 5406/389/11 5245/390/11
f 1779/440/15 219/439/15 5226/439/15 5425/440/15
f 5146/3139/14 4985/3138/14 5626/3138/14 5787/3139/14
f 4893/2990/13 4894/2989/13 5535/2989/13 5534/2990/13
f 1230/406/15 750/405/15 5408/405/15 5247/406/15
f 1780/456/15 220/455/15 5228/455/15 5427/456/15
f 5148/3123/14 4987/3122/14 5628/3122/14 5789/3123/14
f 4895/3150/14 4896/3149/14 5537/3149/14 5536/3150/14
f 1781/472/15 221/471/15 5230/471/15 5429/472/15
f 819/441/11 1779/440/11 5425/440/11 5426/441/11
f 5150/3107/14 4989/3106/14 5630/3106/14 5791/3107/14
f 4897/2974/14 4898/2973/14 5539/2973/14 5538/2974/14
f 1782/488/15 222/487/15 5232/487/15 5431/488/15
f 820/457/11 1780/456/11 5427/456/11 5428/457/11
f 5152/3091/13 4991/3090/13 5632/3090/13 5793/3091/13
f 408/579/11 1368/578/11 5293/578/11 5294/579/11
f 4899/2958/14 4900/2957/14 5541/2957/14 5540/2958/14
f 821/473/11 1781/472/11 5429/472/11 5430/473/11
f 5154/3059/14 4993/3058/14 5634/3058/14 5795/3059/14
f 4901/2942/14 4902/2941/14 5543/2941/14 5542/2942/14
f 822/489/11 1782/488/11 5431/488/11 5432/489/11
f 5156/3043/13 4995/3042/13 5636/3042/13 5797/3043/13
f 4903/2926/14 4904/2925/14 5545/2925/14 5544/2926/14
f 5158/3027/14 4997/3026/14 5638/3026/14 5799/3027/14
f 4905/3134/13 4906/3133/13 5547/3133/13 5546/3134/13
f 1236/666/15 756/665/15 5410/665/15 5249/666/15
f 5160/3011/13 4999/3010/13 5640/3010/13 5801/3011/13
f 1443/514/15 963/513/15 5474/513/15 5313/514/15
f 4907/3118/13 4908/3117/13 5549/3117/13 5548/3118/13
f 4848/17/17 36/17/17 5170/17/17 5491/17/17
f 5162/3219/13 5001/3218/13 5642/3218/13 5803/3219/13
f 1444/530/15 964/529/15 5476/529/15 5315/530/15
f 4909/3102/13 4910/3101/13 5551/3101/13 5550/3102/13
f 5164/3203/13 5003/3202/13 5644/3202/13 5805/3203/13
f 1445/546/15 965/545/15 5478/545/15 5317/546/15
f 4911/3086/14 4912/3085/14 5553/3085/14 5552/3086/14
f 414/419/11 1374/418/11 5295/418/11 5296/419/11
f 5166/3187/14 5005/3186/14 5646/3186/14 5807/3187/14
f 1446/562/15 966/561/15 5480/561/15 5319/562/15
f 4913/3054/14 4914/3053/14 5555/3053/14 5554/3054/14
f 5168/3171/14 5007/3170/14 5648/3170/14 5809/3171/14
f 4915/3038/14 4916/3037/14 5557/3037/14 5556/3038/14
f 1035/606/15 555/605/15 5338/605/15 5177/606/15
f 4930/2905/13 5009/2904/13 5650/2904/13 5571/2905/13
f 4917/3022/13 4918/3021/13 5559/3021/13 5558/3022/13
f 1242/506/15 762/505/15 5412/505/15 5251/506/15
f 1036/622/15 556/621/15 5340/621/15 5179/622/15
f 4932/3065/13 5011/3064/13 5652/3064/13 5573/3065/13
f 4919/3006/13 4920/3005/13 5561/3005/13 5560/3006/13
f 1037/638/15 557/637/15 5342/637/15 5181/638/15
f 4934/2985/13 5013/2984/13 5654/2984/13 5575/2985/13
f 4921/3214/14 4922/3213/14 5563/3213/14 5562/3214/14
f 1038/654/15 558/653/15 5344/653/15 5183/654/15
f 4936/3145/14 5015/3144/14 5656/3144/14 5577/3145/14
f 4923/3198/14 4924/3197/14 5565/3197/14 5564/3198/14
f 4938/2969/13 5017/2968/13 5658/2968/13 5579/2969/13
f 627/365/11 1587/364/11 5361/364/11 5362/365/11
f 4925/3182/13 4926/3181/13 5567/3181/13 5566/3182/13
f 4940/2953/13 5019/2952/13 5660/2952/13 5581/2953/13
f 628/381/15 1588/380/15 5363/380/15 5364/381/15
f 4927/3166/13 4928/3165/13 5569/3165/13 5568/3166/13
f 4942/2937/14 5021/2936/14 5662/2936/14 5583/2937/14
f 629/397/11 1589/396/11 5365/396/11 5366/397/11
f 4929/2906/13 4930/2905/13 5571/2905/13 5570/2906/13
f 1248/586/11 768/585/11 5414/585/11 5253/586/11
f 4944/2921/13 5023/2920/13 5664/2920/13 5585/2921/13
f 630/413/15 1590/412/15 5367/412/15 5368/413/15
f 4931/3066/14 4932/3065/14 5573/3065/14 5572/3066/14
f 4946/3129/13 5025/3128/13 5666/3128/13 5587/3129/13
f 4933/2986/14 4934/2985/14 5575/2985/14 5574/2986/14
f 219/439/11 1179/438/11 5225/438/11 5226/439/11
f 4948/3113/13 5027/3112/13 5668/3112/13 5589/3113/13
f 4935/3146/13 4936/3145/13 5577/3145/13 5576/3146/13
f 220/455/11 1180/454/11 5227/454/11 5228/455/11
f 4950/3097/13 5029/3096/13 5670/3096/13 5591/3097/13
f 4937/2970/14 4938/2969/14 5579/2969/14 5578/2970/14
f 221/471/15 1181/470/15 5229/470/15 5230/471/15
f 4952/3081/13 5031/3080/13 5672/3080/13 5593/3081/13
f 4939/2954/13 4940/2953/13 5581/2953/13 5580/2954/13
f 1803/520/15 243/519/15 5234/519/15 5433/520/15
f 222/487/11 1182/486/11 5231/486/11 5232/487/11
f 4954/3049/13 5033/3048/13 5674/3048/13 5595/3049/13
f 4941/2938/14 4942/2937/14 5583/2937/14 5582/2938/14
f 1804/536/15 244/535/15 5236/535/15 5435/536/15
f 1254/426/15 774/425/15 5416/425/15 5255/426/15
f 4956/3033/13 5035/3032/13 5676/3032/13 5597/3033/13
f 636/661/11 1596/660/11 5369/660/11 5370/661/11
f 4943/2922/13 4944/2921/13 5585/2921/13 5584/2922/13
f 1805/552/11 245/551/11 5238/551/11 5437/552/11
f 843/521/11 1803/520/11 5433/520/11 5434/521/11
f 4958/3017/13 5037/3016/13 5678/3016/13 5599/3017/13
f 4945/3130/13 4946/3129/13 5587/3129/13 5586/3130/13
f 1806/568/11 246/567/11 5240/567/11 5439/568/11
f 844/537/11 1804/536/11 5435/536/11 5436/537/11
f 4960/3001/14 5039/3000/14 5680/3000/14 5601/3001/14
f 4947/3114/13 4948/3113/13 5589/3113/13 5588/3114/13
f 845/553/15 1805/552/15 5437/552/15 5438/553/15
f 4962/3209/13 5041/3208/13 5682/3208/13 5603/3209/13
f 4949/3098/13 4950/3097/13 5591/3097/13 5590/3098/13
f 5812/10/12 5811/9/12 5814/3221/12 5975/3222/12 5974/3223/12 5895/3224/12 5894/3225/12 6055/3226/12 6054/3227/12 5855/3228/12 5854/3229/12 6015/3230/12 6014/3231/12 5935/3232/12 5934/3233/12 6095/3234/12 6094/3235/12 5829/3236/12 5828/3237/12 5989/3238/12 5988/3239/12 5909/3240/12 5908/3241/12 6069/3242/12 6068/3243/12 5869/3244/12 5868/3245/12 6029/3246/12 6028/3247/12 5949/3248/12 5948/3249/12 6109/3250/12 6108/3251/12 5827/3252/12 5826/3253/12 5987/3254/12 5986/3255/12 5907/3256/12 5906/3257/12 6067/3258/12 6066/3259/12 5867/3260/12 5866/3261/12 6027/3262/12 6026/3263/12 5947/3264/12 5946/3265/12 6107/3266/12 6106/3267/12 5825/3268/12 5824/3269/12 5985/3270/12 5984/3271/12 5905/3272/12 5904/3273/12 6065/3274/12 6064/3275/12 5865/3276/12 5864/3277/12 6025/3278/12 6024/3279/12 5945/3280/12 5944/3281/12 6105/3282/12 6104/3283/12 5823/3284/12 5822/3285/12 5983/3286/12 5982/3287/12 5903/3288/12 5902/3289/12 6063/3290/12 6062/3291/12 5863/3292/12 5862/3293/12 6023/3294/12 6022/3295/12 5943/3296/12 5942/3297/12 6103/3298/12 6102/3299/12 5819/3300/12 5818/3301/12 5979/3302/12 5978/3303/12 5899/3304/12 5898/3305/12 6059/3306/12 6058/3307/12 5859/3308/12 5858/3309/12 6019/3310/12 6018/3311/12 5939/3312/12 5938/3313/12 6099/3314/12 6098/3315/12 5845/3316/12 5844/3317/12 6005/3318/12 6004/3319/12 5925/3320/12 5924/3321/12 6085/3322/12 6084/3323/12 5885/3324/12 5884/3325/12 6045/3326/12 6044/3327/12 5965/3328/12 5964/3329/12 6125/3330/12 6124/3331/12 5843/3332/12 5842/3333/12 6003/3334/12 6002/3335/12 5923/3336/12 5922/3337/12 6083/3338/12 6082/3339/12 5883/3340/12 5882/3341/12 6043/3342/12 6042/3343/12 5963/3344/12 5962/3345/12 6123/3346/12 6122/3347/12 5841/3348/12 5840/3349/12 6001/3350/12 6000/3351/12 5921/3352/12 5920/3353/12 6081/3354/12 6080/3355/12 5881/3356/12 5880/3357/12 6041/3358/12 6040/3359/12 5961/3360/12 5960/3361/12 6121/3362/12 6120/3363/12 5839/3364/12 5838/3365/12 5999/3366/12 5998/3367/12 5919/3368/12 5918/3369/12 6079/3370/12 6078/3371/12 5879/3372/12 5878/3373/12 6039/3374/12 6038/3375/12 5959/3376/12 5958/3377/12 6119/3378/12 6118/3379/12 5817/3380/12 5816/3381/12 5977/3382/12 5976/3383/12 5897/3384/12 5896/3385/12 6057/3386/12 6056/3387/12 5857/3388/12 5856/3389/12 6017/3390/12 6016/3391/12 5937/3392/12 5936/3393/12 6097/3394/12 6096/3395/12 5837/3396/12 5836/3397/12 5997/3398/12 5996/3399/12 5917/3400/12 5916/3401/12 6077/3402/12 6076/3403/12 5877/1948/12 5876/1947/12 6037/3404/12 6036/3405/12 5957/3406/12 5956/3407/12 6117/3408/12 6116/3409/12 5835/3410/12 5834/3411/12 5995/3412/12 5994/3413/12 5915/3414/12 5914/3415/12 6075/3416/12 6074/3417/12 5875/3418/12 5874/3419/12 6035/3420/12 6034/3421/12 5955/3422/12 5954/3423/12 6115/3424/12 6114/3425/12 5833/3426/12 5832/3427/12 5993/3428/12 5992/3429/12 5913/3430/12 5912/3431/12 6073/3432/12 6072/3433/12 5873/3434/12 5872/3435/12 6033/3436/12 6032/3437/12 5953/3438/12 5952/3439/12 6113/3440/12 6112/3441/12 5831/3442/12 5830/3443/12 5991/3444/12 5990/3445/12 5911/3446/12 5910/3447/12 6071/3448/12 6070/3449/12 5871/3450/12 5870/3451/12 6031/3452/12 6030/3453/12 5951/3454/12 5950/3455/12 6111/3456/12 6110/3457/12 5821/3458/12 5820/3459/12 5981/3460/12 5980/3461/12 5901/3462/12 5900/3463/12 6061/3464/12 6060/3465/12 5861/3466/12 5860/3467/12 6021/3468/12 6020/3469/12 5941/3470/12 5940/3471/12 6101/3472/12 6100/3473/12 5853/3474/12 5852/3475/12 6013/3476/12 6012/3477/12 5933/3478/12 5932/3479/12 6093/3480/12 6092/3481/12 5893/3482/12 5892/3483/12 6053/3484/12 6052/3485/12 5973/3486/12 5972/3487/12 6133/3488/12 6132/3489/12 5851/3490/12 5850/3491/12 6011/3492/12 6010/3493/12 5931/3494/12 5930/3495/12 6091/3496/12 6090/3497/12 5891/3498/12 5890/3499/12 6051/3500/12 6050/3501/12 5971/3502/12 5970/3503/12 6131/3504/12 6130/3505/12 5849/3506/12 5848/3507/12 6009/3508/12 6008/3509/12 5929/3510/12 5928/3511/12 6089/3512/12 6088/3513/12 5889/3514/12 5888/3515/12 6049/3516/12 6048/3517/12 5969/3518/12 5968/3519/12 6129/3520/12 6128/3521/12 5847/3522/12 5846/3523/12 6007/3524/12 6006/3525/12 5927/3526/12 5926/3527/12 6087/3528/12 6086/3529/12 5887/3530/12 5886/3531/12 6047/3532/12 6046/3533/12 5967/3534/12 5966/3535/12 6127/3536/12 6126/3537/12 5815/17/12 5813/18/12
f 818/808/10 1778/807/10 6396/807/10 6397/808/10
f 1823/679/18 263/678/18 6207/678/18 6406/679/18
f 6043/3342/19 5882/3341/19 6523/3341/19 6684/3342/19
f 5874/3419/19 5875/3418/19 6516/3418/19 6515/3419/19
f 817/792/10 1777/791/10 6394/791/10 6395/792/10
f 6041/3358/19 5880/3357/19 6521/3357/19 6682/3358/19
f 5872/3435/12 5873/3434/12 6514/3434/12 6513/3435/12
f 816/776/18 1776/775/18 6392/775/18 6393/776/18
f 6039/3374/19 5878/3373/19 6519/3373/19 6680/3374/19
f 5870/3451/19 5871/3450/19 6512/3450/19 6511/3451/19
f 815/760/10 1775/759/10 6390/759/10 6391/760/10
f 6037/3404/19 5876/1947/19 6517/1947/19 6678/3404/19
f 5868/3245/19 5869/3244/19 6510/3244/19 6509/3245/19
f 6035/3420/12 5874/3419/12 6515/3419/12 6676/3420/12
f 5866/3261/19 5867/3260/19 6508/3260/19 6507/3261/19
f 1226/725/18 746/724/18 6373/724/18 6212/725/18
f 401/818/10 1361/817/10 6256/817/10 6257/818/10
f 6033/3436/19 5872/3435/19 6513/3435/19 6674/3436/19
f 5864/3277/12 5865/3276/12 6506/3276/12 6505/3277/12
f 1225/709/18 745/708/18 6371/708/18 6210/709/18
f 194/966/10 1154/965/10 6188/965/10 6189/966/10
f 6031/3452/19 5870/3451/19 6511/3451/19 6672/3452/19
f 5862/3293/12 5863/3292/12 6504/3292/12 6503/3293/12
f 1224/693/10 744/692/10 6369/692/10 6208/693/10
f 193/950/10 1153/949/10 6186/949/10 6187/950/10
f 6029/3246/19 5868/3245/19 6509/3245/19 6670/3246/19
f 5860/3467/12 5861/3466/12 6502/3466/12 6501/3467/12
f 1223/677/18 743/676/18 6367/676/18 6206/677/18
f 192/934/10 1152/933/10 6184/933/10 6185/934/10
f 6027/3262/19 5866/3261/19 6507/3261/19 6668/3262/19
f 5858/3309/12 5859/3308/12 6500/3308/12 6499/3309/12
f 191/918/10 1151/917/10 6182/917/10 6183/918/10
f 1634/963/10 434/962/10 6269/962/10 6348/963/10
f 6025/3278/19 5864/3277/19 6505/3277/19 6666/3278/19
f 5856/3389/19 5857/3388/19 6498/3388/19 6497/3389/19
f 1633/947/10 433/946/10 6267/946/10 6346/947/10
f 602/892/10 1562/891/10 6324/891/10 6325/892/10
f 6023/3294/19 5862/3293/19 6503/3293/19 6664/3294/19
f 5854/3229/19 5855/3228/19 6496/3228/19 6495/3229/19
f 395/978/10 1355/977/10 6254/977/10 6255/978/10
f 1632/931/10 432/930/10 6265/930/10 6344/931/10
f 601/876/10 1561/875/10 6322/875/10 6323/876/10
f 6021/3468/19 5860/3467/19 6501/3467/19 6662/3468/19
f 1013/749/18 533/748/18 6301/748/18 6140/749/18
f 5852/3475/12 5853/3474/12 6494/3474/12 6493/3475/12
f 1631/915/10 431/914/10 6263/914/10 6342/915/10
f 600/860/10 1560/859/10 6320/859/10 6321/860/10
f 6019/3310/19 5858/3309/19 6499/3309/19 6660/3310/19
f 5850/3491/19 5851/3490/19 6492/3490/19 6491/3491/19
f 599/844/18 1559/843/18 6318/843/18 6319/844/18
f 6017/3390/12 5856/3389/12 6497/3389/12 6658/3390/12
f 5848/3507/12 5849/3506/12 6490/3506/12 6489/3507/12
f 6015/3230/19 5854/3229/19 6495/3229/19 6656/3230/19
f 5846/3523/19 5847/3522/19 6488/3522/19 6487/3523/19
f 6013/3476/19 5852/3475/19 6493/3475/19 6654/3476/19
f 5844/3317/19 5845/3316/19 6486/3316/19 6485/3317/19
f 6011/3492/12 5850/3491/12 6491/3491/12 6652/3492/12
f 5842/3333/19 5843/3332/19 6484/3332/19 6483/3333/19
f 6009/3508/19 5848/3507/19 6489/3507/19 6650/3508/19
f 1007/909/10 527/908/10 6299/908/10 6138/909/10
f 5840/3349/19 5841/3348/19 6482/3348/19 6481/3349/19
f 6007/3524/12 5846/3523/12 6487/3523/12 6648/3524/12
f 5838/3365/19 5839/3364/19 6480/3364/19 6479/3365/19
f 1418/801/10 938/800/10 6437/800/10 6276/801/10
f 6005/3318/19 5844/3317/19 6485/3317/19 6646/3318/19
f 5836/3397/19 5837/3396/19 6478/3396/19 6477/3397/19
f 1417/785/10 937/784/10 6435/784/10 6274/785/10
f 386/730/10 1346/729/10 6252/729/10 6253/730/10
f 6003/3334/23 5842/3333/23 6483/3333/23 6644/3334/23
f 5834/3411/12 5835/3410/12 6476/3410/12 6475/3411/12
f 1416/769/10 936/768/10 6433/768/10 6272/769/10
f 385/714/10 1345/713/10 6250/713/10 6251/714/10
f 1802/887/10 242/886/10 6205/886/10 6404/887/10
f 6001/3350/19 5840/3349/19 6481/3349/19 6642/3350/19
f 5832/3427/19 5833/3426/19 6474/3426/19 6473/3427/19
f 1415/753/10 935/752/10 6431/752/10 6270/753/10
f 384/698/10 1344/697/10 6248/697/10 6249/698/10
f 1801/871/10 241/870/10 6203/870/10 6402/871/10
f 5830/3443/12 5831/3442/12 6472/3442/12 6471/3443/12
f 383/682/10 1343/681/10 6246/681/10 6247/682/10
f 1800/855/18 240/854/18 6201/854/18 6400/855/18
f 1001/829/18 521/828/18 6297/828/18 6136/829/18
f 5828/3237/19 5829/3236/19 6470/3236/19 6469/3237/19
f 794/968/10 1754/967/10 6388/967/10 6389/968/10
f 1799/839/10 239/838/10 6199/838/10 6398/839/10
f 5826/3253/19 5827/3252/19 6468/3252/19 6467/3253/19
f 793/952/18 1753/951/18 6386/951/18 6387/952/18
f 5824/3269/19 5825/3268/19 6466/3268/19 6465/3269/19
f 792/936/10 1752/935/10 6384/935/10 6385/936/10
f 5822/3285/19 5823/3284/19 6464/3284/19 6463/3285/19
f 173/742/18 1133/741/18 6180/741/18 6181/742/18
f 791/920/10 1751/919/10 6382/919/10 6383/920/10
f 5820/3459/19 5821/3458/19 6462/3458/19 6461/3459/19
f 5818/3301/19 5819/3300/19 6460/3300/19 6459/3301/19
f 1202/885/10 722/884/10 6365/884/10 6204/885/10
f 995/989/10 515/988/10 6295/988/10 6134/989/10
f 5816/3381/19 5817/3380/19 6458/3380/19 6457/3381/19
f 1201/869/18 721/868/18 6363/868/18 6202/869/18
f 1613/739/10 413/738/10 6261/738/10 6340/739/10
f 1200/853/10 720/852/10 6361/852/10 6200/853/10
f 5814/3221/19 5811/9/19 6456/9/19 6455/3221/19
f 1199/837/10 719/836/10 6359/836/10 6198/837/10
f 167/902/10 1127/901/10 6178/901/10 6179/902/10
f 578/812/10 1538/811/10 6316/811/10 6317/812/10
f 33/10/20 34/9/20 5811/9/20 5812/10/20
f 577/796/10 1537/795/10 6314/795/10 6315/796/10
f 1607/899/10 407/898/10 6259/898/10 6338/899/10
f 576/780/10 1536/779/10 6312/779/10 6313/780/10
f 36/17/21 5815/17/21 6775/17/21 6454/17/21
f 575/764/18 1535/763/18 6310/763/18 6311/764/18
f 986/720/10 1946/719/10 6452/719/10 6453/720/10
f 35/26/8 33/25/8 5812/25/8 5813/26/8
f 161/822/10 1121/821/10 6176/821/10 6177/822/10
f 985/704/10 1945/703/10 6450/703/10 6451/704/10
f 984/688/18 1944/687/18 6448/687/18 6449/688/18
f 983/672/10 1943/671/10 6446/671/10 6447/672/10
f 1601/819/10 401/818/10 6257/818/10 6336/819/10
f 1394/961/10 914/960/10 6429/960/10 6268/961/10
f 36/17/21 35/18/21 5813/18/21 5815/17/21
f 1393/945/22 913/944/22 6427/944/22 6266/945/22
f 362/890/10 1322/889/10 6244/889/10 6245/890/10
f 155/982/18 1115/981/18 6174/981/18 6175/982/18
f 1392/929/10 912/928/10 6425/928/10 6264/929/10
f 361/874/18 1321/873/18 6242/873/18 6243/874/18
f 1778/807/10 218/806/10 6197/806/10 6396/807/10
f 773/744/10 1733/743/10 6380/743/10 6381/744/10
f 1391/913/10 911/912/10 6423/912/10 6262/913/10
f 360/858/10 1320/857/10 6240/857/10 6241/858/10
f 1777/791/10 217/790/10 6195/790/10 6394/791/10
f 359/842/10 1319/841/10 6238/841/10 6239/842/10
f 1776/775/10 216/774/10 6193/774/10 6392/775/10
f 1595/979/10 395/978/10 6255/978/10 6334/979/10
f 1775/759/18 215/758/18 6191/758/18 6390/759/18
f 767/904/10 1727/903/10 6378/903/10 6379/904/10
f 1178/805/10 698/804/10 6357/804/10 6196/805/10
f 1177/789/10 697/788/10 6355/788/10 6194/789/10
f 146/734/10 1106/733/10 6172/733/10 6173/734/10
f 1176/773/18 696/772/18 6353/772/18 6192/773/18
f 145/718/18 1105/717/18 6170/717/18 6171/718/18
f 1175/757/10 695/756/10 6351/756/10 6190/757/10
f 144/702/18 1104/701/18 6168/701/18 6169/702/18
f 143/686/18 1103/685/18 6166/685/18 6167/686/18
f 1586/731/10 386/730/10 6253/730/10 6332/731/10
f 761/824/10 1721/823/10 6376/823/10 6377/824/10
f 1585/715/10 385/714/10 6251/714/10 6330/715/10
f 554/972/10 1514/971/10 6308/971/10 6309/972/10
f 1584/699/10 384/698/10 6249/698/10 6328/699/10
f 553/956/10 1513/955/10 6306/955/10 6307/956/10
f 1583/683/10 383/682/10 6247/682/10 6326/683/10
f 552/940/18 1512/939/18 6304/939/18 6305/940/18
f 551/924/18 1511/923/18 6302/923/18 6303/924/18
f 962/880/10 1922/879/10 6444/879/10 6445/880/10
f 755/984/10 1715/983/10 6374/983/10 6375/984/10
f 961/864/10 1921/863/10 6442/863/10 6443/864/10
f 1373/737/18 893/736/18 6421/736/18 6260/737/18
f 960/848/10 1920/847/10 6440/847/10 6441/848/10
f 5999/3366/19 5838/3365/19 6479/3365/19 6640/3366/19
f 959/832/18 1919/831/18 6438/831/18 6439/832/18
f 5997/3398/12 5836/3397/12 6477/3397/12 6638/3398/12
f 5995/3412/19 5834/3411/19 6475/3411/19 6636/3412/19
f 5993/3428/12 5832/3427/12 6473/3427/12 6634/3428/12
f 338/810/18 1298/809/18 6236/809/18 6237/810/18
f 5991/3444/19 5830/3443/19 6471/3443/19 6632/3444/19
f 337/794/10 1297/793/10 6234/793/10 6235/794/10
f 1754/967/10 194/966/10 6189/966/10 6388/967/10
f 5989/3238/19 5828/3237/19 6469/3237/19 6630/3238/19
f 1367/897/10 887/896/10 6419/896/10 6258/897/10
f 336/778/10 1296/777/10 6232/777/10 6233/778/10
f 1753/951/10 193/950/10 6187/950/10 6386/951/10
f 5987/3254/19 5826/3253/19 6467/3253/19 6628/3254/19
f 335/762/18 1295/761/18 6230/761/18 6231/762/18
f 1752/935/10 192/934/10 6185/934/10 6384/935/10
f 5985/3270/19 5824/3269/19 6465/3269/19 6626/3270/19
f 1751/919/10 191/918/10 6183/918/10 6382/919/10
f 746/724/10 1706/723/10 6372/723/10 6373/724/10
f 5983/3286/19 5822/3285/19 6463/3285/19 6624/3286/19
f 745/708/18 1705/707/18 6370/707/18 6371/708/18
f 5981/3460/19 5820/3459/19 6461/3459/19 6622/3460/19
f 744/692/18 1704/691/18 6368/691/18 6369/692/18
f 5979/3302/19 5818/3301/19 6459/3301/19 6620/3302/19
f 743/676/10 1703/675/10 6366/675/10 6367/676/10
f 5977/3382/12 5816/3381/12 6457/3381/12 6618/3382/12
f 1361/817/18 881/816/18 6417/816/18 6256/817/18
f 1154/965/10 674/964/10 6349/964/10 6188/965/10
f 5975/3222/19 5814/3221/19 6455/3221/19 6616/3222/19
f 1153/949/10 673/948/10 6347/948/10 6186/949/10
f 122/894/10 1082/893/10 6164/893/10 6165/894/10
f 6132/3489/19 6133/3488/19 6774/3488/19 6773/3489/19
f 1152/933/10 672/932/10 6345/932/10 6184/933/10
f 121/878/10 1081/877/10 6162/877/10 6163/878/10
f 6130/3505/12 6131/3504/12 6772/3504/12 6771/3505/12
f 533/748/18 1493/747/18 6300/747/18 6301/748/18
f 1151/917/10 671/916/10 6343/916/10 6182/917/10
f 120/862/10 1080/861/10 6160/861/10 6161/862/10
f 6128/3521/12 6129/3520/12 6770/3520/12 6769/3521/12
f 119/846/10 1079/845/10 6158/845/10 6159/846/10
f 6126/3537/12 6127/3536/12 6768/3536/12 6767/3537/12
f 1562/891/18 362/890/18 6245/890/18 6324/891/18
f 5851/3490/12 6132/3489/12 6773/3489/12 6492/3490/12
f 6124/3331/19 6125/3330/19 6766/3330/19 6765/3331/19
f 1355/977/10 875/976/10 6415/976/10 6254/977/10
f 1561/875/10 361/874/10 6243/874/10 6322/875/10
f 5849/3506/19 6130/3505/19 6771/3505/19 6490/3506/19
f 6122/3347/12 6123/3346/12 6764/3346/12 6763/3347/12
f 1560/859/18 360/858/18 6241/858/18 6320/859/18
f 1946/719/10 145/718/10 6171/718/10 6452/719/10
f 5847/3522/19 6128/3521/19 6769/3521/19 6488/3522/19
f 6120/3363/12 6121/3362/12 6762/3362/12 6761/3363/12
f 1559/843/10 359/842/10 6239/842/10 6318/843/10
f 1945/703/10 144/702/10 6169/702/10 6450/703/10
f 5815/17/19 6126/3537/19 6767/3537/19 6775/17/19
f 6118/3379/12 6119/3378/12 6760/3378/12 6759/3379/12
f 527/908/10 1487/907/10 6298/907/10 6299/908/10
f 1944/687/10 143/686/10 6167/686/10 6448/687/10
f 5843/3332/12 6124/3331/12 6765/3331/12 6484/3332/12
f 6116/3409/19 6117/3408/19 6758/3408/19 6757/3409/19
f 1943/671/18 36/13/18 6454/13/18 6446/671/18
f 938/800/18 1898/799/18 6436/799/18 6437/800/18
f 5841/3348/19 6122/3347/19 6763/3347/19 6482/3348/19
f 6114/3425/23 6115/3424/23 6756/3424/23 6755/3425/23
f 937/784/18 1897/783/18 6434/783/18 6435/784/18
f 5839/3364/19 6120/3363/19 6761/3363/19 6480/3364/19
f 6112/3441/19 6113/3440/19 6754/3440/19 6753/3441/19
f 936/768/10 1896/767/10 6432/767/10 6433/768/10
f 5817/3380/19 6118/3379/19 6759/3379/19 6458/3380/19
f 6110/3457/19 6111/3456/19 6752/3456/19 6751/3457/19
f 935/752/10 1895/751/10 6430/751/10 6431/752/10
f 5835/3410/19 6116/3409/19 6757/3409/19 6476/3410/19
f 6108/3251/19 6109/3250/19 6750/3250/19 6749/3251/19
f 1733/743/18 173/742/18 6181/742/18 6380/743/18
f 5833/3426/12 6114/3425/12 6755/3425/12 6474/3426/12
f 6106/3267/19 6107/3266/19 6748/3266/19 6747/3267/19
f 1346/729/18 866/728/18 6413/728/18 6252/729/18
f 521/828/10 1481/827/10 6296/827/10 6297/828/10
f 5831/3442/19 6112/3441/19 6753/3441/19 6472/3442/19
f 6104/3283/19 6105/3282/19 6746/3282/19 6745/3283/19
f 5811/9/20 34/9/20 6135/9/20 6456/9/20
f 1345/713/18 865/712/18 6411/712/18 6250/713/18
f 314/970/10 1274/969/10 6228/969/10 6229/970/10
f 5821/3458/19 6110/3457/19 6751/3457/19 6462/3458/19
f 6102/3299/19 6103/3298/19 6744/3298/19 6743/3299/19
f 1344/697/10 864/696/10 6409/696/10 6248/697/10
f 313/954/10 1273/953/10 6226/953/10 6227/954/10
f 5827/3252/19 6108/3251/19 6749/3251/19 6468/3252/19
f 6100/3473/12 6101/3472/12 6742/3472/12 6741/3473/12
f 1343/681/18 863/680/18 6407/680/18 6246/681/18
f 312/938/10 1272/937/10 6224/937/10 6225/938/10
f 5825/3268/19 6106/3267/19 6747/3267/19 6466/3268/19
f 6098/3315/19 6099/3314/19 6740/3314/19 6739/3315/19
f 311/922/10 1271/921/10 6222/921/10 6223/922/10
f 5823/3284/19 6104/3283/19 6745/3283/19 6464/3284/19
f 6096/3395/19 6097/3394/19 6738/3394/19 6737/3395/19
f 722/884/10 1682/883/10 6364/883/10 6365/884/10
f 1727/903/10 167/902/10 6179/902/10 6378/903/10
f 5819/3300/19 6102/3299/19 6743/3299/19 6460/3300/19
f 6094/3235/12 6095/3234/12 6736/3234/12 6735/3235/12
f 515/988/10 1475/987/10 6294/987/10 6295/988/10
f 721/868/10 1681/867/10 6362/867/10 6363/868/10
f 5853/3474/19 6100/3473/19 6741/3473/19 6494/3474/19
f 1133/741/10 653/740/10 6341/740/10 6180/741/10
f 6092/3481/12 6093/3480/12 6734/3480/12 6733/3481/12
f 720/852/10 1680/851/10 6360/851/10 6361/852/10
f 5845/3316/19 6098/3315/19 6739/3315/19 6486/3316/19
f 6090/3497/19 6091/3496/19 6732/3496/19 6731/3497/19
f 719/836/18 1679/835/18 6358/835/18 6359/836/18
f 5837/3396/19 6096/3395/19 6737/3395/19 6478/3396/19
f 6088/3513/19 6089/3512/19 6730/3512/19 6729/3513/19
f 5829/3236/19 6094/3235/19 6735/3235/19 6470/3236/19
f 6086/3529/19 6087/3528/19 6728/3528/19 6727/3529/19
f 5893/3482/19 6092/3481/19 6733/3481/19 6534/3482/19
f 98/814/18 1058/813/18 6156/813/18 6157/814/18
f 6084/3323/12 6085/3322/12 6726/3322/12 6725/3323/12
f 1721/823/10 161/822/10 6177/822/10 6376/823/10
f 5891/3498/12 6090/3497/12 6731/3497/12 6532/3498/12
f 97/798/10 1057/797/10 6154/797/10 6155/798/10
f 6082/3339/12 6083/3338/12 6724/3338/12 6723/3339/12
f 5889/3514/12 6088/3513/12 6729/3513/12 6530/3514/12
f 1127/901/10 647/900/10 6339/900/10 6178/901/10
f 96/782/10 1056/781/10 6152/781/10 6153/782/10
f 6080/3355/19 6081/3354/19 6722/3354/19 6721/3355/19
f 5887/3530/12 6086/3529/12 6727/3529/12 6528/3530/12
f 95/766/18 1055/765/18 6150/765/18 6151/766/18
f 6078/3371/12 6079/3370/12 6720/3370/12 6719/3371/12
f 1538/811/10 338/810/10 6237/810/10 6316/811/10
f 5885/3324/19 6084/3323/19 6725/3323/19 6526/3324/19
f 6076/3403/19 6077/3402/19 6718/3402/19 6717/3403/19
f 1537/795/18 337/794/18 6235/794/18 6314/795/18
f 506/722/10 1466/721/10 6292/721/10 6293/722/10
f 5883/3340/19 6082/3339/19 6723/3339/19 6524/3340/19
f 6074/3417/19 6075/3416/19 6716/3416/19 6715/3417/19
f 1536/779/18 336/778/18 6233/778/18 6312/779/18
f 505/706/10 1465/705/10 6290/705/10 6291/706/10
f 1922/879/10 121/878/10 6163/878/10 6444/879/10
f 5881/3356/12 6080/3355/12 6721/3355/12 6522/3356/12
f 6072/3433/19 6073/3432/19 6714/3432/19 6713/3433/19
f 1535/763/10 335/762/10 6231/762/10 6310/763/10
f 504/690/18 1464/689/18 6288/689/18 6289/690/18
f 1715/983/18 155/982/18 6175/982/18 6374/983/18
f 1921/863/10 120/862/10 6161/862/10 6442/863/10
f 5879/3372/19 6078/3371/19 6719/3371/19 6520/3372/19
f 6070/3449/19 6071/3448/19 6712/3448/19 6711/3449/19
f 503/674/10 1463/673/10 6286/673/10 6287/674/10
f 1920/847/18 119/846/18 6159/846/18 6440/847/18
f 5877/1948/19 6076/3403/19 6717/3403/19 6518/1948/19
f 1121/821/18 641/820/18 6337/820/18 6176/821/18
f 6068/3243/12 6069/3242/12 6710/3242/12 6709/3243/12
f 914/960/10 1874/959/10 6428/959/10 6429/960/10
f 1919/831/10 41/830/10 6137/830/10 6438/831/10
f 5875/3418/12 6074/3417/12 6715/3417/12 6516/3418/12
f 6066/3259/12 6067/3258/12 6708/3258/12 6707/3259/12
f 913/944/18 1873/943/18 6426/943/18 6427/944/18
f 5873/3434/19 6072/3433/19 6713/3433/19 6514/3434/19
f 6064/3275/19 6065/3274/19 6706/3274/19 6705/3275/19
f 912/928/18 1872/927/18 6424/927/18 6425/928/18
f 5871/3450/12 6070/3449/12 6711/3449/12 6512/3450/12
f 6062/3291/19 6063/3290/19 6704/3290/19 6703/3291/19
f 293/746/10 1253/745/10 6220/745/10 6221/746/10
f 911/912/18 1871/911/18 6422/911/18 6423/912/18
f 5869/3244/19 6068/3243/19 6709/3243/19 6510/3244/19
f 6060/3465/19 6061/3464/19 6702/3464/19 6701/3465/19
f 5867/3260/19 6066/3259/19 6707/3259/19 6508/3260/19
f 6058/3307/19 6059/3306/19 6700/3306/19 6699/3307/19
f 6318/843/5 6239/842/5 6560/842/5 6639/843/5
f 6261/738/5 6260/737/5 6581/737/5 6582/738/5
f 6218/905/5 6379/904/5 6700/904/5 6539/905/5
f 6320/859/5 6241/858/5 6562/858/5 6641/859/5
f 6431/752/5 6430/751/5 6751/751/5 6752/752/5
f 6327/684/5 6326/683/5 6647/683/5 6648/684/5
f 6414/975/5 6149/974/5 6470/974/5 6735/975/5
f 6322/875/5 6243/874/5 6564/874/5 6643/875/5
f 6433/768/5 6432/767/5 6753/767/5 6754/768/5
f 6223/922/5 6222/921/5 6543/921/5 6544/922/5
f 6329/700/5 6328/699/5 6649/699/5 6650/700/5
f 6324/891/5 6245/890/5 6566/890/5 6645/891/5
f 6435/784/5 6434/783/5 6755/783/5 6756/784/5
f 6225/938/5 6224/937/5 6545/937/5 6546/938/5
f 6331/716/5 6330/715/5 6651/715/5 6652/716/5
f 6297/828/5 6296/827/5 6617/827/5 6618/828/5
f 6380/743/5 6181/742/5 6502/742/5 6701/743/5
f 6437/800/5 6436/799/5 6757/799/5 6758/800/5
f 6254/977/5 6415/976/5 6736/976/5 6575/977/5
f 6227/954/5 6226/953/5 6547/953/5 6548/954/5
f 6333/732/5 6332/731/5 6653/731/5 6654/732/5
f 6229/970/5 6228/969/5 6549/969/5 6550/970/5
f 6446/671/5 6454/13/5 6775/13/5 6767/671/5
f 6220/745/5 6381/744/5 6702/744/5 6541/745/5
f 6448/687/5 6167/686/5 6488/686/5 6769/687/5
f 6450/703/5 6169/702/5 6490/702/5 6771/703/5
f 6416/815/5 6157/814/5 6478/814/5 6737/815/5
f 6286/673/5 6447/672/5 6768/672/5 6607/673/5
f 6452/719/5 6171/718/5 6492/718/5 6773/719/5
f 6182/917/5 6343/916/5 6664/916/5 6503/917/5
f 6288/689/5 6449/688/5 6770/688/5 6609/689/5
f 6399/840/5 6398/839/5 6719/839/5 6720/840/5
f 6184/933/5 6345/932/5 6666/932/5 6505/933/5
f 6299/908/5 6298/907/5 6619/907/5 6620/908/5
f 6290/705/5 6451/704/5 6772/704/5 6611/705/5
f 6256/817/5 6417/816/5 6738/816/5 6577/817/5
f 6401/856/5 6400/855/5 6721/855/5 6722/856/5
f 6191/758/5 6190/757/5 6511/757/5 6512/758/5
f 6186/949/5 6347/948/5 6668/948/5 6507/949/5
f 6292/721/5 6453/720/5 6774/720/5 6613/721/5
f 6403/872/5 6402/871/5 6723/871/5 6724/872/5
f 6193/774/5 6192/773/5 6513/773/5 6514/774/5
f 6188/965/5 6349/964/5 6670/964/5 6509/965/5
f 6405/888/5 6404/887/5 6725/887/5 6726/888/5
f 6195/790/5 6194/789/5 6515/789/5 6516/790/5
f 6197/806/5 6196/805/5 6517/805/5 6518/806/5
f 6335/980/5 6334/979/5 6655/979/5 6656/980/5
f 6418/895/5 6165/894/5 6486/894/5 6739/895/5
f 6301/748/5 6300/747/5 6621/747/5 6622/748/5
f 6258/897/5 6419/896/5 6740/896/5 6579/897/5
f 6150/765/5 6311/764/5 6632/764/5 6471/765/5
f 6367/676/5 6366/675/5 6687/675/5 6688/676/5
f 6152/781/5 6313/780/5 6634/780/5 6473/781/5
f 6263/914/5 6262/913/5 6583/913/5 6584/914/5
f 6369/692/5 6368/691/5 6689/691/5 6690/692/5
f 6159/846/5 6158/845/5 6479/845/5 6480/846/5
f 6154/797/5 6315/796/5 6636/796/5 6475/797/5
f 6265/930/5 6264/929/5 6585/929/5 6586/930/5
f 6371/708/5 6370/707/5 6691/707/5 6692/708/5
f 6337/820/5 6336/819/5 6657/819/5 6658/820/5
f 6161/862/5 6160/861/5 6481/861/5 6482/862/5
f 6420/735/5 6173/734/5 6494/734/5 6741/735/5
f 6156/813/5 6317/812/5 6638/812/5 6477/813/5
f 6294/987/5 6215/986/5 6536/986/5 6615/987/5
f 6267/946/5 6266/945/5 6587/945/5 6588/946/5
f 6373/724/5 6372/723/5 6693/723/5 6694/724/5
f 6163/878/5 6162/877/5 6483/877/5 6484/878/5
f 6269/962/5 6268/961/5 6589/961/5 6590/962/5
f 6165/894/5 6164/893/5 6485/893/5 6486/894/5
f 6382/919/5 6183/918/5 6504/918/5 6703/919/5
f 6260/737/5 6421/736/5 6742/736/5 6581/737/5
f 6384/935/5 6185/934/5 6506/934/5 6705/935/5
f 6326/683/5 6247/682/5 6568/682/5 6647/683/5
f 6386/951/5 6187/950/5 6508/950/5 6707/951/5
f 6222/921/5 6383/920/5 6704/920/5 6543/921/5
f 6328/699/5 6249/698/5 6570/698/5 6649/699/5
f 6388/967/5 6189/966/5 6510/966/5 6709/967/5
f 6439/832/5 6438/831/5 6759/831/5 6760/832/5
f 6224/937/5 6385/936/5 6706/936/5 6545/937/5
f 6339/900/5 6338/899/5 6659/899/5 6660/900/5
f 6330/715/5 6251/714/5 6572/714/5 6651/715/5
f 6296/827/5 6217/826/5 6538/826/5 6617/827/5
f 6441/848/5 6440/847/5 6761/847/5 6762/848/5
f 6231/762/5 6230/761/5 6551/761/5 6552/762/5
f 6226/953/5 6387/952/5 6708/952/5 6547/953/5
f 6332/731/5 6253/730/5 6574/730/5 6653/731/5
f 6443/864/5 6442/863/5 6763/863/5 6764/864/5
f 6233/778/5 6232/777/5 6553/777/5 6554/778/5
f 6228/969/5 6389/968/5 6710/968/5 6549/969/5
f 6445/880/5 6444/879/5 6765/879/5 6766/880/5
f 6235/794/5 6234/793/5 6555/793/5 6556/794/5
f 6237/810/5 6236/809/5 6557/809/5 6558/810/5
f 6375/984/5 6374/983/5 6695/983/5 6696/984/5
f 6341/740/5 6340/739/5 6661/739/5 6662/740/5
f 6298/907/5 6219/906/5 6540/906/5 6619/907/5
f 6354/787/5 6275/786/5 6596/786/5 6675/787/5
f 6190/757/5 6351/756/5 6672/756/5 6511/757/5
f 6356/803/5 6277/802/5 6598/802/5 6677/803/5
f 6407/680/5 6406/679/5 6727/679/5 6728/680/5
f 6192/773/5 6353/772/5 6674/772/5 6513/773/5
f 6303/924/5 6302/923/5 6623/923/5 6624/924/5
f 6409/696/5 6408/695/5 6729/695/5 6730/696/5
f 6199/838/5 6198/837/5 6519/837/5 6520/838/5
f 6194/789/5 6355/788/5 6676/788/5 6515/789/5
f 6305/940/5 6304/939/5 6625/939/5 6626/940/5
f 6411/712/5 6410/711/5 6731/711/5 6732/712/5
f 6377/824/5 6376/823/5 6697/823/5 6698/824/5
f 6201/854/5 6200/853/5 6521/853/5 6522/854/5
f 6196/805/5 6357/804/5 6678/804/5 6517/805/5
f 6334/979/5 6255/978/5 6576/978/5 6655/979/5
f 6307/956/5 6306/955/5 6627/955/5 6628/956/5
f 6413/728/5 6412/727/5 6733/727/5 6734/728/5
f 6203/870/5 6202/869/5 6523/869/5 6524/870/5
f 6309/972/5 6308/971/5 6629/971/5 6630/972/5
f 6135/14/5 6134/989/5 6455/989/5 6456/14/5
f 6205/886/5 6204/885/5 6525/885/5 6526/886/5
f 6422/911/5 6139/910/5 6460/910/5 6743/911/5
f 6300/747/5 6221/746/5 6542/746/5 6621/747/5
f 6424/927/5 6143/926/5 6464/926/5 6745/927/5
f 6426/943/5 6145/942/5 6466/942/5 6747/943/5
f 6262/913/5 6423/912/5 6744/912/5 6583/913/5
f 6428/959/5 6147/958/5 6468/958/5 6749/959/5
f 6158/845/5 6319/844/5 6640/844/5 6479/845/5
f 6264/929/5 6425/928/5 6746/928/5 6585/929/5
f 6379/904/5 6378/903/5 6699/903/5 6700/904/5
f 6336/819/5 6257/818/5 6578/818/5 6657/819/5
f 6160/861/5 6321/860/5 6642/860/5 6481/861/5
f 6271/754/5 6270/753/5 6591/753/5 6592/754/5
f 6266/945/5 6427/944/5 6748/944/5 6587/945/5
f 6167/686/5 6166/685/5 6487/685/5 6488/686/5
f 6162/877/5 6323/876/5 6644/876/5 6483/877/5
f 6273/770/5 6272/769/5 6593/769/5 6594/770/5
f 6268/961/5 6429/960/5 6750/960/5 6589/961/5
f 6169/702/5 6168/701/5 6489/701/5 6490/702/5
f 6164/893/5 6325/892/5 6646/892/5 6485/893/5
f 6275/786/5 6274/785/5 6595/785/5 6596/786/5
f 6171/718/5 6170/717/5 6491/717/5 6492/718/5
f 6137/830/5 6136/829/5 6457/829/5 6458/830/5
f 6277/802/5 6276/801/5 6597/801/5 6598/802/5
f 6415/976/5 6414/975/5 6735/975/5 6736/976/5
f 6173/734/5 6172/733/5 6493/733/5 6494/734/5
f 6390/759/5 6191/758/5 6512/758/5 6711/759/5
f 6392/775/5 6193/774/5 6514/774/5 6713/775/5
f 6381/744/5 6380/743/5 6701/743/5 6702/744/5
f 6338/899/5 6259/898/5 6580/898/5 6659/899/5
f 6394/791/5 6195/790/5 6516/790/5 6715/791/5
f 6230/761/5 6391/760/5 6712/760/5 6551/761/5
f 6396/807/5 6197/806/5 6518/806/5 6717/807/5
f 6447/672/5 6446/671/5 6767/671/5 6768/672/5
f 6232/777/5 6393/776/5 6714/776/5 6553/777/5
f 6343/916/5 6342/915/5 6663/915/5 6664/916/5
f 6449/688/5 6448/687/5 6769/687/5 6770/688/5
f 6239/842/5 6238/841/5 6559/841/5 6560/842/5
f 6234/793/5 6395/792/5 6716/792/5 6555/793/5
f 6345/932/5 6344/931/5 6665/931/5 6666/932/5
f 6139/910/5 6138/909/5 6459/909/5 6460/910/5
f 6451/704/5 6450/703/5 6771/703/5 6772/704/5
f 6417/816/5 6416/815/5 6737/815/5 6738/816/5
f 6241/858/5 6240/857/5 6561/857/5 6562/858/5
f 6236/809/5 6397/808/5 6718/808/5 6557/809/5
f 6347/948/5 6346/947/5 6667/947/5 6668/948/5
f 6453/720/5 6452/719/5 6773/719/5 6774/720/5
f 6243/874/5 6242/873/5 6563/873/5 6564/874/5
f 6349/964/5 6348/963/5 6669/963/5 6670/964/5
f 6245/890/5 6244/889/5 6565/889/5 6566/890/5
f 6340/739/5 6261/738/5 6582/738/5 6661/739/5
f 6358/835/5 6279/834/5 6600/834/5 6679/835/5
f 6175/982/5 6174/981/5 6495/981/5 6496/982/5
f 6360/851/5 6281/850/5 6602/850/5 6681/851/5
f 6302/923/5 6223/922/5 6544/922/5 6623/923/5
f 6362/867/5 6283/866/5 6604/866/5 6683/867/5
f 6198/837/5 6359/836/5 6680/836/5 6519/837/5
f 6141/750/5 6140/749/5 6461/749/5 6462/750/5
f 6304/939/5 6225/938/5 6546/938/5 6625/939/5
f 6364/883/5 6285/882/5 6606/882/5 6685/883/5
f 6419/896/5 6418/895/5 6739/895/5 6740/896/5
f 6200/853/5 6361/852/5 6682/852/5 6521/853/5
f 6311/764/5 6310/763/5 6631/763/5 6632/764/5
f 6306/955/5 6227/954/5 6548/954/5 6627/955/5
f 6207/678/5 6206/677/5 6527/677/5 6528/678/5
f 6202/869/5 6363/868/5 6684/868/5 6523/869/5
f 6313/780/5 6312/779/5 6633/779/5 6634/780/5
f 6308/971/5 6229/970/5 6550/970/5 6629/971/5
f 6209/694/5 6208/693/5 6529/693/5 6530/694/5
f 6204/885/5 6365/884/5 6686/884/5 6525/885/5
f 6315/796/5 6314/795/5 6635/795/5 6636/796/5
f 6211/710/5 6210/709/5 6531/709/5 6532/710/5
f 6177/822/5 6176/821/5 6497/821/5 6498/822/5
f 6317/812/5 6316/811/5 6637/811/5 6638/812/5
f 6134/989/5 6295/988/5 6616/988/5 6455/989/5
f 6213/726/5 6212/725/5 6533/725/5 6534/726/5
f 6430/751/5 6141/750/5 6462/750/5 6751/751/5
f 6432/767/5 6151/766/5 6472/766/5 6753/767/5
f 6421/736/5 6420/735/5 6741/735/5 6742/736/5
f 6434/783/5 6153/782/5 6474/782/5 6755/783/5
f 6270/753/5 6431/752/5 6752/752/5 6591/753/5
f 6436/799/5 6155/798/5 6476/798/5 6757/799/5
f 6166/685/5 6327/684/5 6648/684/5 6487/685/5
f 6272/769/5 6433/768/5 6754/768/5 6593/769/5
f 6383/920/5 6382/919/5 6703/919/5 6704/920/5
f 6168/701/5 6329/700/5 6650/700/5 6489/701/5
f 6279/834/5 6278/833/5 6599/833/5 6600/834/5
f 6274/785/5 6435/784/5 6756/784/5 6595/785/5
f 6385/936/5 6384/935/5 6705/935/5 6706/936/5
f 6179/902/5 6178/901/5 6499/901/5 6500/902/5
f 6170/717/5 6331/716/5 6652/716/5 6491/717/5
f 6136/829/5 6297/828/5 6618/828/5 6457/829/5
f 6281/850/5 6280/849/5 6601/849/5 6602/850/5
f 6276/801/5 6437/800/5 6758/800/5 6597/801/5
f 6387/952/5 6386/951/5 6707/951/5 6708/952/5
f 6172/733/5 6333/732/5 6654/732/5 6493/733/5
f 6283/866/5 6282/865/5 6603/865/5 6604/866/5
f 6389/968/5 6388/967/5 6709/967/5 6710/968/5
f 6285/882/5 6284/881/5 6605/881/5 6606/882/5
f 6398/839/5 6199/838/5 6520/838/5 6719/839/5
f 6215/986/5 6214/985/5 6535/985/5 6536/986/5
f 6400/855/5 6201/854/5 6522/854/5 6721/855/5
f 6342/915/5 6263/914/5 6584/914/5 6663/915/5
f 6402/871/5 6203/870/5 6524/870/5 6723/871/5
f 6238/841/5 6399/840/5 6720/840/5 6559/841/5
f 6181/742/5 6180/741/5 6501/741/5 6502/742/5
f 6344/931/5 6265/930/5 6586/930/5 6665/931/5
f 6404/887/5 6205/886/5 6526/886/5 6725/887/5
f 6138/909/5 6299/908/5 6620/908/5 6459/909/5
f 6240/857/5 6401/856/5 6722/856/5 6561/857/5
f 6351/756/5 6350/755/5 6671/755/5 6672/756/5
f 6346/947/5 6267/946/5 6588/946/5 6667/947/5
f 6247/682/5 6246/681/5 6567/681/5 6568/682/5
f 6242/873/5 6403/872/5 6724/872/5 6563/873/5
f 6353/772/5 6352/771/5 6673/771/5 6674/772/5
f 6348/963/5 6269/962/5 6590/962/5 6669/963/5
f 6143/926/5 6142/925/5 6463/925/5 6464/926/5
f 6249/698/5 6248/697/5 6569/697/5 6570/698/5
f 6244/889/5 6405/888/5 6726/888/5 6565/889/5
f 6355/788/5 6354/787/5 6675/787/5 6676/788/5
f 6145/942/5 6144/941/5 6465/941/5 6466/942/5
f 6251/714/5 6250/713/5 6571/713/5 6572/714/5
f 6217/826/5 6216/825/5 6537/825/5 6538/826/5
f 6357/804/5 6356/803/5 6677/803/5 6678/804/5
f 6174/981/5 6335/980/5 6656/980/5 6495/981/5
f 6147/958/5 6146/957/5 6467/957/5 6468/958/5
f 6253/730/5 6252/729/5 6573/729/5 6574/730/5
f 6149/974/5 6148/973/5 6469/973/5 6470/974/5
f 6366/675/5 6287/674/5 6608/674/5 6687/675/5
f 6140/749/5 6301/748/5 6622/748/5 6461/749/5
f 6368/691/5 6289/690/5 6610/690/5 6689/691/5
f 6310/763/5 6231/762/5 6552/762/5 6631/763/5
f 6370/707/5 6291/706/5 6612/706/5 6691/707/5
f 6206/677/5 6367/676/5 6688/676/5 6527/677/5
f 6312/779/5 6233/778/5 6554/778/5 6633/779/5
f 6372/723/5 6293/722/5 6614/722/5 6693/723/5
f 6423/912/5 6422/911/5 6743/911/5 6744/912/5
f 6208/693/5 6369/692/5 6690/692/5 6529/693/5
f 6319/844/5 6318/843/5 6639/843/5 6640/844/5
f 6314/795/5 6235/794/5 6556/794/5 6635/795/5
f 6425/928/5 6424/927/5 6745/927/5 6746/928/5
f 6219/906/5 6218/905/5 6539/905/5 6540/906/5
f 6210/709/5 6371/708/5 6692/708/5 6531/709/5
f 6176/821/5 6337/820/5 6658/820/5 6497/821/5
f 6321/860/5 6320/859/5 6641/859/5 6642/860/5
f 6316/811/5 6237/810/5 6558/810/5 6637/811/5
f 6427/944/5 6426/943/5 6747/943/5 6748/944/5
f 6212/725/5 6373/724/5 6694/724/5 6533/725/5
f 6323/876/5 6322/875/5 6643/875/5 6644/876/5
f 6429/960/5 6428/959/5 6749/959/5 6750/960/5
f 6325/892/5 6324/891/5 6645/891/5 6646/892/5
f 6438/831/5 6137/830/5 6458/830/5 6759/831/5
f 6255/978/5 6254/977/5 6575/977/5 6576/978/5
f 6440/847/5 6159/846/5 6480/846/5 6761/847/5
f 6442/863/5 6161/862/5 6482/862/5 6763/863/5
f 6278/833/5 6439/832/5 6760/832/5 6599/833/5
f 6221/746/5 6220/745/5 6541/745/5 6542/746/5
f 6444/879/5 6163/878/5 6484/878/5 6765/879/5
f 6178/901/5 6339/900/5 6660/900/5 6499/901/5
f 6280/849/5 6441/848/5 6762/848/5 6601/849/5
f 6391/760/5 6390/759/5 6711/759/5 6712/760/5
f 6287/674/5 6286/673/5 6607/673/5 6608/674/5
f 6374/983/5 6175/982/5 6496/982/5 6695/983/5
f 6282/865/5 6443/864/5 6764/864/5 6603/865/5
f 6393/776/5 6392/775/5 6713/775/5 6714/776/5
f 6183/918/5 6182/917/5 6503/917/5 6504/918/5
f 6289/690/5 6288/689/5 6609/689/5 6610/690/5
f 6284/881/5 6445/880/5 6766/880/5 6605/881/5
f 6395/792/5 6394/791/5 6715/791/5 6716/792/5
f 6185/934/5 6184/933/5 6505/933/5 6506/934/5
f 6291/706/5 6290/705/5 6611/705/5 6612/706/5
f 6257/818/5 6256/817/5 6577/817/5 6578/818/5
f 6397/808/5 6396/807/5 6717/807/5 6718/808/5
f 6214/985/5 6375/984/5 6696/984/5 6535/985/5
f 6187/950/5 6186/949/5 6507/949/5 6508/950/5
f 6293/722/5 6292/721/5 6613/721/5 6614/722/5
f 6189/966/5 6188/965/5 6509/965/5 6510/966/5
f 6406/679/5 6207/678/5 6528/678/5 6727/679/5
f 6180/741/5 6341/740/5 6662/740/5 6501/741/5
f 6408/695/5 6209/694/5 6530/694/5 6729/695/5
f 6350/755/5 6271/754/5 6592/754/5 6671/755/5
f 6410/711/5 6211/710/5 6532/710/5 6731/711/5
f 6376/823/5 6177/822/5 6498/822/5 6697/823/5
f 6246/681/5 6407/680/5 6728/680/5 6567/681/5
f 6352/771/5 6273/770/5 6594/770/5 6673/771/5
f 6412/727/5 6213/726/5 6534/726/5 6733/727/5
f 6142/925/5 6303/924/5 6624/924/5 6463/925/5
f 6248/697/5 6409/696/5 6730/696/5 6569/697/5
f 6359/836/5 6358/835/5 6679/835/5 6680/836/5
f 6144/941/5 6305/940/5 6626/940/5 6465/941/5
f 6259/898/5 6258/897/5 6579/897/5 6580/898/5
f 6250/713/5 6411/712/5 6732/712/5 6571/713/5
f 6216/825/5 6377/824/5 6698/824/5 6537/825/5
f 6361/852/5 6360/851/5 6681/851/5 6682/852/5
f 6151/766/5 6150/765/5 6471/765/5 6472/766/5
f 6146/957/5 6307/956/5 6628/956/5 6467/957/5
f 6252/729/5 6413/728/5 6734/728/5 6573/729/5
f 6363/868/5 6362/867/5 6683/867/5 6684/868/5
f 6153/782/5 6152/781/5 6473/781/5 6474/782/5
f 6148/973/5 6309/972/5 6630/972/5 6469/973/5
f 6365/884/5 6364/883/5 6685/883/5 6686/884/5
f 6155/798/5 6154/797/5 6475/797/5 6476/798/5
f 6157/814/5 6156/813/5 6477/813/5 6478/814/5
f 6295/988/5 6294/987/5 6615/987/5 6616/988/5
f 6378/903/5 6179/902/5 6500/902/5 6699/903/5
f 6045/3326/19 5884/3325/19 6525/3325/19 6686/3326/19
f 1824/695/18 264/694/18 6209/694/18 6408/695/18
f 407/898/10 1367/897/10 6258/897/10 6259/898/10
f 5878/3373/19 5879/3372/19 6520/3372/19 6519/3373/19
f 6047/3532/12 5886/3531/12 6527/3531/12 6688/3532/12
f 1825/711/10 265/710/10 6211/710/10 6410/711/10
f 1439/833/10 959/832/10 6439/832/10 6278/833/10
f 5880/3357/19 5881/3356/19 6522/3356/19 6521/3357/19
f 6049/3516/19 5888/3515/19 6529/3515/19 6690/3516/19
f 1826/727/10 266/726/10 6213/726/10 6412/727/10
f 1440/849/10 960/848/10 6441/848/10 6280/849/10
f 5882/3341/19 5883/3340/19 6524/3340/19 6523/3341/19
f 6051/3500/19 5890/3499/19 6531/3499/19 6692/3500/19
f 1441/865/10 961/864/10 6443/864/10 6282/865/10
f 1235/985/10 755/984/10 6375/984/10 6214/985/10
f 5884/3325/19 5885/3324/19 6526/3324/19 6525/3325/19
f 6053/3484/19 5892/3483/19 6533/3483/19 6694/3484/19
f 1442/881/10 962/880/10 6445/880/10 6284/881/10
f 5886/3531/19 5887/3530/19 6528/3530/19 6527/3531/19
f 6055/3226/19 5894/3225/19 6535/3225/19 6696/3226/19
f 5888/3515/19 5889/3514/19 6530/3514/19 6529/3515/19
f 1031/925/10 551/924/10 6303/924/10 6142/925/10
f 6057/3386/12 5896/3385/12 6537/3385/12 6698/3386/12
f 413/738/10 1373/737/10 6260/737/10 6261/738/10
f 5890/3499/19 5891/3498/19 6532/3498/19 6531/3499/19
f 1032/941/18 552/940/18 6305/940/18 6144/941/18
f 6059/3306/19 5898/3305/19 6539/3305/19 6700/3306/19
f 5892/3483/12 5893/3482/12 6534/3482/12 6533/3483/12
f 1033/957/10 553/956/10 6307/956/10 6146/957/10
f 6061/3464/12 5900/3463/12 6541/3463/12 6702/3464/12
f 5894/3225/19 5895/3224/19 6536/3224/19 6535/3225/19
f 1034/973/10 554/972/10 6309/972/10 6148/973/10
f 6063/3290/19 5902/3289/19 6543/3289/19 6704/3290/19
f 1241/825/18 761/824/18 6377/824/18 6216/825/18
f 5896/3385/19 5897/3384/19 6538/3384/19 6537/3385/19
f 6065/3274/12 5904/3273/12 6545/3273/12 6706/3274/12
f 623/684/18 1583/683/18 6326/683/18 6327/684/18
f 5898/3305/19 5899/3304/19 6540/3304/19 6539/3305/19
f 6067/3258/19 5906/3257/19 6547/3257/19 6708/3258/19
f 1835/975/10 74/974/10 6149/974/10 6414/975/10
f 624/700/10 1584/699/10 6328/699/10 6329/700/10
f 1655/755/18 455/754/18 6271/754/18 6350/755/18
f 5900/3463/19 5901/3462/19 6542/3462/19 6541/3463/19
f 6069/3242/19 5908/3241/19 6549/3241/19 6710/3242/19
f 625/716/10 1585/715/10 6330/715/10 6331/716/10
f 1656/771/10 456/770/10 6273/770/10 6352/771/10
f 5902/3289/19 5903/3288/19 6544/3288/19 6543/3289/19
f 6071/3448/12 5910/3447/12 6551/3447/12 6712/3448/12
f 626/732/18 1586/731/18 6332/731/18 6333/732/18
f 5904/3273/19 5905/3272/19 6546/3272/19 6545/3273/19
f 6073/3432/19 5912/3431/19 6553/3431/19 6714/3432/19
f 215/758/10 1175/757/10 6190/757/10 6191/758/10
f 5906/3257/19 5907/3256/19 6548/3256/19 6547/3257/19
f 6075/3416/19 5914/3415/19 6555/3415/19 6716/3416/19
f 216/774/10 1176/773/10 6192/773/10 6193/774/10
f 1247/905/10 767/904/10 6379/904/10 6218/905/10
f 5908/3241/12 5909/3240/12 6550/3240/12 6549/3241/12
f 6077/3402/19 5916/3401/19 6557/3401/19 6718/3402/19
f 217/790/10 1177/789/10 6194/789/10 6195/790/10
f 5910/3447/19 5911/3446/19 6552/3446/19 6551/3447/19
f 6079/3370/19 5918/3369/19 6559/3369/19 6720/3370/19
f 1841/815/10 98/814/10 6157/814/10 6416/815/10
f 218/806/18 1178/805/18 6196/805/18 6197/806/18
f 5912/3431/19 5913/3430/19 6554/3430/19 6553/3431/19
f 6081/3354/19 5920/3353/19 6561/3353/19 6722/3354/19
f 5914/3415/19 5915/3414/19 6556/3414/19 6555/3415/19
f 6083/3338/19 5922/3337/19 6563/3337/19 6724/3338/19
f 5916/3401/12 5917/3400/12 6558/3400/12 6557/3401/12
f 6085/3322/19 5924/3321/19 6565/3321/19 6726/3322/19
f 839/840/18 1799/839/18 6398/839/18 6399/840/18
f 5918/3369/19 5919/3368/19 6560/3368/19 6559/3369/19
f 6087/3528/12 5926/3527/12 6567/3527/12 6728/3528/12
f 840/856/10 1800/855/10 6400/855/10 6401/856/10
f 1253/745/10 773/744/10 6381/744/10 6220/745/10
f 5920/3353/19 5921/3352/19 6562/3352/19 6561/3353/19
f 6089/3512/19 5928/3511/19 6569/3511/19 6730/3512/19
f 841/872/10 1801/871/10 6402/871/10 6403/872/10
f 635/980/10 1595/979/10 6334/979/10 6335/980/10
f 5922/3337/19 5923/3336/19 6564/3336/19 6563/3337/19
f 6091/3496/12 5930/3495/12 6571/3495/12 6732/3496/12
f 842/888/10 1802/887/10 6404/887/10 6405/888/10
f 1847/895/10 122/894/10 6165/894/10 6418/895/10
f 5924/3321/19 5925/3320/19 6566/3320/19 6565/3321/19
f 6093/3480/19 5932/3479/19 6573/3479/19 6734/3480/19
f 431/914/10 1391/913/10 6262/913/10 6263/914/10
f 5926/3527/19 5927/3526/19 6568/3526/19 6567/3527/19
f 6095/3234/19 5934/3233/19 6575/3233/19 6736/3234/19
f 432/930/10 1392/929/10 6264/929/10 6265/930/10
f 1463/673/18 983/672/18 6447/672/18 6286/673/18
f 5928/3511/12 5929/3510/12 6570/3510/12 6569/3511/12
f 6097/3394/12 5936/3393/12 6577/3393/12 6738/3394/12
f 433/946/18 1393/945/18 6266/945/18 6267/946/18
f 1464/689/10 984/688/10 6449/688/10 6288/689/10
f 5930/3495/19 5931/3494/19 6572/3494/19 6571/3495/19
f 6099/3314/19 5938/3313/19 6579/3313/19 6740/3314/19
f 434/962/10 1394/961/10 6268/961/10 6269/962/10
f 1465/705/10 985/704/10 6451/704/10 6290/705/10
f 5932/3479/19 5933/3478/19 6574/3478/19 6573/3479/19
f 6101/3472/19 5940/3471/19 6581/3471/19 6742/3472/19
f 641/820/10 1601/819/10 6336/819/10 6337/820/10
f 1466/721/18 986/720/18 6453/720/18 6292/721/18
f 5934/3233/19 5935/3232/19 6576/3232/19 6575/3233/19
f 6103/3298/19 5942/3297/19 6583/3297/19 6744/3298/19
f 1853/735/10 146/734/10 6173/734/10 6420/735/10
f 5936/3393/19 5937/3392/19 6578/3392/19 6577/3393/19
f 1055/765/10 575/764/10 6311/764/10 6150/765/10
f 6105/3282/19 5944/3281/19 6585/3281/19 6746/3282/19
f 5938/3313/19 5939/3312/19 6580/3312/19 6579/3313/19
f 1056/781/10 576/780/10 6313/780/10 6152/781/10
f 6107/3266/19 5946/3265/19 6587/3265/19 6748/3266/19
f 5940/3471/12 5941/3470/12 6582/3470/12 6581/3471/12
f 1057/797/10 577/796/10 6315/796/10 6154/797/10
f 6109/3250/19 5948/3249/19 6589/3249/19 6750/3250/19
f 5942/3297/19 5943/3296/19 6584/3296/19 6583/3297/19
f 1058/813/10 578/812/10 6317/812/10 6156/813/10
f 6111/3456/12 5950/3455/12 6591/3455/12 6752/3456/12
f 5944/3281/19 5945/3280/19 6586/3280/19 6585/3281/19
f 6113/3440/12 5952/3439/12 6593/3439/12 6754/3440/12
f 647/900/10 1607/899/10 6338/899/10 6339/900/10
f 5946/3265/19 5947/3264/19 6588/3264/19 6587/3265/19
f 6115/3424/12 5954/3423/12 6595/3423/12 6756/3424/12
f 5948/3249/19 5949/3248/19 6590/3248/19 6589/3249/19
f 6117/3408/19 5956/3407/19 6597/3407/19 6758/3408/19
f 5950/3455/19 5951/3454/19 6592/3454/19 6591/3455/19
f 6119/3378/19 5958/3377/19 6599/3377/19 6760/3378/19
f 1475/987/10 275/986/10 6215/986/10 6294/987/10
f 5952/3439/19 5953/3438/19 6594/3438/19 6593/3439/19
f 6121/3362/19 5960/3361/19 6601/3361/19 6762/3362/19
f 239/838/10 1199/837/10 6198/837/10 6199/838/10
f 34/14/10 995/989/10 6134/989/10 6135/14/10
f 5954/3423/19 5955/3422/19 6596/3422/19 6595/3423/19
f 6123/3346/19 5962/3345/19 6603/3345/19 6764/3346/19
f 1657/787/18 457/786/18 6275/786/18 6354/787/18
f 240/854/10 1200/853/10 6200/853/10 6201/854/10
f 1271/921/10 791/920/10 6383/920/10 6222/921/10
f 5956/3407/12 5957/3406/12 6598/3406/12 6597/3407/12
f 6125/3330/19 5964/3329/19 6605/3329/19 6766/3330/19
f 653/740/10 1613/739/10 6340/739/10 6341/740/10
f 1658/803/10 458/802/10 6277/802/10 6356/803/10
f 241/870/10 1201/869/10 6202/869/10 6203/870/10
f 1272/937/10 792/936/10 6385/936/10 6224/937/10
f 5958/3377/19 5959/3376/19 6600/3376/19 6599/3377/19
f 6127/3536/19 5966/3535/19 6607/3535/19 6768/3536/19
f 242/886/10 1202/885/10 6204/885/10 6205/886/10
f 1273/953/18 793/952/18 6387/952/18 6226/953/18
f 5960/3361/19 5961/3360/19 6602/3360/19 6601/3361/19
f 6129/3520/19 5968/3519/19 6609/3519/19 6770/3520/19
f 1274/969/18 794/968/18 6389/968/18 6228/969/18
f 5962/3345/19 5963/3344/19 6604/3344/19 6603/3345/19
f 6131/3504/19 5970/3503/19 6611/3503/19 6772/3504/19
f 1481/827/10 281/826/10 6217/826/10 6296/827/10
f 5964/3329/19 5965/3328/19 6606/3328/19 6605/3329/19
f 6133/3488/19 5972/3487/19 6613/3487/19 6774/3488/19
f 863/680/10 1823/679/10 6406/679/10 6407/680/10
f 5966/3535/19 5967/3534/19 6608/3534/19 6607/3535/19
f 5895/3224/19 5974/3223/19 6615/3223/19 6536/3224/19
f 864/696/10 1824/695/10 6408/695/10 6409/696/10
f 5968/3519/19 5969/3518/19 6610/3518/19 6609/3519/19
f 5897/3384/19 5976/3383/19 6617/3383/19 6538/3384/19
f 865/712/10 1825/711/10 6410/711/10 6411/712/10
f 5970/3503/12 5971/3502/12 6612/3502/12 6611/3503/12
f 41/830/10 1001/829/10 6136/829/10 6137/830/10
f 5899/3304/19 5978/3303/19 6619/3303/19 6540/3304/19
f 866/728/18 1826/727/18 6412/727/18 6413/728/18
f 1871/911/10 47/910/10 6139/910/10 6422/911/10
f 5972/3487/12 5973/3486/12 6614/3486/12 6613/3487/12
f 5901/3462/12 5980/3461/12 6621/3461/12 6542/3462/12
f 1872/927/10 71/926/10 6143/926/10 6424/927/10
f 455/754/18 1415/753/18 6270/753/18 6271/754/18
f 5974/3223/19 5975/3222/19 6616/3222/19 6615/3223/19
f 5903/3288/19 5982/3287/19 6623/3287/19 6544/3288/19
f 1873/943/10 72/942/10 6145/942/10 6426/943/10
f 456/770/18 1416/769/18 6272/769/18 6273/770/18
f 1487/907/10 287/906/10 6219/906/10 6298/907/10
f 5976/3383/19 5977/3382/19 6618/3382/19 6617/3383/19
f 5905/3272/19 5984/3271/19 6625/3271/19 6546/3272/19
f 1874/959/10 73/958/10 6147/958/10 6428/959/10
f 457/786/10 1417/785/10 6274/785/10 6275/786/10
f 5978/3303/12 5979/3302/12 6620/3302/12 6619/3303/12
f 5907/3256/19 5986/3255/19 6627/3255/19 6548/3256/19
f 458/802/18 1418/801/18 6276/801/18 6277/802/18
f 5980/3461/12 5981/3460/12 6622/3460/12 6621/3461/12
f 5909/3240/19 5988/3239/19 6629/3239/19 6550/3240/19
f 5982/3287/19 5983/3286/19 6624/3286/19 6623/3287/19
f 47/910/10 1007/909/10 6138/909/10 6139/910/10
f 5911/3446/19 5990/3445/19 6631/3445/19 6552/3446/19
f 5984/3271/19 5985/3270/19 6626/3270/19 6625/3271/19
f 1079/845/10 599/844/10 6319/844/10 6158/845/10
f 5913/3430/19 5992/3429/19 6633/3429/19 6554/3430/19
f 5986/3255/19 5987/3254/19 6628/3254/19 6627/3255/19
f 1080/861/18 600/860/18 6321/860/18 6160/861/18
f 5915/3414/19 5994/3413/19 6635/3413/19 6556/3414/19
f 1493/747/10 293/746/10 6221/746/10 6300/747/10
f 5988/3239/23 5989/3238/23 6630/3238/23 6629/3239/23
f 1081/877/18 601/876/18 6323/876/18 6162/877/18
f 5917/3400/19 5996/3399/19 6637/3399/19 6558/3400/19
f 875/976/10 1835/975/10 6414/975/10 6415/976/10
f 5990/3445/19 5991/3444/19 6632/3444/19 6631/3445/19
f 1082/893/10 602/892/10 6325/892/10 6164/893/10
f 5919/3368/19 5998/3367/19 6639/3367/19 6560/3368/19
f 5992/3429/19 5993/3428/19 6634/3428/19 6633/3429/19
f 5921/3352/12 6000/3351/12 6641/3351/12 6562/3352/12
f 671/916/10 1631/915/10 6342/915/10 6343/916/10
f 5994/3413/19 5995/3412/19 6636/3412/19 6635/3413/19
f 53/750/10 1013/749/10 6140/749/10 6141/750/10
f 5923/3336/19 6002/3335/19 6643/3335/19 6564/3336/19
f 672/932/10 1632/931/10 6344/931/10 6345/932/10
f 5996/3399/19 5997/3398/19 6638/3398/19 6637/3399/19
f 5925/3320/19 6004/3319/19 6645/3319/19 6566/3320/19
f 673/948/10 1633/947/10 6346/947/10 6347/948/10
f 5998/3367/12 5999/3366/12 6640/3366/12 6639/3367/12
f 5927/3526/12 6006/3525/12 6647/3525/12 6568/3526/12
f 674/964/10 1634/963/10 6348/963/10 6349/964/10
f 1679/835/10 479/834/10 6279/834/10 6358/835/10
f 6000/3351/19 6001/3350/19 6642/3350/19 6641/3351/19
f 5929/3510/12 6008/3509/12 6649/3509/12 6570/3510/12
f 881/816/22 1841/815/22 6416/815/22 6417/816/22
f 1680/851/18 480/850/18 6281/850/18 6360/851/18
f 263/678/10 1223/677/10 6206/677/10 6207/678/10
f 6002/3335/12 6003/3334/12 6644/3334/12 6643/3335/12
f 5931/3494/12 6010/3493/12 6651/3493/12 6572/3494/12
f 1681/867/10 481/866/10 6283/866/10 6362/867/10
f 1295/761/18 815/760/18 6391/760/18 6230/761/18
f 264/694/10 1224/693/10 6208/693/10 6209/694/10
f 6004/3319/12 6005/3318/12 6646/3318/12 6645/3319/12
f 5933/3478/19 6012/3477/19 6653/3477/19 6574/3478/19
f 1682/883/18 482/882/18 6285/882/18 6364/883/18
f 1296/777/10 816/776/10 6393/776/10 6232/777/10
f 265/710/10 1225/709/10 6210/709/10 6211/710/10
f 6006/3525/19 6007/3524/19 6648/3524/19 6647/3525/19
f 5935/3232/19 6014/3231/19 6655/3231/19 6576/3232/19
f 1297/793/10 817/792/10 6395/792/10 6234/793/10
f 266/726/10 1226/725/10 6212/725/10 6213/726/10
f 6008/3509/19 6009/3508/19 6650/3508/19 6649/3509/19
f 5937/3392/19 6016/3391/19 6657/3391/19 6578/3392/19
f 1298/809/10 818/808/10 6397/808/10 6236/809/10
f 6010/3493/19 6011/3492/19 6652/3492/19 6651/3493/19
f 5939/3312/19 6018/3311/19 6659/3311/19 6580/3312/19
f 6012/3477/12 6013/3476/12 6654/3476/12 6653/3477/12
f 5941/3470/19 6020/3469/19 6661/3469/19 6582/3470/19
f 887/896/10 1847/895/10 6418/895/10 6419/896/10
f 6014/3231/19 6015/3230/19 6656/3230/19 6655/3231/19
f 5943/3296/19 6022/3295/19 6663/3295/19 6584/3296/19
f 6016/3391/19 6017/3390/19 6658/3390/19 6657/3391/19
f 5945/3280/19 6024/3279/19 6665/3279/19 6586/3280/19
f 6018/3311/19 6019/3310/19 6660/3310/19 6659/3311/19
f 5947/3264/19 6026/3263/19 6667/3263/19 6588/3264/19
f 1895/751/18 53/750/18 6141/750/18 6430/751/18
f 6020/3469/12 6021/3468/12 6662/3468/12 6661/3469/12
f 5949/3248/19 6028/3247/19 6669/3247/19 6590/3248/19
f 1896/767/10 95/766/10 6151/766/10 6432/767/10
f 479/834/10 1439/833/10 6278/833/10 6279/834/10
f 6022/3295/19 6023/3294/19 6664/3294/19 6663/3295/19
f 5951/3454/19 6030/3453/19 6671/3453/19 6592/3454/19
f 1897/783/10 96/782/10 6153/782/10 6434/783/10
f 1511/923/10 311/922/10 6223/922/10 6302/923/10
f 480/850/10 1440/849/10 6280/849/10 6281/850/10
f 6024/3279/19 6025/3278/19 6666/3278/19 6665/3279/19
f 5953/3438/19 6032/3437/19 6673/3437/19 6594/3438/19
f 1898/799/10 97/798/10 6155/798/10 6436/799/10
f 893/736/18 1853/735/18 6420/735/18 6421/736/18
f 1512/939/10 312/938/10 6225/938/10 6304/939/10
f 481/866/18 1441/865/18 6282/865/18 6283/866/18
f 275/986/10 1235/985/10 6214/985/10 6215/986/10
f 6026/3263/12 6027/3262/12 6668/3262/12 6667/3263/12
f 5955/3422/19 6034/3421/19 6675/3421/19 6596/3422/19
f 1513/955/10 313/954/10 6227/954/10 6306/955/10
f 482/882/10 1442/881/10 6284/881/10 6285/882/10
f 6028/3247/12 6029/3246/12 6670/3246/12 6669/3247/12
f 5957/3406/19 6036/3405/19 6677/3405/19 6598/3406/19
f 1514/971/10 314/970/10 6229/970/10 6308/971/10
f 6030/3453/19 6031/3452/19 6672/3452/19 6671/3453/19
f 71/926/10 1031/925/10 6142/925/10 6143/926/10
f 5959/3376/19 6038/3375/19 6679/3375/19 6600/3376/19
f 6032/3437/19 6033/3436/19 6674/3436/19 6673/3437/19
f 72/942/10 1032/941/10 6144/941/10 6145/942/10
f 1103/685/10 623/684/10 6327/684/10 6166/685/10
f 5961/3360/12 6040/3359/12 6681/3359/12 6602/3360/12
f 6034/3421/19 6035/3420/19 6676/3420/19 6675/3421/19
f 73/958/10 1033/957/10 6146/957/10 6147/958/10
f 1104/701/10 624/700/10 6329/700/10 6168/701/10
f 5963/3344/19 6042/3343/19 6683/3343/19 6604/3344/19
f 6036/3405/19 6037/3404/19 6678/3404/19 6677/3405/19
f 74/974/10 1034/973/10 6148/973/10 6149/974/10
f 1105/717/10 625/716/10 6331/716/10 6170/717/10
f 5965/3328/19 6044/3327/19 6685/3327/19 6606/3328/19
f 281/826/10 1241/825/10 6216/825/10 6217/826/10
f 6038/3375/12 6039/3374/12 6680/3374/12 6679/3375/12
f 1106/733/18 626/732/18 6333/732/18 6172/733/18
f 5967/3534/12 6046/3533/12 6687/3533/12 6608/3534/12
f 6040/3359/19 6041/3358/19 6682/3358/19 6681/3359/19
f 5969/3518/12 6048/3517/12 6689/3517/12 6610/3518/12
f 695/756/10 1655/755/10 6350/755/10 6351/756/10
f 6042/3343/19 6043/3342/19 6684/3342/19 6683/3343/19
f 5971/3502/19 6050/3501/19 6691/3501/19 6612/3502/19
f 696/772/18 1656/771/18 6352/771/18 6353/772/18
f 6044/3327/19 6045/3326/19 6686/3326/19 6685/3327/19
f 5973/3486/19 6052/3485/19 6693/3485/19 6614/3486/19
f 697/788/10 1657/787/10 6354/787/10 6355/788/10
f 6046/3533/19 6047/3532/19 6688/3532/19 6687/3533/19
f 5855/3228/19 6054/3227/19 6695/3227/19 6496/3228/19
f 1703/675/18 503/674/18 6287/674/18 6366/675/18
f 698/804/10 1658/803/10 6356/803/10 6357/804/10
f 6048/3517/12 6049/3516/12 6690/3516/12 6689/3517/12
f 5857/3388/19 6056/3387/19 6697/3387/19 6498/3388/19
f 1704/691/10 504/690/10 6289/690/10 6368/691/10
f 287/906/18 1247/905/18 6218/905/18 6219/906/18
f 6050/3501/12 6051/3500/12 6692/3500/12 6691/3501/12
f 5859/3308/19 6058/3307/19 6699/3307/19 6500/3308/19
f 1705/707/10 505/706/10 6291/706/10 6370/707/10
f 1319/841/10 839/840/10 6399/840/10 6238/841/10
f 6052/3485/12 6053/3484/12 6694/3484/12 6693/3485/12
f 5861/3466/19 6060/3465/19 6701/3465/19 6502/3466/19
f 1706/723/10 506/722/10 6293/722/10 6372/723/10
f 1320/857/10 840/856/10 6401/856/10 6240/857/10
f 6054/3227/19 6055/3226/19 6696/3226/19 6695/3227/19
f 5863/3292/19 6062/3291/19 6703/3291/19 6504/3292/19
f 1321/873/10 841/872/10 6403/872/10 6242/873/10
f 6056/3387/19 6057/3386/19 6698/3386/19 6697/3387/19
f 1115/981/10 635/980/10 6335/980/10 6174/981/10
f 5865/3276/23 6064/3275/23 6705/3275/23 6506/3276/23
f 1322/889/10 842/888/10 6405/888/10 6244/889/10
f 6777/8/9 6776/7/9 6779/3538/9 6940/3539/9 6939/3540/9 6860/3541/9 6859/3542/9 7020/3543/9 7019/3544/9 6820/3545/9 6819/3546/9 6980/3547/9 6979/3548/9 6900/3549/9 6899/3550/9 7060/3551/9 7059/3552/9 6794/3553/9 6793/3554/9 6954/3555/9 6953/3556/9 6874/3557/9 6873/3558/9 7034/3559/9 7033/3560/9 6834/3561/9 6833/3562/9 6994/3563/9 6993/3564/9 6914/3565/9 6913/3566/9 7074/3567/9 7073/3568/9 6792/3569/9 6791/3570/9 6952/3571/9 6951/3572/9 6872/3573/9 6871/3574/9 7032/3575/9 7031/3576/9 6832/3577/9 6831/3578/9 6992/3579/9 6991/3580/9 6912/3581/9 6911/3582/9 7072/3583/9 7071/3584/9 6790/3585/9 6789/3586/9 6950/3587/9 6949/3588/9 6870/3589/9 6869/3590/9 7030/3591/9 7029/3592/9 6830/3593/9 6829/3594/9 6990/3595/9 6989/3596/9 6910/3597/9 6909/3598/9 7070/3599/9 7069/3600/9 6788/3601/9 6787/3602/9 6948/3603/9 6947/3604/9 6868/3605/9 6867/3606/9 7028/3607/9 7027/3608/9 6828/3609/9 6827/3610/9 6988/3611/9 6987/3612/9 6908/3613/9 6907/3614/9 7068/3615/9 7067/3616/9 6784/3617/9 6783/3618/9 6944/3619/9 6943/3620/9 6864/3621/9 6863/3622/9 7024/3623/9 7023/3624/9 6824/3625/9 6823/3626/9 6984/3627/9 6983/3628/9 6904/3629/9 6903/3630/9 7064/3631/9 7063/3632/9 6810/3633/9 6809/3634/9 6970/3635/9 6969/3636/9 6890/3637/9 6889/3638/9 7050/3639/9 7049/3640/9 6850/3641/9 6849/3642/9 7010/3643/9 7009/3644/9 6930/3645/9 6929/3646/9 7090/3647/9 7089/3648/9 6808/3649/9 6807/3650/9 6968/3651/9 6967/3652/9 6888/3653/9 6887/3654/9 7048/3655/9 7047/3656/9 6848/3657/9 6847/3658/9 7008/3659/9 7007/3660/9 6928/3661/9 6927/3662/9 7088/3663/9 7087/3664/9 6806/3665/9 6805/3666/9 6966/3667/9 6965/3668/9 6886/3669/9 6885/3670/9 7046/3671/9 7045/3672/9 6846/3673/9 6845/3674/9 7006/3675/9 7005/3676/9 6926/3677/9 6925/3678/9 7086/3679/9 7085/3680/9 6804/3681/9 6803/3682/9 6964/3683/9 6963/3684/9 6884/3685/9 6883/3686/9 7044/3687/9 7043/3688/9 6844/3689/9 6843/3690/9 7004/3691/9 7003/3692/9 6924/3693/9 6923/3694/9 7084/3695/9 7083/3696/9 6782/3697/9 6781/3698/9 6942/3699/9 6941/3700/9 6862/3701/9 6861/3702/9 7022/3703/9 7021/3704/9 6822/3705/9 6821/3706/9 6982/3707/9 6981/3708/9 6902/3709/9 6901/3710/9 7062/3711/9 7061/3712/9 6802/3713/9 6801/3714/9 6962/34/9 6961/33/9 6882/3715/9 6881/3716/9 7042/3717/9 7041/3718/9 6842/3719/9 6841/3720/9 7002/3721/9 7001/3722/9 6922/3723/9 6921/3724/9 7082/3725/9 7081/3726/9 6800/3727/9 6799/3728/9 6960/3729/9 6959/3730/9 6880/3731/9 6879/3732/9 7040/3733/9 7039/3734/9 6840/3735/9 6839/3736/9 7000/3737/9 6999/3738/9 6920/3739/9 6919/3740/9 7080/3741/9 7079/3742/9 6798/3743/9 6797/3744/9 6958/3745/9 6957/3746/9 6878/3747/9 6877/3748/9 7038/3749/9 7037/3750/9 6838/3751/9 6837/3752/9 6998/3753/9 6997/3754/9 6918/3755/9 6917/3756/9 7078/3757/9 7077/3758/9 6796/3759/9 6795/3760/9 6956/3761/9 6955/3762/9 6876/3763/9 6875/3764/9 7036/3765/9 7035/3766/9 6836/3767/9 6835/3768/9 6996/3769/9 6995/3770/9 6916/3771/9 6915/3772/9 7076/3773/9 7075/3774/9 6786/3775/9 6785/3776/9 6946/3777/9 6945/3778/9 6866/3779/9 6865/3780/9 7026/3781/9 7025/3782/9 6826/3783/9 6825/3784/9 6986/3785/9 6985/3786/9 6906/3787/9 6905/3788/9 7066/3789/9 7065/3790/9 6818/3791/9 6817/3792/9 6978/3793/9 6977/3794/9 6898/3795/9 6897/3796/9 7058/3797/9 7057/3798/9 6858/3799/9 6857/3800/9 7018/3801/9 7017/3802/9 6938/3803/9 6937/3804/9 7098/3805/9 7097/3806/9 6816/3807/9 6815/3808/9 6976/3809/9 6975/3810/9 6896/3811/9 6895/3812/9 7056/3813/9 7055/3814/9 6856/3815/9 6855/3816/9 7016/3817/9 7015/3818/9 6936/3819/9 6935/3820/9 7096/3821/9 7095/3822/9 6814/3823/9 6813/3824/9 6974/3825/9 6973/3826/9 6894/3827/9 6893/3828/9 7054/3829/9 7053/3830/9 6854/3831/9 6853/3832/9 7014/3833/9 7013/3834/9 6934/3835/9 6933/3836/9 7094/3837/9 7093/3838/9 6812/3839/9 6811/3840/9 6972/3841/9 6971/3842/9 6892/3843/9 6891/3844/9 7052/3845/9 7051/3846/9 6852/3847/9 6851/3848/9 7012/3849/9 7011/3850/9 6932/3851/9 6931/3852/9 7092/3853/9 7091/3854/9 6780/9/9 6778/10/9
f 1820/1014/24 260/1013/24 7174/1013/24 7373/1014/24
f 454/1121/24 1414/1120/24 7241/1120/24 7242/1121/24
f 6854/3831/9 7053/3830/9 7694/3830/9 7495/3831/9
f 6959/3730/9 6960/3729/9 7601/3729/9 7600/3730/9
f 1819/998/24 259/997/24 7172/997/24 7371/998/24
f 453/1105/24 1413/1104/24 7239/1104/24 7240/1105/24
f 6852/3847/9 7051/3846/9 7692/3846/9 7493/3847/9
f 40/1149/24 1000/1148/24 7101/1148/24 7102/1149/24
f 6957/3746/9 6958/3745/9 7599/3745/9 7598/3746/9
f 452/1089/24 1412/1088/24 7237/1088/24 7238/1089/24
f 6850/3641/9 7049/3640/9 7690/3640/9 7491/3641/9
f 6955/3762/9 6956/3761/9 7597/3761/9 7596/3762/9
f 451/1073/24 1411/1072/24 7235/1072/24 7236/1073/24
f 6848/3657/9 7047/3656/9 7688/3656/9 7489/3657/9
f 6953/3556/9 6954/3555/9 7595/3555/9 7594/3556/9
f 6846/3673/9 7045/3672/9 7686/3672/9 7487/3673/9
f 862/1047/24 1822/1046/24 7377/1046/24 7378/1047/24
f 6951/3572/9 6952/3571/9 7593/3571/9 7592/3572/9
f 1480/1146/24 280/1145/24 7182/1145/24 7261/1146/24
f 6844/3689/28 7043/3688/28 7684/3688/28 7485/3689/28
f 861/1031/24 1821/1030/24 7375/1030/24 7376/1031/24
f 6949/3588/9 6950/3587/9 7591/3587/9 7590/3588/9
f 6842/3719/9 7041/3718/9 7682/3718/9 7483/3719/9
f 860/1015/24 1820/1014/24 7373/1014/24 7374/1015/24
f 6947/3604/9 6948/3603/9 7589/3603/9 7588/3604/9
f 6840/3735/9 7039/3734/9 7680/3734/9 7481/3735/9
f 859/999/24 1819/998/24 7371/998/24 7372/999/24
f 6945/3778/9 6946/3777/9 7587/3777/9 7586/3778/9
f 6838/3751/9 7037/3750/9 7678/3750/9 7479/3751/9
f 652/1059/24 1612/1058/24 7305/1058/24 7306/1059/24
f 1270/1288/24 790/1287/24 7354/1287/24 7193/1288/24
f 6943/3620/9 6944/3619/9 7585/3619/9 7584/3620/9
f 6836/3767/9 7035/3766/9 7676/3766/9 7477/3767/9
f 1269/1272/24 789/1271/24 7352/1271/24 7191/1272/24
f 238/1205/24 1198/1204/24 7169/1204/24 7170/1205/24
f 6941/3700/9 6942/3699/9 7583/3699/9 7582/3700/9
f 6834/3561/9 7033/3560/9 7674/3560/9 7475/3561/9
f 1268/1256/24 788/1255/24 7350/1255/24 7189/1256/24
f 237/1189/24 1197/1188/24 7167/1188/24 7168/1189/24
f 6939/3540/9 6940/3539/9 7581/3539/9 7580/3540/9
f 1474/1306/24 274/1305/24 7180/1305/24 7259/1306/24
f 6832/3577/9 7031/3576/9 7672/3576/9 7473/3577/9
f 32/15/24 994/1308/24 7099/1308/24 7100/15/24
f 1267/1240/24 787/1239/24 7348/1239/24 7187/1240/24
f 236/1173/24 1196/1172/24 7165/1172/24 7166/1173/24
f 6937/3804/9 6938/3803/9 7579/3803/9 7578/3804/9
f 6830/3593/9 7029/3592/9 7670/3592/9 7471/3593/9
f 235/1157/24 1195/1156/24 7163/1156/24 7164/1157/24
f 6935/3820/9 6936/3819/9 7577/3819/9 7576/3820/9
f 6828/3609/9 7027/3608/9 7668/3608/9 7469/3609/9
f 6933/3836/9 6934/3835/9 7575/3835/9 7574/3836/9
f 6826/3783/9 7025/3782/9 7666/3782/9 7467/3783/9
f 646/1219/24 1606/1218/24 7303/1218/24 7304/1219/24
f 6931/3852/9 6932/3851/9 7573/3851/9 7572/3852/9
f 6824/3625/9 7023/3624/9 7664/3624/9 7465/3625/9
f 6929/3646/9 6930/3645/9 7571/3645/9 7570/3646/9
f 6822/3705/9 7021/3704/9 7662/3704/9 7463/3705/9
f 6927/3662/9 6928/3661/9 7569/3661/9 7568/3662/9
f 6820/3545/9 7019/3544/9 7660/3544/9 7461/3545/9
f 34/9/26 6780/9/26 7740/9/26 7419/9/26
f 6925/3678/9 6926/3677/9 7567/3677/9 7566/3678/9
f 6938/3803/9 7017/3802/9 7658/3802/9 7579/3803/9
f 1054/1132/24 574/1131/24 7282/1131/24 7121/1132/24
f 6923/3694/9 6924/3693/9 7565/3693/9 7564/3694/9
f 6936/3819/9 7015/3818/9 7656/3818/9 7577/3819/9
f 1053/1116/24 573/1115/24 7280/1115/24 7119/1116/24
f 6921/3724/9 6922/3723/9 7563/3723/9 7562/3724/9
f 6934/3835/9 7013/3834/9 7654/3834/9 7575/3835/9
f 640/1139/24 1600/1138/24 7301/1138/24 7302/1139/24
f 1052/1100/24 572/1099/24 7278/1099/24 7117/1100/24
f 6919/3740/9 6920/3739/9 7561/3739/9 7560/3740/9
f 6932/3851/9 7011/3850/9 7652/3850/9 7573/3851/9
f 1051/1084/24 571/1083/24 7276/1083/24 7115/1084/24
f 6917/3756/9 6918/3755/9 7559/3755/9 7558/3756/9
f 1798/1206/24 238/1205/24 7170/1205/24 7369/1206/24
f 6930/3645/9 7009/3644/9 7650/3644/9 7571/3645/9
f 6915/3772/9 6916/3771/9 7557/3771/9 7556/3772/9
f 1462/1040/24 982/1039/24 7418/1039/24 7257/1040/24
f 1797/1190/24 237/1189/24 7168/1189/24 7367/1190/24
f 6928/3661/9 7007/3660/9 7648/3660/9 7569/3661/9
f 6913/3566/9 6914/3565/9 7555/3565/9 7554/3566/9
f 1461/1024/24 981/1023/24 7416/1023/24 7255/1024/24
f 430/1281/24 1390/1280/24 7233/1280/24 7234/1281/24
f 1796/1174/24 236/1173/24 7166/1173/24 7365/1174/24
f 6926/3677/9 7005/3676/9 7646/3676/9 7567/3677/9
f 6911/3582/9 6912/3581/9 7553/3581/9 7552/3582/9
f 1460/1008/24 980/1007/24 7414/1007/24 7253/1008/24
f 429/1265/24 1389/1264/24 7231/1264/24 7232/1265/24
f 1795/1158/24 235/1157/24 7164/1157/24 7363/1158/24
f 6924/3693/9 7003/3692/9 7644/3692/9 7565/3693/9
f 6909/3598/9 6910/3597/9 7551/3597/9 7550/3598/9
f 1459/992/24 979/991/24 7412/991/24 7251/992/24
f 428/1249/24 1388/1248/24 7229/1248/24 7230/1249/24
f 6922/3723/9 7001/3722/9 7642/3722/9 7563/3723/9
f 634/1299/24 1594/1298/24 7299/1298/24 7300/1299/24
f 1252/1064/24 772/1063/24 7346/1063/24 7185/1064/24
f 6907/3614/9 6908/3613/9 7549/3613/9 7548/3614/9
f 427/1233/24 1387/1232/24 7227/1232/24 7228/1233/24
f 6920/3739/9 6999/3738/9 7640/3738/9 7561/3739/9
f 6905/3788/9 6906/3787/9 7547/3787/9 7546/3788/9
f 6918/3755/9 6997/3754/9 7638/3754/9 7559/3755/9
f 838/1207/24 1798/1206/24 7369/1206/24 7370/1207/24
f 6903/3630/9 6904/3629/9 7545/3629/9 7544/3630/9
f 6916/3771/9 6995/3770/9 7636/3770/9 7557/3771/9
f 837/1191/24 1797/1190/24 7367/1190/24 7368/1191/24
f 6901/3710/9 6902/3709/9 7543/3709/9 7542/3710/9
f 6914/3565/9 6993/3564/9 7634/3564/9 7555/3565/9
f 836/1175/24 1796/1174/24 7365/1174/24 7366/1175/24
f 6899/3550/9 6900/3549/9 7541/3549/9 7540/3550/9
f 6912/3581/9 6991/3580/9 7632/3580/9 7553/3581/9
f 835/1159/24 1795/1158/24 7363/1158/24 7364/1159/24
f 6897/3796/9 6898/3795/9 7539/3795/9 7538/3796/9
f 6910/3597/9 6989/3596/9 7630/3596/9 7551/3597/9
f 1246/1224/24 766/1223/24 7344/1223/24 7183/1224/24
f 6895/3812/9 6896/3811/9 7537/3811/9 7536/3812/9
f 31/8/27 32/7/27 6776/7/27 6777/8/27
f 6908/3613/9 6987/3612/9 7628/3612/9 7549/3613/9
f 214/1125/24 1174/1124/24 7161/1124/24 7162/1125/24
f 6893/3828/9 6894/3827/9 7535/3827/9 7534/3828/9
f 33/25/8 31/24/8 6777/24/8 6778/25/8
f 6906/3787/9 6985/3786/9 7626/3786/9 7547/3787/9
f 213/1109/24 1173/1108/24 7159/1108/24 7160/1109/24
f 6891/3844/9 6892/3843/9 7533/3843/9 7532/3844/9
f 6904/3629/9 6983/3628/9 7624/3628/9 7545/3629/9
f 34/9/26 33/10/26 6778/10/26 6780/9/26
f 212/1093/24 1172/1092/24 7157/1092/24 7158/1093/24
f 6889/3638/9 6890/3637/9 7531/3637/9 7530/3638/9
f 6902/3709/9 6981/3708/9 7622/3708/9 7543/3709/9
f 211/1077/24 1171/1076/24 7155/1076/24 7156/1077/24
f 6887/3654/9 6888/3653/9 7529/3653/9 7528/3654/9
f 6900/3549/9 6979/3548/9 7620/3548/9 7541/3549/9
f 1654/1122/24 454/1121/24 7242/1121/24 7321/1122/24
f 6885/3670/9 6886/3669/9 7527/3669/9 7526/3670/9
f 6898/3795/9 6977/3794/9 7618/3794/9 7539/3795/9
f 622/1051/24 1582/1050/24 7297/1050/24 7298/1051/24
f 1653/1106/24 453/1105/24 7240/1105/24 7319/1106/24
f 6883/3686/9 6884/3685/9 7525/3685/9 7524/3686/9
f 1240/1144/24 760/1143/24 7342/1143/24 7181/1144/24
f 6896/3811/9 6975/3810/9 7616/3810/9 7537/3811/9
f 621/1035/24 1581/1034/24 7295/1034/24 7296/1035/24
f 1652/1090/24 452/1089/24 7238/1089/24 7317/1090/24
f 6881/3716/9 6882/3715/9 7523/3715/9 7522/3716/9
f 6894/3827/9 6973/3826/9 7614/3826/9 7535/3827/9
f 620/1019/24 1580/1018/24 7293/1018/24 7294/1019/24
f 1651/1074/24 451/1073/24 7236/1073/24 7315/1074/24
f 6879/3732/9 6880/3731/9 7521/3731/9 7520/3732/9
f 6892/3843/9 6971/3842/9 7612/3842/9 7533/3843/9
f 619/1003/24 1579/1002/24 7291/1002/24 7292/1003/24
f 6877/3748/9 6878/3747/9 7519/3747/9 7518/3748/9
f 412/1057/24 1372/1056/24 7225/1056/24 7226/1057/24
f 6890/3637/9 6969/3636/9 7610/3636/9 7531/3637/9
f 1030/1292/24 550/1291/24 7274/1291/24 7113/1292/24
f 6875/3764/9 6876/3763/9 7517/3763/9 7516/3764/9
f 6888/3653/9 6967/3652/9 7608/3652/9 7529/3653/9
f 1029/1276/24 549/1275/24 7272/1275/24 7111/1276/24
f 6873/3558/9 6874/3557/9 7515/3557/9 7514/3558/9
f 6886/3669/9 6965/3668/9 7606/3668/9 7527/3669/9
f 1028/1260/24 548/1259/24 7270/1259/24 7109/1260/24
f 6871/3574/9 6872/3573/9 7513/3573/9 7512/3574/9
f 1234/1304/24 754/1303/24 7340/1303/24 7179/1304/24
f 6884/3685/9 6963/3684/9 7604/3684/9 7525/3685/9
f 1027/1244/24 547/1243/24 7268/1243/24 7107/1244/24
f 6869/3590/9 6870/3589/9 7511/3589/9 7510/3590/9
f 1774/1126/24 214/1125/24 7162/1125/24 7361/1126/24
f 6882/3715/9 6961/33/9 7602/33/9 7523/3715/9
f 6867/3606/9 6868/3605/9 7509/3605/9 7508/3606/9
f 1773/1110/24 213/1109/24 7160/1109/24 7359/1110/24
f 1438/1200/24 958/1199/24 7410/1199/24 7249/1200/24
f 6880/3731/9 6959/3730/9 7600/3730/9 7521/3731/9
f 6865/3780/9 6866/3779/9 7507/3779/9 7506/3780/9
f 1772/1094/24 212/1093/24 7158/1093/24 7357/1094/24
f 1437/1184/24 957/1183/24 7408/1183/24 7247/1184/24
f 406/1217/24 1366/1216/24 7223/1216/24 7224/1217/24
f 6878/3747/9 6957/3746/9 7598/3746/9 7519/3747/9
f 6863/3622/9 6864/3621/9 7505/3621/9 7504/3622/9
f 1771/1078/24 211/1077/24 7156/1077/24 7355/1078/24
f 1436/1168/24 956/1167/24 7406/1167/24 7245/1168/24
f 6876/3763/9 6955/3762/9 7596/3762/9 7517/3763/9
f 6861/3702/9 6862/3701/9 7503/3701/9 7502/3702/9
f 1435/1152/24 955/1151/24 7404/1151/24 7243/1152/24
f 6874/3557/9 6953/3556/9 7594/3556/9 7515/3557/9
f 6859/3542/9 6860/3541/9 7501/3541/9 7500/3542/9
f 6872/3573/9 6951/3572/9 7592/3572/9 7513/3573/9
f 6857/3800/9 6858/3799/9 7499/3799/9 7498/3800/9
f 6870/3589/9 6949/3588/9 7590/3588/9 7511/3589/9
f 814/1127/24 1774/1126/24 7361/1126/24 7362/1127/24
f 6855/3816/9 6856/3815/9 7497/3815/9 7496/3816/9
f 6868/3605/9 6947/3604/9 7588/3604/9 7509/3605/9
f 813/1111/24 1773/1110/24 7359/1110/24 7360/1111/24
f 6853/3832/9 6854/3831/9 7495/3831/9 7494/3832/9
f 400/1137/24 1360/1136/24 7221/1136/24 7222/1137/24
f 6866/3779/9 6945/3778/9 7586/3778/9 7507/3779/9
f 812/1095/24 1772/1094/24 7357/1094/24 7358/1095/24
f 6851/3848/9 6852/3847/9 7493/3847/9 7492/3848/9
f 6864/3621/9 6943/3620/9 7584/3620/9 7505/3621/9
f 811/1079/24 1771/1078/24 7355/1078/24 7356/1079/24
f 6849/3642/9 6850/3641/9 7491/3641/9 7490/3642/9
f 6862/3701/9 6941/3700/9 7582/3700/9 7503/3701/9
f 6847/3658/9 6848/3657/9 7489/3657/9 7488/3658/9
f 1222/1044/24 742/1043/24 7338/1043/24 7177/1044/24
f 6860/3541/9 6939/3540/9 7580/3540/9 7501/3541/9
f 6845/3674/9 6846/3673/9 7487/3673/9 7486/3674/9
f 1221/1028/24 741/1027/24 7336/1027/24 7175/1028/24
f 190/1285/24 1150/1284/24 7153/1284/24 7154/1285/24
f 7098/3805/9 6937/3804/9 7578/3804/9 7739/3805/9
f 6843/3690/9 6844/3689/9 7485/3689/9 7484/3690/9
f 1220/1012/24 740/1011/24 7334/1011/24 7173/1012/24
f 189/1269/24 1149/1268/24 7151/1268/24 7152/1269/24
f 7096/3821/9 6935/3820/9 7576/3820/9 7737/3821/9
f 6841/3720/9 6842/3719/9 7483/3719/9 7482/3720/9
f 1219/996/24 739/995/24 7332/995/24 7171/996/24
f 188/1253/24 1148/1252/24 7149/1252/24 7150/1253/24
f 394/1297/24 1354/1296/24 7219/1296/24 7220/1297/24
f 7094/3837/9 6933/3836/9 7574/3836/9 7735/3837/9
f 1012/1068/24 532/1067/24 7266/1067/24 7105/1068/24
f 6839/3736/9 6840/3735/9 7481/3735/9 7480/3736/9
f 187/1237/24 1147/1236/24 7147/1236/24 7148/1237/24
f 7092/3853/9 6931/3852/9 7572/3852/9 7733/3853/9
f 1630/1282/24 430/1281/24 7234/1281/24 7313/1282/24
f 6837/3752/9 6838/3751/9 7479/3751/9 7478/3752/9
f 7090/3647/9 6929/3646/9 7570/3646/9 7731/3647/9
f 1629/1266/24 429/1265/24 7232/1265/24 7311/1266/24
f 598/1211/24 1558/1210/24 7289/1210/24 7290/1211/24
f 6835/3768/9 6836/3767/9 7477/3767/9 7476/3768/9
f 7088/3663/9 6927/3662/9 7568/3662/9 7729/3663/9
f 1628/1250/24 428/1249/24 7230/1249/24 7309/1250/24
f 597/1195/24 1557/1194/24 7287/1194/24 7288/1195/24
f 6833/3562/9 6834/3561/9 7475/3561/9 7474/3562/9
f 7086/3679/9 6925/3678/9 7566/3678/9 7727/3679/9
f 1627/1234/24 427/1233/24 7228/1233/24 7307/1234/24
f 596/1179/24 1556/1178/24 7285/1178/24 7286/1179/24
f 6831/3578/9 6832/3577/9 7473/3577/9 7472/3578/9
f 7084/3695/9 6923/3694/9 7564/3694/9 7725/3695/9
f 595/1163/24 1555/1162/24 7283/1162/24 7284/1163/24
f 6829/3594/9 6830/3593/9 7471/3593/9 7470/3594/9
f 7082/3725/9 6921/3724/9 7562/3724/9 7723/3725/9
f 1006/1228/24 526/1227/24 7264/1227/24 7103/1228/24
f 6827/3610/9 6828/3609/9 7469/3609/9 7468/3610/9
f 7080/3741/9 6919/3740/9 7560/3740/9 7721/3741/9
f 6825/3784/9 6826/3783/9 7467/3783/9 7466/3784/9
f 7078/3757/9 6917/3756/9 7558/3756/9 7719/3757/9
f 6823/3626/9 6824/3625/9 7465/3625/9 7464/3626/9
f 7076/3773/9 6915/3772/9 7556/3772/9 7717/3773/9
f 6821/3706/9 6822/3705/9 7463/3705/9 7462/3706/9
f 1750/1286/24 190/1285/24 7154/1285/24 7353/1286/24
f 7074/3567/9 6913/3566/9 7554/3566/9 7715/3567/9
f 6819/3546/9 6820/3545/9 7461/3545/9 7460/3546/9
f 1749/1270/24 189/1269/24 7152/1269/24 7351/1270/24
f 1414/1120/24 934/1119/24 7402/1119/24 7241/1120/24
f 7072/3583/9 6911/3582/9 7552/3582/9 7713/3583/9
f 6817/3792/9 6818/3791/9 7459/3791/9 7458/3792/9
f 1748/1254/24 188/1253/24 7150/1253/24 7349/1254/24
f 1413/1104/24 933/1103/24 7400/1103/24 7239/1104/24
f 382/1049/24 1342/1048/24 7217/1048/24 7218/1049/24
f 7070/3599/9 6909/3598/9 7550/3598/9 7711/3599/9
f 1000/1148/24 520/1147/24 7262/1147/24 7101/1148/24
f 6815/3808/9 6816/3807/9 7457/3807/9 7456/3808/9
f 1747/1238/24 187/1237/24 7148/1237/24 7347/1238/24
f 1412/1088/24 932/1087/24 7398/1087/24 7237/1088/24
f 381/1033/24 1341/1032/24 7215/1032/24 7216/1033/24
f 7068/3615/9 6907/3614/9 7548/3614/9 7709/3615/9
f 6813/3824/9 6814/3823/9 7455/3823/9 7454/3824/9
f 1411/1072/24 931/1071/24 7396/1071/24 7235/1072/24
f 380/1017/24 1340/1016/24 7213/1016/24 7214/1017/24
f 7066/3789/9 6905/3788/9 7546/3788/9 7707/3789/9
f 6811/3840/9 6812/3839/9 7453/3839/9 7452/3840/9
f 379/1001/24 1339/1000/24 7211/1000/24 7212/1001/24
f 7064/3631/9 6903/3630/9 7544/3630/9 7705/3631/9
f 172/1061/24 1132/1060/24 7145/1060/24 7146/1061/24
f 6809/3634/9 6810/3633/9 7451/3633/9 7450/3634/9
f 7062/3711/9 6901/3710/9 7542/3710/9 7703/3711/9
f 790/1287/24 1750/1286/24 7353/1286/24 7354/1287/24
f 6807/3650/9 6808/3649/9 7449/3649/9 7448/3650/9
f 7060/3551/9 6899/3550/9 7540/3550/9 7701/3551/9
f 789/1271/24 1749/1270/24 7351/1270/24 7352/1271/24
f 6805/3666/9 6806/3665/9 7447/3665/9 7446/3666/9
f 7058/3797/9 6897/3796/9 7538/3796/9 7699/3797/9
f 788/1255/24 1748/1254/24 7349/1254/24 7350/1255/24
f 994/1308/24 514/1307/24 7260/1307/24 7099/1308/24
f 6803/3682/9 6804/3681/9 7445/3681/9 7444/3682/9
f 7056/3813/9 6895/3812/9 7536/3812/9 7697/3813/9
f 1612/1058/24 412/1057/24 7226/1057/24 7305/1058/24
f 787/1239/24 1747/1238/24 7347/1238/24 7348/1239/24
f 6801/3714/9 6802/3713/9 7443/3713/9 7442/3714/9
f 7054/3829/9 6893/3828/9 7534/3828/9 7695/3829/9
f 1198/1204/24 718/1203/24 7330/1203/24 7169/1204/24
f 6799/3728/9 6800/3727/9 7441/3727/9 7440/3728/9
f 7052/3845/9 6891/3844/9 7532/3844/9 7693/3845/9
f 1197/1188/24 717/1187/24 7328/1187/24 7167/1188/24
f 166/1221/24 1126/1220/24 7143/1220/24 7144/1221/24
f 6797/3744/9 6798/3743/9 7439/3743/9 7438/3744/9
f 7050/3639/9 6889/3638/9 7530/3638/9 7691/3639/9
f 1196/1172/24 716/1171/24 7326/1171/24 7165/1172/24
f 6795/3760/9 6796/3759/9 7437/3759/9 7436/3760/9
f 7048/3655/9 6887/3654/9 7528/3654/9 7689/3655/9
f 1195/1156/24 715/1155/24 7324/1155/24 7163/1156/24
f 6793/3554/9 6794/3553/9 7435/3553/9 7434/3554/9
f 7046/3671/9 6885/3670/9 7526/3670/9 7687/3671/9
f 1942/1038/24 141/1037/24 7136/1037/24 7417/1038/24
f 6791/3570/9 6792/3569/9 7433/3569/9 7432/3570/9
f 7044/3687/9 6883/3686/9 7524/3686/9 7685/3687/9
f 1941/1022/24 140/1021/24 7134/1021/24 7415/1022/24
f 1606/1218/24 406/1217/24 7224/1217/24 7303/1218/24
f 6789/3586/9 6790/3585/9 7431/3585/9 7430/3586/9
f 7042/3717/9 6881/3716/9 7522/3716/9 7683/3717/9
f 1940/1006/24 139/1005/24 7132/1005/24 7413/1006/24
f 574/1131/24 1534/1130/24 7281/1130/24 7282/1131/24
f 6787/3602/9 6788/3601/9 7429/3601/9 7428/3602/9
f 7040/3733/9 6879/3732/9 7520/3732/9 7681/3733/9
f 1939/990/24 34/14/24 7419/14/24 7411/990/24
f 573/1115/24 1533/1114/24 7279/1114/24 7280/1115/24
f 160/1141/24 1120/1140/24 7141/1140/24 7142/1141/24
f 6785/3776/9 6786/3775/9 7427/3775/9 7426/3776/9
f 1732/1062/24 172/1061/24 7146/1061/24 7345/1062/24
f 7038/3749/9 6877/3748/9 7518/3748/9 7679/3749/9
f 572/1099/24 1532/1098/24 7277/1098/24 7278/1099/24
f 6783/3618/9 6784/3617/9 7425/3617/9 7424/3618/9
f 7036/3765/9 6875/3764/9 7516/3764/9 7677/3765/9
f 571/1083/24 1531/1082/24 7275/1082/24 7276/1083/24
f 6781/3698/9 6782/3697/9 7423/3697/9 7422/3698/9
f 7034/3559/28 6873/3558/28 7514/3558/28 7675/3559/28
f 982/1039/24 1942/1038/24 7417/1038/24 7418/1039/24
f 7333/1010/5 7254/1009/5 7575/1009/5 7654/1010/5
f 7335/1026/5 7256/1025/5 7577/1025/5 7656/1026/5
f 7283/1162/5 7204/1161/5 7525/1161/5 7604/1162/5
f 7337/1042/5 7258/1041/5 7579/1041/5 7658/1042/5
f 7285/1178/5 7206/1177/5 7527/1177/5 7606/1178/5
f 7260/1307/5 7259/1306/5 7580/1306/5 7581/1307/5
f 7396/1071/5 7395/1070/5 7716/1070/5 7717/1071/5
f 7292/1003/5 7291/1002/5 7612/1002/5 7613/1003/5
f 7287/1194/5 7208/1193/5 7529/1193/5 7608/1194/5
f 7398/1087/5 7397/1086/5 7718/1086/5 7719/1087/5
f 7188/1241/5 7187/1240/5 7508/1240/5 7509/1241/5
f 7294/1019/5 7293/1018/5 7614/1018/5 7615/1019/5
f 7289/1210/5 7210/1209/5 7531/1209/5 7610/1210/5
f 7400/1103/5 7399/1102/5 7720/1102/5 7721/1103/5
f 7226/1057/5 7225/1056/5 7546/1056/5 7547/1057/5
f 7190/1257/5 7189/1256/5 7510/1256/5 7511/1257/5
f 7183/1224/5 7344/1223/5 7665/1223/5 7504/1224/5
f 7296/1035/5 7295/1034/5 7616/1034/5 7617/1035/5
f 7402/1119/5 7401/1118/5 7722/1118/5 7723/1119/5
f 7192/1273/5 7191/1272/5 7512/1272/5 7513/1273/5
f 7298/1051/5 7297/1050/5 7618/1050/5 7619/1051/5
f 7403/1150/5 7102/1149/5 7423/1149/5 7724/1150/5
f 7194/1289/5 7193/1288/5 7514/1288/5 7515/1289/5
f 7405/1166/5 7124/1165/5 7445/1165/5 7726/1166/5
f 7407/1182/5 7126/1181/5 7447/1181/5 7728/1182/5
f 7262/1147/5 7261/1146/5 7582/1146/5 7583/1147/5
f 7219/1296/5 7380/1295/5 7701/1295/5 7540/1296/5
f 7409/1198/5 7128/1197/5 7449/1197/5 7730/1198/5
f 7251/992/5 7412/991/5 7733/991/5 7572/992/5
f 7147/1236/5 7308/1235/5 7629/1235/5 7468/1236/5
f 7253/1008/5 7414/1007/5 7735/1007/5 7574/1008/5
f 7364/1159/5 7363/1158/5 7684/1158/5 7685/1159/5
f 7185/1064/5 7346/1063/5 7667/1063/5 7506/1064/5
f 7149/1252/5 7310/1251/5 7631/1251/5 7470/1252/5
f 7255/1024/5 7416/1023/5 7737/1023/5 7576/1024/5
f 7366/1175/5 7365/1174/5 7686/1174/5 7687/1175/5
f 7156/1077/5 7155/1076/5 7476/1076/5 7477/1077/5
f 7151/1268/5 7312/1267/5 7633/1267/5 7472/1268/5
f 7257/1040/5 7418/1039/5 7739/1039/5 7578/1040/5
f 7368/1191/5 7367/1190/5 7688/1190/5 7689/1191/5
f 7158/1093/5 7157/1092/5 7478/1092/5 7479/1093/5
f 7153/1284/5 7314/1283/5 7635/1283/5 7474/1284/5
f 7339/1302/5 7140/1301/5 7461/1301/5 7660/1302/5
f 7370/1207/5 7369/1206/5 7690/1206/5 7691/1207/5
f 7160/1109/5 7159/1108/5 7480/1108/5 7481/1109/5
f 7264/1227/5 7263/1226/5 7584/1226/5 7585/1227/5
f 7371/998/5 7172/997/5 7493/997/5 7692/998/5
f 7221/1136/5 7382/1135/5 7703/1135/5 7542/1136/5
f 7162/1125/5 7161/1124/5 7482/1124/5 7483/1125/5
f 7373/1014/5 7174/1013/5 7495/1013/5 7694/1014/5
f 7375/1030/5 7176/1029/5 7497/1029/5 7696/1030/5
f 7377/1046/5 7178/1045/5 7499/1045/5 7698/1046/5
f 7300/1299/5 7299/1298/5 7620/1298/5 7621/1299/5
f 7115/1084/5 7276/1083/5 7597/1083/5 7436/1084/5
f 7332/995/5 7331/994/5 7652/994/5 7653/995/5
f 7117/1100/5 7278/1099/5 7599/1099/5 7438/1100/5
f 7228/1233/5 7227/1232/5 7548/1232/5 7549/1233/5
f 7341/1142/5 7142/1141/5 7463/1141/5 7662/1142/5
f 7334/1011/5 7333/1010/5 7654/1010/5 7655/1011/5
f 7124/1165/5 7123/1164/5 7444/1164/5 7445/1165/5
f 7119/1116/5 7280/1115/5 7601/1115/5 7440/1116/5
f 7266/1067/5 7265/1066/5 7586/1066/5 7587/1067/5
f 7230/1249/5 7229/1248/5 7550/1248/5 7551/1249/5
f 7223/1216/5 7384/1215/5 7705/1215/5 7544/1216/5
f 7336/1027/5 7335/1026/5 7656/1026/5 7657/1027/5
f 7126/1181/5 7125/1180/5 7446/1180/5 7447/1181/5
f 7121/1132/5 7282/1131/5 7603/1131/5 7442/1132/5
f 7232/1265/5 7231/1264/5 7552/1264/5 7553/1265/5
f 7338/1043/5 7337/1042/5 7658/1042/5 7659/1043/5
f 7128/1197/5 7127/1196/5 7448/1196/5 7449/1197/5
f 7234/1281/5 7233/1280/5 7554/1280/5 7555/1281/5
f 7130/1213/5 7129/1212/5 7450/1212/5 7451/1213/5
f 7302/1139/5 7301/1138/5 7622/1138/5 7623/1139/5
f 7259/1306/5 7180/1305/5 7501/1305/5 7580/1306/5
f 7291/1002/5 7212/1001/5 7533/1001/5 7612/1002/5
f 7343/1222/5 7144/1221/5 7465/1221/5 7664/1222/5
f 7187/1240/5 7348/1239/5 7669/1239/5 7508/1240/5
f 7293/1018/5 7214/1017/5 7535/1017/5 7614/1018/5
f 7404/1151/5 7403/1150/5 7724/1150/5 7725/1151/5
f 7225/1056/5 7386/1055/5 7707/1055/5 7546/1056/5
f 7189/1256/5 7350/1255/5 7671/1255/5 7510/1256/5
f 7295/1034/5 7216/1033/5 7537/1033/5 7616/1034/5
f 7406/1167/5 7405/1166/5 7726/1166/5 7727/1167/5
f 7196/1081/5 7195/1080/5 7516/1080/5 7517/1081/5
f 7191/1272/5 7352/1271/5 7673/1271/5 7512/1272/5
f 7297/1050/5 7218/1049/5 7539/1049/5 7618/1050/5
f 7408/1183/5 7407/1182/5 7728/1182/5 7729/1183/5
f 7198/1097/5 7197/1096/5 7518/1096/5 7519/1097/5
f 7193/1288/5 7354/1287/5 7675/1287/5 7514/1288/5
f 7379/1294/5 7114/1293/5 7435/1293/5 7700/1294/5
f 7410/1199/5 7409/1198/5 7730/1198/5 7731/1199/5
f 7200/1113/5 7199/1112/5 7520/1112/5 7521/1113/5
f 7304/1219/5 7303/1218/5 7624/1218/5 7625/1219/5
f 7411/990/5 7419/14/5 7740/14/5 7732/990/5
f 7261/1146/5 7182/1145/5 7503/1145/5 7582/1146/5
f 7202/1129/5 7201/1128/5 7522/1128/5 7523/1129/5
f 7413/1006/5 7132/1005/5 7453/1005/5 7734/1006/5
f 7345/1062/5 7146/1061/5 7467/1061/5 7666/1062/5
f 7415/1022/5 7134/1021/5 7455/1021/5 7736/1022/5
f 7417/1038/5 7136/1037/5 7457/1037/5 7738/1038/5
f 7340/1303/5 7339/1302/5 7660/1302/5 7661/1303/5
f 7155/1076/5 7316/1075/5 7637/1075/5 7476/1076/5
f 7372/999/5 7371/998/5 7692/998/5 7693/999/5
f 7157/1092/5 7318/1091/5 7639/1091/5 7478/1092/5
f 7268/1243/5 7267/1242/5 7588/1242/5 7589/1243/5
f 7381/1134/5 7122/1133/5 7443/1133/5 7702/1134/5
f 7374/1015/5 7373/1014/5 7694/1014/5 7695/1015/5
f 7164/1157/5 7163/1156/5 7484/1156/5 7485/1157/5
f 7159/1108/5 7320/1107/5 7641/1107/5 7480/1108/5
f 7306/1059/5 7305/1058/5 7626/1058/5 7627/1059/5
f 7270/1259/5 7269/1258/5 7590/1258/5 7591/1259/5
f 7263/1226/5 7184/1225/5 7505/1225/5 7584/1226/5
f 7376/1031/5 7375/1030/5 7696/1030/5 7697/1031/5
f 7166/1173/5 7165/1172/5 7486/1172/5 7487/1173/5
f 7161/1124/5 7322/1123/5 7643/1123/5 7482/1124/5
f 7272/1275/5 7271/1274/5 7592/1274/5 7593/1275/5
f 7378/1047/5 7377/1046/5 7698/1046/5 7699/1047/5
f 7168/1189/5 7167/1188/5 7488/1188/5 7489/1189/5
f 7274/1291/5 7273/1290/5 7594/1290/5 7595/1291/5
f 7170/1205/5 7169/1204/5 7490/1204/5 7491/1205/5
f 7100/15/5 7099/1308/5 7420/1308/5 7421/15/5
f 7342/1143/5 7341/1142/5 7662/1142/5 7663/1143/5
f 7299/1298/5 7220/1297/5 7541/1297/5 7620/1298/5
f 7383/1214/5 7130/1213/5 7451/1213/5 7704/1214/5
f 7227/1232/5 7388/1231/5 7709/1231/5 7548/1232/5
f 7123/1164/5 7284/1163/5 7605/1163/5 7444/1164/5
f 7265/1066/5 7186/1065/5 7507/1065/5 7586/1066/5
f 7229/1248/5 7390/1247/5 7711/1247/5 7550/1248/5
f 7125/1180/5 7286/1179/5 7607/1179/5 7446/1180/5
f 7236/1073/5 7235/1072/5 7556/1072/5 7557/1073/5
f 7231/1264/5 7392/1263/5 7713/1263/5 7552/1264/5
f 7132/1005/5 7131/1004/5 7452/1004/5 7453/1005/5
f 7127/1196/5 7288/1195/5 7609/1195/5 7448/1196/5
f 7238/1089/5 7237/1088/5 7558/1088/5 7559/1089/5
f 7233/1280/5 7394/1279/5 7715/1279/5 7554/1280/5
f 7134/1021/5 7133/1020/5 7454/1020/5 7455/1021/5
f 7129/1212/5 7290/1211/5 7611/1211/5 7450/1212/5
f 7240/1105/5 7239/1104/5 7560/1104/5 7561/1105/5
f 7344/1223/5 7343/1222/5 7664/1222/5 7665/1223/5
f 7136/1037/5 7135/1036/5 7456/1036/5 7457/1037/5
f 7301/1138/5 7222/1137/5 7543/1137/5 7622/1138/5
f 7242/1121/5 7241/1120/5 7562/1120/5 7563/1121/5
f 7347/1238/5 7148/1237/5 7469/1237/5 7668/1238/5
f 7138/1053/5 7137/1052/5 7458/1052/5 7459/1053/5
f 7385/1054/5 7138/1053/5 7459/1053/5 7706/1054/5
f 7349/1254/5 7150/1253/5 7471/1253/5 7670/1254/5
f 7351/1270/5 7152/1269/5 7473/1269/5 7672/1270/5
f 7102/1149/5 7101/1148/5 7422/1148/5 7423/1149/5
f 7353/1286/5 7154/1285/5 7475/1285/5 7674/1286/5
f 7380/1295/5 7379/1294/5 7700/1294/5 7701/1295/5
f 7195/1080/5 7356/1079/5 7677/1079/5 7516/1080/5
f 7412/991/5 7411/990/5 7732/990/5 7733/991/5
f 7197/1096/5 7358/1095/5 7679/1095/5 7518/1096/5
f 7308/1235/5 7307/1234/5 7628/1234/5 7629/1235/5
f 7414/1007/5 7413/1006/5 7734/1006/5 7735/1007/5
f 7204/1161/5 7203/1160/5 7524/1160/5 7525/1161/5
f 7199/1112/5 7360/1111/5 7681/1111/5 7520/1112/5
f 7346/1063/5 7345/1062/5 7666/1062/5 7667/1063/5
f 7310/1251/5 7309/1250/5 7630/1250/5 7631/1251/5
f 7303/1218/5 7224/1217/5 7545/1217/5 7624/1218/5
f 7416/1023/5 7415/1022/5 7736/1022/5 7737/1023/5
f 7206/1177/5 7205/1176/5 7526/1176/5 7527/1177/5
f 7201/1128/5 7362/1127/5 7683/1127/5 7522/1128/5
f 7312/1267/5 7311/1266/5 7632/1266/5 7633/1267/5
f 7418/1039/5 7417/1038/5 7738/1038/5 7739/1039/5
f 7208/1193/5 7207/1192/5 7528/1192/5 7529/1193/5
f 7314/1283/5 7313/1282/5 7634/1282/5 7635/1283/5
f 7210/1209/5 7209/1208/5 7530/1208/5 7531/1209/5
f 7104/1229/5 7103/1228/5 7424/1228/5 7425/1229/5
f 7382/1135/5 7381/1134/5 7702/1134/5 7703/1135/5
f 7267/1242/5 7188/1241/5 7509/1241/5 7588/1242/5
f 7163/1156/5 7324/1155/5 7645/1155/5 7484/1156/5
f 7305/1058/5 7226/1057/5 7547/1057/5 7626/1058/5
f 7269/1258/5 7190/1257/5 7511/1257/5 7590/1258/5
f 7165/1172/5 7326/1171/5 7647/1171/5 7486/1172/5
f 7140/1301/5 7139/1300/5 7460/1300/5 7461/1301/5
f 7276/1083/5 7275/1082/5 7596/1082/5 7597/1083/5
f 7271/1274/5 7192/1273/5 7513/1273/5 7592/1274/5
f 7172/997/5 7171/996/5 7492/996/5 7493/997/5
f 7167/1188/5 7328/1187/5 7649/1187/5 7488/1188/5
f 7278/1099/5 7277/1098/5 7598/1098/5 7599/1099/5
f 7273/1290/5 7194/1289/5 7515/1289/5 7594/1290/5
f 7174/1013/5 7173/1012/5 7494/1012/5 7495/1013/5
f 7169/1204/5 7330/1203/5 7651/1203/5 7490/1204/5
f 7280/1115/5 7279/1114/5 7600/1114/5 7601/1115/5
f 7106/1069/5 7105/1068/5 7426/1068/5 7427/1069/5
f 7384/1215/5 7383/1214/5 7704/1214/5 7705/1215/5
f 7176/1029/5 7175/1028/5 7496/1028/5 7497/1029/5
f 7282/1131/5 7281/1130/5 7602/1130/5 7603/1131/5
f 7387/1230/5 7104/1229/5 7425/1229/5 7708/1230/5
f 7178/1045/5 7177/1044/5 7498/1044/5 7499/1045/5
f 7389/1246/5 7108/1245/5 7429/1245/5 7710/1246/5
f 7391/1262/5 7110/1261/5 7431/1261/5 7712/1262/5
f 7142/1141/5 7141/1140/5 7462/1140/5 7463/1141/5
f 7393/1278/5 7112/1277/5 7433/1277/5 7714/1278/5
f 7099/1308/5 7260/1307/5 7581/1307/5 7420/1308/5
f 7235/1072/5 7396/1071/5 7717/1071/5 7556/1072/5
f 7131/1004/5 7292/1003/5 7613/1003/5 7452/1004/5
f 7237/1088/5 7398/1087/5 7719/1087/5 7558/1088/5
f 7348/1239/5 7347/1238/5 7668/1238/5 7669/1239/5
f 7133/1020/5 7294/1019/5 7615/1019/5 7454/1020/5
f 7244/1153/5 7243/1152/5 7564/1152/5 7565/1153/5
f 7239/1104/5 7400/1103/5 7721/1103/5 7560/1104/5
f 7386/1055/5 7385/1054/5 7706/1054/5 7707/1055/5
f 7350/1255/5 7349/1254/5 7670/1254/5 7671/1255/5
f 7135/1036/5 7296/1035/5 7617/1035/5 7456/1036/5
f 7246/1169/5 7245/1168/5 7566/1168/5 7567/1169/5
f 7241/1120/5 7402/1119/5 7723/1119/5 7562/1120/5
f 7352/1271/5 7351/1270/5 7672/1270/5 7673/1271/5
f 7137/1052/5 7298/1051/5 7619/1051/5 7458/1052/5
f 7248/1185/5 7247/1184/5 7568/1184/5 7569/1185/5
f 7354/1287/5 7353/1286/5 7674/1286/5 7675/1287/5
f 7250/1201/5 7249/1200/5 7570/1200/5 7571/1201/5
f 7355/1078/5 7156/1077/5 7477/1077/5 7676/1078/5
f 7144/1221/5 7143/1220/5 7464/1220/5 7465/1221/5
f 7101/1148/5 7262/1147/5 7583/1147/5 7422/1148/5
f 7357/1094/5 7158/1093/5 7479/1093/5 7678/1094/5
f 7359/1110/5 7160/1109/5 7481/1109/5 7680/1110/5
f 7307/1234/5 7228/1233/5 7549/1233/5 7628/1234/5
f 7361/1126/5 7162/1125/5 7483/1125/5 7682/1126/5
f 7203/1160/5 7364/1159/5 7685/1159/5 7524/1160/5
f 7309/1250/5 7230/1249/5 7551/1249/5 7630/1250/5
f 7205/1176/5 7366/1175/5 7687/1175/5 7526/1176/5
f 7180/1305/5 7179/1304/5 7500/1304/5 7501/1305/5
f 7316/1075/5 7315/1074/5 7636/1074/5 7637/1075/5
f 7311/1266/5 7232/1265/5 7553/1265/5 7632/1266/5
f 7212/1001/5 7211/1000/5 7532/1000/5 7533/1001/5
f 7207/1192/5 7368/1191/5 7689/1191/5 7528/1192/5
f 7318/1091/5 7317/1090/5 7638/1090/5 7639/1091/5
f 7313/1282/5 7234/1281/5 7555/1281/5 7634/1282/5
f 7108/1245/5 7107/1244/5 7428/1244/5 7429/1245/5
f 7214/1017/5 7213/1016/5 7534/1016/5 7535/1017/5
f 7209/1208/5 7370/1207/5 7691/1207/5 7530/1208/5
f 7320/1107/5 7319/1106/5 7640/1106/5 7641/1107/5
f 7146/1061/5 7145/1060/5 7466/1060/5 7467/1061/5
f 7110/1261/5 7109/1260/5 7430/1260/5 7431/1261/5
f 7103/1228/5 7264/1227/5 7585/1227/5 7424/1228/5
f 7216/1033/5 7215/1032/5 7536/1032/5 7537/1033/5
f 7322/1123/5 7321/1122/5 7642/1122/5 7643/1123/5
f 7112/1277/5 7111/1276/5 7432/1276/5 7433/1277/5
f 7218/1049/5 7217/1048/5 7538/1048/5 7539/1049/5
f 7323/1154/5 7244/1153/5 7565/1153/5 7644/1154/5
f 7114/1293/5 7113/1292/5 7434/1292/5 7435/1293/5
f 7325/1170/5 7246/1169/5 7567/1169/5 7646/1170/5
f 7327/1186/5 7248/1185/5 7569/1185/5 7648/1186/5
f 7182/1145/5 7181/1144/5 7502/1144/5 7503/1145/5
f 7139/1300/5 7300/1299/5 7621/1299/5 7460/1300/5
f 7275/1082/5 7196/1081/5 7517/1081/5 7596/1082/5
f 7329/1202/5 7250/1201/5 7571/1201/5 7650/1202/5
f 7171/996/5 7332/995/5 7653/995/5 7492/996/5
f 7277/1098/5 7198/1097/5 7519/1097/5 7598/1098/5
f 7388/1231/5 7387/1230/5 7708/1230/5 7709/1231/5
f 7173/1012/5 7334/1011/5 7655/1011/5 7494/1012/5
f 7284/1163/5 7283/1162/5 7604/1162/5 7605/1163/5
f 7279/1114/5 7200/1113/5 7521/1113/5 7600/1114/5
f 7105/1068/5 7266/1067/5 7587/1067/5 7426/1068/5
f 7390/1247/5 7389/1246/5 7710/1246/5 7711/1247/5
f 7175/1028/5 7336/1027/5 7657/1027/5 7496/1028/5
f 7286/1179/5 7285/1178/5 7606/1178/5 7607/1179/5
f 7281/1130/5 7202/1129/5 7523/1129/5 7602/1130/5
f 7392/1263/5 7391/1262/5 7712/1262/5 7713/1263/5
f 7177/1044/5 7338/1043/5 7659/1043/5 7498/1044/5
f 7288/1195/5 7287/1194/5 7608/1194/5 7609/1195/5
f 7394/1279/5 7393/1278/5 7714/1278/5 7715/1279/5
f 7290/1211/5 7289/1210/5 7610/1210/5 7611/1211/5
f 7395/1070/5 7106/1069/5 7427/1069/5 7716/1070/5
f 7184/1225/5 7183/1224/5 7504/1224/5 7505/1225/5
f 7141/1140/5 7302/1139/5 7623/1139/5 7462/1140/5
f 7397/1086/5 7116/1085/5 7437/1085/5 7718/1086/5
f 7399/1102/5 7118/1101/5 7439/1101/5 7720/1102/5
f 7401/1118/5 7120/1117/5 7441/1117/5 7722/1118/5
f 7243/1152/5 7404/1151/5 7725/1151/5 7564/1152/5
f 7245/1168/5 7406/1167/5 7727/1167/5 7566/1168/5
f 7220/1297/5 7219/1296/5 7540/1296/5 7541/1297/5
f 7356/1079/5 7355/1078/5 7676/1078/5 7677/1079/5
f 7252/993/5 7251/992/5 7572/992/5 7573/993/5
f 7247/1184/5 7408/1183/5 7729/1183/5 7568/1184/5
f 7358/1095/5 7357/1094/5 7678/1094/5 7679/1095/5
f 7148/1237/5 7147/1236/5 7468/1236/5 7469/1237/5
f 7254/1009/5 7253/1008/5 7574/1008/5 7575/1009/5
f 7249/1200/5 7410/1199/5 7731/1199/5 7570/1200/5
f 7360/1111/5 7359/1110/5 7680/1110/5 7681/1111/5
f 7186/1065/5 7185/1064/5 7506/1064/5 7507/1065/5
f 7150/1253/5 7149/1252/5 7470/1252/5 7471/1253/5
f 7143/1220/5 7304/1219/5 7625/1219/5 7464/1220/5
f 7256/1025/5 7255/1024/5 7576/1024/5 7577/1025/5
f 7362/1127/5 7361/1126/5 7682/1126/5 7683/1127/5
f 7152/1269/5 7151/1268/5 7472/1268/5 7473/1269/5
f 7258/1041/5 7257/1040/5 7578/1040/5 7579/1041/5
f 7363/1158/5 7164/1157/5 7485/1157/5 7684/1158/5
f 7154/1285/5 7153/1284/5 7474/1284/5 7475/1285/5
f 7365/1174/5 7166/1173/5 7487/1173/5 7686/1174/5
f 7367/1190/5 7168/1189/5 7489/1189/5 7688/1190/5
f 7222/1137/5 7221/1136/5 7542/1136/5 7543/1137/5
f 7179/1304/5 7340/1303/5 7661/1303/5 7500/1304/5
f 7315/1074/5 7236/1073/5 7557/1073/5 7636/1074/5
f 7369/1206/5 7170/1205/5 7491/1205/5 7690/1206/5
f 7211/1000/5 7372/999/5 7693/999/5 7532/1000/5
f 7317/1090/5 7238/1089/5 7559/1089/5 7638/1090/5
f 7107/1244/5 7268/1243/5 7589/1243/5 7428/1244/5
f 7213/1016/5 7374/1015/5 7695/1015/5 7534/1016/5
f 7324/1155/5 7323/1154/5 7644/1154/5 7645/1155/5
f 7319/1106/5 7240/1105/5 7561/1105/5 7640/1106/5
f 7145/1060/5 7306/1059/5 7627/1059/5 7466/1060/5
f 7109/1260/5 7270/1259/5 7591/1259/5 7430/1260/5
f 7215/1032/5 7376/1031/5 7697/1031/5 7536/1032/5
f 7326/1171/5 7325/1170/5 7646/1170/5 7647/1171/5
f 7321/1122/5 7242/1121/5 7563/1121/5 7642/1122/5
f 7116/1085/5 7115/1084/5 7436/1084/5 7437/1085/5
f 7111/1276/5 7272/1275/5 7593/1275/5 7432/1276/5
f 7217/1048/5 7378/1047/5 7699/1047/5 7538/1048/5
f 7328/1187/5 7327/1186/5 7648/1186/5 7649/1187/5
f 7118/1101/5 7117/1100/5 7438/1100/5 7439/1101/5
f 7113/1292/5 7274/1291/5 7595/1291/5 7434/1292/5
f 7330/1203/5 7329/1202/5 7650/1202/5 7651/1203/5
f 7120/1117/5 7119/1116/5 7440/1116/5 7441/1117/5
f 7224/1217/5 7223/1216/5 7544/1216/5 7545/1217/5
f 7331/994/5 7252/993/5 7573/993/5 7652/994/5
f 7181/1144/5 7342/1143/5 7663/1143/5 7502/1144/5
f 7122/1133/5 7121/1132/5 7442/1132/5 7443/1133/5
f 6856/3815/9 7055/3814/9 7696/3814/9 7497/3815/9
f 1486/1226/24 286/1225/24 7184/1225/24 7263/1226/24
f 1821/1030/24 261/1029/24 7176/1029/24 7375/1030/24
f 6963/3684/9 6964/3683/9 7605/3683/9 7604/3684/9
f 6858/3799/9 7057/3798/9 7698/3798/9 7499/3799/9
f 1822/1046/24 262/1045/24 7178/1045/24 7377/1046/24
f 6965/3668/9 6966/3667/9 7607/3667/9 7606/3668/9
f 1075/1164/24 595/1163/24 7284/1163/24 7123/1164/24
f 6794/3553/9 7059/3552/9 7700/3552/9 7435/3553/9
f 6967/3652/9 6968/3651/9 7609/3651/9 7608/3652/9
f 1076/1180/24 596/1179/24 7286/1179/24 7125/1180/24
f 6802/3713/9 7061/3712/9 7702/3712/9 7443/3713/9
f 6969/3636/9 6970/3635/9 7611/3635/9 7610/3636/9
f 46/1229/24 1006/1228/24 7103/1228/24 7104/1229/24
f 1077/1196/24 597/1195/24 7288/1195/24 7127/1196/24
f 6810/3633/9 7063/3632/9 7704/3632/9 7451/3633/9
f 6971/3842/9 6972/3841/9 7613/3841/9 7612/3842/9
f 1078/1212/24 598/1211/24 7290/1211/24 7129/1212/24
f 6818/3791/9 7065/3790/9 7706/3790/9 7459/3791/9
f 6973/3826/9 6974/3825/9 7615/3825/9 7614/3826/9
f 667/1235/24 1627/1234/24 7307/1234/24 7308/1235/24
f 6784/3617/9 7067/3616/9 7708/3616/9 7425/3617/9
f 1492/1066/24 292/1065/24 7186/1065/24 7265/1066/24
f 6975/3810/9 6976/3809/9 7617/3809/9 7616/3810/9
f 874/1295/24 1834/1294/24 7379/1294/24 7380/1295/24
f 668/1251/24 1628/1250/24 7309/1250/24 7310/1251/24
f 6788/3601/9 7069/3600/9 7710/3600/9 7429/3601/9
f 6977/3794/9 6978/3793/9 7619/3793/9 7618/3794/9
f 669/1267/24 1629/1266/24 7311/1266/24 7312/1267/24
f 6790/3585/9 7071/3584/9 7712/3584/9 7431/3585/9
f 6979/3548/9 6980/3547/9 7621/3547/9 7620/3548/9
f 670/1283/24 1630/1282/24 7313/1282/24 7314/1283/24
f 6792/3569/9 7073/3568/9 7714/3568/9 7433/3569/9
f 6981/3708/9 6982/3707/9 7623/3707/9 7622/3708/9
f 52/1069/24 1012/1068/24 7105/1068/24 7106/1069/24
f 6786/3775/9 7075/3774/9 7716/3774/9 7427/3775/9
f 6983/3628/9 6984/3627/9 7625/3627/9 7624/3628/9
f 259/997/24 1219/996/24 7171/996/24 7172/997/24
f 6796/3759/9 7077/3758/9 7718/3758/9 7437/3759/9
f 6985/3786/9 6986/3785/9 7627/3785/9 7626/3786/9
f 260/1013/24 1220/1012/24 7173/1012/24 7174/1013/24
f 1291/1080/24 811/1079/24 7356/1079/24 7195/1080/24
f 6798/3743/9 7079/3742/9 7720/3742/9 7439/3743/9
f 6987/3612/9 6988/3611/9 7629/3611/9 7628/3612/9
f 261/1029/24 1221/1028/24 7175/1028/24 7176/1029/24
f 1292/1096/24 812/1095/24 7358/1095/24 7197/1096/24
f 880/1135/24 1840/1134/24 7381/1134/24 7382/1135/24
f 6800/3727/9 7081/3726/9 7722/3726/9 7441/3727/9
f 1834/1294/24 70/1293/24 7114/1293/24 7379/1294/24
f 6989/3596/9 6990/3595/9 7631/3595/9 7630/3596/9
f 262/1045/24 1222/1044/24 7177/1044/24 7178/1045/24
f 1293/1112/25 813/1111/25 7360/1111/25 7199/1112/25
f 6782/3697/9 7083/3696/9 7724/3696/9 7423/3697/9
f 6991/3580/9 6992/3579/9 7633/3579/9 7632/3580/9
f 1294/1128/24 814/1127/24 7362/1127/24 7201/1128/24
f 6804/3681/9 7085/3680/9 7726/3680/9 7445/3681/9
f 6993/3564/9 6994/3563/9 7635/3563/9 7634/3564/9
f 6806/3665/9 7087/3664/9 7728/3664/9 7447/3665/9
f 6995/3770/9 6996/3769/9 7637/3769/9 7636/3770/9
f 6808/3649/9 7089/3648/9 7730/3648/9 7449/3649/9
f 6997/3754/9 6998/3753/9 7639/3753/9 7638/3754/9
f 6776/7/27 32/7/27 7100/7/27 7421/7/27
f 6780/9/9 7091/3854/9 7732/3854/9 7740/9/9
f 6999/3738/9 7000/3737/9 7641/3737/9 7640/3738/9
f 886/1215/24 1846/1214/24 7383/1214/24 7384/1215/24
f 6812/3839/9 7093/3838/9 7734/3838/9 7453/3839/9
f 1840/1134/24 94/1133/24 7122/1133/24 7381/1134/24
f 7001/3722/9 7002/3721/9 7643/3721/9 7642/3722/9
f 6814/3823/9 7095/3822/9 7736/3822/9 7455/3823/9
f 475/1153/24 1435/1152/24 7243/1152/24 7244/1153/24
f 7003/3692/9 7004/3691/9 7645/3691/9 7644/3692/9
f 6816/3807/9 7097/3806/9 7738/3806/9 7457/3807/9
f 476/1169/24 1436/1168/24 7245/1168/24 7246/1169/24
f 1507/1242/24 307/1241/24 7188/1241/24 7267/1242/24
f 7005/3676/9 7006/3675/9 7647/3675/9 7646/3676/9
f 477/1185/24 1437/1184/24 7247/1184/24 7248/1185/24
f 1508/1258/24 308/1257/24 7190/1257/24 7269/1258/24
f 7007/3660/9 7008/3659/9 7649/3659/9 7648/3660/9
f 478/1201/24 1438/1200/24 7249/1200/24 7250/1201/24
f 1509/1274/24 309/1273/24 7192/1273/24 7271/1274/24
f 7009/3644/9 7010/3643/9 7651/3643/9 7650/3644/9
f 1510/1290/24 310/1289/24 7194/1289/24 7273/1290/24
f 7011/3850/9 7012/3849/9 7653/3849/9 7652/3850/9
f 67/1245/24 1027/1244/24 7107/1244/24 7108/1245/24
f 892/1055/24 1852/1054/24 7385/1054/24 7386/1055/24
f 1846/1214/24 118/1213/24 7130/1213/24 7383/1214/24
f 7013/3834/9 7014/3833/9 7655/3833/9 7654/3834/9
f 274/1305/24 1234/1304/24 7179/1304/24 7180/1305/24
f 68/1261/24 1028/1260/24 7109/1260/24 7110/1261/24
f 1099/1004/24 619/1003/24 7292/1003/24 7131/1004/24
f 7015/3818/9 7016/3817/9 7657/3817/9 7656/3818/9
f 69/1277/24 1029/1276/24 7111/1276/24 7112/1277/24
f 1100/1020/24 620/1019/24 7294/1019/24 7133/1020/24
f 7017/3802/9 7018/3801/9 7659/3801/9 7658/3802/9
f 70/1293/24 1030/1292/24 7113/1292/24 7114/1293/24
f 1101/1036/24 621/1035/24 7296/1035/24 7135/1036/24
f 7019/3544/9 7020/3543/9 7661/3543/9 7660/3544/9
f 1102/1052/24 622/1051/24 7298/1051/24 7137/1052/24
f 7021/3704/9 7022/3703/9 7663/3703/9 7662/3704/9
f 691/1075/24 1651/1074/24 7315/1074/24 7316/1075/24
f 7023/3624/9 7024/3623/9 7665/3623/9 7664/3624/9
f 692/1091/24 1652/1090/24 7317/1090/24 7318/1091/24
f 1852/1054/24 142/1053/24 7138/1053/24 7385/1054/24
f 7025/3782/9 7026/3781/9 7667/3781/9 7666/3782/9
f 280/1145/24 1240/1144/24 7181/1144/24 7182/1145/24
f 693/1107/24 1653/1106/24 7319/1106/24 7320/1107/24
f 7027/3608/9 7028/3607/9 7669/3607/9 7668/3608/9
f 694/1123/24 1654/1122/24 7321/1122/24 7322/1123/24
f 7029/3592/9 7030/3591/9 7671/3591/9 7670/3592/9
f 7031/3576/9 7032/3575/9 7673/3575/9 7672/3576/9
f 7033/3560/9 7034/3559/9 7675/3559/9 7674/3560/9
f 1315/1160/24 835/1159/24 7364/1159/24 7203/1160/24
f 7035/3766/9 7036/3765/9 7677/3765/9 7676/3766/9
f 1316/1176/24 836/1175/24 7366/1175/24 7205/1176/24
f 7037/3750/9 7038/3749/9 7679/3749/9 7678/3750/9
f 286/1225/24 1246/1224/24 7183/1224/24 7184/1225/24
f 1317/1192/24 837/1191/24 7368/1191/24 7207/1192/24
f 7039/3734/9 7040/3733/9 7681/3733/9 7680/3734/9
f 1318/1208/24 838/1207/24 7370/1207/24 7209/1208/24
f 7041/3718/9 7042/3717/9 7683/3717/9 7682/3718/9
f 907/1231/24 1867/1230/24 7387/1230/24 7388/1231/24
f 7043/3688/9 7044/3687/9 7685/3687/9 7684/3688/9
f 1114/1300/24 634/1299/24 7300/1299/24 7139/1300/24
f 908/1247/24 1868/1246/24 7389/1246/24 7390/1247/24
f 7045/3672/9 7046/3671/9 7687/3671/9 7686/3672/9
f 909/1263/24 1869/1262/24 7391/1262/24 7392/1263/24
f 7047/3656/9 7048/3655/9 7689/3655/9 7688/3656/9
f 910/1279/24 1870/1278/24 7393/1278/24 7394/1279/24
f 7049/3640/28 7050/3639/28 7691/3639/28 7690/3640/28
f 292/1065/24 1252/1064/24 7185/1064/24 7186/1065/24
f 499/993/24 1459/992/24 7251/992/24 7252/993/24
f 7051/3846/9 7052/3845/9 7693/3845/9 7692/3846/9
f 500/1009/24 1460/1008/24 7253/1008/24 7254/1009/24
f 1531/1082/24 331/1081/24 7196/1081/24 7275/1082/24
f 7053/3830/9 7054/3829/9 7695/3829/9 7694/3830/9
f 501/1025/24 1461/1024/24 7255/1024/24 7256/1025/24
f 1532/1098/24 332/1097/24 7198/1097/24 7277/1098/24
f 1867/1230/24 46/1229/24 7104/1229/24 7387/1230/24
f 7055/3814/9 7056/3813/9 7697/3813/9 7696/3814/9
f 1120/1140/24 640/1139/24 7302/1139/24 7141/1140/24
f 502/1041/24 1462/1040/24 7257/1040/24 7258/1041/24
f 1533/1114/24 333/1113/24 7200/1113/24 7279/1114/24
f 1868/1246/24 67/1245/24 7108/1245/24 7389/1246/24
f 7057/3798/9 7058/3797/9 7699/3797/9 7698/3798/9
f 1534/1130/24 334/1129/24 7202/1129/24 7281/1130/24
f 1869/1262/24 68/1261/24 7110/1261/24 7391/1262/24
f 7059/3552/9 7060/3551/9 7701/3551/9 7700/3552/9
f 91/1085/24 1051/1084/24 7115/1084/24 7116/1085/24
f 1870/1278/24 69/1277/24 7112/1277/24 7393/1278/24
f 7061/3712/9 7062/3711/9 7703/3711/9 7702/3712/9
f 92/1101/24 1052/1100/24 7117/1100/24 7118/1101/24
f 7063/3632/9 7064/3631/9 7705/3631/9 7704/3632/9
f 93/1117/24 1053/1116/24 7119/1116/24 7120/1117/24
f 7065/3790/9 7066/3789/9 7707/3789/9 7706/3790/9
f 94/1133/24 1054/1132/24 7121/1132/24 7122/1133/24
f 7067/3616/9 7068/3615/9 7709/3615/9 7708/3616/9
f 1126/1220/24 646/1219/24 7304/1219/24 7143/1220/24
f 7069/3600/9 7070/3599/9 7711/3599/9 7710/3600/9
f 715/1155/24 1675/1154/24 7323/1154/24 7324/1155/24
f 7071/3584/9 7072/3583/9 7713/3583/9 7712/3584/9
f 716/1171/24 1676/1170/24 7325/1170/24 7326/1171/24
f 7073/3568/9 7074/3567/9 7715/3567/9 7714/3568/9
f 717/1187/24 1677/1186/24 7327/1186/24 7328/1187/24
f 7075/3774/9 7076/3773/9 7717/3773/9 7716/3774/9
f 718/1203/24 1678/1202/24 7329/1202/24 7330/1203/24
f 7077/3758/9 7078/3757/9 7719/3757/9 7718/3758/9
f 7079/3742/9 7080/3741/9 7721/3741/9 7720/3742/9
f 307/1241/24 1267/1240/24 7187/1240/24 7188/1241/24
f 1132/1060/24 652/1059/24 7306/1059/24 7145/1060/24
f 514/1307/24 1474/1306/24 7259/1306/24 7260/1307/24
f 7081/3726/9 7082/3725/9 7723/3725/9 7722/3726/9
f 1339/1000/24 859/999/24 7372/999/24 7211/1000/24
f 308/1257/24 1268/1256/24 7189/1256/24 7190/1257/24
f 7083/3696/9 7084/3695/9 7725/3695/9 7724/3696/9
f 1340/1016/24 860/1015/24 7374/1015/24 7213/1016/24
f 1675/1154/24 475/1153/24 7244/1153/24 7323/1154/24
f 309/1273/24 1269/1272/24 7191/1272/24 7192/1273/24
f 7085/3680/9 7086/3679/9 7727/3679/9 7726/3680/9
f 1341/1032/24 861/1031/24 7376/1031/24 7215/1032/24
f 1676/1170/24 476/1169/24 7246/1169/24 7325/1170/24
f 310/1289/24 1270/1288/24 7193/1288/24 7194/1289/24
f 7087/3664/9 7088/3663/9 7729/3663/9 7728/3664/9
f 1342/1048/24 862/1047/24 7378/1047/24 7217/1048/24
f 1677/1186/24 477/1185/24 7248/1185/24 7327/1186/24
f 7089/3648/9 7090/3647/9 7731/3647/9 7730/3648/9
f 1678/1202/24 478/1201/24 7250/1201/24 7329/1202/24
f 931/1071/24 1891/1070/24 7395/1070/24 7396/1071/24
f 7091/3854/9 7092/3853/9 7733/3853/9 7732/3854/9
f 932/1087/24 1892/1086/24 7397/1086/24 7398/1087/24
f 520/1147/24 1480/1146/24 7261/1146/24 7262/1147/24
f 7093/3838/9 7094/3837/9 7735/3837/9 7734/3838/9
f 933/1103/24 1893/1102/24 7399/1102/24 7400/1103/24
f 7095/3822/9 7096/3821/9 7737/3821/9 7736/3822/9
f 934/1119/24 1894/1118/24 7401/1118/24 7402/1119/24
f 7097/3806/9 7098/3805/9 7739/3805/9 7738/3806/9
f 6940/3539/9 6779/3538/9 7420/3538/9 7581/3539/9
f 1555/1162/24 355/1161/24 7204/1161/24 7283/1162/24
f 6942/3699/9 6781/3698/9 7422/3698/9 7583/3699/9
f 1891/1070/24 52/1069/24 7106/1069/24 7395/1070/24
f 1556/1178/24 356/1177/24 7206/1177/24 7285/1178/24
f 6944/3619/9 6783/3618/9 7424/3618/9 7585/3619/9
f 1892/1086/24 91/1085/24 7116/1085/24 7397/1086/24
f 526/1227/24 1486/1226/24 7263/1226/24 7264/1227/24
f 1557/1194/24 357/1193/24 7208/1193/24 7287/1194/24
f 6946/3777/9 6785/3776/9 7426/3776/9 7587/3777/9
f 1893/1102/24 92/1101/24 7118/1101/24 7399/1102/24
f 1558/1210/24 358/1209/24 7210/1209/24 7289/1210/24
f 6948/3603/9 6787/3602/9 7428/3602/9 7589/3603/9
f 115/1165/24 1075/1164/24 7123/1164/24 7124/1165/24
f 1894/1118/24 93/1117/24 7120/1117/24 7401/1118/24
f 6950/3587/9 6789/3586/9 7430/3586/9 7591/3587/9
f 116/1181/24 1076/1180/24 7125/1180/24 7126/1181/24
f 1147/1236/24 667/1235/24 7308/1235/24 7147/1236/24
f 6952/3571/9 6791/3570/9 7432/3570/9 7593/3571/9
f 1354/1296/24 874/1295/24 7380/1295/24 7219/1296/24
f 117/1197/24 1077/1196/24 7127/1196/24 7128/1197/24
f 1148/1252/24 668/1251/24 7310/1251/24 7149/1252/24
f 6954/3555/9 6793/3554/9 7434/3554/9 7595/3555/9
f 118/1213/24 1078/1212/24 7129/1212/24 7130/1213/24
f 1149/1268/24 669/1267/24 7312/1267/24 7151/1268/24
f 6956/3761/9 6795/3760/9 7436/3760/9 7597/3761/9
f 1150/1284/24 670/1283/24 7314/1283/24 7153/1284/24
f 532/1067/24 1492/1066/24 7265/1066/24 7266/1067/24
f 6958/3745/9 6797/3744/9 7438/3744/9 7599/3745/9
f 739/995/24 1699/994/24 7331/994/24 7332/995/24
f 6960/3729/9 6799/3728/9 7440/3728/9 7601/3729/9
f 740/1011/24 1700/1010/24 7333/1010/24 7334/1011/24
f 6962/34/9 6801/3714/9 7442/3714/9 7603/34/9
f 741/1027/24 1701/1026/24 7335/1026/24 7336/1027/24
f 6964/3683/9 6803/3682/9 7444/3682/9 7605/3683/9
f 1360/1136/24 880/1135/24 7382/1135/24 7221/1136/24
f 742/1043/24 1702/1042/24 7337/1042/24 7338/1043/24
f 6966/3667/9 6805/3666/9 7446/3666/9 7607/3667/9
f 6968/3651/9 6807/3650/9 7448/3650/9 7609/3651/9
f 331/1081/24 1291/1080/24 7195/1080/24 7196/1081/24
f 6970/3635/9 6809/3634/9 7450/3634/9 7611/3635/9
f 332/1097/24 1292/1096/24 7197/1096/24 7198/1097/24
f 6972/3841/9 6811/3840/9 7452/3840/9 7613/3841/9
f 1699/994/24 499/993/24 7252/993/24 7331/994/24
f 333/1113/24 1293/1112/24 7199/1112/24 7200/1113/24
f 6974/3825/9 6813/3824/9 7454/3824/9 7615/3825/9
f 334/1129/24 1294/1128/24 7201/1128/24 7202/1129/24
f 1700/1010/24 500/1009/24 7254/1009/24 7333/1010/24
f 6976/3809/9 6815/3808/9 7456/3808/9 7617/3809/9
f 1366/1216/24 886/1215/24 7384/1215/24 7223/1216/24
f 1701/1026/24 501/1025/24 7256/1025/24 7335/1026/24
f 6978/3793/9 6817/3792/9 7458/3792/9 7619/3793/9
f 1702/1042/24 502/1041/24 7258/1041/24 7337/1042/24
f 955/1151/24 1915/1150/24 7403/1150/24 7404/1151/24
f 6980/3547/9 6819/3546/9 7460/3546/9 7621/3547/9
f 956/1167/24 1916/1166/24 7405/1166/24 7406/1167/24
f 6982/3707/9 6821/3706/9 7462/3706/9 7623/3707/9
f 957/1183/24 1917/1182/24 7407/1182/24 7408/1183/24
f 6984/3627/9 6823/3626/9 7464/3626/9 7625/3627/9
f 958/1199/24 1918/1198/24 7409/1198/24 7410/1199/24
f 6986/3785/9 6825/3784/9 7466/3784/9 7627/3785/9
f 547/1243/24 1507/1242/24 7267/1242/24 7268/1243/24
f 6988/3611/9 6827/3610/9 7468/3610/9 7629/3611/9
f 1372/1056/24 892/1055/24 7386/1055/24 7225/1056/24
f 754/1303/24 1714/1302/24 7339/1302/24 7340/1303/24
f 548/1259/24 1508/1258/24 7269/1258/24 7270/1259/24
f 1579/1002/24 379/1001/24 7212/1001/24 7291/1002/24
f 6990/3595/9 6829/3594/9 7470/3594/9 7631/3595/9
f 549/1275/24 1509/1274/24 7271/1274/24 7272/1275/24
f 1580/1018/24 380/1017/24 7214/1017/24 7293/1018/24
f 1915/1150/24 40/1149/24 7102/1149/24 7403/1150/24
f 6992/3579/9 6831/3578/9 7472/3578/9 7633/3579/9
f 550/1291/24 1510/1290/24 7273/1290/24 7274/1291/24
f 1581/1034/24 381/1033/24 7216/1033/24 7295/1034/24
f 1916/1166/24 115/1165/24 7124/1165/24 7405/1166/24
f 6994/3563/28 6833/3562/28 7474/3562/28 7635/3563/28
f 1582/1050/24 382/1049/24 7218/1049/24 7297/1050/24
f 1917/1182/24 116/1181/24 7126/1181/24 7407/1182/24
f 6996/3769/9 6835/3768/9 7476/3768/9 7637/3769/9
f 139/1005/24 1099/1004/24 7131/1004/24 7132/1005/24
f 1918/1198/24 117/1197/24 7128/1197/24 7409/1198/24
f 6998/3753/9 6837/3752/9 7478/3752/9 7639/3753/9
f 140/1021/24 1100/1020/24 7133/1020/24 7134/1021/24
f 1171/1076/24 691/1075/24 7316/1075/24 7155/1076/24
f 7000/3737/9 6839/3736/9 7480/3736/9 7641/3737/9
f 141/1037/24 1101/1036/24 7135/1036/24 7136/1037/24
f 1172/1092/24 692/1091/24 7318/1091/24 7157/1092/24
f 760/1143/24 1720/1142/24 7341/1142/24 7342/1143/24
f 7002/3721/9 6841/3720/9 7482/3720/9 7643/3721/9
f 1714/1302/24 154/1301/24 7140/1301/24 7339/1302/24
f 142/1053/24 1102/1052/24 7137/1052/24 7138/1053/24
f 1173/1108/24 693/1107/24 7320/1107/24 7159/1108/24
f 7004/3691/9 6843/3690/9 7484/3690/9 7645/3691/9
f 1174/1124/24 694/1123/24 7322/1123/24 7161/1124/24
f 7006/3675/9 6845/3674/9 7486/3674/9 7647/3675/9
f 7008/3659/9 6847/3658/9 7488/3658/9 7649/3659/9
f 7010/3643/9 6849/3642/9 7490/3642/9 7651/3643/9
f 7012/3849/9 6851/3848/9 7492/3848/9 7653/3849/9
f 766/1223/24 1726/1222/24 7343/1222/24 7344/1223/24
f 7014/3833/9 6853/3832/9 7494/3832/9 7655/3833/9
f 1720/1142/24 160/1141/24 7142/1141/24 7341/1142/24
f 7016/3817/9 6855/3816/9 7496/3816/9 7657/3817/9
f 355/1161/24 1315/1160/24 7203/1160/24 7204/1161/24
f 7018/3801/9 6857/3800/9 7498/3800/9 7659/3801/9
f 356/1177/24 1316/1176/24 7205/1176/24 7206/1177/24
f 1387/1232/24 907/1231/24 7388/1231/24 7227/1232/24
f 1594/1298/24 394/1297/24 7220/1297/24 7299/1298/24
f 7020/3543/9 6859/3542/9 7500/3542/9 7661/3543/9
f 357/1193/24 1317/1192/24 7207/1192/24 7208/1193/24
f 1388/1248/24 908/1247/24 7390/1247/24 7229/1248/24
f 7022/3703/9 6861/3702/9 7502/3702/9 7663/3703/9
f 358/1209/24 1318/1208/24 7209/1208/24 7210/1209/24
f 1389/1264/24 909/1263/24 7392/1263/24 7231/1264/24
f 7024/3623/9 6863/3622/9 7504/3622/9 7665/3623/9
f 1390/1280/24 910/1279/24 7394/1279/24 7233/1280/24
f 772/1063/24 1732/1062/24 7345/1062/24 7346/1063/24
f 7026/3781/9 6865/3780/9 7506/3780/9 7667/3781/9
f 1726/1222/24 166/1221/24 7144/1221/24 7343/1222/24
f 154/1301/24 1114/1300/24 7139/1300/24 7140/1301/24
f 979/991/24 1939/990/24 7411/990/24 7412/991/24
f 7028/3607/9 6867/3606/9 7508/3606/9 7669/3607/9
f 980/1007/24 1940/1006/24 7413/1006/24 7414/1007/24
f 7030/3591/9 6869/3590/9 7510/3590/9 7671/3591/9
f 6779/3538/9 6776/7/9 7421/7/9 7420/3538/9
f 981/1023/24 1941/1022/24 7415/1022/24 7416/1023/24
f 1600/1138/24 400/1137/24 7222/1137/24 7301/1138/24
f 7032/3575/9 6871/3574/9 7512/3574/9 7673/3575/9
f 7741/1/1 7742/2/1 7744/3/1 7743/4/1
f 7743/4/2 7744/3/2 7746/5/2 7745/6/2
f 7745/6/3 7746/5/3 7748/7/3 7747/8/3
f 7747/8/4 7748/7/4 7750/9/4 7749/10/4
f 7744/11/5 7742/12/5 7752/13/5 7750/14/5 7748/15/5 7746/16/5
f 7749/10/6 7750/9/6 7752/17/6 7751/18/6
f 7751/18/7 7752/17/7 7742/19/7 7741/20/7
f 7741/21/8 7743/22/8 7745/23/8 7747/24/8 7749/25/8 7751/26/8
f 7753/1/1 7754/2/1 7756/3/1 7755/4/1
f 7755/4/2 7756/3/2 7758/5/2 7757/6/2
f 7757/6/3 7758/5/3 7760/7/3 7759/8/3
f 7759/8/4 7760/7/4 7762/9/4 7761/10/4
f 7756/11/5 7754/12/5 7764/13/5 7762/14/5 7760/15/5 7758/16/5
f 7761/10/6 7762/9/6 7764/17/6 7763/18/6
f 7763/18/7 7764/17/7 7754/19/7 7753/20/7
f 7753/21/8 7755/22/8 7757/23/8 7759/24/8 7761/25/8 7763/26/8
f 7765/1/1 7766/2/1 7768/3/1 7767/4/1
f 7767/4/2 7768/3/2 7770/5/2 7769/6/2
f 7769/6/3 7770/5/3 7772/7/3 7771/8/3
f 7771/8/4 7772/7/4 7774/9/4 7773/10/4
f 7768/11/5 7766/12/5 7776/13/5 7774/14/5 7772/15/5 7770/16/5
f 7773/10/6 7774/9/6 7776/17/6 7775/18/6
f 7775/18/7 7776/17/7 7766/19/7 7765/20/7
f 7765/21/8 7767/22/8 7769/23/8 7771/24/8 7773/25/8 7775/26/8
f 7777/1/1 7778/2/1 7780/3/1 7779/4/1
f 7779/4/2 7780/3/2 7782/5/2 7781/6/2
f 7781/6/3 7782/5/3 7784/7/3 7783/8/3
f 7783/8/4 7784/7/4 7786/9/4 7785/10/4
f 7780/11/5 7778/12/5 7788/13/5 7786/14/5 7784/15/5 7782/16/5
f 7785/10/6 7786/9/6 7788/17/6 7787/18/6
f 7787/18/7 7788/17/7 7778/19/7 7777/20/7
f 7777/21/8 7779/22/8 7781/23/8 7783/24/8 7785/25/8 7787/26/8
f 7789/1/1 7790/2/1 7792/3/1 7791/4/1
f 7791/4/2 7792/3/2 7794/5/2 7793/6/2
f 7793/6/3 7794/5/3 7796/7/3 7795/8/3
f 7795/8/4 7796/7/4 7798/9/4 7797/10/4
f 7792/11/5 7790/12/5 7800/13/5 7798/14/5 7796/15/5 7794/16/5
f 7797/10/6 7798/9/6 7800/17/6 7799/18/6
f 7799/18/7 7800/17/7 7790/19/7 7789/20/7
f 7789/21/8 7791/22/8 7793/23/8 7795/24/8 7797/25/8 7799/26/8
f 7801/1/1 7802/2/1 7804/3/1 7803/4/1
f 7803/4/2 7804/3/2 7806/5/2 7805/6/2
f 7805/6/3 7806/5/3 7808/7/3 7807/8/3
f 7807/8/4 7808/7/4 7810/9/4 7809/10/4
f 7804/11/5 7802/12/5 7812/13/5 7810/14/5 7808/15/5 7806/16/5
f 7809/10/6 7810/9/6 7812/17/6 7811/18/6
f 7811/18/7 7812/17/7 7802/19/7 7801/20/7
f 7801/21/8 7803/22/8 7805/23/8 7807/24/8 7809/25/8 7811/26/8
f 7813/1/1 7814/2/1 7816/3/1 7815/4/1
f 7815/4/2 7816/3/2 7818/5/2 7817/6/2
f 7817/6/3 7818/5/3 7820/7/3 7819/8/3
f 7819/8/4 7820/7/4 7822/9/4 7821/10/4
f 7816/11/5 7814/12/5 7824/13/5 7822/14/5 7820/15/5 7818/16/5
f 7821/10/6 7822/9/6 7824/17/6 7823/18/6
f 7823/18/7 7824/17/7 7814/19/7 7813/20/7
f 7813/21/8 7815/22/8 7817/23/8 7819/24/8 7821/25/8 7823/26/8
f 7825/1/1 7826/2/1 7828/3/1 7827/4/1
f 7827/4/2 7828/3/2 7830/5/2 7829/6/2
f 7829/6/3 7830/5/3 7832/7/3 7831/8/3
f 7831/8/4 7832/7/4 7834/9/4 7833/10/4
f 7828/11/5 7826/12/5 7836/13/5 7834/14/5 7832/15/5 7830/16/5
f 7833/10/6 7834/9/6 7836/17/6 7835/18/6
f 7835/18/7 7836/17/7 7826/19/7 7825/20/7
f 7825/21/8 7827/22/8 7829/23/8 7831/24/8 7833/25/8 7835/26/8
f 7837/1/1 7838/2/1 7840/3/1 7839/4/1
f 7839/4/2 7840/3/2 7842/5/2 7841/6/2
f 7841/6/3 7842/5/3 7844/7/3 7843/8/3
f 7843/8/4 7844/7/4 7846/9/4 7845/10/4
f 7840/11/5 7838/12/5 7848/13/5 7846/14/5 7844/15/5 7842/16/5
f 7845/10/6 7846/9/6 7848/17/6 7847/18/6
f 7847/18/7 7848/17/7 7838/19/7 7837/20/7
f 7837/21/8 7839/22/8 7841/23/8 7843/24/8 7845/25/8 7847/26/8
f 7849/1/1 7850/2/1 7852/3/1 7851/4/1
f 7851/4/2 7852/3/2 7854/5/2 7853/6/2
f 7853/6/3 7854/5/3 7856/7/3 7855/8/3
f 7855/8/4 7856/7/4 7858/9/4 7857/10/4
f 7852/11/5 7850/12/5 7860/13/5 7858/14/5 7856/15/5 7854/16/5
f 7857/10/6 7858/9/6 7860/17/6 7859/18/6
f 7859/18/7 7860/17/7 7850/19/7 7849/20/7
f 7849/21/8 7851/22/8 7853/23/8 7855/24/8 7857/25/8 7859/26/8
f 7861/1/1 7862/2/1 7864/3/1 7863/4/1
f 7863/4/2 7864/3/2 7866/5/2 7865/6/2
f 7865/6/3 7866/5/3 7868/7/3 7867/8/3
f 7867/8/4 7868/7/4 7870/9/4 7869/10/4
f 7864/11/5 7862/12/5 7872/13/5 7870/14/5 7868/15/5 7866/16/5
f 7869/10/6 7870/9/6 7872/17/6 7871/18/6
f 7871/18/7 7872/17/7 7862/19/7 7861/20/7
f 7861/21/8 7863/22/8 7865/23/8 7867/24/8 7869/25/8 7871/26/8
f 7873/1/1 7874/2/1 7876/3/1 7875/4/1
f 7875/4/2 7876/3/2 7878/5/2 7877/6/2
f 7877/6/3 7878/5/3 7880/7/3 7879/8/3
f 7879/8/4 7880/7/4 7882/9/4 7881/10/4
f 7876/11/5 7874/12/5 7884/13/5 7882/14/5 7880/15/5 7878/16/5
f 7881/10/6 7882/9/6 7884/17/6 7883/18/6
f 7883/18/7 7884/17/7 7874/19/7 7873/20/7
f 7873/21/8 7875/22/8 7877/23/8 7879/24/8 7881/25/8 7883/26/8
f 7885/1/1 7886/2/1 7888/3/1 7887/4/1
f 7887/4/2 7888/3/2 7890/5/2 7889/6/2
f 7889/6/3 7890/5/3 7892/7/3 7891/8/3
f 7891/8/4 7892/7/4 7894/9/4 7893/10/4
f 7888/11/5 7886/12/5 7896/13/5 7894/14/5 7892/15/5 7890/16/5
f 7893/10/6 7894/9/6 7896/17/6 7895/18/6
f 7895/18/7 7896/17/7 7886/19/7 7885/20/7
f 7885/21/8 7887/22/8 7889/23/8 7891/24/8 7893/25/8 7895/26/8
f 7897/1/1 7898/2/1 7900/3/1 7899/4/1
f 7899/4/2 7900/3/2 7902/5/2 7901/6/2
f 7901/6/3 7902/5/3 7904/7/3 7903/8/3
f 7903/8/4 7904/7/4 7906/9/4 7905/10/4
f 7900/11/5 7898/12/5 7908/13/5 7906/14/5 7904/15/5 7902/16/5
f 7905/10/6 7906/9/6 7908/17/6 7907/18/6
f 7907/18/7 7908/17/7 7898/19/7 7897/20/7
f 7897/21/8 7899/22/8 7901/23/8 7903/24/8 7905/25/8 7907/26/8
f 7909/1/1 7910/2/1 7912/3/1 7911/4/1
f 7911/4/2 7912/3/2 7914/5/2 7913/6/2
f 7913/6/3 7914/5/3 7916/7/3 7915/8/3
f 7915/8/4 7916/7/4 7918/9/4 7917/10/4
f 7912/11/5 7910/12/5 7920/13/5 7918/14/5 7916/15/5 7914/16/5
f 7917/10/6 7918/9/6 7920/17/6 7919/18/6
f 7919/18/7 7920/17/7 7910/19/7 7909/20/7
f 7909/21/8 7911/22/8 7913/23/8 7915/24/8 7917/25/8 7919/26/8
f 7921/1/1 7922/2/1 7924/3/1 7923/4/1
f 7923/4/2 7924/3/2 7926/5/2 7925/6/2
f 7925/6/3 7926/5/3 7928/7/3 7927/8/3
f 7927/8/4 7928/7/4 7930/9/4 7929/10/4
f 7924/11/5 7922/12/5 7932/13/5 7930/14/5 7928/15/5 7926/16/5
f 7929/10/6 7930/9/6 7932/17/6 7931/18/6
f 7931/18/7 7932/17/7 7922/19/7 7921/20/7
f 7921/21/8 7923/22/8 7925/23/8 7927/24/8 7929/25/8 7931/26/8
f 7933/1/1 7934/2/1 7936/3/1 7935/4/1
f 7935/4/2 7936/3/2 7938/5/2 7937/6/2
f 7937/6/3 7938/5/3 7940/7/3 7939/8/3
f 7939/8/4 7940/7/4 7942/9/4 7941/10/4
f 7936/11/5 7934/12/5 7944/13/5 7942/14/5 7940/15/5 7938/16/5
f 7941/10/6 7942/9/6 7944/17/6 7943/18/6
f 7943/18/7 7944/17/7 7934/19/7 7933/20/7
f 7933/21/8 7935/22/8 7937/23/8 7939/24/8 7941/25/8 7943/26/8
f 7945/1/1 7946/2/1 7948/3/1 7947/4/1
f 7947/4/2 7948/3/2 7950/5/2 7949/6/2
f 7949/6/3 7950/5/3 7952/7/3 7951/8/3
f 7951/8/4 7952/7/4 7954/9/4 7953/10/4
f 7948/11/5 7946/12/5 7956/13/5 7954/14/5 7952/15/5 7950/16/5
f 7953/10/6 7954/9/6 7956/17/6 7955/18/6
f 7955/18/7 7956/17/7 7946/19/7 7945/20/7
f 7945/21/8 7947/22/8 7949/23/8 7951/24/8 7953/25/8 7955/26/8
f 7957/1/1 7958/2/1 7960/3/1 7959/4/1
f 7959/4/2 7960/3/2 7962/5/2 7961/6/2
f 7961/6/3 7962/5/3 7964/7/3 7963/8/3
f 7963/8/4 7964/7/4 7966/9/4 7965/10/4
f 7960/11/5 7958/12/5 7968/13/5 7966/14/5 7964/15/5 7962/16/5
f 7965/10/6 7966/9/6 7968/17/6 7967/18/6
f 7967/18/7 7968/17/7 7958/19/7 7957/20/7
f 7957/21/8 7959/22/8 7961/23/8 7963/24/8 7965/25/8 7967/26/8
f 7969/1/1 7970/2/1 7972/3/1 7971/4/1
f 7971/4/2 7972/3/2 7974/5/2 7973/6/2
f 7973/6/3 7974/5/3 7976/7/3 7975/8/3
f 7975/8/4 7976/7/4 7978/9/4 7977/10/4
f 7972/11/5 7970/12/5 7980/13/5 7978/14/5 7976/15/5 7974/16/5
f 7977/10/6 7978/9/6 7980/17/6 7979/18/6
f 7979/18/7 7980/17/7 7970/19/7 7969/20/7
f 7969/21/8 7971/22/8 7973/23/8 7975/24/8 7977/25/8 7979/26/8
f 7981/1/1 7982/2/1 7984/3/1 7983/4/1
f 7983/4/2 7984/3/2 7986/5/2 7985/6/2
f 7985/6/3 7986/5/3 7988/7/3 7987/8/3
f 7987/8/4 7988/7/4 7990/9/4 7989/10/4
f 7984/11/5 7982/12/5 7992/13/5 7990/14/5 7988/15/5 7986/16/5
f 7989/10/6 7990/9/6 7992/17/6 7991/18/6
f 7991/18/7 7992/17/7 7982/19/7 7981/20/7
f 7981/21/8 7983/22/8 7985/23/8 7987/24/8 7989/25/8 7991/26/8
f 7993/1/1 7994/2/1 7996/3/1 7995/4/1
f 7995/4/2 7996/3/2 7998/5/2 7997/6/2
f 7997/6/3 7998/5/3 8000/7/3 7999/8/3
f 7999/8/4 8000/7/4 8002/9/4 8001/10/4
f 7996/11/5 7994/12/5 8004/13/5 8002/14/5 8000/15/5 7998/16/5
f 8001/10/6 8002/9/6 8004/17/6 8003/18/6
f 8003/18/7 8004/17/7 7994/19/7 7993/20/7
f 7993/21/8 7995/22/8 7997/23/8 7999/24/8 8001/25/8 8003/26/8
f 8005/1/1 8006/2/1 8008/3/1 8007/4/1
f 8007/4/2 8008/3/2 8010/5/2 8009/6/2
f 8009/6/3 8010/5/3 8012/7/3 8011/8/3
f 8011/8/4 8012/7/4 8014/9/4 8013/10/4
f 8008/11/5 8006/12/5 8016/13/5 8014/14/5 8012/15/5 8010/16/5
f 8013/10/6 8014/9/6 8016/17/6 8015/18/6
f 8015/18/7 8016/17/7 8006/19/7 8005/20/7
f 8005/21/8 8007/22/8 8009/23/8 8011/24/8 8013/25/8 8015/26/8
f 8017/1/1 8018/2/1 8020/3/1 8019/4/1
f 8019/4/2 8020/3/2 8022/5/2 8021/6/2
f 8021/6/3 8022/5/3 8024/7/3 8023/8/3
f 8023/8/4 8024/7/4 8026/9/4 8025/10/4
f 8020/11/5 8018/12/5 8028/13/5 8026/14/5 8024/15/5 8022/16/5
f 8025/10/6 8026/9/6 8028/17/6 8027/18/6
f 8027/18/7 8028/17/7 8018/19/7 8017/20/7
f 8017/21/8 8019/22/8 8021/23/8 8023/24/8 8025/25/8 8027/26/8
f 8029/1/1 8030/2/1 8032/3/1 8031/4/1
f 8031/4/2 8032/3/2 8034/5/2 8033/6/2
f 8033/6/3 8034/5/3 8036/7/3 8035/8/3
f 8035/8/4 8036/7/4 8038/9/4 8037/10/4
f 8032/11/5 8030/12/5 8040/13/5 8038/14/5 8036/15/5 8034/16/5
f 8037/10/6 8038/9/6 8040/17/6 8039/18/6
f 8039/18/7 8040/17/7 8030/19/7 8029/20/7
f 8029/21/8 8031/22/8 8033/23/8 8035/24/8 8037/25/8 8039/26/8
f 8041/1/1 8042/2/1 8044/3/1 8043/4/1
f 8043/4/2 8044/3/2 8046/5/2 8045/6/2
f 8045/6/3 8046/5/3 8048/7/3 8047/8/3
f 8047/8/4 8048/7/4 8050/9/4 8049/10/4
f 8044/11/5 8042/12/5 8052/13/5 8050/14/5 8048/15/5 8046/16/5
f 8049/10/6 8050/9/6 8052/17/6 8051/18/6
f 8051/18/7 8052/17/7 8042/19/7 8041/20/7
f 8041/21/8 8043/22/8 8045/23/8 8047/24/8 8049/25/8 8051/26/8
f 8053/1/1 8054/2/1 8056/3/1 8055/4/1
f 8055/4/2 8056/3/2 8058/5/2 8057/6/2
f 8057/6/3 8058/5/3 8060/7/3 8059/8/3
f 8059/8/4 8060/7/4 8062/9/4 8061/10/4
f 8056/11/5 8054/12/5 8064/13/5 8062/14/5 8060/15/5 8058/16/5
f 8061/10/6 8062/9/6 8064/17/6 8063/18/6
f 8063/18/7 8064/17/7 8054/19/7 8053/20/7
f 8053/21/8 8055/22/8 8057/23/8 8059/24/8 8061/25/8 8063/26/8
f 8065/1/1 8066/2/1 8068/3/1 8067/4/1
f 8067/4/2 8068/3/2 8070/5/2 8069/6/2
f 8069/6/3 8070/5/3 8072/7/3 8071/8/3
f 8071/8/4 8072/7/4 8074/9/4 8073/10/4
f 8068/11/5 8066/12/5 8076/13/5 8074/14/5 8072/15/5 8070/16/5
f 8073/10/6 8074/9/6 8076/17/6 8075/18/6
f 8075/18/7 8076/17/7 8066/19/7 8065/20/7
f 8065/21/8 8067/22/8 8069/23/8 8071/24/8 8073/25/8 8075/26/8
f 8077/1/1 8078/2/1 8080/3/1 8079/4/1
f 8079/4/2 8080/3/2 8082/5/2 8081/6/2
f 8081/6/3 8082/5/3 8084/7/3 8083/8/3
f 8083/8/4 8084/7/4 8086/9/4 8085/10/4
f 8080/11/5 8078/12/5 8088/13/5 8086/14/5 8084/15/5 8082/16/5
f 8085/10/6 8086/9/6 8088/17/6 8087/18/6
f 8087/18/7 8088/17/7 8078/19/7 8077/20/7
f 8077/21/8 8079/22/8 8081/23/8 8083/24/8 8085/25/8 8087/26/8
f 8089/1/1 8090/2/1 8092/3/1 8091/4/1
f 8091/4/2 8092/3/2 8094/5/2 8093/6/2
f 8093/6/3 8094/5/3 8096/7/3 8095/8/3
f 8095/8/4 8096/7/4 8098/9/4 8097/10/4
f 8092/11/5 8090/12/5 8100/13/5 8098/14/5 8096/15/5 8094/16/5
f 8097/10/6 8098/9/6 8100/17/6 8099/18/6
f 8099/18/7 8100/17/7 8090/19/7 8089/20/7
f 8089/21/8 8091/22/8 8093/23/8 8095/24/8 8097/25/8 8099/26/8
f 8101/1/1 8102/2/1 8104/3/1 8103/4/1
f 8103/4/2 8104/3/2 8106/5/2 8105/6/2
f 8105/6/3 8106/5/3 8108/7/3 8107/8/3
f 8107/8/4 8108/7/4 8110/9/4 8109/10/4
f 8104/11/5 8102/12/5 8112/13/5 8110/14/5 8108/15/5 8106/16/5
f 8109/10/6 8110/9/6 8112/17/6 8111/18/6
f 8111/18/7 8112/17/7 8102/19/7 8101/20/7
f 8101/21/8 8103/22/8 8105/23/8 8107/24/8 8109/25/8 8111/26/8
f 8113/1/1 8114/2/1 8116/3/1 8115/4/1
f 8115/4/2 8116/3/2 8118/5/2 8117/6/2
f 8117/6/3 8118/5/3 8120/7/3 8119/8/3
f 8119/8/4 8120/7/4 8122/9/4 8121/10/4
f 8116/11/5 8114/12/5 8124/13/5 8122/14/5 8120/15/5 8118/16/5
f 8121/10/6 8122/9/6 8124/17/6 8123/18/6
f 8123/18/7 8124/17/7 8114/19/7 8113/20/7
f 8113/21/8 8115/22/8 8117/23/8 8119/24/8 8121/25/8 8123/26/8
f 8125/1/1 8126/2/1 8128/3/1 8127/4/1
f 8127/4/2 8128/3/2 8130/5/2 8129/6/2
f 8129/6/3 8130/5/3 8132/7/3 8131/8/3
f 8131/8/4 8132/7/4 8134/9/4 8133/10/4
f 8128/11/5 8126/12/5 8136/13/5 8134/14/5 8132/15/5 8130/16/5
f 8133/10/6 8134/9/6 8136/17/6 8135/18/6
f 8135/18/7 8136/17/7 8126/19/7 8125/20/7
f 8125/21/8 8127/22/8 8129/23/8 8131/24/8 8133/25/8 8135/26/8
f 8137/1/1 8138/2/1 8140/3/1 8139/4/1
f 8139/4/2 8140/3/2 8142/5/2 8141/6/2
f 8141/6/3 8142/5/3 8144/7/3 8143/8/3
f 8143/8/4 8144/7/4 8146/9/4 8145/10/4
f 8140/11/5 8138/12/5 8148/13/5 8146/14/5 8144/15/5 8142/16/5
f 8145/10/6 8146/9/6 8148/17/6 8147/18/6
f 8147/18/7 8148/17/7 8138/19/7 8137/20/7
f 8137/21/8 8139/22/8 8141/23/8 8143/24/8 8145/25/8 8147/26/8
f 8149/1/1 8150/2/1 8152/3/1 8151/4/1
f 8151/4/2 8152/3/2 8154/5/2 8153/6/2
f 8153/6/3 8154/5/3 8156/7/3 8155/8/3
f 8155/8/4 8156/7/4 8158/9/4 8157/10/4
f 8152/11/5 8150/12/5 8160/13/5 8158/14/5 8156/15/5 8154/16/5
f 8157/10/6 8158/9/6 8160/17/6 8159/18/6
f 8159/18/7 8160/17/7 8150/19/7 8149/20/7
f 8149/21/8 8151/22/8 8153/23/8 8155/24/8 8157/25/8 8159/26/8
f 8161/1/1 8162/2/1 8164/3/1 8163/4/1
f 8163/4/2 8164/3/2 8166/5/2 8165/6/2
f 8165/6/3 8166/5/3 8168/7/3 8167/8/3
f 8167/8/4 8168/7/4 8170/9/4 8169/10/4
f 8164/11/5 8162/12/5 8172/13/5 8170/14/5 8168/15/5 8166/16/5
f 8169/10/6 8170/9/6 8172/17/6 8171/18/6
f 8171/18/7 8172/17/7 8162/19/7 8161/20/7
f 8161/21/8 8163/22/8 8165/23/8 8167/24/8 8169/25/8 8171/26/8
