# Blender 4.4.0
# www.blender.org
mtllib Logistics Terminal 2.0.mtl
o Cube.010
v -0.204137 1.569691 -0.811766
v -0.204137 2.721536 -0.811766
v -0.204137 1.569691 -2.707811
v -0.204137 2.721536 -2.707811
v -0.109380 1.569691 -0.811766
v -0.109380 2.721536 -0.811766
v -0.109380 1.569691 -2.707811
v -0.109380 2.721536 -2.707811
v -1.119608 -0.522791 2.574308
v -1.119608 1.477209 2.574308
v -1.119608 -0.522791 -2.590383
v -1.119608 1.477209 -2.590383
v 0.880392 1.477209 2.574308
v 0.880392 1.477209 -2.590383
v -1.119608 -0.522791 -0.008037
v -1.119608 0.477209 2.574308
v -1.119608 1.477209 -0.008037
v -1.119608 0.477209 -2.590383
v -0.119608 1.477209 -2.590383
v 0.880392 1.477209 -0.008037
v -0.119608 1.477209 2.574308
v -0.119608 1.477209 -0.008037
v -0.119608 0.477209 2.574308
v -0.119608 0.477209 -2.590383
v -1.119608 0.477209 -0.008037
v -1.119608 -0.522791 1.283135
v -1.119608 0.977209 2.574308
v -1.119608 1.477209 -1.299210
v -1.119608 -0.022791 -2.590383
v -0.619608 -0.522791 -2.590383
v 0.380392 1.477209 -2.590383
v 0.880392 1.477209 1.283135
v -0.619608 1.477209 2.574308
v -1.119608 -0.522791 -1.299210
v -1.119608 -0.022791 2.574308
v -1.119608 1.477209 1.283135
v -1.119608 0.977209 -2.590383
v -0.619608 1.477209 -2.590383
v 0.880392 0.977209 -2.590383
v 0.880392 1.477209 -1.299210
v 0.880392 0.977209 2.574308
v -0.619608 -0.522791 2.574308
v 0.380392 1.477209 2.574308
v -0.119608 1.477209 1.283135
v -0.119608 1.477209 -1.299210
v 0.380392 1.477209 -0.008037
v -0.619608 1.477209 -0.008037
v -0.619608 -0.522791 -0.008037
v -0.619608 0.477209 2.574308
v -0.119608 0.977209 2.574308
v 0.880392 0.977209 -0.008037
v -0.619608 0.477209 -2.590383
v -0.119608 0.977209 -2.590383
v -1.119608 0.477209 -1.299210
v -1.119608 0.477209 1.283135
v -1.119608 -0.022791 -0.008037
v -1.119608 0.977209 -0.008037
v -1.119608 0.977209 1.283135
v -1.119608 -0.022791 1.283135
v -1.119608 -0.022791 -1.299210
v -0.619608 0.977209 -2.590383
v -0.619608 -0.022791 -2.590383
v 0.880392 0.977209 -1.299210
v 0.380392 0.977209 2.574308
v -0.619608 -0.022791 2.574308
v -0.619608 -0.522791 -1.299210
v -0.619608 -0.522791 1.283135
v -0.619608 1.477209 -1.299210
v 0.380392 1.477209 -1.299210
v 0.380392 1.477209 1.283135
v -0.619608 1.477209 1.283135
v -0.619608 0.977209 2.574308
v 0.880392 0.977209 1.283135
v 0.380392 0.977209 -2.590383
v -1.119608 0.977209 -1.299210
v -1.119608 -0.522791 1.928722
v -1.119608 1.227209 2.574308
v -1.119608 1.477209 -1.944796
v -1.119608 -0.272791 -2.590383
v -0.869608 -0.522791 -2.590383
v 0.630392 1.477209 -2.590383
v 0.880392 1.477209 1.928722
v -0.869608 1.477209 2.574308
v -1.119608 -0.522791 -0.653624
v -1.119608 0.227209 2.574308
v -1.119608 1.477209 0.637549
v -1.119608 0.727209 -2.590383
v -0.369608 1.477209 -2.590383
v 0.880392 0.727209 -2.590383
v 0.880392 1.477209 -0.653624
v 0.880392 0.727209 2.574308
v -0.369608 -0.522791 2.574308
v 0.130392 1.477209 2.574308
v -0.119608 1.477209 1.928722
v -0.119608 1.477209 -0.653624
v 0.630392 1.477209 -0.008037
v -0.369608 1.477209 -0.008037
v -0.869608 -0.522791 -0.008037
v -0.869608 0.477209 2.574308
v 0.130392 0.477209 2.574308
v -0.119608 0.727209 2.574308
v 0.880392 0.727209 -0.008037
v -0.369608 0.477209 -2.590383
v -0.119608 0.727209 -2.590383
v -1.119608 0.477209 -1.944796
v -1.119608 0.477209 0.637549
v -1.119608 -0.272791 -0.008037
v -1.119608 0.727209 -0.008037
v -1.119608 -0.522791 0.637549
v -1.119608 0.727209 2.574308
v -1.119608 1.477209 -0.653624
v -1.119608 0.227209 -2.590383
v -0.369608 -0.522791 -2.590383
v 0.130392 1.477209 -2.590383
v 0.880392 1.477209 0.637549
v -0.369608 1.477209 2.574308
v -1.119608 -0.522791 -1.944796
v -1.119608 -0.272791 2.574308
v -1.119608 1.477209 1.928722
v -1.119608 1.227209 -2.590383
v -0.869608 1.477209 -2.590383
v 0.880392 1.227209 -2.590383
v 0.880392 1.477209 -1.944796
v 0.880392 1.227209 2.574308
v -0.869608 -0.522791 2.574308
v 0.630392 1.477209 2.574308
v -0.119608 1.477209 0.637549
v -0.119608 1.477209 -1.944796
v 0.130392 1.477209 -0.008037
v -0.869608 1.477209 -0.008037
v -0.369608 -0.522791 -0.008037
v -0.369608 0.477209 2.574308
v -0.119608 1.227209 2.574308
v 0.880392 1.227209 -0.008037
v 0.130392 0.477209 -2.590383
v -0.869608 0.477209 -2.590383
v -0.119608 1.227209 -2.590383
v -1.119608 0.477209 -0.653624
v -1.119608 0.477209 1.928722
v -1.119608 0.227209 -0.008037
v -1.119608 1.227209 -0.008037
v -1.119608 0.977209 0.637549
v -1.119608 0.977209 1.928722
v -1.119608 0.727209 1.283135
v -1.119608 1.227209 1.283135
v -1.119608 -0.022791 0.637549
v -1.119608 -0.022791 1.928722
v -1.119608 -0.272791 1.283135
v -1.119608 0.227209 1.283135
v -1.119608 -0.022791 -1.944796
v -1.119608 -0.022791 -0.653624
v -1.119608 -0.272791 -1.299210
v -1.119608 0.227209 -1.299210
v -0.369608 0.977209 -2.590383
v -0.869608 0.977209 -2.590383
v -0.619608 0.727209 -2.590383
v -0.619608 1.227209 -2.590383
v -0.369608 -0.022791 -2.590383
v -0.869608 -0.022791 -2.590383
v -0.619608 -0.272791 -2.590383
v -0.619608 0.227209 -2.590383
v 0.880392 0.977209 -0.653624
v 0.880392 0.977209 -1.944796
v 0.880392 0.727209 -1.299210
v 0.880392 1.227209 -1.299210
v 0.130392 0.977209 2.574308
v 0.630392 0.977209 2.574308
v 0.380392 0.727209 2.574308
v 0.380392 1.227209 2.574308
v -0.869608 -0.022791 2.574308
v -0.369608 -0.022791 2.574308
v -0.619608 -0.272791 2.574308
v -0.619608 0.227209 2.574308
v -0.619608 -0.522791 -0.653624
v -0.619608 -0.522791 -1.944796
v -0.869608 -0.522791 -1.299210
v -0.369608 -0.522791 -1.299210
v -0.619608 -0.522791 1.928722
v -0.619608 -0.522791 0.637549
v -0.869608 -0.522791 1.283135
v -0.369608 -0.522791 1.283135
v -0.619608 1.477209 -0.653624
v -0.619608 1.477209 -1.944796
v -0.369608 1.477209 -1.299210
v -0.869608 1.477209 -1.299210
v 0.380392 1.477209 -0.653624
v 0.380392 1.477209 -1.944796
v 0.630392 1.477209 -1.299210
v 0.130392 1.477209 -1.299210
v 0.380392 1.477209 1.928722
v 0.380392 1.477209 0.637549
v 0.630392 1.477209 1.283135
v 0.130392 1.477209 1.283135
v -0.619608 1.477209 1.928722
v -0.619608 1.477209 0.637549
v -0.369608 1.477209 1.283135
v -0.869608 1.477209 1.283135
v -0.869608 0.977209 2.574308
v -0.369608 0.977209 2.574308
v -0.619608 0.727209 2.574308
v -0.619608 1.227209 2.574308
v 0.880392 0.977209 1.928722
v 0.880392 0.977209 0.637549
v 0.880392 0.727209 1.283135
v 0.880392 1.227209 1.283135
v 0.630392 0.977209 -2.590383
v 0.130392 0.977209 -2.590383
v 0.380392 0.727209 -2.590383
v 0.380392 1.227209 -2.590383
v -1.119608 0.977209 -1.944796
v -1.119608 0.977209 -0.653624
v -1.119608 0.727209 -1.299210
v -1.119608 1.227209 -1.299210
v -1.119608 1.227209 -0.653624
v -1.119608 0.727209 -0.653624
v -1.119608 0.727209 -1.944796
v 0.130392 1.227209 -2.590383
v 0.130392 0.727209 -2.590383
v 0.630392 0.727209 -2.590383
v 0.880392 1.227209 0.637549
v 0.880392 0.727209 0.637549
v 0.880392 0.727209 1.928722
v -0.369608 1.227209 2.574308
v -0.369608 0.727209 2.574308
v -0.869608 0.727209 2.574308
v -0.869608 1.477209 0.637549
v -0.369608 1.477209 0.637549
v -0.369608 1.477209 1.928722
v 0.130392 1.477209 0.637549
v 0.630392 1.477209 0.637549
v 0.630392 1.477209 1.928722
v 0.130392 1.477209 -1.944796
v 0.630392 1.477209 -1.944796
v 0.630392 1.477209 -0.653624
v -0.869608 1.477209 -1.944796
v -0.369608 1.477209 -1.944796
v -0.369608 1.477209 -0.653624
v -0.369608 -0.522791 0.637549
v -0.869608 -0.522791 0.637549
v -0.869608 -0.522791 1.928722
v -0.369608 -0.522791 -1.944796
v -0.869608 -0.522791 -1.944796
v -0.869608 -0.522791 -0.653624
v -0.369608 0.227209 2.574308
v -0.369608 -0.272791 2.574308
v -0.869608 -0.272791 2.574308
v 0.630392 1.227209 2.574308
v 0.630392 0.727209 2.574308
v 0.130392 0.727209 2.574308
v 0.880392 1.227209 -1.944796
v 0.880392 0.727209 -1.944796
v 0.880392 0.727209 -0.653624
v -0.869608 0.227209 -2.590383
v -0.869608 -0.272791 -2.590383
v -0.369608 -0.272791 -2.590383
v -0.869608 1.227209 -2.590383
v -0.869608 0.727209 -2.590383
v -0.369608 0.727209 -2.590383
v -1.119608 0.227209 -0.653624
v -1.119608 -0.272791 -0.653624
v -1.119608 -0.272791 -1.944796
v -1.119608 0.227209 1.928722
v -1.119608 -0.272791 1.928722
v -1.119608 -0.272791 0.637549
v -1.119608 1.227209 1.928722
v -1.119608 0.727209 1.928722
v -1.119608 0.727209 0.637549
v -1.119608 1.227209 0.637549
v -1.119608 0.227209 0.637549
v -1.119608 0.227209 -1.944796
v -0.369608 1.227209 -2.590383
v -0.369608 0.227209 -2.590383
v 0.880392 1.227209 -0.653624
v 0.130392 1.227209 2.574308
v -0.869608 0.227209 2.574308
v -0.369608 -0.522791 -0.653624
v -0.369608 -0.522791 1.928722
v -0.869608 1.477209 -0.653624
v 0.130392 1.477209 -0.653624
v 0.130392 1.477209 1.928722
v -0.869608 1.477209 1.928722
v -0.869608 1.227209 2.574308
v 0.880392 1.227209 1.928722
v 0.630392 1.227209 -2.590383
v -1.119608 1.227209 -1.944796
v -1.119608 -0.522791 2.251515
v -1.119608 1.352209 2.574308
v -1.119608 1.477209 -2.267589
v -1.119608 -0.397791 -2.590383
v -0.994608 -0.522791 -2.590383
v 0.755392 1.477209 -2.590383
v 0.880392 1.477209 2.251515
v -0.994608 1.477209 2.574308
v -1.119608 -0.522791 -0.330830
v -1.119608 0.352209 2.574308
v -1.119608 1.477209 0.314756
v -1.119608 0.602209 -2.590383
v -0.244608 1.477209 -2.590383
v 0.880392 1.477209 -0.330830
v -0.244608 -0.522791 2.574308
v 0.005392 1.477209 2.574308
v -0.119608 1.477209 2.251515
v -0.119608 1.477209 -0.330830
v 0.755392 1.477209 -0.008037
v -0.244608 1.477209 -0.008037
v -0.994608 -0.522791 -0.008037
v -0.994608 0.477209 2.574308
v 0.005392 0.477209 2.574308
v -0.119608 0.602209 2.574308
v -0.244608 0.477209 -2.590383
v -0.119608 0.602209 -2.590383
v -1.119608 0.477209 -2.267589
v -1.119608 0.477209 0.314756
v -1.119608 -0.397791 -0.008037
v -1.119608 0.602209 -0.008037
v -1.119608 -0.522791 0.960342
v -1.119608 0.852209 2.574308
v -1.119608 1.477209 -0.976417
v -1.119608 0.102209 -2.590383
v -0.494608 -0.522791 -2.590383
v 0.255392 1.477209 -2.590383
v 0.880392 1.477209 0.960342
v -0.494608 1.477209 2.574308
v -1.119608 -0.522791 -1.622003
v -1.119608 -0.147791 2.574308
v -1.119608 1.477209 1.605929
v -1.119608 1.102209 -2.590383
v -0.744608 1.477209 -2.590383
v 0.880392 1.102209 -2.590383
v 0.880392 1.477209 -1.622003
v 0.880392 1.102209 2.574308
v -0.744608 -0.522791 2.574308
v 0.505392 1.477209 2.574308
v -0.119608 1.477209 0.960342
v -0.119608 1.477209 -1.622003
v 0.255392 1.477209 -0.008037
v -0.744608 1.477209 -0.008037
v -0.494608 -0.522791 -0.008037
v -0.494608 0.477209 2.574308
v -0.119608 1.102209 2.574308
v 0.880392 1.102209 -0.008037
v 0.255392 0.477209 -2.590383
v -0.744608 0.477209 -2.590383
v -0.119608 1.102209 -2.590383
v -1.119608 0.477209 -0.976417
v -1.119608 0.477209 1.605929
v -1.119608 0.102209 -0.008037
v -1.119608 1.102209 -0.008037
v -1.119608 0.977209 0.314756
v -1.119608 0.977209 1.605929
v -1.119608 0.602209 1.283135
v -1.119608 1.102209 1.283135
v -1.119608 -0.022791 0.314756
v -1.119608 -0.022791 1.605929
v -1.119608 -0.397791 1.283135
v -1.119608 0.102209 1.283135
v -1.119608 -0.022791 -2.267589
v -1.119608 -0.022791 -0.976417
v -1.119608 -0.397791 -1.299210
v -1.119608 0.102209 -1.299210
v -0.244608 0.977209 -2.590383
v -0.744608 0.977209 -2.590383
v -0.619608 0.602209 -2.590383
v -0.619608 1.102209 -2.590383
v -0.244608 -0.022791 -2.590383
v -0.744608 -0.022791 -2.590383
v -0.619608 -0.397791 -2.590383
v -0.619608 0.102209 -2.590383
v 0.880392 0.977209 -0.330830
v 0.880392 0.977209 -1.622003
v 0.880392 1.102209 -1.299210
v 0.005392 0.977209 2.574308
v 0.505392 0.977209 2.574308
v 0.380392 0.602209 2.574308
v 0.380392 1.102209 2.574308
v -0.994608 -0.022791 2.574308
v -0.494608 -0.022791 2.574308
v -0.619608 -0.397791 2.574308
v -0.619608 0.102209 2.574308
v -0.619608 -0.522791 -0.330830
v -0.619608 -0.522791 -1.622003
v -0.994608 -0.522791 -1.299210
v -0.494608 -0.522791 -1.299210
v -0.619608 -0.522791 2.251515
v -0.619608 -0.522791 0.960342
v -0.994608 -0.522791 1.283135
v -0.494608 -0.522791 1.283135
v -0.619608 1.477209 -0.330830
v -0.619608 1.477209 -1.622003
v -0.244608 1.477209 -1.299210
v -0.744608 1.477209 -1.299210
v 0.380392 1.477209 -0.330830
v 0.380392 1.477209 -1.622003
v 0.755392 1.477209 -1.299210
v 0.255392 1.477209 -1.299210
v 0.380392 1.477209 2.251515
v 0.380392 1.477209 0.960342
v 0.755392 1.477209 1.283135
v 0.255392 1.477209 1.283135
v -0.619608 1.477209 2.251515
v -0.619608 1.477209 0.960342
v -0.244608 1.477209 1.283135
v -0.744608 1.477209 1.283135
v -0.994608 0.977209 2.574308
v -0.494608 0.977209 2.574308
v -0.619608 0.602209 2.574308
v -0.619608 1.102209 2.574308
v 0.880392 0.977209 2.251515
v 0.880392 0.977209 0.960342
v 0.880392 1.102209 1.283135
v 0.755392 0.977209 -2.590383
v 0.255392 0.977209 -2.590383
v 0.380392 0.602209 -2.590383
v 0.380392 1.102209 -2.590383
v -1.119608 0.977209 -2.267589
v -1.119608 0.977209 -0.976417
v -1.119608 0.602209 -1.299210
v -1.119608 1.102209 -1.299210
v -1.119608 -0.522791 1.605929
v -1.119608 1.102209 2.574308
v -1.119608 1.477209 -1.622003
v -1.119608 -0.147791 -2.590383
v -0.744608 -0.522791 -2.590383
v 0.505392 1.477209 -2.590383
v 0.880392 1.477209 1.605929
v -0.744608 1.477209 2.574308
v -1.119608 -0.522791 -0.976417
v -1.119608 0.102209 2.574308
v -1.119608 1.477209 0.960342
v -1.119608 0.852209 -2.590383
v -0.494608 1.477209 -2.590383
v 0.880392 0.852209 -2.590383
v 0.880392 1.477209 -0.976417
v 0.880392 0.852209 2.574308
v -0.494608 -0.522791 2.574308
v 0.255392 1.477209 2.574308
v -0.119608 1.477209 1.605929
v -0.119608 1.477209 -0.976417
v 0.505392 1.477209 -0.008037
v -0.494608 1.477209 -0.008037
v -0.744608 -0.522791 -0.008037
v -0.744608 0.477209 2.574308
v 0.255392 0.477209 2.574308
v -0.119608 0.852209 2.574308
v 0.880392 0.852209 -0.008037
v -0.494608 0.477209 -2.590383
v -0.119608 0.852209 -2.590383
v -1.119608 0.477209 -1.622003
v -1.119608 0.477209 0.960342
v -1.119608 -0.147791 -0.008037
v -1.119608 0.852209 -0.008037
v -1.119608 -0.522791 0.314756
v -1.119608 0.602209 2.574308
v -1.119608 1.477209 -0.330830
v -1.119608 0.352209 -2.590383
v -0.244608 -0.522791 -2.590383
v 0.005392 1.477209 -2.590383
v 0.880392 1.477209 0.314756
v -0.244608 1.477209 2.574308
v -1.119608 -0.522791 -2.267589
v -1.119608 -0.397791 2.574308
v -1.119608 1.477209 2.251515
v -1.119608 1.352209 -2.590383
v -0.994608 1.477209 -2.590383
v 0.880392 1.352209 -2.590383
v 0.880392 1.477209 -2.267589
v 0.880392 1.352209 2.574308
v -0.994608 -0.522791 2.574308
v 0.755392 1.477209 2.574308
v -0.119608 1.477209 0.314756
v -0.119608 1.477209 -2.267589
v 0.005392 1.477209 -0.008037
v -0.994608 1.477209 -0.008037
v -0.244608 -0.522791 -0.008037
v -0.244608 0.477209 2.574308
v -0.119608 0.352209 2.574308
v -0.119608 1.352209 2.574308
v 0.880392 1.352209 -0.008037
v 0.005392 0.477209 -2.590383
v -0.994608 0.477209 -2.590383
v -0.119608 0.352209 -2.590383
v -0.119608 1.352209 -2.590383
v -1.119608 0.477209 -0.330830
v -1.119608 0.477209 2.251515
v -1.119608 0.352209 -0.008037
v -1.119608 1.352209 -0.008037
v -1.119608 0.977209 0.960342
v -1.119608 0.977209 2.251515
v -1.119608 0.852209 1.283135
v -1.119608 1.352209 1.283135
v -1.119608 -0.022791 0.960342
v -1.119608 -0.022791 2.251515
v -1.119608 -0.147791 1.283135
v -1.119608 0.352209 1.283135
v -1.119608 -0.022791 -1.622003
v -1.119608 -0.022791 -0.330830
v -1.119608 -0.147791 -1.299210
v -1.119608 0.352209 -1.299210
v -0.494608 0.977209 -2.590383
v -0.994608 0.977209 -2.590383
v -0.619608 0.852209 -2.590383
v -0.619608 1.352209 -2.590383
v -0.494608 -0.022791 -2.590383
v -0.994608 -0.022791 -2.590383
v -0.619608 -0.147791 -2.590383
v -0.619608 0.352209 -2.590383
v 0.880392 0.977209 -0.976417
v 0.880392 0.977209 -2.267589
v 0.880392 0.852209 -1.299210
v 0.880392 1.352209 -1.299210
v 0.255392 0.977209 2.574308
v 0.755392 0.977209 2.574308
v 0.380392 0.852209 2.574308
v 0.380392 1.352209 2.574308
v -0.744608 -0.022791 2.574308
v -0.244608 -0.022791 2.574308
v -0.619608 -0.147791 2.574308
v -0.619608 0.352209 2.574308
v -0.619608 -0.522791 -0.976417
v -0.619608 -0.522791 -2.267589
v -0.744608 -0.522791 -1.299210
v -0.244608 -0.522791 -1.299210
v -0.619608 -0.522791 1.605929
v -0.619608 -0.522791 0.314756
v -0.744608 -0.522791 1.283135
v -0.244608 -0.522791 1.283135
v -0.619608 1.477209 -0.976417
v -0.619608 1.477209 -2.267589
v -0.494608 1.477209 -1.299210
v -0.994608 1.477209 -1.299210
v 0.380392 1.477209 -0.976417
v 0.380392 1.477209 -2.267589
v 0.505392 1.477209 -1.299210
v 0.005392 1.477209 -1.299210
v 0.380392 1.477209 1.605929
v 0.380392 1.477209 0.314756
v 0.505392 1.477209 1.283135
v 0.005392 1.477209 1.283135
v -0.619608 1.477209 1.605929
v -0.619608 1.477209 0.314756
v -0.494608 1.477209 1.283135
v -0.994608 1.477209 1.283135
v -0.744608 0.977209 2.574308
v -0.244608 0.977209 2.574308
v -0.619608 0.852209 2.574308
v -0.619608 1.352209 2.574308
v 0.880392 0.977209 1.605929
v 0.880392 0.977209 0.314756
v 0.880392 0.852209 1.283135
v 0.880392 1.352209 1.283135
v 0.505392 0.977209 -2.590383
v 0.005392 0.977209 -2.590383
v 0.380392 0.852209 -2.590383
v 0.380392 1.352209 -2.590383
v -1.119608 0.977209 -1.622003
v -1.119608 0.977209 -0.330830
v -1.119608 0.852209 -1.299210
v -1.119608 1.352209 -1.299210
v -1.119608 1.227209 -0.976417
v -1.119608 1.227209 -0.330830
v -1.119608 1.102209 -0.653624
v -1.119608 1.352209 -0.653624
v -1.119608 0.727209 -0.976417
v -1.119608 0.727209 -0.330830
v -1.119608 0.602209 -0.653624
v -1.119608 0.852209 -0.653624
v -1.119608 0.727209 -2.267589
v -1.119608 0.727209 -1.622003
v -1.119608 0.602209 -1.944796
v -1.119608 0.852209 -1.944796
v 0.255392 1.227209 -2.590383
v 0.005392 1.227209 -2.590383
v 0.130392 1.102209 -2.590383
v 0.130392 1.352209 -2.590383
v 0.255392 0.727209 -2.590383
v 0.005392 0.727209 -2.590383
v 0.130392 0.602209 -2.590383
v 0.130392 0.852209 -2.590383
v 0.755392 0.727209 -2.590383
v 0.505392 0.727209 -2.590383
v 0.630392 0.852209 -2.590383
v 0.880392 1.227209 0.960342
v 0.880392 1.227209 0.314756
v 0.880392 1.102209 0.637549
v 0.880392 1.352209 0.637549
v 0.880392 0.727209 0.960342
v 0.880392 0.727209 0.314756
v 0.880392 0.852209 0.637549
v 0.880392 0.727209 2.251515
v 0.880392 0.727209 1.605929
v 0.880392 0.852209 1.928722
v -0.494608 1.227209 2.574308
v -0.244608 1.227209 2.574308
v -0.369608 1.102209 2.574308
v -0.369608 1.352209 2.574308
v -0.494608 0.727209 2.574308
v -0.244608 0.727209 2.574308
v -0.369608 0.602209 2.574308
v -0.369608 0.852209 2.574308
v -0.994608 0.727209 2.574308
v -0.744608 0.727209 2.574308
v -0.869608 0.602209 2.574308
v -0.869608 0.852209 2.574308
v -0.869608 1.477209 0.960342
v -0.869608 1.477209 0.314756
v -0.744608 1.477209 0.637549
v -0.994608 1.477209 0.637549
v -0.369608 1.477209 0.960342
v -0.369608 1.477209 0.314756
v -0.244608 1.477209 0.637549
v -0.494608 1.477209 0.637549
v -0.369608 1.477209 2.251515
v -0.369608 1.477209 1.605929
v -0.244608 1.477209 1.928722
v -0.494608 1.477209 1.928722
v 0.130392 1.477209 0.960342
v 0.130392 1.477209 0.314756
v 0.255392 1.477209 0.637549
v 0.005392 1.477209 0.637549
v 0.630392 1.477209 0.960342
v 0.630392 1.477209 0.314756
v 0.755392 1.477209 0.637549
v 0.505392 1.477209 0.637549
v 0.630392 1.477209 2.251515
v 0.630392 1.477209 1.605929
v 0.755392 1.477209 1.928722
v 0.505392 1.477209 1.928722
v 0.130392 1.477209 -1.622003
v 0.130392 1.477209 -2.267589
v 0.255392 1.477209 -1.944796
v 0.005392 1.477209 -1.944796
v 0.630392 1.477209 -1.622003
v 0.630392 1.477209 -2.267589
v 0.755392 1.477209 -1.944796
v 0.505392 1.477209 -1.944796
v 0.630392 1.477209 -0.330830
v 0.630392 1.477209 -0.976417
v 0.755392 1.477209 -0.653624
v 0.505392 1.477209 -0.653624
v -0.869608 1.477209 -1.622003
v -0.869608 1.477209 -2.267589
v -0.744608 1.477209 -1.944796
v -0.994608 1.477209 -1.944796
v -0.369608 1.477209 -1.622003
v -0.369608 1.477209 -2.267589
v -0.244608 1.477209 -1.944796
v -0.494608 1.477209 -1.944796
v -0.369608 1.477209 -0.330830
v -0.369608 1.477209 -0.976417
v -0.244608 1.477209 -0.653624
v -0.494608 1.477209 -0.653624
v -0.369608 -0.522791 0.960342
v -0.369608 -0.522791 0.314756
v -0.494608 -0.522791 0.637549
v -0.244608 -0.522791 0.637549
v -0.869608 -0.522791 0.960342
v -0.869608 -0.522791 0.314756
v -0.994608 -0.522791 0.637549
v -0.744608 -0.522791 0.637549
v -0.869608 -0.522791 2.251515
v -0.869608 -0.522791 1.605929
v -0.994608 -0.522791 1.928722
v -0.744608 -0.522791 1.928722
v -0.369608 -0.522791 -1.622003
v -0.369608 -0.522791 -2.267589
v -0.494608 -0.522791 -1.944796
v -0.244608 -0.522791 -1.944796
v -0.869608 -0.522791 -1.622003
v -0.869608 -0.522791 -2.267589
v -0.994608 -0.522791 -1.944796
v -0.744608 -0.522791 -1.944796
v -0.869608 -0.522791 -0.330830
v -0.869608 -0.522791 -0.976417
v -0.994608 -0.522791 -0.653624
v -0.744608 -0.522791 -0.653624
v -0.494608 0.227209 2.574308
v -0.244608 0.227209 2.574308
v -0.369608 0.102209 2.574308
v -0.369608 0.352209 2.574308
v -0.494608 -0.272791 2.574308
v -0.244608 -0.272791 2.574308
v -0.369608 -0.397791 2.574308
v -0.369608 -0.147791 2.574308
v -0.994608 -0.272791 2.574308
v -0.744608 -0.272791 2.574308
v -0.869608 -0.397791 2.574308
v -0.869608 -0.147791 2.574308
v 0.505392 1.227209 2.574308
v 0.755392 1.227209 2.574308
v 0.630392 1.102209 2.574308
v 0.630392 1.352209 2.574308
v 0.505392 0.727209 2.574308
v 0.755392 0.727209 2.574308
v 0.630392 0.852209 2.574308
v 0.005392 0.727209 2.574308
v 0.255392 0.727209 2.574308
v 0.130392 0.602209 2.574308
v 0.130392 0.852209 2.574308
v 0.880392 1.227209 -1.622003
v 0.880392 1.227209 -2.267589
v 0.880392 1.102209 -1.944796
v 0.880392 1.352209 -1.944796
v 0.880392 0.727209 -1.622003
v 0.880392 0.727209 -2.267589
v 0.880392 0.852209 -1.944796
v 0.880392 0.727209 -0.330830
v 0.880392 0.727209 -0.976417
v 0.880392 0.852209 -0.653624
v -0.744608 0.227209 -2.590383
v -0.994608 0.227209 -2.590383
v -0.869608 0.102209 -2.590383
v -0.869608 0.352209 -2.590383
v -0.744608 -0.272791 -2.590383
v -0.994608 -0.272791 -2.590383
v -0.869608 -0.397791 -2.590383
v -0.869608 -0.147791 -2.590383
v -0.244608 -0.272791 -2.590383
v -0.494608 -0.272791 -2.590383
v -0.369608 -0.397791 -2.590383
v -0.369608 -0.147791 -2.590383
v -0.744608 1.227209 -2.590383
v -0.994608 1.227209 -2.590383
v -0.869608 1.102209 -2.590383
v -0.869608 1.352209 -2.590383
v -0.744608 0.727209 -2.590383
v -0.994608 0.727209 -2.590383
v -0.869608 0.602209 -2.590383
v -0.869608 0.852209 -2.590383
v -0.244608 0.727209 -2.590383
v -0.494608 0.727209 -2.590383
v -0.369608 0.602209 -2.590383
v -0.369608 0.852209 -2.590383
v -1.119608 0.227209 -0.976417
v -1.119608 0.227209 -0.330830
v -1.119608 0.102209 -0.653624
v -1.119608 0.352209 -0.653624
v -1.119608 -0.272791 -0.976417
v -1.119608 -0.272791 -0.330830
v -1.119608 -0.397791 -0.653624
v -1.119608 -0.147791 -0.653624
v -1.119608 -0.272791 -2.267589
v -1.119608 -0.272791 -1.622003
v -1.119608 -0.397791 -1.944796
v -1.119608 -0.147791 -1.944796
v -1.119608 0.227209 1.605929
v -1.119608 0.227209 2.251515
v -1.119608 0.102209 1.928722
v -1.119608 0.352209 1.928722
v -1.119608 -0.272791 1.605929
v -1.119608 -0.272791 2.251515
v -1.119608 -0.397791 1.928722
v -1.119608 -0.147791 1.928722
v -1.119608 -0.272791 0.314756
v -1.119608 -0.272791 0.960342
v -1.119608 -0.397791 0.637549
v -1.119608 -0.147791 0.637549
v -1.119608 1.227209 1.605929
v -1.119608 1.227209 2.251515
v -1.119608 1.102209 1.928722
v -1.119608 1.352209 1.928722
v -1.119608 0.727209 1.605929
v -1.119608 0.727209 2.251515
v -1.119608 0.602209 1.928722
v -1.119608 0.852209 1.928722
v -1.119608 0.727209 0.314756
v -1.119608 0.727209 0.960342
v -1.119608 0.602209 0.637549
v -1.119608 0.852209 0.637549
v -1.119608 1.227209 0.314756
v -1.119608 1.227209 0.960342
v -1.119608 1.102209 0.637549
v -1.119608 1.352209 0.637549
v -1.119608 0.227209 0.314756
v -1.119608 0.227209 0.960342
v -1.119608 0.102209 0.637549
v -1.119608 0.352209 0.637549
v -1.119608 0.227209 -2.267589
v -1.119608 0.227209 -1.622003
v -1.119608 0.102209 -1.944796
v -1.119608 0.352209 -1.944796
v -0.244608 1.227209 -2.590383
v -0.494608 1.227209 -2.590383
v -0.369608 1.102209 -2.590383
v -0.369608 1.352209 -2.590383
v -0.244608 0.227209 -2.590383
v -0.494608 0.227209 -2.590383
v -0.369608 0.102209 -2.590383
v -0.369608 0.352209 -2.590383
v 0.880392 1.227209 -0.330830
v 0.880392 1.227209 -0.976417
v 0.880392 1.102209 -0.653624
v 0.880392 1.352209 -0.653624
v 0.005392 1.227209 2.574308
v 0.255392 1.227209 2.574308
v 0.130392 1.102209 2.574308
v 0.130392 1.352209 2.574308
v -0.994608 0.227209 2.574308
v -0.744608 0.227209 2.574308
v -0.869608 0.102209 2.574308
v -0.869608 0.352209 2.574308
v -0.369608 -0.522791 -0.330830
v -0.369608 -0.522791 -0.976417
v -0.494608 -0.522791 -0.653624
v -0.244608 -0.522791 -0.653624
v -0.369608 -0.522791 2.251515
v -0.369608 -0.522791 1.605929
v -0.494608 -0.522791 1.928722
v -0.244608 -0.522791 1.928722
v -0.869608 1.477209 -0.330830
v -0.869608 1.477209 -0.976417
v -0.744608 1.477209 -0.653624
v -0.994608 1.477209 -0.653624
v 0.130392 1.477209 -0.330830
v 0.130392 1.477209 -0.976417
v 0.255392 1.477209 -0.653624
v 0.005392 1.477209 -0.653624
v 0.130392 1.477209 2.251515
v 0.130392 1.477209 1.605929
v 0.255392 1.477209 1.928722
v 0.005392 1.477209 1.928722
v -0.869608 1.477209 2.251515
v -0.869608 1.477209 1.605929
v -0.744608 1.477209 1.928722
v -0.994608 1.477209 1.928722
v -0.994608 1.227209 2.574308
v -0.744608 1.227209 2.574308
v -0.869608 1.102209 2.574308
v -0.869608 1.352209 2.574308
v 0.880392 1.227209 2.251515
v 0.880392 1.227209 1.605929
v 0.880392 1.102209 1.928722
v 0.880392 1.352209 1.928722
v 0.755392 1.227209 -2.590383
v 0.505392 1.227209 -2.590383
v 0.630392 1.102209 -2.590383
v 0.630392 1.352209 -2.590383
v -1.119608 1.227209 -2.267589
v -1.119608 1.227209 -1.622003
v -1.119608 1.102209 -1.944796
v -1.119608 1.352209 -1.944796
v -1.119608 1.352209 -1.622003
v -1.119608 1.102209 -1.622003
v -1.119608 1.102209 -2.267589
v 0.505392 1.352209 -2.590383
v 0.505392 1.102209 -2.590383
v 0.755392 1.102209 -2.590383
v 0.880392 1.352209 1.605929
v 0.880392 1.102209 1.605929
v 0.880392 1.102209 2.251515
v -0.744608 1.352209 2.574308
v -0.744608 1.102209 2.574308
v -0.994608 1.102209 2.574308
v -0.994608 1.477209 1.605929
v -0.744608 1.477209 1.605929
v -0.744608 1.477209 2.251515
v 0.005392 1.477209 1.605929
v 0.255392 1.477209 1.605929
v 0.255392 1.477209 2.251515
v 0.005392 1.477209 -0.976417
v 0.255392 1.477209 -0.976417
v 0.255392 1.477209 -0.330830
v -0.994608 1.477209 -0.976417
v -0.744608 1.477209 -0.976417
v -0.744608 1.477209 -0.330830
v -0.244608 -0.522791 1.605929
v -0.494608 -0.522791 1.605929
v -0.494608 -0.522791 2.251515
v -0.244608 -0.522791 -0.976417
v -0.494608 -0.522791 -0.976417
v -0.494608 -0.522791 -0.330830
v -0.744608 0.352209 2.574308
v -0.744608 0.102209 2.574308
v -0.994608 0.102209 2.574308
v 0.255392 1.352209 2.574308
v 0.255392 1.102209 2.574308
v 0.005392 1.102209 2.574308
v 0.880392 1.352209 -0.976417
v 0.880392 1.102209 -0.976417
v 0.880392 1.102209 -0.330830
v -0.494608 0.352209 -2.590383
v -0.494608 0.102209 -2.590383
v -0.244608 0.102209 -2.590383
v -0.494608 1.352209 -2.590383
v -0.494608 1.102209 -2.590383
v -0.244608 1.102209 -2.590383
v -1.119608 0.352209 -1.622003
v -1.119608 0.102209 -1.622003
v -1.119608 0.102209 -2.267589
v -1.119608 0.352209 0.960342
v -1.119608 0.102209 0.960342
v -1.119608 0.102209 0.314756
v -1.119608 1.352209 0.960342
v -1.119608 1.102209 0.960342
v -1.119608 1.102209 0.314756
v -1.119608 0.852209 0.960342
v -1.119608 0.602209 0.960342
v -1.119608 0.602209 0.314756
v -1.119608 0.852209 2.251515
v -1.119608 0.602209 2.251515
v -1.119608 0.602209 1.605929
v -1.119608 1.352209 2.251515
v -1.119608 1.102209 2.251515
v -1.119608 1.102209 1.605929
v -1.119608 -0.147791 0.960342
v -1.119608 -0.397791 0.960342
v -1.119608 -0.397791 0.314756
v -1.119608 -0.147791 2.251515
v -1.119608 -0.397791 2.251515
v -1.119608 -0.397791 1.605929
v -1.119608 0.352209 2.251515
v -1.119608 0.102209 2.251515
v -1.119608 0.102209 1.605929
v -1.119608 -0.147791 -1.622003
v -1.119608 -0.397791 -1.622003
v -1.119608 -0.397791 -2.267589
v -1.119608 -0.147791 -0.330830
v -1.119608 -0.397791 -0.330830
v -1.119608 -0.397791 -0.976417
v -1.119608 0.352209 -0.330830
v -1.119608 0.102209 -0.330830
v -1.119608 0.102209 -0.976417
v -0.494608 0.852209 -2.590383
v -0.494608 0.602209 -2.590383
v -0.244608 0.602209 -2.590383
v -0.994608 0.852209 -2.590383
v -0.994608 0.602209 -2.590383
v -0.744608 0.602209 -2.590383
v -0.994608 1.352209 -2.590383
v -0.994608 1.102209 -2.590383
v -0.744608 1.102209 -2.590383
v -0.494608 -0.147791 -2.590383
v -0.494608 -0.397791 -2.590383
v -0.244608 -0.397791 -2.590383
v -0.994608 -0.147791 -2.590383
v -0.994608 -0.397791 -2.590383
v -0.744608 -0.397791 -2.590383
v -0.994608 0.352209 -2.590383
v -0.994608 0.102209 -2.590383
v -0.744608 0.102209 -2.590383
v 0.005392 0.352209 -2.590383
v 0.880392 0.852209 -0.976417
v 0.880392 0.852209 -2.267589
v 0.880392 1.352209 -2.267589
v 0.880392 1.102209 -2.267589
v 0.880392 1.102209 -1.622003
v 0.255392 0.852209 2.574308
v 0.255392 0.602209 2.574308
v 0.005392 0.602209 2.574308
v 0.755392 0.852209 2.574308
v 0.505392 0.602209 2.574308
v 0.755392 1.352209 2.574308
v 0.755392 1.102209 2.574308
v 0.505392 1.102209 2.574308
v -0.744608 -0.147791 2.574308
v -0.744608 -0.397791 2.574308
v -0.994608 -0.397791 2.574308
v -0.244608 -0.147791 2.574308
v -0.244608 -0.397791 2.574308
v -0.494608 -0.397791 2.574308
v -0.244608 0.352209 2.574308
v -0.244608 0.102209 2.574308
v -0.494608 0.102209 2.574308
v -0.744608 -0.522791 -0.976417
v -0.994608 -0.522791 -0.976417
v -0.994608 -0.522791 -0.330830
v -0.744608 -0.522791 -2.267589
v -0.994608 -0.522791 -2.267589
v -0.994608 -0.522791 -1.622003
v -0.244608 -0.522791 -2.267589
v -0.494608 -0.522791 -2.267589
v -0.494608 -0.522791 -1.622003
v -0.744608 -0.522791 1.605929
v -0.994608 -0.522791 1.605929
v -0.994608 -0.522791 2.251515
v -0.744608 -0.522791 0.314756
v -0.994608 -0.522791 0.314756
v -0.994608 -0.522791 0.960342
v -0.244608 -0.522791 0.314756
v -0.494608 -0.522791 0.314756
v -0.494608 -0.522791 0.960342
v -0.494608 1.477209 -0.976417
v -0.244608 1.477209 -0.976417
v -0.244608 1.477209 -0.330830
v -0.494608 1.477209 -2.267589
v -0.244608 1.477209 -2.267589
v -0.244608 1.477209 -1.622003
v -0.994608 1.477209 -2.267589
v -0.744608 1.477209 -2.267589
v -0.744608 1.477209 -1.622003
v 0.505392 1.477209 -0.976417
v 0.755392 1.477209 -0.976417
v 0.755392 1.477209 -0.330830
v 0.505392 1.477209 -2.267589
v 0.755392 1.477209 -2.267589
v 0.755392 1.477209 -1.622003
v 0.005392 1.477209 -2.267589
v 0.255392 1.477209 -2.267589
v 0.255392 1.477209 -1.622003
v 0.505392 1.477209 1.605929
v 0.755392 1.477209 1.605929
v 0.755392 1.477209 2.251515
v 0.505392 1.477209 0.314756
v 0.755392 1.477209 0.314756
v 0.755392 1.477209 0.960342
v 0.005392 1.477209 0.314756
v 0.255392 1.477209 0.314756
v 0.255392 1.477209 0.960342
v -0.494608 1.477209 1.605929
v -0.244608 1.477209 1.605929
v -0.244608 1.477209 2.251515
v -0.494608 1.477209 0.314756
v -0.244608 1.477209 0.314756
v -0.244608 1.477209 0.960342
v -0.994608 1.477209 0.314756
v -0.744608 1.477209 0.314756
v -0.744608 1.477209 0.960342
v -0.744608 0.852209 2.574308
v -0.744608 0.602209 2.574308
v -0.994608 0.602209 2.574308
v -0.244608 0.852209 2.574308
v -0.244608 0.602209 2.574308
v -0.494608 0.602209 2.574308
v -0.244608 1.352209 2.574308
v -0.244608 1.102209 2.574308
v -0.494608 1.102209 2.574308
v 0.880392 0.852209 1.605929
v 0.880392 0.852209 0.314756
v 0.880392 1.352209 0.314756
v 0.880392 1.102209 0.314756
v 0.880392 1.102209 0.960342
v 0.505392 0.852209 -2.590383
v 0.505392 0.602209 -2.590383
v 0.005392 0.852209 -2.590383
v 0.005392 0.602209 -2.590383
v 0.255392 0.602209 -2.590383
v 0.005392 1.352209 -2.590383
v 0.005392 1.102209 -2.590383
v 0.255392 1.102209 -2.590383
v -1.119608 0.852209 -1.622003
v -1.119608 0.602209 -1.622003
v -1.119608 0.602209 -2.267589
v -1.119608 0.852209 -0.330830
v -1.119608 0.602209 -0.330830
v -1.119608 0.602209 -0.976417
v -1.119608 1.352209 -0.330830
v -1.119608 1.102209 -0.330830
v -1.119608 1.102209 -0.976417
v -1.119608 1.352209 -0.976417
v -1.119608 0.852209 -0.976417
v -1.119608 0.852209 -2.267589
v 0.255392 1.352209 -2.590383
v 0.255392 0.852209 -2.590383
v 0.755392 0.852209 -2.590383
v 0.880392 1.352209 0.960342
v 0.880392 0.852209 0.960342
v 0.880392 0.852209 2.251515
v -0.494608 1.352209 2.574308
v -0.494608 0.852209 2.574308
v -0.994608 0.852209 2.574308
v -0.994608 1.477209 0.960342
v -0.494608 1.477209 0.960342
v -0.494608 1.477209 2.251515
v 0.005392 1.477209 0.960342
v 0.505392 1.477209 0.960342
v 0.505392 1.477209 2.251515
v 0.005392 1.477209 -1.622003
v 0.505392 1.477209 -1.622003
v 0.505392 1.477209 -0.330830
v -0.994608 1.477209 -1.622003
v -0.494608 1.477209 -1.622003
v -0.494608 1.477209 -0.330830
v -0.244608 -0.522791 0.960342
v -0.744608 -0.522791 0.960342
v -0.744608 -0.522791 2.251515
v -0.244608 -0.522791 -1.622003
v -0.744608 -0.522791 -1.622003
v -0.744608 -0.522791 -0.330830
v -0.494608 0.352209 2.574308
v -0.494608 -0.147791 2.574308
v -0.994608 -0.147791 2.574308
v 0.505392 1.352209 2.574308
v 0.505392 0.852209 2.574308
v 0.005392 0.852209 2.574308
v 0.880392 1.352209 -1.622003
v 0.880392 0.852209 -1.622003
v 0.880392 0.852209 -0.330830
v -0.744608 0.352209 -2.590383
v -0.744608 -0.147791 -2.590383
v -0.244608 -0.147791 -2.590383
v -0.744608 1.352209 -2.590383
v -0.744608 0.852209 -2.590383
v -0.244608 0.852209 -2.590383
v -1.119608 0.352209 -0.976417
v -1.119608 -0.147791 -0.976417
v -1.119608 -0.147791 -2.267589
v -1.119608 0.352209 1.605929
v -1.119608 -0.147791 1.605929
v -1.119608 -0.147791 0.314756
v -1.119608 1.352209 1.605929
v -1.119608 0.852209 1.605929
v -1.119608 0.852209 0.314756
v -1.119608 1.352209 0.314756
v -1.119608 0.352209 0.314756
v -1.119608 0.352209 -2.267589
v -0.244608 1.352209 -2.590383
v -0.244608 0.352209 -2.590383
v 0.880392 1.352209 -0.330830
v 0.005392 1.352209 2.574308
v 0.005392 0.352209 2.574308
v -0.994608 0.352209 2.574308
v -0.244608 -0.522791 -0.330830
v -0.244608 -0.522791 2.251515
v -0.994608 1.477209 -0.330830
v 0.005392 1.477209 -0.330830
v 0.005392 1.477209 2.251515
v -0.994608 1.477209 2.251515
v -0.994608 1.352209 2.574308
v 0.880392 1.352209 2.251515
v 0.755392 1.352209 -2.590383
v -1.119608 1.352209 -2.267589
v -1.119608 -0.522791 2.561523
v -1.119608 1.477209 2.561523
v -1.119608 -0.522791 -2.590383
v -1.119608 1.477209 -2.590383
v -0.242689 -0.522791 2.561523
v -0.242689 1.477209 2.561523
v -0.242689 -0.522791 -2.590383
v -0.242689 1.477209 -2.590383
v -1.119608 -0.522791 2.569140
v -1.119608 1.477209 2.569140
v -1.119608 -0.522791 -2.590383
v -1.119608 1.477209 -2.590383
v -0.242689 -0.522791 2.569140
v -0.242689 1.477209 2.569140
v -0.242689 -0.522791 -2.590383
v -0.242689 1.477209 -2.590383
v -0.582840 0.967990 2.574308
v 0.548855 1.471853 2.574308
v -0.582840 0.967990 -2.587410
v 0.548855 1.471853 -2.587410
v -0.251303 0.223346 2.574308
v 0.880392 0.727209 2.574308
v -0.251303 0.223346 -2.587410
v 0.880392 0.727209 -2.587410
v -0.893163 -0.522791 0.444320
v -0.893163 0.731080 0.444320
v -0.893163 -0.522791 -0.434427
v -0.893163 0.731080 -0.434427
v 0.382915 -0.522791 0.444320
v 0.382915 0.731080 0.444320
v 0.382915 -0.522791 -0.434427
v 0.382915 0.731080 -0.434427
v -0.808406 -0.065485 0.444320
v -0.359059 1.105104 0.444320
v -0.808406 -0.065485 -0.434427
v -0.359059 1.105104 -0.434427
v 0.382915 -0.522791 0.444320
v 0.832262 0.647799 0.444320
v 0.382915 -0.522791 -0.434427
v 0.832262 0.647799 -0.434427
v -0.166809 0.556015 0.564217
v -0.166809 1.672676 0.564217
v -0.166809 0.556015 -0.552444
v -0.166809 1.672676 -0.552444
v 0.949852 0.556015 0.564217
v 0.949852 1.672676 0.564217
v 0.949852 0.556015 -0.552444
v 0.949852 1.672676 -0.552444
v -1.119608 1.477209 2.572894
v -1.119608 2.449723 2.572894
v -1.119608 1.477209 -2.590383
v -1.119608 2.449723 -2.590383
v -0.168333 1.477209 2.572894
v -0.168333 2.449723 2.572894
v -0.168333 1.477209 -2.590383
v -0.168333 2.449723 -2.590383
v -0.193908 1.695218 0.646504
v -0.193908 2.598393 0.646504
v -0.193908 1.695218 -0.659365
v -0.193908 2.598393 -0.659365
v -0.119608 1.695218 0.646504
v -0.119608 2.598393 0.646504
v -0.119608 1.695218 -0.659365
v -0.119608 2.598393 -0.659365
v -1.119608 1.477209 2.574308
v -1.119608 2.699090 2.574308
v -1.119608 1.477209 0.574308
v -1.119608 2.699090 0.574308
v 1.200487 1.477209 2.574308
v 1.200487 2.699090 2.574308
v 1.200487 1.477209 0.574308
v 1.200487 2.699090 0.574308
vn -1.0000 -0.0000 -0.0000
vn -0.0000 -0.0000 -1.0000
vn 1.0000 -0.0000 -0.0000
vn -0.0000 -0.0000 1.0000
vn -0.0000 -1.0000 -0.0000
vn -0.0000 1.0000 -0.0000
vn -0.4067 0.9135 -0.0000
vn 0.4067 -0.9135 -0.0000
vn -0.9135 -0.4067 -0.0000
vn 0.9135 0.4067 -0.0000
vn -0.9336 0.3584 -0.0000
vn 0.9336 -0.3584 -0.0000
vn -0.3584 -0.9336 -0.0000
vn 0.3584 0.9336 -0.0000
vt 0.375000 0.000000
vt 0.625000 0.000000
vt 0.625000 0.250000
vt 0.375000 0.250000
vt 0.625000 0.500000
vt 0.375000 0.500000
vt 0.625000 0.750000
vt 0.375000 0.750000
vt 0.625000 1.000000
vt 0.375000 1.000000
vt 0.125000 0.500000
vt 0.125000 0.750000
vt 0.875000 0.500000
vt 0.875000 0.750000
vt 0.609375 0.234375
vt 0.625000 0.234375
vt 0.609375 0.250000
vt 0.609375 0.484375
vt 0.625000 0.484375
vt 0.609375 0.500000
vt 0.609375 0.734375
vt 0.625000 0.734375
vt 0.609375 0.750000
vt 0.609375 0.984375
vt 0.625000 0.984375
vt 0.609375 1.000000
vt 0.859375 0.734375
vt 0.875000 0.734375
vt 0.859375 0.750000
vt 0.734375 0.734375
vt 0.750000 0.734375
vt 0.750000 0.750000
vt 0.734375 0.750000
vt 0.734375 0.609375
vt 0.750000 0.609375
vt 0.750000 0.625000
vt 0.734375 0.625000
vt 0.859375 0.609375
vt 0.875000 0.609375
vt 0.875000 0.625000
vt 0.859375 0.625000
vt 0.484375 0.984375
vt 0.500000 0.984375
vt 0.500000 1.000000
vt 0.484375 1.000000
vt 0.484375 0.859375
vt 0.500000 0.859375
vt 0.500000 0.875000
vt 0.484375 0.875000
vt 0.609375 0.859375
vt 0.625000 0.859375
vt 0.625000 0.875000
vt 0.609375 0.875000
vt 0.609375 0.609375
vt 0.625000 0.609375
vt 0.625000 0.625000
vt 0.609375 0.625000
vt 0.484375 0.359375
vt 0.500000 0.359375
vt 0.500000 0.375000
vt 0.484375 0.375000
vt 0.609375 0.359375
vt 0.625000 0.359375
vt 0.625000 0.375000
vt 0.609375 0.375000
vt 0.484375 0.234375
vt 0.500000 0.234375
vt 0.500000 0.250000
vt 0.484375 0.250000
vt 0.484375 0.109375
vt 0.500000 0.109375
vt 0.500000 0.125000
vt 0.484375 0.125000
vt 0.609375 0.109375
vt 0.625000 0.109375
vt 0.625000 0.125000
vt 0.609375 0.125000
vt 0.546875 0.109375
vt 0.562500 0.109375
vt 0.562500 0.125000
vt 0.546875 0.125000
vt 0.546875 0.046875
vt 0.562500 0.046875
vt 0.562500 0.062500
vt 0.546875 0.062500
vt 0.609375 0.046875
vt 0.625000 0.046875
vt 0.625000 0.062500
vt 0.609375 0.062500
vt 0.421875 0.109375
vt 0.437500 0.109375
vt 0.437500 0.125000
vt 0.421875 0.125000
vt 0.421875 0.046875
vt 0.437500 0.046875
vt 0.437500 0.062500
vt 0.421875 0.062500
vt 0.484375 0.046875
vt 0.500000 0.046875
vt 0.500000 0.062500
vt 0.484375 0.062500
vt 0.421875 0.234375
vt 0.437500 0.234375
vt 0.437500 0.250000
vt 0.421875 0.250000
vt 0.421875 0.171875
vt 0.437500 0.171875
vt 0.437500 0.187500
vt 0.421875 0.187500
vt 0.484375 0.171875
vt 0.500000 0.171875
vt 0.500000 0.187500
vt 0.484375 0.187500
vt 0.546875 0.359375
vt 0.562500 0.359375
vt 0.562500 0.375000
vt 0.546875 0.375000
vt 0.546875 0.296875
vt 0.562500 0.296875
vt 0.562500 0.312500
vt 0.546875 0.312500
vt 0.609375 0.296875
vt 0.625000 0.296875
vt 0.625000 0.312500
vt 0.609375 0.312500
vt 0.421875 0.296875
vt 0.437500 0.296875
vt 0.437500 0.312500
vt 0.421875 0.312500
vt 0.484375 0.296875
vt 0.500000 0.296875
vt 0.500000 0.312500
vt 0.484375 0.312500
vt 0.546875 0.609375
vt 0.562500 0.609375
vt 0.562500 0.625000
vt 0.546875 0.625000
vt 0.546875 0.546875
vt 0.562500 0.546875
vt 0.562500 0.562500
vt 0.546875 0.562500
vt 0.609375 0.546875
vt 0.625000 0.546875
vt 0.625000 0.562500
vt 0.609375 0.562500
vt 0.546875 0.859375
vt 0.562500 0.859375
vt 0.562500 0.875000
vt 0.546875 0.875000
vt 0.546875 0.796875
vt 0.562500 0.796875
vt 0.562500 0.812500
vt 0.546875 0.812500
vt 0.609375 0.796875
vt 0.625000 0.796875
vt 0.625000 0.812500
vt 0.609375 0.812500
vt 0.421875 0.984375
vt 0.437500 0.984375
vt 0.437500 1.000000
vt 0.421875 1.000000
vt 0.421875 0.921875
vt 0.437500 0.921875
vt 0.437500 0.937500
vt 0.421875 0.937500
vt 0.484375 0.921875
vt 0.500000 0.921875
vt 0.500000 0.937500
vt 0.484375 0.937500
vt 0.171875 0.609375
vt 0.187500 0.609375
vt 0.187500 0.625000
vt 0.171875 0.625000
vt 0.171875 0.546875
vt 0.187500 0.546875
vt 0.187500 0.562500
vt 0.171875 0.562500
vt 0.171875 0.734375
vt 0.187500 0.734375
vt 0.187500 0.750000
vt 0.171875 0.750000
vt 0.171875 0.671875
vt 0.187500 0.671875
vt 0.187500 0.687500
vt 0.171875 0.687500
vt 0.796875 0.609375
vt 0.812500 0.609375
vt 0.812500 0.625000
vt 0.796875 0.625000
vt 0.796875 0.546875
vt 0.812500 0.546875
vt 0.812500 0.562500
vt 0.796875 0.562500
vt 0.859375 0.546875
vt 0.875000 0.546875
vt 0.875000 0.562500
vt 0.859375 0.562500
vt 0.671875 0.609375
vt 0.687500 0.609375
vt 0.687500 0.625000
vt 0.671875 0.625000
vt 0.671875 0.546875
vt 0.687500 0.546875
vt 0.687500 0.562500
vt 0.671875 0.562500
vt 0.734375 0.546875
vt 0.750000 0.546875
vt 0.750000 0.562500
vt 0.734375 0.562500
vt 0.671875 0.734375
vt 0.687500 0.734375
vt 0.687500 0.750000
vt 0.671875 0.750000
vt 0.671875 0.671875
vt 0.687500 0.671875
vt 0.687500 0.687500
vt 0.671875 0.687500
vt 0.734375 0.671875
vt 0.750000 0.671875
vt 0.750000 0.687500
vt 0.734375 0.687500
vt 0.796875 0.734375
vt 0.812500 0.734375
vt 0.812500 0.750000
vt 0.796875 0.750000
vt 0.796875 0.671875
vt 0.812500 0.671875
vt 0.812500 0.687500
vt 0.796875 0.687500
vt 0.859375 0.671875
vt 0.875000 0.671875
vt 0.875000 0.687500
vt 0.859375 0.687500
vt 0.546875 0.984375
vt 0.562500 0.984375
vt 0.562500 1.000000
vt 0.546875 1.000000
vt 0.546875 0.921875
vt 0.562500 0.921875
vt 0.562500 0.937500
vt 0.546875 0.937500
vt 0.609375 0.921875
vt 0.625000 0.921875
vt 0.625000 0.937500
vt 0.609375 0.937500
vt 0.546875 0.734375
vt 0.562500 0.734375
vt 0.562500 0.750000
vt 0.546875 0.750000
vt 0.546875 0.671875
vt 0.562500 0.671875
vt 0.562500 0.687500
vt 0.546875 0.687500
vt 0.609375 0.671875
vt 0.625000 0.671875
vt 0.625000 0.687500
vt 0.609375 0.687500
vt 0.546875 0.484375
vt 0.562500 0.484375
vt 0.562500 0.500000
vt 0.546875 0.500000
vt 0.546875 0.421875
vt 0.562500 0.421875
vt 0.562500 0.437500
vt 0.546875 0.437500
vt 0.609375 0.421875
vt 0.625000 0.421875
vt 0.625000 0.437500
vt 0.609375 0.437500
vt 0.546875 0.234375
vt 0.562500 0.234375
vt 0.562500 0.250000
vt 0.546875 0.250000
vt 0.546875 0.171875
vt 0.562500 0.171875
vt 0.562500 0.187500
vt 0.546875 0.187500
vt 0.609375 0.171875
vt 0.625000 0.171875
vt 0.625000 0.187500
vt 0.609375 0.187500
vt 0.578125 0.171875
vt 0.593750 0.171875
vt 0.593750 0.187500
vt 0.578125 0.187500
vt 0.578125 0.140625
vt 0.593750 0.140625
vt 0.593750 0.156250
vt 0.578125 0.156250
vt 0.609375 0.140625
vt 0.625000 0.140625
vt 0.625000 0.156250
vt 0.609375 0.156250
vt 0.515625 0.171875
vt 0.531250 0.171875
vt 0.531250 0.187500
vt 0.515625 0.187500
vt 0.515625 0.140625
vt 0.531250 0.140625
vt 0.531250 0.156250
vt 0.515625 0.156250
vt 0.546875 0.140625
vt 0.562500 0.140625
vt 0.562500 0.156250
vt 0.546875 0.156250
vt 0.515625 0.234375
vt 0.531250 0.234375
vt 0.531250 0.250000
vt 0.515625 0.250000
vt 0.515625 0.203125
vt 0.531250 0.203125
vt 0.531250 0.218750
vt 0.515625 0.218750
vt 0.546875 0.203125
vt 0.562500 0.203125
vt 0.562500 0.218750
vt 0.546875 0.218750
vt 0.578125 0.421875
vt 0.593750 0.421875
vt 0.593750 0.437500
vt 0.578125 0.437500
vt 0.578125 0.390625
vt 0.593750 0.390625
vt 0.593750 0.406250
vt 0.578125 0.406250
vt 0.609375 0.390625
vt 0.625000 0.390625
vt 0.625000 0.406250
vt 0.609375 0.406250
vt 0.515625 0.421875
vt 0.531250 0.421875
vt 0.531250 0.437500
vt 0.515625 0.437500
vt 0.515625 0.390625
vt 0.531250 0.390625
vt 0.531250 0.406250
vt 0.515625 0.406250
vt 0.546875 0.390625
vt 0.562500 0.390625
vt 0.562500 0.406250
vt 0.546875 0.406250
vt 0.546875 0.453125
vt 0.562500 0.453125
vt 0.562500 0.468750
vt 0.546875 0.468750
vt 0.578125 0.671875
vt 0.593750 0.671875
vt 0.593750 0.687500
vt 0.578125 0.687500
vt 0.578125 0.640625
vt 0.593750 0.640625
vt 0.593750 0.656250
vt 0.578125 0.656250
vt 0.609375 0.640625
vt 0.625000 0.640625
vt 0.625000 0.656250
vt 0.609375 0.656250
vt 0.546875 0.640625
vt 0.562500 0.640625
vt 0.562500 0.656250
vt 0.546875 0.656250
vt 0.546875 0.703125
vt 0.562500 0.703125
vt 0.562500 0.718750
vt 0.546875 0.718750
vt 0.578125 0.921875
vt 0.593750 0.921875
vt 0.593750 0.937500
vt 0.578125 0.937500
vt 0.578125 0.890625
vt 0.593750 0.890625
vt 0.593750 0.906250
vt 0.578125 0.906250
vt 0.609375 0.890625
vt 0.625000 0.890625
vt 0.625000 0.906250
vt 0.609375 0.906250
vt 0.515625 0.921875
vt 0.531250 0.921875
vt 0.531250 0.937500
vt 0.515625 0.937500
vt 0.515625 0.890625
vt 0.531250 0.890625
vt 0.531250 0.906250
vt 0.515625 0.906250
vt 0.546875 0.890625
vt 0.562500 0.890625
vt 0.562500 0.906250
vt 0.546875 0.906250
vt 0.515625 0.984375
vt 0.531250 0.984375
vt 0.531250 1.000000
vt 0.515625 1.000000
vt 0.515625 0.953125
vt 0.531250 0.953125
vt 0.531250 0.968750
vt 0.515625 0.968750
vt 0.546875 0.953125
vt 0.562500 0.953125
vt 0.562500 0.968750
vt 0.546875 0.968750
vt 0.828125 0.671875
vt 0.843750 0.671875
vt 0.843750 0.687500
vt 0.828125 0.687500
vt 0.828125 0.640625
vt 0.843750 0.640625
vt 0.843750 0.656250
vt 0.828125 0.656250
vt 0.859375 0.640625
vt 0.875000 0.640625
vt 0.875000 0.656250
vt 0.859375 0.656250
vt 0.765625 0.671875
vt 0.781250 0.671875
vt 0.781250 0.687500
vt 0.765625 0.687500
vt 0.765625 0.640625
vt 0.781250 0.640625
vt 0.781250 0.656250
vt 0.765625 0.656250
vt 0.796875 0.640625
vt 0.812500 0.640625
vt 0.812500 0.656250
vt 0.796875 0.656250
vt 0.765625 0.734375
vt 0.781250 0.734375
vt 0.781250 0.750000
vt 0.765625 0.750000
vt 0.765625 0.703125
vt 0.781250 0.703125
vt 0.781250 0.718750
vt 0.765625 0.718750
vt 0.796875 0.703125
vt 0.812500 0.703125
vt 0.812500 0.718750
vt 0.796875 0.718750
vt 0.703125 0.671875
vt 0.718750 0.671875
vt 0.718750 0.687500
vt 0.703125 0.687500
vt 0.703125 0.640625
vt 0.718750 0.640625
vt 0.718750 0.656250
vt 0.703125 0.656250
vt 0.734375 0.640625
vt 0.750000 0.640625
vt 0.750000 0.656250
vt 0.734375 0.656250
vt 0.640625 0.671875
vt 0.656250 0.671875
vt 0.656250 0.687500
vt 0.640625 0.687500
vt 0.640625 0.640625
vt 0.656250 0.640625
vt 0.656250 0.656250
vt 0.640625 0.656250
vt 0.671875 0.640625
vt 0.687500 0.640625
vt 0.687500 0.656250
vt 0.671875 0.656250
vt 0.640625 0.734375
vt 0.656250 0.734375
vt 0.656250 0.750000
vt 0.640625 0.750000
vt 0.640625 0.703125
vt 0.656250 0.703125
vt 0.656250 0.718750
vt 0.640625 0.718750
vt 0.671875 0.703125
vt 0.687500 0.703125
vt 0.687500 0.718750
vt 0.671875 0.718750
vt 0.703125 0.546875
vt 0.718750 0.546875
vt 0.718750 0.562500
vt 0.703125 0.562500
vt 0.703125 0.515625
vt 0.718750 0.515625
vt 0.718750 0.531250
vt 0.703125 0.531250
vt 0.734375 0.515625
vt 0.750000 0.515625
vt 0.750000 0.531250
vt 0.734375 0.531250
vt 0.640625 0.546875
vt 0.656250 0.546875
vt 0.656250 0.562500
vt 0.640625 0.562500
vt 0.640625 0.515625
vt 0.656250 0.515625
vt 0.656250 0.531250
vt 0.640625 0.531250
vt 0.671875 0.515625
vt 0.687500 0.515625
vt 0.687500 0.531250
vt 0.671875 0.531250
vt 0.640625 0.609375
vt 0.656250 0.609375
vt 0.656250 0.625000
vt 0.640625 0.625000
vt 0.640625 0.578125
vt 0.656250 0.578125
vt 0.656250 0.593750
vt 0.640625 0.593750
vt 0.671875 0.578125
vt 0.687500 0.578125
vt 0.687500 0.593750
vt 0.671875 0.593750
vt 0.828125 0.546875
vt 0.843750 0.546875
vt 0.843750 0.562500
vt 0.828125 0.562500
vt 0.828125 0.515625
vt 0.843750 0.515625
vt 0.843750 0.531250
vt 0.828125 0.531250
vt 0.859375 0.515625
vt 0.875000 0.515625
vt 0.875000 0.531250
vt 0.859375 0.531250
vt 0.765625 0.546875
vt 0.781250 0.546875
vt 0.781250 0.562500
vt 0.765625 0.562500
vt 0.765625 0.515625
vt 0.781250 0.515625
vt 0.781250 0.531250
vt 0.765625 0.531250
vt 0.796875 0.515625
vt 0.812500 0.515625
vt 0.812500 0.531250
vt 0.796875 0.531250
vt 0.765625 0.609375
vt 0.781250 0.609375
vt 0.781250 0.625000
vt 0.765625 0.625000
vt 0.765625 0.578125
vt 0.781250 0.578125
vt 0.781250 0.593750
vt 0.765625 0.593750
vt 0.796875 0.578125
vt 0.812500 0.578125
vt 0.812500 0.593750
vt 0.796875 0.593750
vt 0.203125 0.671875
vt 0.218750 0.671875
vt 0.218750 0.687500
vt 0.203125 0.687500
vt 0.203125 0.640625
vt 0.218750 0.640625
vt 0.218750 0.656250
vt 0.203125 0.656250
vt 0.140625 0.671875
vt 0.156250 0.671875
vt 0.156250 0.687500
vt 0.140625 0.687500
vt 0.140625 0.640625
vt 0.156250 0.640625
vt 0.156250 0.656250
vt 0.140625 0.656250
vt 0.171875 0.640625
vt 0.187500 0.640625
vt 0.187500 0.656250
vt 0.171875 0.656250
vt 0.140625 0.734375
vt 0.156250 0.734375
vt 0.156250 0.750000
vt 0.140625 0.750000
vt 0.140625 0.703125
vt 0.156250 0.703125
vt 0.156250 0.718750
vt 0.140625 0.718750
vt 0.171875 0.703125
vt 0.187500 0.703125
vt 0.187500 0.718750
vt 0.171875 0.718750
vt 0.203125 0.546875
vt 0.218750 0.546875
vt 0.218750 0.562500
vt 0.203125 0.562500
vt 0.203125 0.515625
vt 0.218750 0.515625
vt 0.218750 0.531250
vt 0.203125 0.531250
vt 0.140625 0.546875
vt 0.156250 0.546875
vt 0.156250 0.562500
vt 0.140625 0.562500
vt 0.140625 0.515625
vt 0.156250 0.515625
vt 0.156250 0.531250
vt 0.140625 0.531250
vt 0.171875 0.515625
vt 0.187500 0.515625
vt 0.187500 0.531250
vt 0.171875 0.531250
vt 0.140625 0.609375
vt 0.156250 0.609375
vt 0.156250 0.625000
vt 0.140625 0.625000
vt 0.140625 0.578125
vt 0.156250 0.578125
vt 0.156250 0.593750
vt 0.140625 0.593750
vt 0.171875 0.578125
vt 0.187500 0.578125
vt 0.187500 0.593750
vt 0.171875 0.593750
vt 0.453125 0.921875
vt 0.468750 0.921875
vt 0.468750 0.937500
vt 0.453125 0.937500
vt 0.453125 0.890625
vt 0.468750 0.890625
vt 0.468750 0.906250
vt 0.453125 0.906250
vt 0.484375 0.890625
vt 0.500000 0.890625
vt 0.500000 0.906250
vt 0.484375 0.906250
vt 0.390625 0.921875
vt 0.406250 0.921875
vt 0.406250 0.937500
vt 0.390625 0.937500
vt 0.390625 0.890625
vt 0.406250 0.890625
vt 0.406250 0.906250
vt 0.390625 0.906250
vt 0.421875 0.890625
vt 0.437500 0.890625
vt 0.437500 0.906250
vt 0.421875 0.906250
vt 0.390625 0.984375
vt 0.406250 0.984375
vt 0.406250 1.000000
vt 0.390625 1.000000
vt 0.390625 0.953125
vt 0.406250 0.953125
vt 0.406250 0.968750
vt 0.390625 0.968750
vt 0.421875 0.953125
vt 0.437500 0.953125
vt 0.437500 0.968750
vt 0.421875 0.968750
vt 0.578125 0.796875
vt 0.593750 0.796875
vt 0.593750 0.812500
vt 0.578125 0.812500
vt 0.578125 0.765625
vt 0.593750 0.765625
vt 0.593750 0.781250
vt 0.578125 0.781250
vt 0.609375 0.765625
vt 0.625000 0.765625
vt 0.625000 0.781250
vt 0.609375 0.781250
vt 0.515625 0.796875
vt 0.531250 0.796875
vt 0.531250 0.812500
vt 0.515625 0.812500
vt 0.546875 0.765625
vt 0.562500 0.765625
vt 0.562500 0.781250
vt 0.546875 0.781250
vt 0.515625 0.859375
vt 0.531250 0.859375
vt 0.531250 0.875000
vt 0.515625 0.875000
vt 0.515625 0.828125
vt 0.531250 0.828125
vt 0.531250 0.843750
vt 0.515625 0.843750
vt 0.546875 0.828125
vt 0.562500 0.828125
vt 0.562500 0.843750
vt 0.546875 0.843750
vt 0.578125 0.546875
vt 0.593750 0.546875
vt 0.593750 0.562500
vt 0.578125 0.562500
vt 0.578125 0.515625
vt 0.593750 0.515625
vt 0.593750 0.531250
vt 0.578125 0.531250
vt 0.609375 0.515625
vt 0.625000 0.515625
vt 0.625000 0.531250
vt 0.609375 0.531250
vt 0.546875 0.515625
vt 0.562500 0.515625
vt 0.562500 0.531250
vt 0.546875 0.531250
vt 0.546875 0.578125
vt 0.562500 0.578125
vt 0.562500 0.593750
vt 0.546875 0.593750
vt 0.453125 0.296875
vt 0.468750 0.296875
vt 0.468750 0.312500
vt 0.453125 0.312500
vt 0.453125 0.265625
vt 0.468750 0.265625
vt 0.468750 0.281250
vt 0.453125 0.281250
vt 0.484375 0.265625
vt 0.500000 0.265625
vt 0.500000 0.281250
vt 0.484375 0.281250
vt 0.390625 0.296875
vt 0.406250 0.296875
vt 0.406250 0.312500
vt 0.390625 0.312500
vt 0.390625 0.265625
vt 0.406250 0.265625
vt 0.406250 0.281250
vt 0.390625 0.281250
vt 0.421875 0.265625
vt 0.437500 0.265625
vt 0.437500 0.281250
vt 0.421875 0.281250
vt 0.390625 0.328125
vt 0.406250 0.328125
vt 0.406250 0.343750
vt 0.390625 0.343750
vt 0.421875 0.328125
vt 0.437500 0.328125
vt 0.437500 0.343750
vt 0.421875 0.343750
vt 0.578125 0.296875
vt 0.593750 0.296875
vt 0.593750 0.312500
vt 0.578125 0.312500
vt 0.578125 0.265625
vt 0.593750 0.265625
vt 0.593750 0.281250
vt 0.578125 0.281250
vt 0.609375 0.265625
vt 0.625000 0.265625
vt 0.625000 0.281250
vt 0.609375 0.281250
vt 0.515625 0.296875
vt 0.531250 0.296875
vt 0.531250 0.312500
vt 0.515625 0.312500
vt 0.515625 0.265625
vt 0.531250 0.265625
vt 0.531250 0.281250
vt 0.515625 0.281250
vt 0.546875 0.265625
vt 0.562500 0.265625
vt 0.562500 0.281250
vt 0.546875 0.281250
vt 0.515625 0.359375
vt 0.531250 0.359375
vt 0.531250 0.375000
vt 0.515625 0.375000
vt 0.515625 0.328125
vt 0.531250 0.328125
vt 0.531250 0.343750
vt 0.515625 0.343750
vt 0.546875 0.328125
vt 0.562500 0.328125
vt 0.562500 0.343750
vt 0.546875 0.343750
vt 0.453125 0.171875
vt 0.468750 0.171875
vt 0.468750 0.187500
vt 0.453125 0.187500
vt 0.453125 0.140625
vt 0.468750 0.140625
vt 0.468750 0.156250
vt 0.453125 0.156250
vt 0.484375 0.140625
vt 0.500000 0.140625
vt 0.500000 0.156250
vt 0.484375 0.156250
vt 0.390625 0.171875
vt 0.406250 0.171875
vt 0.406250 0.187500
vt 0.390625 0.187500
vt 0.390625 0.140625
vt 0.406250 0.140625
vt 0.406250 0.156250
vt 0.390625 0.156250
vt 0.421875 0.140625
vt 0.437500 0.140625
vt 0.437500 0.156250
vt 0.421875 0.156250
vt 0.390625 0.234375
vt 0.406250 0.234375
vt 0.406250 0.250000
vt 0.390625 0.250000
vt 0.390625 0.203125
vt 0.406250 0.203125
vt 0.406250 0.218750
vt 0.390625 0.218750
vt 0.421875 0.203125
vt 0.437500 0.203125
vt 0.437500 0.218750
vt 0.421875 0.218750
vt 0.453125 0.046875
vt 0.468750 0.046875
vt 0.468750 0.062500
vt 0.453125 0.062500
vt 0.453125 0.015625
vt 0.468750 0.015625
vt 0.468750 0.031250
vt 0.453125 0.031250
vt 0.484375 0.015625
vt 0.500000 0.015625
vt 0.500000 0.031250
vt 0.484375 0.031250
vt 0.390625 0.046875
vt 0.406250 0.046875
vt 0.406250 0.062500
vt 0.390625 0.062500
vt 0.390625 0.015625
vt 0.406250 0.015625
vt 0.406250 0.031250
vt 0.390625 0.031250
vt 0.421875 0.015625
vt 0.437500 0.015625
vt 0.437500 0.031250
vt 0.421875 0.031250
vt 0.390625 0.109375
vt 0.406250 0.109375
vt 0.406250 0.125000
vt 0.390625 0.125000
vt 0.390625 0.078125
vt 0.406250 0.078125
vt 0.406250 0.093750
vt 0.390625 0.093750
vt 0.421875 0.078125
vt 0.437500 0.078125
vt 0.437500 0.093750
vt 0.421875 0.093750
vt 0.578125 0.046875
vt 0.593750 0.046875
vt 0.593750 0.062500
vt 0.578125 0.062500
vt 0.578125 0.015625
vt 0.593750 0.015625
vt 0.593750 0.031250
vt 0.578125 0.031250
vt 0.609375 0.015625
vt 0.625000 0.015625
vt 0.625000 0.031250
vt 0.609375 0.031250
vt 0.515625 0.046875
vt 0.531250 0.046875
vt 0.531250 0.062500
vt 0.515625 0.062500
vt 0.515625 0.015625
vt 0.531250 0.015625
vt 0.531250 0.031250
vt 0.515625 0.031250
vt 0.546875 0.015625
vt 0.562500 0.015625
vt 0.562500 0.031250
vt 0.546875 0.031250
vt 0.515625 0.109375
vt 0.531250 0.109375
vt 0.531250 0.125000
vt 0.515625 0.125000
vt 0.515625 0.078125
vt 0.531250 0.078125
vt 0.531250 0.093750
vt 0.515625 0.093750
vt 0.546875 0.078125
vt 0.562500 0.078125
vt 0.562500 0.093750
vt 0.546875 0.093750
vt 0.578125 0.109375
vt 0.593750 0.109375
vt 0.593750 0.125000
vt 0.578125 0.125000
vt 0.578125 0.078125
vt 0.593750 0.078125
vt 0.593750 0.093750
vt 0.578125 0.093750
vt 0.609375 0.078125
vt 0.625000 0.078125
vt 0.625000 0.093750
vt 0.609375 0.093750
vt 0.453125 0.109375
vt 0.468750 0.109375
vt 0.468750 0.125000
vt 0.453125 0.125000
vt 0.453125 0.078125
vt 0.468750 0.078125
vt 0.468750 0.093750
vt 0.453125 0.093750
vt 0.484375 0.078125
vt 0.500000 0.078125
vt 0.500000 0.093750
vt 0.484375 0.093750
vt 0.453125 0.234375
vt 0.468750 0.234375
vt 0.468750 0.250000
vt 0.453125 0.250000
vt 0.453125 0.203125
vt 0.468750 0.203125
vt 0.468750 0.218750
vt 0.453125 0.218750
vt 0.484375 0.203125
vt 0.500000 0.203125
vt 0.500000 0.218750
vt 0.484375 0.218750
vt 0.578125 0.359375
vt 0.593750 0.359375
vt 0.593750 0.375000
vt 0.578125 0.375000
vt 0.578125 0.328125
vt 0.593750 0.328125
vt 0.593750 0.343750
vt 0.578125 0.343750
vt 0.609375 0.328125
vt 0.625000 0.328125
vt 0.625000 0.343750
vt 0.609375 0.343750
vt 0.453125 0.328125
vt 0.468750 0.328125
vt 0.468750 0.343750
vt 0.453125 0.343750
vt 0.484375 0.328125
vt 0.500000 0.328125
vt 0.500000 0.343750
vt 0.484375 0.343750
vt 0.578125 0.609375
vt 0.593750 0.609375
vt 0.593750 0.625000
vt 0.578125 0.625000
vt 0.578125 0.578125
vt 0.593750 0.578125
vt 0.593750 0.593750
vt 0.578125 0.593750
vt 0.609375 0.578125
vt 0.625000 0.578125
vt 0.625000 0.593750
vt 0.609375 0.593750
vt 0.578125 0.859375
vt 0.593750 0.859375
vt 0.593750 0.875000
vt 0.578125 0.875000
vt 0.578125 0.828125
vt 0.593750 0.828125
vt 0.593750 0.843750
vt 0.578125 0.843750
vt 0.609375 0.828125
vt 0.625000 0.828125
vt 0.625000 0.843750
vt 0.609375 0.843750
vt 0.453125 0.984375
vt 0.468750 0.984375
vt 0.468750 1.000000
vt 0.453125 1.000000
vt 0.453125 0.953125
vt 0.468750 0.953125
vt 0.468750 0.968750
vt 0.453125 0.968750
vt 0.484375 0.953125
vt 0.500000 0.953125
vt 0.500000 0.968750
vt 0.484375 0.968750
vt 0.203125 0.609375
vt 0.218750 0.609375
vt 0.218750 0.625000
vt 0.203125 0.625000
vt 0.203125 0.578125
vt 0.218750 0.578125
vt 0.218750 0.593750
vt 0.203125 0.593750
vt 0.203125 0.734375
vt 0.218750 0.734375
vt 0.218750 0.750000
vt 0.203125 0.750000
vt 0.203125 0.703125
vt 0.218750 0.703125
vt 0.218750 0.718750
vt 0.203125 0.718750
vt 0.828125 0.609375
vt 0.843750 0.609375
vt 0.843750 0.625000
vt 0.828125 0.625000
vt 0.828125 0.578125
vt 0.843750 0.578125
vt 0.843750 0.593750
vt 0.828125 0.593750
vt 0.859375 0.578125
vt 0.875000 0.578125
vt 0.875000 0.593750
vt 0.859375 0.593750
vt 0.703125 0.609375
vt 0.718750 0.609375
vt 0.718750 0.625000
vt 0.703125 0.625000
vt 0.703125 0.578125
vt 0.718750 0.578125
vt 0.718750 0.593750
vt 0.703125 0.593750
vt 0.734375 0.578125
vt 0.750000 0.578125
vt 0.750000 0.593750
vt 0.734375 0.593750
vt 0.703125 0.734375
vt 0.718750 0.734375
vt 0.718750 0.750000
vt 0.703125 0.750000
vt 0.703125 0.703125
vt 0.718750 0.703125
vt 0.718750 0.718750
vt 0.703125 0.718750
vt 0.734375 0.703125
vt 0.750000 0.703125
vt 0.750000 0.718750
vt 0.734375 0.718750
vt 0.828125 0.734375
vt 0.843750 0.734375
vt 0.843750 0.750000
vt 0.828125 0.750000
vt 0.828125 0.703125
vt 0.843750 0.703125
vt 0.843750 0.718750
vt 0.828125 0.718750
vt 0.859375 0.703125
vt 0.875000 0.703125
vt 0.875000 0.718750
vt 0.859375 0.718750
vt 0.578125 0.984375
vt 0.593750 0.984375
vt 0.593750 1.000000
vt 0.578125 1.000000
vt 0.578125 0.953125
vt 0.593750 0.953125
vt 0.593750 0.968750
vt 0.578125 0.968750
vt 0.609375 0.953125
vt 0.625000 0.953125
vt 0.625000 0.968750
vt 0.609375 0.968750
vt 0.578125 0.734375
vt 0.593750 0.734375
vt 0.593750 0.750000
vt 0.578125 0.750000
vt 0.578125 0.703125
vt 0.593750 0.703125
vt 0.593750 0.718750
vt 0.578125 0.718750
vt 0.609375 0.703125
vt 0.625000 0.703125
vt 0.625000 0.718750
vt 0.609375 0.718750
vt 0.578125 0.484375
vt 0.593750 0.484375
vt 0.593750 0.500000
vt 0.578125 0.500000
vt 0.578125 0.453125
vt 0.593750 0.453125
vt 0.593750 0.468750
vt 0.578125 0.468750
vt 0.609375 0.453125
vt 0.625000 0.453125
vt 0.625000 0.468750
vt 0.609375 0.468750
vt 0.578125 0.234375
vt 0.593750 0.234375
vt 0.593750 0.250000
vt 0.578125 0.250000
vt 0.578125 0.203125
vt 0.593750 0.203125
vt 0.593750 0.218750
vt 0.578125 0.218750
vt 0.609375 0.203125
vt 0.625000 0.203125
vt 0.625000 0.218750
vt 0.609375 0.218750
vt 0.234375 0.703125
vt 0.234375 0.718750
vt 0.234375 0.687500
vt 0.234375 0.578125
vt 0.234375 0.593750
vt 0.234375 0.562500
vt 0.453125 0.359375
vt 0.437500 0.359375
vt 0.468750 0.359375
vt 0.531250 0.000000
vt 0.546875 0.000000
vt 0.562500 0.000000
vt 0.500000 0.000000
vt 0.515625 0.000000
vt 0.593750 0.000000
vt 0.609375 0.000000
vt 0.578125 0.000000
vt 0.375000 0.078125
vt 0.375000 0.093750
vt 0.375000 0.062500
vt 0.375000 0.109375
vt 0.375000 0.125000
vt 0.406250 0.000000
vt 0.421875 0.000000
vt 0.437500 0.000000
vt 0.375000 0.015625
vt 0.375000 0.031250
vt 0.390625 0.000000
vt 0.375000 0.046875
vt 0.468750 0.000000
vt 0.484375 0.000000
vt 0.453125 0.000000
vt 0.375000 0.203125
vt 0.375000 0.218750
vt 0.375000 0.187500
vt 0.375000 0.234375
vt 0.375000 0.140625
vt 0.375000 0.156250
vt 0.375000 0.171875
vt 0.375000 0.328125
vt 0.375000 0.343750
vt 0.375000 0.312500
vt 0.390625 0.359375
vt 0.375000 0.359375
vt 0.406250 0.359375
vt 0.375000 0.265625
vt 0.375000 0.281250
vt 0.375000 0.296875
vt 0.500000 0.390625
vt 0.484375 0.390625
vt 0.531250 0.578125
vt 0.531250 0.593750
vt 0.531250 0.562500
vt 0.531250 0.515625
vt 0.531250 0.531250
vt 0.531250 0.500000
vt 0.500000 0.828125
vt 0.500000 0.843750
vt 0.531250 0.765625
vt 0.531250 0.781250
vt 0.531250 0.750000
vt 0.375000 0.953125
vt 0.375000 0.968750
vt 0.375000 0.937500
vt 0.375000 0.984375
vt 0.375000 0.890625
vt 0.375000 0.906250
vt 0.375000 0.921875
vt 0.125000 0.578125
vt 0.125000 0.593750
vt 0.125000 0.562500
vt 0.125000 0.609375
vt 0.125000 0.625000
vt 0.156250 0.500000
vt 0.171875 0.500000
vt 0.187500 0.500000
vt 0.125000 0.515625
vt 0.125000 0.531250
vt 0.140625 0.500000
vt 0.125000 0.546875
vt 0.234375 0.515625
vt 0.234375 0.531250
vt 0.218750 0.500000
vt 0.234375 0.500000
vt 0.203125 0.500000
vt 0.125000 0.703125
vt 0.125000 0.718750
vt 0.125000 0.687500
vt 0.125000 0.734375
vt 0.125000 0.640625
vt 0.125000 0.656250
vt 0.125000 0.671875
vt 0.234375 0.640625
vt 0.234375 0.656250
vt 0.234375 0.625000
vt 0.781250 0.500000
vt 0.796875 0.500000
vt 0.812500 0.500000
vt 0.750000 0.500000
vt 0.765625 0.500000
vt 0.843750 0.500000
vt 0.859375 0.500000
vt 0.828125 0.500000
vt 0.656250 0.500000
vt 0.671875 0.500000
vt 0.687500 0.500000
vt 0.640625 0.500000
vt 0.718750 0.500000
vt 0.734375 0.500000
vt 0.703125 0.500000
vt 0.531250 0.703125
vt 0.531250 0.718750
vt 0.531250 0.687500
vt 0.531250 0.640625
vt 0.531250 0.656250
vt 0.531250 0.625000
vt 0.531250 0.453125
vt 0.531250 0.468750
vt 0.515625 0.453125
vt 0.500000 0.406250
vt 0.500000 0.421875
vt 0.531250 0.484375
vt 0.531250 0.671875
vt 0.531250 0.734375
vt 0.234375 0.671875
vt 0.234375 0.546875
vt 0.531250 0.546875
vt 0.531250 0.609375
vt 0.421875 0.359375
vt 0.234375 0.609375
vt 0.234375 0.734375
vt 0.234375 0.750000
s 0
f 1/1/1 2/2/1 4/3/1 3/4/1
f 3/4/2 4/3/2 8/5/2 7/6/2
f 7/6/3 8/5/3 6/7/3 5/8/3
f 5/8/4 6/7/4 2/9/4 1/10/4
f 3/11/5 7/6/5 5/8/5 1/12/5
f 8/5/6 4/13/6 2/14/6 6/7/6
f 1120/15/1 288/16/1 12/3/1 463/17/1
f 1119/18/2 291/19/2 14/5/2 465/20/2
f 1118/21/3 292/22/3 13/7/3 467/23/3
f 1117/24/4 293/25/4 10/9/4 287/26/4
f 1116/27/6 462/28/6 10/14/6 293/29/6
f 1115/30/6 302/31/6 21/32/6 301/33/6
f 1114/34/6 303/35/6 22/36/6 472/37/6
f 1113/38/6 454/39/6 17/40/6 473/41/6
f 1110/42/4 307/43/4 16/44/4 295/45/4
f 1109/46/4 308/47/4 23/48/4 476/49/4
f 1108/50/4 301/51/4 21/52/4 477/53/4
f 1107/54/3 299/55/3 20/56/3 478/57/3
f 1106/58/2 310/59/2 24/60/2 481/61/2
f 1105/62/2 298/63/2 19/64/2 482/65/2
f 1104/66/1 312/67/1 18/68/1 455/69/1
f 1103/70/1 313/71/1 25/72/1 485/73/1
f 1102/74/1 296/75/1 17/76/1 486/77/1
f 1101/78/1 349/79/1 57/80/1 451/81/1
f 1100/82/1 350/83/1 58/84/1 489/85/1
f 1099/86/1 326/87/1 36/88/1 490/89/1
f 1098/90/1 353/91/1 56/92/1 450/93/1
f 1097/94/1 354/95/1 59/96/1 493/97/1
f 1096/98/1 346/99/1 55/100/1 494/101/1
f 1095/102/1 357/103/1 29/104/1 422/105/1
f 1094/106/1 358/107/1 60/108/1 497/109/1
f 1093/110/1 345/111/1 54/112/1 498/113/1
f 1092/114/2 361/115/2 53/116/2 447/117/2
f 1091/118/2 362/119/2 61/120/2 501/121/2
f 1090/122/2 328/123/2 38/124/2 502/125/2
f 1088/126/2 366/127/2 62/128/2 505/129/2
f 1087/130/2 343/131/2 52/132/2 506/133/2
f 1086/134/3 369/135/3 51/136/3 445/137/3
f 1085/138/3 370/139/3 63/140/3 509/141/3
f 1084/142/3 330/143/3 40/144/3 510/145/3
f 1083/146/4 372/147/4 50/148/4 444/149/4
f 1082/150/4 373/151/4 64/152/4 513/153/4
f 1081/154/4 333/155/4 43/156/4 514/157/4
f 1080/158/4 376/159/4 35/160/4 325/161/4
f 1079/162/4 377/163/4 65/164/4 517/165/4
f 1078/166/4 339/167/4 49/168/4 518/169/4
f 1077/170/5 380/171/5 48/172/5 441/173/5
f 1076/174/5 381/175/5 66/176/5 521/177/5
f 1074/178/5 384/179/5 42/180/5 332/181/5
f 1073/182/5 385/183/5 67/184/5 525/185/5
f 1071/186/6 388/187/6 47/188/6 440/189/6
f 1070/190/6 389/191/6 68/192/6 529/193/6
f 1069/194/6 421/195/6 28/196/6 530/197/6
f 1068/198/6 392/199/6 46/200/6 439/201/6
f 1067/202/6 393/203/6 69/204/6 533/205/6
f 1066/206/6 335/207/6 45/208/6 534/209/6
f 1065/210/6 396/211/6 43/212/6 333/213/6
f 1064/214/6 397/215/6 70/216/6 537/217/6
f 1063/218/6 334/219/6 44/220/6 538/221/6
f 1062/222/6 400/223/6 33/224/6 323/225/6
f 1061/226/6 401/227/6 71/228/6 541/229/6
f 1060/230/6 429/231/6 36/232/6 542/233/6
f 1059/234/4 404/235/4 27/236/4 317/237/4
f 1058/238/4 405/239/4 72/240/4 545/241/4
f 1057/242/4 323/243/4 33/244/4 546/245/4
f 1056/246/3 408/247/3 41/248/3 434/249/3
f 1055/250/3 409/251/3 73/252/3 549/253/3
f 1054/254/3 322/255/3 32/256/3 550/257/3
f 1053/258/2 411/259/2 39/260/2 432/261/2
f 1052/262/2 412/263/2 74/264/2 553/265/2
f 1051/266/2 321/267/2 31/268/2 554/269/2
f 1050/270/1 415/271/1 37/272/1 430/273/1
f 1049/274/1 416/275/1 75/276/1 557/277/1
f 1048/278/1 318/279/1 28/280/1 558/281/1
f 1047/282/1 559/283/1 213/284/1 418/285/1
f 1046/286/1 560/287/1 214/288/1 561/289/1
f 1045/290/1 454/291/1 111/292/1 562/293/1
f 1044/294/1 563/295/1 212/296/1 417/297/1
f 1043/298/1 564/299/1 215/300/1 565/301/1
f 1042/302/1 556/303/1 211/304/1 566/305/1
f 1041/306/1 567/307/1 87/308/1 297/309/1
f 1040/310/1 568/311/1 216/312/1 569/313/1
f 1039/314/1 555/315/1 210/316/1 570/317/1
f 1038/318/2 571/319/2 209/320/2 414/321/2
f 1037/322/2 572/323/2 217/324/2 573/325/2
f 1036/326/2 457/327/2 114/328/2 574/329/2
f 1035/330/2 575/331/2 208/332/2 413/333/2
f 1034/334/2 576/335/2 218/336/2 577/337/2
f 1033/338/2 552/339/2 207/340/2 578/341/2
f 1031/342/2 551/343/2 206/344/2 581/345/2
f 1030/346/3 582/347/3 205/348/3 410/349/3
f 1029/350/3 583/351/3 220/352/3 584/353/3
f 1028/354/3 458/355/3 115/356/3 585/357/3
f 1027/358/3 548/359/3 203/360/3 588/361/3
f 1026/362/3 547/363/3 202/364/3 591/365/3
f 1025/366/4 592/367/4 201/368/4 407/369/4
f 1024/370/4 593/371/4 223/372/4 594/373/4
f 1023/374/4 459/375/4 116/376/4 595/377/4
f 1022/378/4 596/379/4 200/380/4 406/381/4
f 1021/382/4 597/383/4 224/384/4 598/385/4
f 1020/386/4 544/387/4 199/388/4 599/389/4
f 1019/390/4 600/391/4 110/392/4 453/393/4
f 1018/394/4 601/395/4 225/396/4 602/397/4
f 1017/398/4 543/399/4 198/400/4 603/401/4
f 1016/402/6 604/403/6 197/404/6 403/405/6
f 1015/406/6 605/407/6 226/408/6 606/409/6
f 1014/410/6 296/411/6 86/412/6 607/413/6
f 1013/414/6 608/415/6 196/416/6 402/417/6
f 1012/418/6 609/419/6 227/420/6 610/421/6
f 1011/422/6 540/423/6 195/424/6 611/425/6
f 1010/426/6 612/427/6 116/428/6 459/429/6
f 1009/430/6 613/431/6 228/432/6 614/433/6
f 1008/434/6 539/435/6 194/436/6 615/437/6
f 1007/438/6 616/439/6 193/440/6 399/441/6
f 1006/442/6 617/443/6 229/444/6 618/445/6
f 1005/446/6 470/447/6 127/448/6 619/449/6
f 1004/450/6 620/451/6 192/452/6 398/453/6
f 1003/454/6 621/455/6 230/456/6 622/457/6
f 1002/458/6 536/459/6 191/460/6 623/461/6
f 1001/462/6 624/463/6 126/464/6 469/465/6
f 1000/466/6 625/467/6 231/468/6 626/469/6
f 999/470/6 535/471/6 190/472/6 627/473/6
f 998/474/6 628/475/6 189/476/6 395/477/6
f 997/478/6 629/479/6 232/480/6 630/481/6
f 996/482/6 471/483/6 128/484/6 631/485/6
f 995/486/6 632/487/6 188/488/6 394/489/6
f 994/490/6 633/491/6 233/492/6 634/493/6
f 993/494/6 532/495/6 187/496/6 635/497/6
f 992/498/6 636/499/6 96/500/6 304/501/6
f 991/502/6 637/503/6 234/504/6 638/505/6
f 990/506/6 531/507/6 186/508/6 639/509/6
f 989/510/6 640/511/6 185/512/6 391/513/6
f 988/514/6 641/515/6 235/516/6 642/517/6
f 987/518/6 288/519/6 78/520/6 643/521/6
f 986/522/6 644/523/6 184/524/6 390/525/6
f 985/526/6 645/527/6 236/528/6 646/529/6
f 984/530/6 528/531/6 183/532/6 647/533/6
f 983/534/6 648/535/6 97/536/6 305/537/6
f 982/538/6 649/539/6 237/540/6 650/541/6
f 981/542/6 527/543/6 182/544/6 651/545/6
f 980/546/5 652/547/5 181/548/5 387/549/5
f 979/550/5 653/551/5 238/552/5 654/553/5
f 977/554/5 656/555/5 180/556/5 386/557/5
f 976/558/5 657/559/5 239/560/5 658/561/5
f 975/562/5 524/563/5 179/564/5 659/565/5
f 974/566/5 660/567/5 125/568/5 468/569/5
f 973/570/5 661/571/5 240/572/5 662/573/5
f 972/574/5 523/575/5 178/576/5 663/577/5
f 971/578/5 664/579/5 177/580/5 383/581/5
f 970/582/5 665/583/5 241/584/5 666/585/5
f 968/586/5 668/587/5 176/588/5 382/589/5
f 967/590/5 669/591/5 242/592/5 670/593/5
f 966/594/5 520/595/5 175/596/5 671/597/5
f 965/598/5 672/599/5 98/600/5 306/601/5
f 964/602/5 673/603/5 243/604/5 674/605/5
f 963/606/5 519/607/5 174/608/5 675/609/5
f 962/610/4 676/611/4 173/612/4 379/613/4
f 961/614/4 677/615/4 244/616/4 678/617/4
f 960/618/4 475/619/4 132/620/4 679/621/4
f 959/622/4 680/623/4 172/624/4 378/625/4
f 958/626/4 681/627/4 245/628/4 682/629/4
f 957/630/4 516/631/4 171/632/4 683/633/4
f 956/634/4 684/635/4 118/636/4 461/637/4
f 955/638/4 685/639/4 246/640/4 686/641/4
f 954/642/4 515/643/4 170/644/4 687/645/4
f 953/646/4 688/647/4 169/648/4 375/649/4
f 952/650/4 689/651/4 247/652/4 690/653/4
f 951/654/4 469/655/4 126/656/4 691/657/4
f 950/658/4 692/659/4 168/660/4 374/661/4
f 949/662/4 512/663/4 167/664/4 694/665/4
f 948/666/4 695/667/4 101/668/4 309/669/4
f 947/670/4 696/671/4 249/672/4 697/673/4
f 946/674/4 511/675/4 166/676/4 698/677/4
f 945/678/3 699/679/3 165/680/3 371/681/3
f 944/682/3 700/683/3 250/684/3 701/685/3
f 943/686/3 466/687/3 123/688/3 702/689/3
f 942/690/3 508/691/3 163/692/3 705/693/3
f 941/694/3 507/695/3 162/696/3 708/697/3
f 939/698/2 709/699/2 161/700/2 368/701/2
f 938/702/2 710/703/2 253/704/2 711/705/2
f 937/706/2 480/707/2 136/708/2 712/709/2
f 936/710/2 713/711/2 160/712/2 367/713/2
f 935/714/2 714/715/2 254/716/2 715/717/2
f 934/718/2 504/719/2 159/720/2 716/721/2
f 932/722/2 718/723/2 255/724/2 719/725/2
f 931/726/2 503/727/2 158/728/2 720/729/2
f 930/730/2 721/731/2 157/732/2 364/733/2
f 929/734/2 722/735/2 256/736/2 723/737/2
f 928/738/2 464/739/2 121/740/2 724/741/2
f 927/742/2 725/743/2 156/744/2 363/745/2
f 926/746/2 726/747/2 257/748/2 727/749/2
f 925/750/2 500/751/2 155/752/2 728/753/2
f 924/754/2 729/755/2 104/756/2 311/757/2
f 923/758/2 730/759/2 258/760/2 731/761/2
f 922/762/2 499/763/2 154/764/2 732/765/2
f 921/766/1 733/767/1 153/768/1 360/769/1
f 920/770/1 734/771/1 259/772/1 735/773/1
f 919/774/1 483/775/1 138/776/1 736/777/1
f 918/778/1 737/779/1 152/780/1 359/781/1
f 917/782/1 738/783/1 260/784/1 739/785/1
f 916/786/1 496/787/1 151/788/1 740/789/1
f 915/790/1 741/791/1 79/792/1 289/793/1
f 914/794/1 742/795/1 261/796/1 743/797/1
f 913/798/1 495/799/1 150/800/1 744/801/1
f 912/802/1 745/803/1 149/804/1 356/805/1
f 911/806/1 746/807/1 262/808/1 747/809/1
f 910/810/1 484/811/1 139/812/1 748/813/1
f 909/814/1 749/815/1 148/816/1 355/817/1
f 908/818/1 750/819/1 263/820/1 751/821/1
f 907/822/1 492/823/1 147/824/1 752/825/1
f 906/826/1 753/827/1 107/828/1 314/829/1
f 905/830/1 754/831/1 264/832/1 755/833/1
f 904/834/1 491/835/1 146/836/1 756/837/1
f 903/838/1 757/839/1 145/840/1 352/841/1
f 902/842/1 758/843/1 265/844/1 759/845/1
f 901/846/1 462/847/1 119/848/1 760/849/1
f 900/850/1 761/851/1 144/852/1 351/853/1
f 899/854/1 762/855/1 266/856/1 763/857/1
f 898/858/1 488/859/1 143/860/1 764/861/1
f 897/862/1 765/863/1 108/864/1 315/865/1
f 896/866/1 766/867/1 267/868/1 767/869/1
f 895/870/1 487/871/1 142/872/1 768/873/1
f 894/874/1 769/875/1 141/876/1 348/877/1
f 893/878/1 770/879/1 268/880/1 771/881/1
f 892/882/1 429/883/1 86/884/1 772/885/1
f 891/886/1 773/887/1 140/888/1 347/889/1
f 890/890/1 774/891/1 269/892/1 775/893/1
f 889/894/1 449/895/1 106/896/1 776/897/1
f 888/898/1 777/899/1 112/900/1 319/901/1
f 887/902/1 778/903/1 270/904/1 779/905/1
f 886/906/1 448/907/1 105/908/1 780/909/1
f 885/910/2 781/911/2 137/912/2 344/913/2
f 884/914/2 782/915/2 271/916/2 783/917/2
f 883/918/2 431/919/2 88/920/2 784/921/2
f 881/922/2 786/923/2 272/924/2 787/925/2
f 880/926/2 446/927/2 103/928/2 788/929/2
f 879/930/3 789/931/3 134/932/3 341/933/3
f 878/934/3 790/935/3 273/936/3 791/937/3
f 877/938/3 433/939/3 90/940/3 792/941/3
f 876/942/4 793/943/4 133/944/4 340/945/4
f 875/946/4 794/947/4 274/948/4 795/949/4
f 874/950/4 436/951/4 93/952/4 796/953/4
f 873/954/4 797/955/4 85/956/4 428/957/4
f 872/958/4 798/959/4 275/960/4 799/961/4
f 871/962/4 442/963/4 99/964/4 800/965/4
f 870/966/5 801/967/5 131/968/5 338/969/5
f 869/970/5 802/971/5 276/972/5 803/973/5
f 867/974/5 805/975/5 92/976/5 435/977/5
f 866/978/5 806/979/5 277/980/5 807/981/5
f 864/982/6 809/983/6 130/984/6 337/985/6
f 863/986/6 810/987/6 278/988/6 811/989/6
f 862/990/6 318/991/6 111/992/6 812/993/6
f 861/994/6 813/995/6 129/996/6 336/997/6
f 860/998/6 814/999/6 279/1000/6 815/1001/6
f 859/1002/6 438/1003/6 95/1004/6 816/1005/6
f 858/1006/6 817/1007/6 93/1008/6 436/1009/6
f 857/1010/6 818/1011/6 280/1012/6 819/1013/6
f 856/1014/6 437/1015/6 94/1016/6 820/1017/6
f 855/1018/6 821/1019/6 83/1020/6 426/1021/6
f 854/1022/6 822/1023/6 281/1024/6 823/1025/6
f 853/1026/6 326/1027/6 119/1028/6 824/1029/6
f 852/1030/4 825/1031/4 77/1032/4 420/1033/4
f 851/1034/4 826/1035/4 282/1036/4 827/1037/4
f 850/1038/4 426/1039/4 83/1040/4 828/1041/4
f 849/1042/3 829/1043/3 124/1044/3 331/1045/3
f 848/1046/3 830/1047/3 283/1048/3 831/1049/3
f 847/1050/3 425/1051/3 82/1052/3 832/1053/3
f 846/1054/2 833/1055/2 122/1056/2 329/1057/2
f 845/1058/2 834/1059/2 284/1060/2 835/1061/2
f 844/1062/2 424/1063/2 81/1064/2 836/1065/2
f 843/1066/1 837/1067/1 120/1068/1 327/1069/1
f 842/1070/1 838/1071/1 285/1072/1 839/1073/1
f 841/1074/1 421/1075/1 78/1076/1 840/1077/1
f 838/1071/1 841/1074/1 840/1077/1 285/1072/1
f 213/284/1 558/281/1 841/1074/1 838/1071/1
f 558/281/1 28/280/1 421/1075/1 841/1074/1
f 555/315/1 842/1070/1 839/1073/1 210/316/1
f 75/276/1 418/285/1 842/1070/1 555/315/1
f 418/285/1 213/284/1 838/1071/1 842/1070/1
f 415/271/1 843/1066/1 327/1069/1 37/272/1
f 210/316/1 839/1073/1 843/1066/1 415/271/1
f 839/1073/1 285/1072/1 837/1067/1 843/1066/1
f 834/1059/2 844/1062/2 836/1065/2 284/1060/2
f 209/320/2 554/269/2 844/1062/2 834/1059/2
f 554/269/2 31/268/2 424/1063/2 844/1062/2
f 551/343/2 845/1058/2 835/1061/2 206/344/2
f 74/264/2 414/321/2 845/1058/2 551/343/2
f 414/321/2 209/320/2 834/1059/2 845/1058/2
f 411/259/2 846/1054/2 329/1057/2 39/260/2
f 206/344/2 835/1061/2 846/1054/2 411/259/2
f 835/1061/2 284/1060/2 833/1055/2 846/1054/2
f 830/1047/3 847/1050/3 832/1053/3 283/1048/3
f 205/348/3 550/257/3 847/1050/3 830/1047/3
f 550/257/3 32/256/3 425/1051/3 847/1050/3
f 547/363/3 848/1046/3 831/1049/3 202/364/3
f 73/252/3 410/349/3 848/1046/3 547/363/3
f 410/349/3 205/348/3 830/1047/3 848/1046/3
f 408/247/3 849/1042/3 331/1045/3 41/248/3
f 202/364/3 831/1049/3 849/1042/3 408/247/3
f 831/1049/3 283/1048/3 829/1043/3 849/1042/3
f 826/1035/4 850/1038/4 828/1041/4 282/1036/4
f 201/368/4 546/245/4 850/1038/4 826/1035/4
f 546/245/4 33/244/4 426/1039/4 850/1038/4
f 543/399/4 851/1034/4 827/1037/4 198/400/4
f 72/240/4 407/369/4 851/1034/4 543/399/4
f 407/369/4 201/368/4 826/1035/4 851/1034/4
f 404/235/4 852/1030/4 420/1033/4 27/236/4
f 198/400/4 827/1037/4 852/1030/4 404/235/4
f 827/1037/4 282/1036/4 825/1031/4 852/1030/4
f 822/1023/6 853/1026/6 824/1029/6 281/1024/6
f 197/404/6 542/233/6 853/1026/6 822/1023/6
f 542/233/6 36/232/6 326/1027/6 853/1026/6
f 539/435/6 854/1022/6 823/1025/6 194/436/6
f 71/228/6 403/405/6 854/1022/6 539/435/6
f 403/405/6 197/404/6 822/1023/6 854/1022/6
f 400/223/6 855/1018/6 426/1021/6 33/224/6
f 194/436/6 823/1025/6 855/1018/6 400/223/6
f 823/1025/6 281/1024/6 821/1019/6 855/1018/6
f 818/1011/6 856/1014/6 820/1017/6 280/1012/6
f 193/440/6 538/221/6 856/1014/6 818/1011/6
f 538/221/6 44/220/6 437/1015/6 856/1014/6
f 535/471/6 857/1010/6 819/1013/6 190/472/6
f 70/216/6 399/441/6 857/1010/6 535/471/6
f 399/441/6 193/440/6 818/1011/6 857/1010/6
f 396/211/6 858/1006/6 436/1009/6 43/212/6
f 190/472/6 819/1013/6 858/1006/6 396/211/6
f 819/1013/6 280/1012/6 817/1007/6 858/1006/6
f 814/999/6 859/1002/6 816/1005/6 279/1000/6
f 189/476/6 534/209/6 859/1002/6 814/999/6
f 534/209/6 45/208/6 438/1003/6 859/1002/6
f 531/507/6 860/998/6 815/1001/6 186/508/6
f 69/204/6 395/477/6 860/998/6 531/507/6
f 395/477/6 189/476/6 814/999/6 860/998/6
f 392/199/6 861/994/6 336/997/6 46/200/6
f 186/508/6 815/1001/6 861/994/6 392/199/6
f 815/1001/6 279/1000/6 813/995/6 861/994/6
f 810/987/6 862/990/6 812/993/6 278/988/6
f 185/512/6 530/197/6 862/990/6 810/987/6
f 530/197/6 28/196/6 318/991/6 862/990/6
f 527/543/6 863/986/6 811/989/6 182/544/6
f 68/192/6 391/513/6 863/986/6 527/543/6
f 391/513/6 185/512/6 810/987/6 863/986/6
f 388/187/6 864/982/6 337/985/6 47/188/6
f 182/544/6 811/989/6 864/982/6 388/187/6
f 811/989/6 278/988/6 809/983/6 864/982/6
f 806/979/5 865/1078/5 808/1079/5 277/980/5
f 181/548/5 526/1080/5 865/1078/5 806/979/5
f 523/575/5 866/978/5 807/981/5 178/576/5
f 67/184/5 387/549/5 866/978/5 523/575/5
f 387/549/5 181/548/5 806/979/5 866/978/5
f 384/179/5 867/974/5 435/977/5 42/180/5
f 178/576/5 807/981/5 867/974/5 384/179/5
f 807/981/5 277/980/5 805/975/5 867/974/5
f 802/971/5 868/1081/5 804/1082/5 276/972/5
f 177/580/5 522/1083/5 868/1081/5 802/971/5
f 519/607/5 869/970/5 803/973/5 174/608/5
f 66/176/5 383/581/5 869/970/5 519/607/5
f 383/581/5 177/580/5 802/971/5 869/970/5
f 380/171/5 870/966/5 338/969/5 48/172/5
f 174/608/5 803/973/5 870/966/5 380/171/5
f 803/973/5 276/972/5 801/967/5 870/966/5
f 798/959/4 871/962/4 800/965/4 275/960/4
f 173/612/4 518/169/4 871/962/4 798/959/4
f 518/169/4 49/168/4 442/963/4 871/962/4
f 515/643/4 872/958/4 799/961/4 170/644/4
f 65/164/4 379/613/4 872/958/4 515/643/4
f 379/613/4 173/612/4 798/959/4 872/958/4
f 376/159/4 873/954/4 428/957/4 35/160/4
f 170/644/4 799/961/4 873/954/4 376/159/4
f 799/961/4 275/960/4 797/955/4 873/954/4
f 794/947/4 874/950/4 796/953/4 274/948/4
f 169/648/4 514/157/4 874/950/4 794/947/4
f 514/157/4 43/156/4 436/951/4 874/950/4
f 511/675/4 875/946/4 795/949/4 166/676/4
f 64/152/4 375/649/4 875/946/4 511/675/4
f 375/649/4 169/648/4 794/947/4 875/946/4
f 372/147/4 876/942/4 340/945/4 50/148/4
f 166/676/4 795/949/4 876/942/4 372/147/4
f 795/949/4 274/948/4 793/943/4 876/942/4
f 790/935/3 877/938/3 792/941/3 273/936/3
f 165/680/3 510/145/3 877/938/3 790/935/3
f 510/145/3 40/144/3 433/939/3 877/938/3
f 507/695/3 878/934/3 791/937/3 162/696/3
f 63/140/3 371/681/3 878/934/3 507/695/3
f 371/681/3 165/680/3 790/935/3 878/934/3
f 369/135/3 879/930/3 341/933/3 51/136/3
f 162/696/3 791/937/3 879/930/3 369/135/3
f 791/937/3 273/936/3 789/931/3 879/930/3
f 786/923/2 880/926/2 788/929/2 272/924/2
f 161/700/2 506/133/2 880/926/2 786/923/2
f 506/133/2 52/132/2 446/927/2 880/926/2
f 503/727/2 881/922/2 787/925/2 158/728/2
f 62/128/2 368/701/2 881/922/2 503/727/2
f 368/701/2 161/700/2 786/923/2 881/922/2
f 158/728/2 787/925/2 882/1084/2 365/1085/2
f 787/925/2 272/924/2 785/1086/2 882/1084/2
f 782/915/2 883/918/2 784/921/2 271/916/2
f 157/732/2 502/125/2 883/918/2 782/915/2
f 502/125/2 38/124/2 431/919/2 883/918/2
f 499/763/2 884/914/2 783/917/2 154/764/2
f 61/120/2 364/733/2 884/914/2 499/763/2
f 364/733/2 157/732/2 782/915/2 884/914/2
f 361/115/2 885/910/2 344/913/2 53/116/2
f 154/764/2 783/917/2 885/910/2 361/115/2
f 783/917/2 271/916/2 781/911/2 885/910/2
f 778/903/1 886/906/1 780/909/1 270/904/1
f 153/768/1 498/113/1 886/906/1 778/903/1
f 498/113/1 54/112/1 448/907/1 886/906/1
f 495/799/1 887/902/1 779/905/1 150/800/1
f 60/108/1 360/769/1 887/902/1 495/799/1
f 360/769/1 153/768/1 778/903/1 887/902/1
f 357/103/1 888/898/1 319/901/1 29/104/1
f 150/800/1 779/905/1 888/898/1 357/103/1
f 779/905/1 270/904/1 777/899/1 888/898/1
f 774/891/1 889/894/1 776/897/1 269/892/1
f 149/804/1 494/101/1 889/894/1 774/891/1
f 494/101/1 55/100/1 449/895/1 889/894/1
f 491/835/1 890/890/1 775/893/1 146/836/1
f 59/96/1 356/805/1 890/890/1 491/835/1
f 356/805/1 149/804/1 774/891/1 890/890/1
f 353/91/1 891/886/1 347/889/1 56/92/1
f 146/836/1 775/893/1 891/886/1 353/91/1
f 775/893/1 269/892/1 773/887/1 891/886/1
f 770/879/1 892/882/1 772/885/1 268/880/1
f 145/840/1 490/89/1 892/882/1 770/879/1
f 490/89/1 36/88/1 429/883/1 892/882/1
f 487/871/1 893/878/1 771/881/1 142/872/1
f 58/84/1 352/841/1 893/878/1 487/871/1
f 352/841/1 145/840/1 770/879/1 893/878/1
f 349/79/1 894/874/1 348/877/1 57/80/1
f 142/872/1 771/881/1 894/874/1 349/79/1
f 771/881/1 268/880/1 769/875/1 894/874/1
f 766/867/1 895/870/1 768/873/1 267/868/1
f 144/852/1 489/85/1 895/870/1 766/867/1
f 489/85/1 58/84/1 487/871/1 895/870/1
f 449/895/1 896/866/1 767/869/1 106/896/1
f 55/100/1 351/853/1 896/866/1 449/895/1
f 351/853/1 144/852/1 766/867/1 896/866/1
f 313/71/1 897/862/1 315/865/1 25/72/1
f 106/896/1 767/869/1 897/862/1 313/71/1
f 767/869/1 267/868/1 765/863/1 897/862/1
f 762/855/1 898/858/1 764/861/1 266/856/1
f 110/1087/1 317/1088/1 898/858/1 762/855/1
f 317/1088/1 27/1089/1 488/859/1 898/858/1
f 484/811/1 899/854/1 763/857/1 139/812/1
f 16/1090/1 453/1091/1 899/854/1 484/811/1
f 453/1091/1 110/1087/1 762/855/1 899/854/1
f 346/99/1 900/850/1 351/853/1 55/100/1
f 139/812/1 763/857/1 900/850/1 346/99/1
f 763/857/1 266/856/1 761/851/1 900/850/1
f 758/843/1 901/846/1 760/849/1 265/844/1
f 77/1092/1 287/1093/1 901/846/1 758/843/1
f 287/1093/1 10/2/1 462/847/1 901/846/1
f 488/859/1 902/842/1 759/845/1 143/860/1
f 27/1089/1 420/1094/1 902/842/1 488/859/1
f 420/1094/1 77/1092/1 758/843/1 902/842/1
f 350/83/1 903/838/1 352/841/1 58/84/1
f 143/860/1 759/845/1 903/838/1 350/83/1
f 759/845/1 265/844/1 757/839/1 903/838/1
f 754/831/1 904/834/1 756/837/1 264/832/1
f 148/816/1 493/97/1 904/834/1 754/831/1
f 493/97/1 59/96/1 491/835/1 904/834/1
f 316/1095/1 905/830/1 755/833/1 109/1096/1
f 26/1097/1 355/817/1 905/830/1 316/1095/1
f 355/817/1 148/816/1 754/831/1 905/830/1
f 452/1098/1 906/826/1 314/829/1 15/1099/1
f 109/1096/1 755/833/1 906/826/1 452/1098/1
f 755/833/1 264/832/1 753/827/1 906/826/1
f 750/819/1 907/822/1 752/825/1 263/820/1
f 118/1100/1 325/1101/1 907/822/1 750/819/1
f 325/1101/1 35/1102/1 492/823/1 907/822/1
f 286/1103/1 908/818/1 751/821/1 76/1104/1
f 9/1/1 461/1105/1 908/818/1 286/1103/1
f 461/1105/1 118/1100/1 750/819/1 908/818/1
f 419/1106/1 909/814/1 355/817/1 26/1097/1
f 76/1104/1 751/821/1 909/814/1 419/1106/1
f 751/821/1 263/820/1 749/815/1 909/814/1
f 746/807/1 910/810/1 748/813/1 262/808/1
f 85/1107/1 295/1108/1 910/810/1 746/807/1
f 295/1108/1 16/1090/1 484/811/1 910/810/1
f 492/823/1 911/806/1 747/809/1 147/824/1
f 35/1102/1 428/1109/1 911/806/1 492/823/1
f 428/1109/1 85/1107/1 746/807/1 911/806/1
f 354/95/1 912/802/1 356/805/1 59/96/1
f 147/824/1 747/809/1 912/802/1 354/95/1
f 747/809/1 262/808/1 745/803/1 912/802/1
f 742/795/1 913/798/1 744/801/1 261/796/1
f 152/780/1 497/109/1 913/798/1 742/795/1
f 497/109/1 60/108/1 495/799/1 913/798/1
f 324/1110/1 914/794/1 743/797/1 117/1111/1
f 34/1112/1 359/781/1 914/794/1 324/1110/1
f 359/781/1 152/780/1 742/795/1 914/794/1
f 460/1113/1 915/790/1 289/793/1 11/4/1
f 117/1111/1 743/797/1 915/790/1 460/1113/1
f 743/797/1 261/796/1 741/791/1 915/790/1
f 738/783/1 916/786/1 740/789/1 260/784/1
f 107/828/1 450/93/1 916/786/1 738/783/1
f 450/93/1 56/92/1 496/787/1 916/786/1
f 294/1114/1 917/782/1 739/785/1 84/1115/1
f 15/1099/1 314/829/1 917/782/1 294/1114/1
f 314/829/1 107/828/1 738/783/1 917/782/1
f 427/1116/1 918/778/1 359/781/1 34/1112/1
f 84/1115/1 739/785/1 918/778/1 427/1116/1
f 739/785/1 260/784/1 737/779/1 918/778/1
f 734/771/1 919/774/1 736/777/1 259/772/1
f 140/888/1 485/73/1 919/774/1 734/771/1
f 485/73/1 25/72/1 483/775/1 919/774/1
f 496/787/1 920/770/1 735/773/1 151/788/1
f 56/92/1 347/889/1 920/770/1 496/787/1
f 347/889/1 140/888/1 734/771/1 920/770/1
f 358/107/1 921/766/1 360/769/1 60/108/1
f 151/788/1 735/773/1 921/766/1 358/107/1
f 735/773/1 259/772/1 733/767/1 921/766/1
f 730/759/2 922/762/2 732/765/2 258/760/2
f 156/744/2 501/121/2 922/762/2 730/759/2
f 501/121/2 61/120/2 499/763/2 922/762/2
f 446/927/2 923/758/2 731/761/2 103/928/2
f 52/132/2 363/745/2 923/758/2 446/927/2
f 363/745/2 156/744/2 730/759/2 923/758/2
f 310/59/2 924/754/2 311/757/2 24/60/2
f 103/928/2 731/761/2 924/754/2 310/59/2
f 731/761/2 258/760/2 729/755/2 924/754/2
f 726/747/2 925/750/2 728/753/2 257/748/2
f 87/308/2 430/273/2 925/750/2 726/747/2
f 430/273/2 37/272/2 500/751/2 925/750/2
f 480/707/2 926/746/2 727/749/2 136/708/2
f 18/68/2 297/309/2 926/746/2 480/707/2
f 297/309/2 87/308/2 726/747/2 926/746/2
f 343/131/2 927/742/2 363/745/2 52/132/2
f 136/708/2 727/749/2 927/742/2 343/131/2
f 727/749/2 257/748/2 725/743/2 927/742/2
f 722/735/2 928/738/2 724/741/2 256/736/2
f 120/1068/2 463/17/2 928/738/2 722/735/2
f 463/17/2 12/3/2 464/739/2 928/738/2
f 500/751/2 929/734/2 723/737/2 155/752/2
f 37/272/2 327/1069/2 929/734/2 500/751/2
f 327/1069/2 120/1068/2 722/735/2 929/734/2
f 362/119/2 930/730/2 364/733/2 61/120/2
f 155/752/2 723/737/2 930/730/2 362/119/2
f 723/737/2 256/736/2 721/731/2 930/730/2
f 718/723/2 931/726/2 720/729/2 255/724/2
f 160/712/2 505/129/2 931/726/2 718/723/2
f 505/129/2 62/128/2 503/727/2 931/726/2
f 320/1117/2 932/722/2 719/725/2 113/1118/2
f 30/1119/2 367/713/2 932/722/2 320/1117/2
f 367/713/2 160/712/2 718/723/2 932/722/2
f 113/1118/2 719/725/2 933/1120/2 456/1121/2
f 719/725/2 255/724/2 717/1122/2 933/1120/2
f 714/715/2 934/718/2 716/721/2 254/716/2
f 79/792/2 422/105/2 934/718/2 714/715/2
f 422/105/2 29/104/2 504/719/2 934/718/2
f 290/1123/2 935/714/2 715/717/2 80/1124/2
f 11/4/2 289/793/2 935/714/2 290/1123/2
f 289/793/2 79/792/2 714/715/2 935/714/2
f 423/1125/2 936/710/2 367/713/2 30/1119/2
f 80/1124/2 715/717/2 936/710/2 423/1125/2
f 715/717/2 254/716/2 713/711/2 936/710/2
f 710/703/2 937/706/2 712/709/2 253/704/2
f 112/900/2 455/69/2 937/706/2 710/703/2
f 455/69/2 18/68/2 480/707/2 937/706/2
f 504/719/2 938/702/2 711/705/2 159/720/2
f 29/104/2 319/901/2 938/702/2 504/719/2
f 319/901/2 112/900/2 710/703/2 938/702/2
f 366/127/2 939/698/2 368/701/2 62/128/2
f 159/720/2 711/705/2 939/698/2 366/127/2
f 711/705/2 253/704/2 709/699/2 939/698/2
f 481/61/2 24/60/2 479/1126/2 940/1127/2
f 707/1128/3 941/694/3 708/697/3 252/1129/3
f 164/1130/3 509/141/3 941/694/3 707/1128/3
f 509/141/3 63/140/3 507/695/3 941/694/3
f 704/1131/3 942/690/3 705/693/3 251/1132/3
f 89/1133/3 432/261/3 942/690/3 704/1131/3
f 432/261/3 39/260/3 508/691/3 942/690/3
f 700/683/3 943/686/3 702/689/3 250/684/3
f 122/1056/3 465/20/3 943/686/3 700/683/3
f 465/20/3 14/5/3 466/687/3 943/686/3
f 508/691/3 944/682/3 701/685/3 163/692/3
f 39/260/3 329/1057/3 944/682/3 508/691/3
f 329/1057/3 122/1056/3 700/683/3 944/682/3
f 370/139/3 945/678/3 371/681/3 63/140/3
f 163/692/3 701/685/3 945/678/3 370/139/3
f 701/685/3 250/684/3 699/679/3 945/678/3
f 696/671/4 946/674/4 698/677/4 249/672/4
f 168/660/4 513/153/4 946/674/4 696/671/4
f 513/153/4 64/152/4 511/675/4 946/674/4
f 443/1134/4 947/670/4 697/673/4 100/1135/4
f 374/661/4 168/660/4 696/671/4 947/670/4
f 308/47/4 948/666/4 309/669/4 23/48/4
f 100/1135/4 697/673/4 948/666/4 308/47/4
f 697/673/4 249/672/4 695/667/4 948/666/4
f 693/1136/4 949/662/4 694/665/4 248/1137/4
f 91/1138/4 434/249/4 949/662/4 693/1136/4
f 434/249/4 41/248/4 512/663/4 949/662/4
f 689/651/4 951/654/4 691/657/4 247/652/4
f 124/1044/4 467/23/4 951/654/4 689/651/4
f 467/23/4 13/7/4 469/655/4 951/654/4
f 512/663/4 952/650/4 690/653/4 167/664/4
f 41/248/4 331/1045/4 952/650/4 512/663/4
f 331/1045/4 124/1044/4 689/651/4 952/650/4
f 373/151/4 953/646/4 375/649/4 64/152/4
f 167/664/4 690/653/4 953/646/4 373/151/4
f 690/653/4 247/652/4 688/647/4 953/646/4
f 685/639/4 954/642/4 687/645/4 246/640/4
f 172/624/4 517/165/4 954/642/4 685/639/4
f 517/165/4 65/164/4 515/643/4 954/642/4
f 332/1139/4 955/638/4 686/641/4 125/1140/4
f 42/1141/4 378/625/4 955/638/4 332/1139/4
f 378/625/4 172/624/4 685/639/4 955/638/4
f 468/1142/4 956/634/4 461/637/4 9/10/4
f 125/1140/4 686/641/4 956/634/4 468/1142/4
f 686/641/4 246/640/4 684/635/4 956/634/4
f 681/627/4 957/630/4 683/633/4 245/628/4
f 300/1143/4 958/626/4 682/629/4 92/1144/4
f 435/1145/4 959/622/4 378/625/4 42/1141/4
f 92/1144/4 682/629/4 959/622/4 435/1145/4
f 682/629/4 245/628/4 680/623/4 959/622/4
f 677/615/4 960/618/4 679/621/4 244/616/4
f 476/49/4 23/48/4 475/619/4 960/618/4
f 516/631/4 961/614/4 678/617/4 171/632/4
f 377/163/4 962/610/4 379/613/4 65/164/4
f 171/632/4 678/617/4 962/610/4 377/163/4
f 678/617/4 244/616/4 676/611/4 962/610/4
f 673/603/5 963/606/5 675/609/5 243/604/5
f 176/588/5 521/177/5 963/606/5 673/603/5
f 521/177/5 66/176/5 519/607/5 963/606/5
f 427/1146/5 964/602/5 674/605/5 84/1147/5
f 34/1148/5 382/589/5 964/602/5 427/1146/5
f 382/589/5 176/588/5 673/603/5 964/602/5
f 294/1149/5 965/598/5 306/601/5 15/1150/5
f 84/1147/5 674/605/5 965/598/5 294/1149/5
f 674/605/5 243/604/5 672/599/5 965/598/5
f 669/591/5 966/594/5 671/597/5 242/592/5
f 80/1151/5 423/1152/5 966/594/5 669/591/5
f 423/1152/5 30/1153/5 520/595/5 966/594/5
f 460/1154/5 967/590/5 670/593/5 117/1155/5
f 11/11/5 290/1156/5 967/590/5 460/1154/5
f 290/1156/5 80/1151/5 669/591/5 967/590/5
f 324/1157/5 968/586/5 382/589/5 34/1148/5
f 117/1155/5 670/593/5 968/586/5 324/1157/5
f 670/593/5 242/592/5 668/587/5 968/586/5
f 665/583/5 969/1158/5 667/1159/5 241/584/5
f 113/1160/5 456/1161/5 969/1158/5 665/583/5
f 520/595/5 970/582/5 666/585/5 175/596/5
f 30/1153/5 320/1162/5 970/582/5 520/595/5
f 320/1162/5 113/1160/5 665/583/5 970/582/5
f 381/175/5 971/578/5 383/581/5 66/176/5
f 175/596/5 666/585/5 971/578/5 381/175/5
f 666/585/5 241/584/5 664/579/5 971/578/5
f 661/571/5 972/574/5 663/577/5 240/572/5
f 180/556/5 525/185/5 972/574/5 661/571/5
f 525/185/5 67/184/5 523/575/5 972/574/5
f 419/1163/5 973/570/5 662/573/5 76/1164/5
f 26/1165/5 386/557/5 973/570/5 419/1163/5
f 386/557/5 180/556/5 661/571/5 973/570/5
f 286/1166/5 974/566/5 468/569/5 9/12/5
f 76/1164/5 662/573/5 974/566/5 286/1166/5
f 662/573/5 240/572/5 660/567/5 974/566/5
f 657/559/5 975/562/5 659/565/5 239/560/5
f 98/600/5 441/173/5 975/562/5 657/559/5
f 441/173/5 48/172/5 524/563/5 975/562/5
f 452/1167/5 976/558/5 658/561/5 109/1168/5
f 15/1150/5 306/601/5 976/558/5 452/1167/5
f 306/601/5 98/600/5 657/559/5 976/558/5
f 316/1169/5 977/554/5 386/557/5 26/1165/5
f 109/1168/5 658/561/5 977/554/5 316/1169/5
f 658/561/5 239/560/5 656/555/5 977/554/5
f 653/551/5 978/1170/5 655/1171/5 238/552/5
f 131/968/5 474/1172/5 978/1170/5 653/551/5
f 524/563/5 979/550/5 654/553/5 179/564/5
f 48/172/5 338/969/5 979/550/5 524/563/5
f 338/969/5 131/968/5 653/551/5 979/550/5
f 385/183/5 980/546/5 387/549/5 67/184/5
f 179/564/5 654/553/5 980/546/5 385/183/5
f 654/553/5 238/552/5 652/547/5 980/546/5
f 649/539/6 981/542/6 651/545/6 237/540/6
f 184/524/6 529/193/6 981/542/6 649/539/6
f 529/193/6 68/192/6 527/543/6 981/542/6
f 438/1003/6 982/538/6 650/541/6 95/1004/6
f 45/208/6 390/525/6 982/538/6 438/1003/6
f 390/525/6 184/524/6 649/539/6 982/538/6
f 303/35/6 983/534/6 305/537/6 22/36/6
f 95/1004/6 650/541/6 983/534/6 303/35/6
f 650/541/6 237/540/6 648/535/6 983/534/6
f 645/527/6 984/530/6 647/533/6 236/528/6
f 88/1173/6 431/1174/6 984/530/6 645/527/6
f 431/1174/6 38/1175/6 528/531/6 984/530/6
f 471/483/6 985/526/6 646/529/6 128/484/6
f 19/1176/6 298/1177/6 985/526/6 471/483/6
f 298/1177/6 88/1173/6 645/527/6 985/526/6
f 335/207/6 986/522/6 390/525/6 45/208/6
f 128/484/6 646/529/6 986/522/6 335/207/6
f 646/529/6 236/528/6 644/523/6 986/522/6
f 641/515/6 987/518/6 643/521/6 235/516/6
f 121/1178/6 464/1179/6 987/518/6 641/515/6
f 464/1179/6 12/13/6 288/519/6 987/518/6
f 528/531/6 988/514/6 642/517/6 183/532/6
f 38/1175/6 328/1180/6 988/514/6 528/531/6
f 328/1180/6 121/1178/6 641/515/6 988/514/6
f 389/191/6 989/510/6 391/513/6 68/192/6
f 183/532/6 642/517/6 989/510/6 389/191/6
f 642/517/6 235/516/6 640/511/6 989/510/6
f 637/503/6 990/506/6 639/509/6 234/504/6
f 188/488/6 533/205/6 990/506/6 637/503/6
f 533/205/6 69/204/6 531/507/6 990/506/6
f 433/939/6 991/502/6 638/505/6 90/940/6
f 40/144/6 394/489/6 991/502/6 433/939/6
f 394/489/6 188/488/6 637/503/6 991/502/6
f 299/55/6 992/498/6 304/501/6 20/56/6
f 90/940/6 638/505/6 992/498/6 299/55/6
f 638/505/6 234/504/6 636/499/6 992/498/6
f 633/491/6 993/494/6 635/497/6 233/492/6
f 81/1181/6 424/1182/6 993/494/6 633/491/6
f 424/1182/6 31/1183/6 532/495/6 993/494/6
f 466/687/6 994/490/6 634/493/6 123/688/6
f 14/5/6 291/1184/6 994/490/6 466/687/6
f 291/1184/6 81/1181/6 633/491/6 994/490/6
f 330/143/6 995/486/6 394/489/6 40/144/6
f 123/688/6 634/493/6 995/486/6 330/143/6
f 634/493/6 233/492/6 632/487/6 995/486/6
f 629/479/6 996/482/6 631/485/6 232/480/6
f 114/1185/6 457/1186/6 996/482/6 629/479/6
f 457/1186/6 19/1176/6 471/483/6 996/482/6
f 532/495/6 997/478/6 630/481/6 187/496/6
f 31/1183/6 321/1187/6 997/478/6 532/495/6
f 321/1187/6 114/1185/6 629/479/6 997/478/6
f 393/203/6 998/474/6 395/477/6 69/204/6
f 187/496/6 630/481/6 998/474/6 393/203/6
f 630/481/6 232/480/6 628/475/6 998/474/6
f 625/467/6 999/470/6 627/473/6 231/468/6
f 192/452/6 537/217/6 999/470/6 625/467/6
f 537/217/6 70/216/6 535/471/6 999/470/6
f 425/1051/6 1000/466/6 626/469/6 82/1052/6
f 32/256/6 398/453/6 1000/466/6 425/1051/6
f 398/453/6 192/452/6 625/467/6 1000/466/6
f 292/22/6 1001/462/6 469/465/6 13/7/6
f 82/1052/6 626/469/6 1001/462/6 292/22/6
f 626/469/6 231/468/6 624/463/6 1001/462/6
f 621/455/6 1002/458/6 623/461/6 230/456/6
f 96/500/6 439/201/6 1002/458/6 621/455/6
f 439/201/6 46/200/6 536/459/6 1002/458/6
f 458/355/6 1003/454/6 622/457/6 115/356/6
f 20/56/6 304/501/6 1003/454/6 458/355/6
f 304/501/6 96/500/6 621/455/6 1003/454/6
f 322/255/6 1004/450/6 398/453/6 32/256/6
f 115/356/6 622/457/6 1004/450/6 322/255/6
f 622/457/6 230/456/6 620/451/6 1004/450/6
f 617/443/6 1005/446/6 619/449/6 229/444/6
f 129/996/6 472/37/6 1005/446/6 617/443/6
f 472/37/6 22/36/6 470/447/6 1005/446/6
f 536/459/6 1006/442/6 618/445/6 191/460/6
f 46/200/6 336/997/6 1006/442/6 536/459/6
f 336/997/6 129/996/6 617/443/6 1006/442/6
f 397/215/6 1007/438/6 399/441/6 70/216/6
f 191/460/6 618/445/6 1007/438/6 397/215/6
f 618/445/6 229/444/6 616/439/6 1007/438/6
f 613/431/6 1008/434/6 615/437/6 228/432/6
f 196/416/6 541/229/6 1008/434/6 613/431/6
f 541/229/6 71/228/6 539/435/6 1008/434/6
f 437/1015/6 1009/430/6 614/433/6 94/1016/6
f 44/220/6 402/417/6 1009/430/6 437/1015/6
f 402/417/6 196/416/6 613/431/6 1009/430/6
f 302/31/6 1010/426/6 459/429/6 21/32/6
f 94/1016/6 614/433/6 1010/426/6 302/31/6
f 614/433/6 228/432/6 612/427/6 1010/426/6
f 609/419/6 1011/422/6 611/425/6 227/420/6
f 97/536/6 440/189/6 1011/422/6 609/419/6
f 440/189/6 47/188/6 540/423/6 1011/422/6
f 470/447/6 1012/418/6 610/421/6 127/448/6
f 22/36/6 305/537/6 1012/418/6 470/447/6
f 305/537/6 97/536/6 609/419/6 1012/418/6
f 334/219/6 1013/414/6 402/417/6 44/220/6
f 127/448/6 610/421/6 1013/414/6 334/219/6
f 610/421/6 227/420/6 608/415/6 1013/414/6
f 605/407/6 1014/410/6 607/413/6 226/408/6
f 130/984/6 473/41/6 1014/410/6 605/407/6
f 473/41/6 17/40/6 296/411/6 1014/410/6
f 540/423/6 1015/406/6 606/409/6 195/424/6
f 47/188/6 337/985/6 1015/406/6 540/423/6
f 337/985/6 130/984/6 605/407/6 1015/406/6
f 401/227/6 1016/402/6 403/405/6 71/228/6
f 195/424/6 606/409/6 1016/402/6 401/227/6
f 606/409/6 226/408/6 604/403/6 1016/402/6
f 601/395/4 1017/398/4 603/401/4 225/396/4
f 200/380/4 545/241/4 1017/398/4 601/395/4
f 545/241/4 72/240/4 543/399/4 1017/398/4
f 442/963/4 1018/394/4 602/397/4 99/964/4
f 49/168/4 406/381/4 1018/394/4 442/963/4
f 406/381/4 200/380/4 601/395/4 1018/394/4
f 307/43/4 1019/390/4 453/393/4 16/44/4
f 99/964/4 602/397/4 1019/390/4 307/43/4
f 602/397/4 225/396/4 600/391/4 1019/390/4
f 597/383/4 1020/386/4 599/389/4 224/384/4
f 101/668/4 444/149/4 1020/386/4 597/383/4
f 444/149/4 50/148/4 544/387/4 1020/386/4
f 475/619/4 1021/382/4 598/385/4 132/620/4
f 23/48/4 309/669/4 1021/382/4 475/619/4
f 309/669/4 101/668/4 597/383/4 1021/382/4
f 339/167/4 1022/378/4 406/381/4 49/168/4
f 132/620/4 598/385/4 1022/378/4 339/167/4
f 598/385/4 224/384/4 596/379/4 1022/378/4
f 593/371/4 1023/374/4 595/377/4 223/372/4
f 133/944/4 477/53/4 1023/374/4 593/371/4
f 477/53/4 21/52/4 459/375/4 1023/374/4
f 544/387/4 1024/370/4 594/373/4 199/388/4
f 50/148/4 340/945/4 1024/370/4 544/387/4
f 340/945/4 133/944/4 593/371/4 1024/370/4
f 405/239/4 1025/366/4 407/369/4 72/240/4
f 199/388/4 594/373/4 1025/366/4 405/239/4
f 594/373/4 223/372/4 592/367/4 1025/366/4
f 590/1188/3 1026/362/3 591/365/3 222/1189/3
f 204/1190/3 549/253/3 1026/362/3 590/1188/3
f 549/253/3 73/252/3 547/363/3 1026/362/3
f 587/1191/3 1027/358/3 588/361/3 221/1192/3
f 102/1193/3 445/137/3 1027/358/3 587/1191/3
f 445/137/3 51/136/3 548/359/3 1027/358/3
f 583/351/3 1028/354/3 585/357/3 220/352/3
f 134/932/3 478/57/3 1028/354/3 583/351/3
f 478/57/3 20/56/3 458/355/3 1028/354/3
f 548/359/3 1029/350/3 584/353/3 203/360/3
f 51/136/3 341/933/3 1029/350/3 548/359/3
f 341/933/3 134/932/3 583/351/3 1029/350/3
f 409/251/3 1030/346/3 410/349/3 73/252/3
f 203/360/3 584/353/3 1030/346/3 409/251/3
f 584/353/3 220/352/3 582/347/3 1030/346/3
f 580/1194/2 1031/342/2 581/345/2 219/1195/2
f 208/332/2 553/265/2 1031/342/2 580/1194/2
f 553/265/2 74/264/2 551/343/2 1031/342/2
f 413/333/2 208/332/2 580/1194/2 1032/1196/2
f 576/335/2 1033/338/2 578/341/2 218/336/2
f 104/756/2 447/117/2 1033/338/2 576/335/2
f 447/117/2 53/116/2 552/339/2 1033/338/2
f 479/1126/2 1034/334/2 577/337/2 135/1197/2
f 24/60/2 311/757/2 1034/334/2 479/1126/2
f 311/757/2 104/756/2 576/335/2 1034/334/2
f 135/1197/2 577/337/2 1035/330/2 342/1198/2
f 577/337/2 218/336/2 575/331/2 1035/330/2
f 572/323/2 1036/326/2 574/329/2 217/324/2
f 137/912/2 482/65/2 1036/326/2 572/323/2
f 482/65/2 19/64/2 457/327/2 1036/326/2
f 552/339/2 1037/322/2 573/325/2 207/340/2
f 53/116/2 344/913/2 1037/322/2 552/339/2
f 344/913/2 137/912/2 572/323/2 1037/322/2
f 412/263/2 1038/318/2 414/321/2 74/264/2
f 207/340/2 573/325/2 1038/318/2 412/263/2
f 573/325/2 217/324/2 571/319/2 1038/318/2
f 568/311/1 1039/314/1 570/317/1 216/312/1
f 212/296/1 557/277/1 1039/314/1 568/311/1
f 557/277/1 75/276/1 555/315/1 1039/314/1
f 448/907/1 1040/310/1 569/313/1 105/908/1
f 54/112/1 417/297/1 1040/310/1 448/907/1
f 417/297/1 212/296/1 568/311/1 1040/310/1
f 312/67/1 1041/306/1 297/309/1 18/68/1
f 105/908/1 569/313/1 1041/306/1 312/67/1
f 569/313/1 216/312/1 567/307/1 1041/306/1
f 564/299/1 1042/302/1 566/305/1 215/300/1
f 108/864/1 451/81/1 1042/302/1 564/299/1
f 451/81/1 57/80/1 556/303/1 1042/302/1
f 483/775/1 1043/298/1 565/301/1 138/776/1
f 25/72/1 315/865/1 1043/298/1 483/775/1
f 315/865/1 108/864/1 564/299/1 1043/298/1
f 345/111/1 1044/294/1 417/297/1 54/112/1
f 138/776/1 565/301/1 1044/294/1 345/111/1
f 565/301/1 215/300/1 563/295/1 1044/294/1
f 560/287/1 1045/290/1 562/293/1 214/288/1
f 141/876/1 486/77/1 1045/290/1 560/287/1
f 486/77/1 17/76/1 454/291/1 1045/290/1
f 556/303/1 1046/286/1 561/289/1 211/304/1
f 57/80/1 348/877/1 1046/286/1 556/303/1
f 348/877/1 141/876/1 560/287/1 1046/286/1
f 416/275/1 1047/282/1 418/285/1 75/276/1
f 211/304/1 561/289/1 1047/282/1 416/275/1
f 561/289/1 214/288/1 559/283/1 1047/282/1
f 559/283/1 1048/278/1 558/281/1 213/284/1
f 214/288/1 562/293/1 1048/278/1 559/283/1
f 562/293/1 111/292/1 318/279/1 1048/278/1
f 563/295/1 1049/274/1 557/277/1 212/296/1
f 215/300/1 566/305/1 1049/274/1 563/295/1
f 566/305/1 211/304/1 416/275/1 1049/274/1
f 567/307/1 1050/270/1 430/273/1 87/308/1
f 216/312/1 570/317/1 1050/270/1 567/307/1
f 570/317/1 210/316/1 415/271/1 1050/270/1
f 571/319/2 1051/266/2 554/269/2 209/320/2
f 217/324/2 574/329/2 1051/266/2 571/319/2
f 574/329/2 114/328/2 321/267/2 1051/266/2
f 575/331/2 1052/262/2 553/265/2 208/332/2
f 218/336/2 578/341/2 1052/262/2 575/331/2
f 578/341/2 207/340/2 412/263/2 1052/262/2
f 579/1199/2 1053/258/2 432/261/2 89/1133/2
f 219/1195/2 581/345/2 1053/258/2 579/1199/2
f 581/345/2 206/344/2 411/259/2 1053/258/2
f 582/347/3 1054/254/3 550/257/3 205/348/3
f 220/352/3 585/357/3 1054/254/3 582/347/3
f 585/357/3 115/356/3 322/255/3 1054/254/3
f 586/1200/3 1055/250/3 549/253/3 204/1190/3
f 221/1192/3 588/361/3 1055/250/3 586/1200/3
f 588/361/3 203/360/3 409/251/3 1055/250/3
f 589/1201/3 1056/246/3 434/249/3 91/1138/3
f 222/1189/3 591/365/3 1056/246/3 589/1201/3
f 591/365/3 202/364/3 408/247/3 1056/246/3
f 592/367/4 1057/242/4 546/245/4 201/368/4
f 223/372/4 595/377/4 1057/242/4 592/367/4
f 595/377/4 116/376/4 323/243/4 1057/242/4
f 596/379/4 1058/238/4 545/241/4 200/380/4
f 224/384/4 599/389/4 1058/238/4 596/379/4
f 599/389/4 199/388/4 405/239/4 1058/238/4
f 600/391/4 1059/234/4 317/237/4 110/392/4
f 225/396/4 603/401/4 1059/234/4 600/391/4
f 603/401/4 198/400/4 404/235/4 1059/234/4
f 604/403/6 1060/230/6 542/233/6 197/404/6
f 226/408/6 607/413/6 1060/230/6 604/403/6
f 607/413/6 86/412/6 429/231/6 1060/230/6
f 608/415/6 1061/226/6 541/229/6 196/416/6
f 227/420/6 611/425/6 1061/226/6 608/415/6
f 611/425/6 195/424/6 401/227/6 1061/226/6
f 612/427/6 1062/222/6 323/225/6 116/428/6
f 228/432/6 615/437/6 1062/222/6 612/427/6
f 615/437/6 194/436/6 400/223/6 1062/222/6
f 616/439/6 1063/218/6 538/221/6 193/440/6
f 229/444/6 619/449/6 1063/218/6 616/439/6
f 619/449/6 127/448/6 334/219/6 1063/218/6
f 620/451/6 1064/214/6 537/217/6 192/452/6
f 230/456/6 623/461/6 1064/214/6 620/451/6
f 623/461/6 191/460/6 397/215/6 1064/214/6
f 624/463/6 1065/210/6 333/213/6 126/464/6
f 231/468/6 627/473/6 1065/210/6 624/463/6
f 627/473/6 190/472/6 396/211/6 1065/210/6
f 628/475/6 1066/206/6 534/209/6 189/476/6
f 232/480/6 631/485/6 1066/206/6 628/475/6
f 631/485/6 128/484/6 335/207/6 1066/206/6
f 632/487/6 1067/202/6 533/205/6 188/488/6
f 233/492/6 635/497/6 1067/202/6 632/487/6
f 635/497/6 187/496/6 393/203/6 1067/202/6
f 636/499/6 1068/198/6 439/201/6 96/500/6
f 234/504/6 639/509/6 1068/198/6 636/499/6
f 639/509/6 186/508/6 392/199/6 1068/198/6
f 640/511/6 1069/194/6 530/197/6 185/512/6
f 235/516/6 643/521/6 1069/194/6 640/511/6
f 643/521/6 78/520/6 421/195/6 1069/194/6
f 644/523/6 1070/190/6 529/193/6 184/524/6
f 236/528/6 647/533/6 1070/190/6 644/523/6
f 647/533/6 183/532/6 389/191/6 1070/190/6
f 648/535/6 1071/186/6 440/189/6 97/536/6
f 237/540/6 651/545/6 1071/186/6 648/535/6
f 651/545/6 182/544/6 388/187/6 1071/186/6
f 652/547/5 1072/1202/5 526/1080/5 181/548/5
f 238/552/5 655/1171/5 1072/1202/5 652/547/5
f 656/555/5 1073/182/5 525/185/5 180/556/5
f 239/560/5 659/565/5 1073/182/5 656/555/5
f 659/565/5 179/564/5 385/183/5 1073/182/5
f 660/567/5 1074/178/5 332/181/5 125/568/5
f 240/572/5 663/577/5 1074/178/5 660/567/5
f 663/577/5 178/576/5 384/179/5 1074/178/5
f 664/579/5 1075/1203/5 522/1083/5 177/580/5
f 241/584/5 667/1159/5 1075/1203/5 664/579/5
f 668/587/5 1076/174/5 521/177/5 176/588/5
f 242/592/5 671/597/5 1076/174/5 668/587/5
f 671/597/5 175/596/5 381/175/5 1076/174/5
f 672/599/5 1077/170/5 441/173/5 98/600/5
f 243/604/5 675/609/5 1077/170/5 672/599/5
f 675/609/5 174/608/5 380/171/5 1077/170/5
f 676/611/4 1078/166/4 518/169/4 173/612/4
f 244/616/4 679/621/4 1078/166/4 676/611/4
f 679/621/4 132/620/4 339/167/4 1078/166/4
f 680/623/4 1079/162/4 517/165/4 172/624/4
f 245/628/4 683/633/4 1079/162/4 680/623/4
f 683/633/4 171/632/4 377/163/4 1079/162/4
f 684/635/4 1080/158/4 325/161/4 118/636/4
f 246/640/4 687/645/4 1080/158/4 684/635/4
f 687/645/4 170/644/4 376/159/4 1080/158/4
f 688/647/4 1081/154/4 514/157/4 169/648/4
f 247/652/4 691/657/4 1081/154/4 688/647/4
f 691/657/4 126/656/4 333/155/4 1081/154/4
f 692/659/4 1082/150/4 513/153/4 168/660/4
f 248/1137/4 694/665/4 1082/150/4 692/659/4
f 694/665/4 167/664/4 373/151/4 1082/150/4
f 695/667/4 1083/146/4 444/149/4 101/668/4
f 249/672/4 698/677/4 1083/146/4 695/667/4
f 698/677/4 166/676/4 372/147/4 1083/146/4
f 699/679/3 1084/142/3 510/145/3 165/680/3
f 250/684/3 702/689/3 1084/142/3 699/679/3
f 702/689/3 123/688/3 330/143/3 1084/142/3
f 703/1204/3 1085/138/3 509/141/3 164/1130/3
f 251/1132/3 705/693/3 1085/138/3 703/1204/3
f 705/693/3 163/692/3 370/139/3 1085/138/3
f 706/1205/3 1086/134/3 445/137/3 102/1193/3
f 252/1129/3 708/697/3 1086/134/3 706/1205/3
f 708/697/3 162/696/3 369/135/3 1086/134/3
f 709/699/2 1087/130/2 506/133/2 161/700/2
f 253/704/2 712/709/2 1087/130/2 709/699/2
f 712/709/2 136/708/2 343/131/2 1087/130/2
f 713/711/2 1088/126/2 505/129/2 160/712/2
f 254/716/2 716/721/2 1088/126/2 713/711/2
f 716/721/2 159/720/2 366/127/2 1088/126/2
f 255/724/2 720/729/2 1089/1206/2 717/1122/2
f 720/729/2 158/728/2 365/1085/2 1089/1206/2
f 721/731/2 1090/122/2 502/125/2 157/732/2
f 256/736/2 724/741/2 1090/122/2 721/731/2
f 724/741/2 121/740/2 328/123/2 1090/122/2
f 725/743/2 1091/118/2 501/121/2 156/744/2
f 257/748/2 728/753/2 1091/118/2 725/743/2
f 728/753/2 155/752/2 362/119/2 1091/118/2
f 729/755/2 1092/114/2 447/117/2 104/756/2
f 258/760/2 732/765/2 1092/114/2 729/755/2
f 732/765/2 154/764/2 361/115/2 1092/114/2
f 733/767/1 1093/110/1 498/113/1 153/768/1
f 259/772/1 736/777/1 1093/110/1 733/767/1
f 736/777/1 138/776/1 345/111/1 1093/110/1
f 737/779/1 1094/106/1 497/109/1 152/780/1
f 260/784/1 740/789/1 1094/106/1 737/779/1
f 740/789/1 151/788/1 358/107/1 1094/106/1
f 741/791/1 1095/102/1 422/105/1 79/792/1
f 261/796/1 744/801/1 1095/102/1 741/791/1
f 744/801/1 150/800/1 357/103/1 1095/102/1
f 745/803/1 1096/98/1 494/101/1 149/804/1
f 262/808/1 748/813/1 1096/98/1 745/803/1
f 748/813/1 139/812/1 346/99/1 1096/98/1
f 749/815/1 1097/94/1 493/97/1 148/816/1
f 263/820/1 752/825/1 1097/94/1 749/815/1
f 752/825/1 147/824/1 354/95/1 1097/94/1
f 753/827/1 1098/90/1 450/93/1 107/828/1
f 264/832/1 756/837/1 1098/90/1 753/827/1
f 756/837/1 146/836/1 353/91/1 1098/90/1
f 757/839/1 1099/86/1 490/89/1 145/840/1
f 265/844/1 760/849/1 1099/86/1 757/839/1
f 760/849/1 119/848/1 326/87/1 1099/86/1
f 761/851/1 1100/82/1 489/85/1 144/852/1
f 266/856/1 764/861/1 1100/82/1 761/851/1
f 764/861/1 143/860/1 350/83/1 1100/82/1
f 765/863/1 1101/78/1 451/81/1 108/864/1
f 267/868/1 768/873/1 1101/78/1 765/863/1
f 768/873/1 142/872/1 349/79/1 1101/78/1
f 769/875/1 1102/74/1 486/77/1 141/876/1
f 268/880/1 772/885/1 1102/74/1 769/875/1
f 772/885/1 86/884/1 296/75/1 1102/74/1
f 773/887/1 1103/70/1 485/73/1 140/888/1
f 269/892/1 776/897/1 1103/70/1 773/887/1
f 776/897/1 106/896/1 313/71/1 1103/70/1
f 777/899/1 1104/66/1 455/69/1 112/900/1
f 270/904/1 780/909/1 1104/66/1 777/899/1
f 780/909/1 105/908/1 312/67/1 1104/66/1
f 781/911/2 1105/62/2 482/65/2 137/912/2
f 271/916/2 784/921/2 1105/62/2 781/911/2
f 784/921/2 88/920/2 298/63/2 1105/62/2
f 272/924/2 788/929/2 1106/58/2 785/1086/2
f 788/929/2 103/928/2 310/59/2 1106/58/2
f 789/931/3 1107/54/3 478/57/3 134/932/3
f 273/936/3 792/941/3 1107/54/3 789/931/3
f 792/941/3 90/940/3 299/55/3 1107/54/3
f 793/943/4 1108/50/4 477/53/4 133/944/4
f 274/948/4 796/953/4 1108/50/4 793/943/4
f 796/953/4 93/952/4 301/51/4 1108/50/4
f 797/955/4 1110/42/4 295/45/4 85/956/4
f 275/960/4 800/965/4 1110/42/4 797/955/4
f 800/965/4 99/964/4 307/43/4 1110/42/4
f 801/967/5 1111/1207/5 474/1172/5 131/968/5
f 276/972/5 804/1082/5 1111/1207/5 801/967/5
f 805/975/5 1112/1208/5 300/1209/5 92/976/5
f 277/980/5 808/1079/5 1112/1208/5 805/975/5
f 809/983/6 1113/38/6 473/41/6 130/984/6
f 278/988/6 812/993/6 1113/38/6 809/983/6
f 812/993/6 111/992/6 454/39/6 1113/38/6
f 813/995/6 1114/34/6 472/37/6 129/996/6
f 279/1000/6 816/1005/6 1114/34/6 813/995/6
f 816/1005/6 95/1004/6 303/35/6 1114/34/6
f 817/1007/6 1115/30/6 301/33/6 93/1008/6
f 280/1012/6 820/1017/6 1115/30/6 817/1007/6
f 820/1017/6 94/1016/6 302/31/6 1115/30/6
f 821/1019/6 1116/27/6 293/29/6 83/1020/6
f 281/1024/6 824/1029/6 1116/27/6 821/1019/6
f 824/1029/6 119/1028/6 462/28/6 1116/27/6
f 825/1031/4 1117/24/4 287/26/4 77/1032/4
f 282/1036/4 828/1041/4 1117/24/4 825/1031/4
f 828/1041/4 83/1040/4 293/25/4 1117/24/4
f 829/1043/3 1118/21/3 467/23/3 124/1044/3
f 283/1048/3 832/1053/3 1118/21/3 829/1043/3
f 832/1053/3 82/1052/3 292/22/3 1118/21/3
f 833/1055/2 1119/18/2 465/20/2 122/1056/2
f 284/1060/2 836/1065/2 1119/18/2 833/1055/2
f 836/1065/2 81/1064/2 291/19/2 1119/18/2
f 837/1067/1 1120/15/1 463/17/1 120/1068/1
f 285/1072/1 840/1077/1 1120/15/1 837/1067/1
f 840/1077/1 78/1076/1 288/16/1 1120/15/1
f 1121/1/1 1122/2/1 1124/3/1 1123/4/1
f 1123/4/2 1124/3/2 1128/5/2 1127/6/2
f 1127/6/3 1128/5/3 1126/7/3 1125/8/3
f 1125/8/4 1126/7/4 1122/9/4 1121/10/4
f 1123/11/5 1127/6/5 1125/8/5 1121/12/5
f 1128/5/6 1124/13/6 1122/14/6 1126/7/6
f 1129/1/1 1130/2/1 1132/3/1 1131/4/1
f 1131/4/2 1132/3/2 1136/5/2 1135/6/2
f 1135/6/3 1136/5/3 1134/7/3 1133/8/3
f 1133/8/4 1134/7/4 1130/9/4 1129/10/4
f 1131/11/5 1135/6/5 1133/8/5 1129/12/5
f 1136/5/6 1132/13/6 1130/14/6 1134/7/6
f 1137/1/7 1138/2/7 1140/3/7 1139/4/7
f 1139/4/2 1140/3/2 1144/5/2 1143/6/2
f 1143/6/8 1144/5/8 1142/7/8 1141/8/8
f 1141/8/4 1142/7/4 1138/9/4 1137/10/4
f 1139/11/9 1143/6/9 1141/8/9 1137/12/9
f 1144/5/10 1140/13/10 1138/14/10 1142/7/10
f 1145/1/1 1146/2/1 1148/3/1 1147/4/1
f 1147/4/2 1148/3/2 1152/5/2 1151/6/2
f 1151/6/3 1152/5/3 1150/7/3 1149/8/3
f 1149/8/4 1150/7/4 1146/9/4 1145/10/4
f 1147/11/5 1151/6/5 1149/8/5 1145/12/5
f 1152/5/6 1148/13/6 1146/14/6 1150/7/6
f 1153/1/11 1154/2/11 1156/3/11 1155/4/11
f 1155/4/2 1156/3/2 1160/5/2 1159/6/2
f 1159/6/12 1160/5/12 1158/7/12 1157/8/12
f 1157/8/4 1158/7/4 1154/9/4 1153/10/4
f 1155/11/13 1159/6/13 1157/8/13 1153/12/13
f 1160/5/14 1156/13/14 1154/14/14 1158/7/14
f 1161/1/1 1162/2/1 1164/3/1 1163/4/1
f 1163/4/2 1164/3/2 1168/5/2 1167/6/2
f 1167/6/3 1168/5/3 1166/7/3 1165/8/3
f 1165/8/4 1166/7/4 1162/9/4 1161/10/4
f 1163/11/5 1167/6/5 1165/8/5 1161/12/5
f 1168/5/6 1164/13/6 1162/14/6 1166/7/6
f 1169/1/1 1170/2/1 1172/3/1 1171/4/1
f 1171/4/2 1172/3/2 1176/5/2 1175/6/2
f 1175/6/3 1176/5/3 1174/7/3 1173/8/3
f 1173/8/4 1174/7/4 1170/9/4 1169/10/4
f 1171/11/5 1175/6/5 1173/8/5 1169/12/5
f 1176/5/6 1172/13/6 1170/14/6 1174/7/6
f 1177/1/1 1178/2/1 1180/3/1 1179/4/1
f 1179/4/2 1180/3/2 1184/5/2 1183/6/2
f 1183/6/3 1184/5/3 1182/7/3 1181/8/3
f 1181/8/4 1182/7/4 1178/9/4 1177/10/4
f 1179/11/5 1183/6/5 1181/8/5 1177/12/5
f 1184/5/6 1180/13/6 1178/14/6 1182/7/6
f 1185/1/1 1186/2/1 1188/3/1 1187/4/1
f 1187/4/2 1188/3/2 1192/5/2 1191/6/2
f 1191/6/3 1192/5/3 1190/7/3 1189/8/3
f 1189/8/4 1190/7/4 1186/9/4 1185/10/4
f 1187/11/5 1191/6/5 1189/8/5 1185/12/5
f 1192/5/6 1188/13/6 1186/14/6 1190/7/6
