# Blender 4.4.0
# www.blender.org
mtllib Vox-Caster Array.mtl
o Cube.002
v 1.000000 2.500000 -4.144948
v 1.000000 -1.000000 -4.144948
v 1.000000 2.500000 -2.210572
v 1.000000 -1.000000 -2.210572
v -1.000000 2.500000 -4.144948
v -1.000000 -1.000000 -4.144948
v -1.000000 2.500000 -2.210572
v -1.000000 -1.000000 -2.210572
v 1.000000 1.000000 -2.211431
v 1.000000 -1.000000 -2.211431
v 1.000000 1.000000 1.722945
v 1.000000 -1.000000 1.722945
v -1.000000 1.000000 -2.211431
v -1.000000 -1.000000 -2.211431
v -1.000000 1.000000 1.722945
v -1.000000 -1.000000 1.722945
v 1.000000 2.500000 -2.211431
v 1.000000 1.000000 -2.211431
v 1.000000 2.500000 -0.277055
v 1.000000 1.000000 -0.277055
v -1.000000 2.500000 -2.211431
v -1.000000 1.000000 -2.211431
v -1.000000 2.500000 -0.277055
v -1.000000 1.000000 -0.277055
v -1.000000 2.500000 -0.277054
v -1.000000 2.500000 1.722945
v 1.000000 1.000000 -0.277054
v 1.000000 1.000000 1.722945
v -1.000000 1.000000 -0.277054
v -1.000000 1.000000 1.722945
v 0.000000 1.750000 -0.277054
v 0.000000 1.750000 1.722945
v -1.000000 2.500000 0.722945
v 1.000000 1.000000 0.722945
v 0.000000 1.000000 1.722945
v -1.000000 1.750000 1.722945
v 0.000000 1.750000 0.722945
v 0.500000 1.375000 -0.277054
v -0.500000 2.125000 1.722945
v -1.000000 2.500000 1.222946
v 1.000000 1.000000 0.222945
v 0.500000 1.000000 1.722945
v -1.000000 1.375000 1.722945
v -0.500000 2.125000 -0.277054
v 0.500000 1.375000 1.722945
v -1.000000 2.500000 0.222945
v 1.000000 1.000000 1.222946
v -0.500000 1.000000 1.722945
v -1.000000 2.125000 1.722945
v -1.000000 2.125000 1.222946
v -0.500000 1.375000 1.722945
v 0.000000 1.375000 1.722945
v -0.500000 1.750000 1.722945
v 0.500000 1.000000 1.222946
v 0.508043 1.125308 0.660446
v 0.000000 1.750000 0.222945
v 0.000000 1.750000 1.222946
v 0.008043 1.500308 0.472945
v 0.750000 1.187500 -0.277054
v -0.750000 2.312500 1.722945
v -1.000000 2.500000 1.472946
v 1.000000 1.000000 -0.027055
v 0.750000 1.000000 1.722945
v -1.000000 1.187500 1.722945
v -0.250000 1.937500 -0.277054
v 0.250000 1.562500 1.722945
v -1.000000 2.500000 0.472945
v 1.000000 1.000000 0.972945
v -0.250000 1.000000 1.722945
v -1.000000 1.937500 1.722945
v -1.000000 2.312500 0.972946
v -0.750000 1.562500 1.722945
v 0.000000 1.562500 1.722945
v -0.250000 1.750000 1.722945
v 0.250000 1.000000 1.472946
v 0.750000 1.187500 0.722945
v 0.633043 1.031558 1.097946
v 0.000000 1.750000 -0.027055
v 0.000000 1.750000 0.972946
v 0.250000 1.562500 -0.277054
v -0.250000 1.937500 1.722945
v -1.000000 2.500000 0.972946
v 1.000000 1.000000 0.472945
v 0.250000 1.000000 1.722945
v -1.000000 1.562500 1.722945
v -0.750000 2.312500 -0.277054
v 0.750000 1.187500 1.722945
v -1.000000 2.500000 -0.027054
v 1.000000 1.000000 1.472946
v -0.750000 1.000000 1.722945
v -1.000000 2.312500 1.722945
v -1.000000 1.937500 1.472946
v -0.250000 1.187500 1.722945
v 0.000000 1.187500 1.722945
v -0.750000 1.750000 1.722945
v 0.750000 1.000000 0.972945
v -0.750000 2.312500 0.722945
v 0.000000 1.750000 0.472945
v 0.000000 1.750000 1.472946
v 0.633043 1.031558 0.847945
v -0.750000 2.312500 1.222946
v 0.633043 1.031558 0.972945
v -0.500000 2.125000 1.472946
v 0.508043 1.125308 0.972945
v -0.750000 2.312500 0.222945
v -0.500000 2.125000 -0.027055
v 0.750000 1.187500 0.222945
v 0.500000 1.375000 -0.027055
v -0.750000 1.937500 1.722945
v -0.500000 1.937500 1.722945
v -0.750000 2.125000 1.722945
v -0.500000 1.562500 1.722945
v -0.250000 1.375000 1.722945
v -0.250000 1.562500 1.722945
v -0.750000 1.187500 1.722945
v -0.500000 1.187500 1.722945
v -0.750000 1.375000 1.722945
v -1.000000 2.312500 1.472946
v -1.000000 2.312500 1.222946
v -1.000000 2.125000 1.472946
v 0.250000 1.187500 1.722945
v 0.500000 1.187500 1.722945
v 0.250000 1.375000 1.722945
v 0.500000 1.000000 1.472946
v 0.750000 1.000000 1.222946
v 0.750000 1.000000 1.472946
v 0.750000 1.187500 1.222946
v 0.500000 1.375000 1.472946
v 0.250000 1.562500 1.472946
v 0.750000 1.187500 0.972946
v 0.250000 1.562500 -0.027055
v 0.750000 1.187500 -0.027055
v -0.750000 2.312500 0.472945
v -0.750000 2.312500 -0.027054
v -0.250000 1.937500 -0.027055
v -0.750000 2.312500 1.472946
v -0.750000 2.312500 0.972946
v 0.133043 1.406558 0.847945
v -0.250000 1.937500 1.472946
v 0.133043 1.406558 0.972946
v 0.750000 1.187500 0.472945
v 0.750000 1.187500 1.472946
v -0.125000 1.843750 0.722945
v 0.000000 1.750000 0.847945
v 0.008043 1.500308 0.972946
v 0.000000 1.750000 0.347945
v 0.000000 1.750000 1.347945
v -0.125000 1.843750 1.222946
v 0.258043 1.312808 0.972946
v 0.133043 1.406558 1.472946
v -0.125000 1.843750 0.222945
v 0.008043 1.500308 1.472946
v 0.383043 1.219058 1.472946
v -0.429457 1.828433 1.472946
v 0.258043 1.312808 1.472946
v 0.000000 1.750000 0.097945
v 0.000000 1.750000 1.097946
v 0.125000 1.656250 0.722945
v 0.000000 1.750000 0.597946
v 0.383043 1.219058 0.972946
v 0.008043 1.500308 1.222946
v 0.633043 1.031558 1.222946
v 0.125000 1.656250 0.222945
v -0.866957 2.156558 1.035445
v 0.125000 1.656250 1.222946
v -0.866957 2.156558 0.785446
v 0.375000 1.468750 1.472946
v 0.125000 1.656250 1.472946
v -0.866957 2.156558 1.285446
v 0.125000 1.656250 0.972946
v -0.679457 2.015933 1.472946
v -0.429457 1.828433 -0.027055
v 0.750000 1.187500 0.847945
v 0.750000 1.187500 1.097946
v -0.866957 2.156558 0.035445
v 0.125000 1.656250 0.472945
v -0.679457 2.015933 -0.027055
v -0.866957 2.156558 0.535445
v 0.375000 1.468750 -0.027055
v 0.125000 1.656250 -0.027055
v -0.866957 2.156558 0.285445
v 0.625000 1.281250 -0.027055
v 0.750000 1.187500 0.097945
v -0.750000 2.312500 0.347945
v -0.750000 2.312500 0.597946
v -0.625000 2.218750 -0.027054
v -0.750000 2.312500 0.097946
v -0.125000 1.843750 -0.027055
v -0.375000 2.031250 -0.027055
v 0.508043 1.125308 1.285446
v -0.625000 2.218750 1.472946
v -0.750000 2.312500 1.347945
v 0.570543 1.078433 1.347945
v -0.750000 2.312500 0.847945
v -0.750000 2.312500 1.097946
v -0.125000 1.843750 0.972946
v 0.383043 1.219058 -0.027055
v 0.633043 1.031558 1.347945
v 0.633043 1.031558 1.410446
v -0.125000 1.843750 1.472946
v -0.375000 2.031250 1.472946
v 0.008043 1.500308 0.222945
v -0.125000 1.843750 0.472945
v 0.633043 1.031558 0.222945
v 0.508043 1.125308 1.472946
v 0.750000 1.187500 0.347945
v 0.750000 1.187500 0.597945
v 0.625000 1.281250 1.472946
v 0.750000 1.187500 1.347945
v 0.008043 1.500308 0.722945
v 0.633043 1.031558 0.722945
v -0.125000 1.843750 0.347945
v -0.125000 1.843750 1.347945
v 0.383043 1.219058 1.347945
v 0.383043 1.219058 0.847945
v -0.125000 1.843750 0.847945
v 0.445543 1.172183 1.472946
v 0.125000 1.656250 0.097945
v 0.125000 1.656250 0.597945
v 0.125000 1.656250 0.347945
v 0.125000 1.656250 1.097946
v 0.125000 1.656250 0.847945
v 0.125000 1.656250 1.347945
v 0.383043 1.219058 0.722945
v -0.125000 1.843750 0.097945
v 0.258043 1.312808 0.722945
v -0.125000 1.843750 1.097946
v -0.125000 1.843750 0.597946
v -0.616957 1.969058 -0.027055
v -0.866957 2.156558 0.347945
v -0.866957 2.156558 0.222945
v -0.866957 2.156558 0.597946
v -0.866957 2.156558 0.472945
v -0.741957 2.062808 -0.027055
v -0.866957 2.156558 0.097945
v -0.866957 2.156558 -0.027055
v -0.491957 1.875308 -0.027055
v -0.366957 1.781558 -0.027055
v -0.741957 2.062808 1.472946
v -0.616957 1.969058 1.472946
v -0.866957 2.156558 1.347945
v -0.866957 2.156558 1.222946
v -0.866957 2.156558 0.847945
v -0.866957 2.156558 0.722945
v -0.866957 2.156558 1.097946
v -0.866957 2.156558 0.972946
v -0.491957 1.875308 1.472946
v -0.366957 1.781558 1.472946
v -0.241957 1.687808 0.722945
v -0.241957 1.687808 1.222946
v -0.241957 1.687808 0.222945
v -0.241957 1.687808 -0.027055
v -0.866957 2.156558 1.472946
v -0.241957 1.687808 0.972946
v -0.241957 1.687808 1.472946
v -0.241957 1.687808 0.472945
v -0.241957 1.687808 0.347945
v -0.241957 1.687808 1.347945
v -0.241957 1.687808 0.847945
v -0.241957 1.687808 0.097945
v -0.241957 1.687808 1.097946
v -0.241957 1.687808 0.597946
v 0.383043 1.219058 0.722945
v 0.383043 1.219058 0.785446
v 0.258043 1.312808 -0.027055
v 0.008043 1.500308 -0.027055
v 0.133043 1.406558 -0.027055
v 0.508043 1.125308 -0.027055
v 0.633043 1.031558 -0.027055
v 0.633043 1.031558 0.097945
v 0.383043 1.219058 1.285446
v 0.633043 1.031558 0.472945
v 0.633043 1.031558 0.347945
v 0.633043 1.031558 0.597945
v 0.508043 1.125308 1.472946
v 0.633043 1.031558 1.472946
v 0.633043 1.031558 1.347945
v 0.570543 1.078433 0.722945
v 0.008043 1.500308 0.097945
v 0.008043 1.500308 0.597945
v 0.008043 1.500308 0.347945
v 0.508043 1.125308 0.847945
v 0.008043 1.500308 1.097946
v 0.008043 1.500308 0.847945
v 0.258043 1.312808 0.847945
v 0.008043 1.500308 1.347945
v 0.258043 1.312808 1.347945
v -0.866957 2.156558 0.410446
v -0.866957 2.156558 0.660446
v -0.804457 2.109683 -0.027055
v -0.866957 2.156558 0.160445
v -0.304457 1.734683 -0.027055
v -0.554457 1.922183 -0.027055
v -0.804457 2.109683 1.472946
v -0.866957 2.156558 1.410446
v -0.866957 2.156558 0.910446
v -0.866957 2.156558 1.160446
v -0.304457 1.734683 1.472946
v -0.554457 1.922183 1.472946
v -0.241957 1.687808 0.285445
v -0.241957 1.687808 0.410446
v -0.241957 1.687808 1.285446
v -0.241957 1.687808 1.410446
v -0.241957 1.687808 0.785446
v -0.241957 1.687808 0.910446
v -0.562500 2.171875 0.410446
v -0.562500 2.171875 0.910446
v -0.312500 1.984375 0.910446
v -0.312500 1.984375 1.160446
v -0.312500 1.984375 0.410446
v -0.312500 1.984375 0.535445
v -0.312500 1.984375 0.285445
v -0.437500 2.078125 0.285445
v -0.312500 1.984375 1.035445
v -0.241957 1.687808 0.035445
v -0.241957 1.687808 0.160445
v -0.437500 2.078125 1.160446
v -0.187500 1.890625 0.785446
v -0.187500 1.890625 0.910446
v -0.562500 2.171875 0.535445
v -0.562500 2.171875 1.035445
v -0.241957 1.687808 1.035445
v -0.241957 1.687808 1.160445
v -0.187500 1.890625 0.535445
v -0.241957 1.687808 0.535445
v -0.241957 1.687808 0.660446
v -0.187500 1.890625 0.660446
v -0.187500 1.890625 0.597946
v -0.625000 2.218750 0.597946
v -0.625000 2.218750 0.410446
v -0.187500 1.890625 0.847945
v -0.375000 2.031250 1.035445
v -0.625000 2.218750 1.035445
v -0.625000 2.218750 0.535445
v -0.562500 2.171875 0.597946
v -0.625000 2.218750 0.847945
v -0.625000 2.218750 0.910446
v -0.562500 2.171875 0.847945
v -0.375000 2.031250 1.160446
v -0.375000 2.031250 1.097946
v -0.437500 2.078125 1.097946
v -0.312500 1.984375 1.097946
v -0.375000 2.031250 0.410446
v -0.375000 2.031250 0.285445
v -0.375000 2.031250 0.347945
v -0.437500 2.078125 0.347945
v -0.312500 1.984375 0.347945
v -0.804457 2.109683 1.410446
v -0.250000 1.937500 0.660446
v -0.250000 1.937500 0.347945
v -0.250000 1.937500 0.410446
v -0.375000 2.031250 0.222945
v -0.375000 2.031250 1.222946
v -0.500000 2.125000 0.847945
v -0.312500 1.984375 0.472945
v -0.312500 1.984375 0.972946
v -0.500000 2.125000 1.035445
v -0.500000 2.125000 0.285445
v -0.500000 2.125000 0.535445
v -0.500000 2.125000 0.597946
v -0.562500 2.171875 0.472945
v -0.625000 2.218750 0.472945
v -0.562500 2.171875 0.972946
v -0.625000 2.218750 0.972946
v -0.250000 1.937500 0.785446
v -0.250000 1.937500 0.847945
v -0.250000 1.937500 1.035445
v -0.250000 1.937500 1.097946
v -0.250000 1.937500 0.535445
v -0.250000 1.937500 0.597946
v -0.187500 1.890625 0.722945
v -0.250000 1.937500 0.722945
v -0.500000 2.125000 0.910446
v -0.500000 2.125000 0.972946
v -0.500000 2.125000 0.410446
v -0.500000 2.125000 0.472945
v -0.437500 2.078125 1.222946
v -0.500000 2.125000 1.160446
v -0.500000 2.125000 1.222946
v -0.437500 2.078125 0.222945
v -0.500000 2.125000 0.222945
v -0.187500 1.890625 0.972946
v -0.250000 1.937500 0.910446
v -0.250000 1.937500 0.972946
v -0.187500 1.890625 0.472945
v -0.250000 1.937500 0.472945
v 0.633043 1.031558 0.660446
v 0.633043 1.031558 0.410446
v 0.633043 1.031558 0.160445
v 0.445543 1.172183 -0.027055
v 0.383043 1.219058 1.472946
v 0.195543 1.359683 -0.027055
v 0.133043 1.406558 0.660446
v 0.320543 1.265933 1.472946
v 0.133043 1.406558 1.472946
v 0.633043 1.031558 1.160445
v 0.633043 1.031558 0.910446
v 0.445543 1.172183 0.972946
v 0.133043 1.406558 1.160445
v 0.195543 1.359683 0.972946
v 0.133043 1.406558 1.410446
v 0.195543 1.359683 1.472946
v 0.070543 1.453433 1.472946
v 0.383043 1.219058 0.660446
v 0.133043 1.406558 1.285446
v 0.383043 1.219058 0.972946
v 0.445543 1.172183 0.722945
v 0.383043 1.219058 1.410446
v 0.383043 1.219058 0.910446
v 0.320543 1.265933 0.972946
v 0.070543 1.453433 0.972946
v 0.133043 1.406558 0.972946
v 0.195543 1.359683 0.722945
v 0.633043 1.031558 1.285446
v 0.570543 1.078433 1.472946
v 0.633043 1.031558 0.535445
v 0.633043 1.031558 0.285445
v 0.133043 1.406558 1.035445
v 0.633043 1.031558 0.035445
v 0.570543 1.078433 -0.027055
v 0.570543 1.078433 0.972945
v 0.070543 1.453433 -0.027055
v 0.320543 1.265933 -0.027055
v 0.633043 1.031558 0.722945
v 0.633043 1.031558 0.785446
v 0.633043 1.031558 0.972945
v 0.633043 1.031558 1.035445
v 0.633043 1.031558 1.035445
v 0.633043 1.031558 0.785446
v 0.570543 1.078433 0.972945
v 0.133043 1.406558 1.035445
v 0.133043 1.406558 0.785446
v 0.070543 1.453433 0.972946
v 0.320543 1.265933 0.972946
v 0.133043 1.406558 1.285446
v 0.070543 1.453433 1.472946
v 0.320543 1.265933 1.472946
v 0.070543 1.453433 0.722945
v 0.570543 1.078433 0.722945
v 0.383043 1.219058 1.285446
v 0.383043 1.219058 0.785446
v 0.383043 1.219058 -0.027055
v 0.320543 1.265933 -0.027055
v 0.070543 1.453433 -0.027055
v 0.445543 1.172183 1.472946
v 0.633043 1.031558 1.410446
v 0.570543 1.078433 1.347945
v 0.445543 1.172183 1.347945
v 0.508043 1.125308 1.285446
v 0.508043 1.125308 1.410446
v 0.133043 1.406558 -0.027055
v 0.570543 1.078433 -0.027055
v 0.508043 1.125308 0.660446
v 0.633043 1.031558 -0.027055
v 0.633043 1.031558 0.035445
v 0.633043 1.031558 0.222945
v 0.633043 1.031558 0.285445
v 0.633043 1.031558 0.472945
v 0.633043 1.031558 0.535445
v 0.633043 1.031558 1.472946
v 0.570543 1.078433 1.472946
v 0.008043 1.500308 0.035445
v 0.008043 1.500308 0.160445
v 0.633043 1.031558 1.222946
v 0.008043 1.500308 0.535445
v 0.008043 1.500308 0.660446
v 0.633043 1.031558 1.285446
v 0.008043 1.500308 0.285445
v 0.008043 1.500308 0.410446
v 0.258043 1.312808 0.722945
v 0.195543 1.359683 0.722945
v 0.570543 1.078433 1.097946
v 0.445543 1.172183 1.097946
v 0.508043 1.125308 1.035445
v 0.508043 1.125308 1.160445
v 0.570543 1.078433 0.847945
v 0.445543 1.172183 0.847945
v 0.508043 1.125308 0.785446
v 0.070543 1.453433 1.097946
v 0.008043 1.500308 1.035445
v 0.008043 1.500308 1.160445
v 0.070543 1.453433 0.847945
v 0.008043 1.500308 0.785446
v 0.008043 1.500308 0.910446
v 0.320543 1.265933 0.847945
v 0.195543 1.359683 0.847945
v 0.258043 1.312808 0.785446
v 0.258043 1.312808 0.910446
v 0.070543 1.453433 1.347945
v 0.008043 1.500308 1.285446
v 0.008043 1.500308 1.410446
v 0.195543 1.359683 1.347945
v 0.258043 1.312808 1.285446
v 0.258043 1.312808 1.410446
v 0.195543 1.359683 1.097946
v 0.383043 1.219058 0.847945
v 0.383043 1.219058 0.910446
v 0.258043 1.312808 0.660446
v 0.383043 1.219058 1.347945
v 0.383043 1.219058 1.410446
v 0.195543 1.359683 0.660446
v 0.383043 1.219058 0.660446
v 0.195543 1.359683 1.160445
v 0.195543 1.359683 1.035445
v 0.195543 1.359683 1.410446
v 0.195543 1.359683 1.285446
v 0.320543 1.265933 1.285446
v 0.070543 1.453433 1.285446
v 0.195543 1.359683 0.910446
v 0.195543 1.359683 0.785446
v 0.320543 1.265933 0.785446
v 0.070543 1.453433 0.785446
v 0.070543 1.453433 1.035445
v 0.445543 1.172183 0.910446
v 0.445543 1.172183 0.785446
v 0.570543 1.078433 0.785446
v 0.445543 1.172183 1.160445
v 0.445543 1.172183 1.035445
v 0.570543 1.078433 1.035445
v 0.258043 1.312808 1.472946
v 0.195543 1.359683 1.472946
v 0.258043 1.312808 0.972946
v 0.195543 1.359683 0.972946
v 0.508043 1.125308 0.972945
v 0.445543 1.172183 0.972946
v 0.633043 1.031558 0.847945
v 0.633043 1.031558 0.910446
v 0.633043 1.031558 1.097946
v 0.320543 1.265933 0.660446
v 0.633043 1.031558 1.160445
v 0.320543 1.265933 1.410446
v 0.070543 1.453433 1.410446
v 0.070543 1.453433 0.910446
v 0.070543 1.453433 1.160445
v 0.570543 1.078433 0.910446
v 0.570543 1.078433 1.160445
v 0.070543 1.453433 0.660446
v 0.570543 1.078433 0.660446
v 0.570543 1.078433 1.410446
v 0.570543 1.078433 1.285446
v 0.445543 1.172183 1.285446
v 0.445543 1.172183 1.410446
v 0.133043 1.406558 0.660446
v 0.258043 1.312808 -0.027055
v 0.445543 1.172183 0.660446
v 0.195543 1.359683 -0.027055
v 0.445543 1.172183 0.972946
v 0.508043 1.125308 0.972945
v 0.133043 1.406558 1.160445
v 0.508043 1.125308 -0.027055
v 0.133043 1.406558 0.847945
v 0.133043 1.406558 1.410446
v 0.445543 1.172183 -0.027055
v 0.445543 1.172183 0.722945
v 0.633043 1.031558 0.097945
v 0.383043 1.219058 1.410446
v 0.383043 1.219058 1.347945
v 0.383043 1.219058 0.910446
v 0.383043 1.219058 0.847945
v 0.133043 1.406558 0.785446
v 0.633043 1.031558 0.160445
v 0.070543 1.453433 0.972946
v 0.133043 1.406558 0.972946
v 0.320543 1.265933 0.972946
v 0.383043 1.219058 0.972946
v 0.070543 1.453433 0.722945
v 0.383043 1.219058 0.785446
v 0.383043 1.219058 0.722945
v 0.445543 1.172183 1.347945
v 0.508043 1.125308 1.410446
v 0.445543 1.172183 1.097946
v 0.633043 1.031558 0.347945
v 0.508043 1.125308 1.160445
v 0.445543 1.172183 0.847945
v 0.508043 1.125308 0.847945
v 0.508043 1.125308 0.785446
v 0.633043 1.031558 0.410446
v 0.070543 1.453433 1.097946
v 0.070543 1.453433 0.847945
v 0.320543 1.265933 0.847945
v 0.258043 1.312808 0.785446
v 0.258043 1.312808 0.722945
v 0.258043 1.312808 0.910446
v 0.258043 1.312808 0.847945
v 0.070543 1.453433 1.347945
v 0.633043 1.031558 0.597945
v 0.258043 1.312808 1.410446
v 0.258043 1.312808 1.347945
v 0.133043 1.406558 0.660446
v 0.195543 1.359683 0.972946
v 0.383043 1.219058 0.660446
v 0.195543 1.359683 0.722945
v 0.570543 1.078433 0.972945
v 0.133043 1.406558 1.035445
v 0.258043 1.312808 0.972946
v 0.133043 1.406558 1.285446
v 0.570543 1.078433 0.722945
v 0.383043 1.219058 1.285446
v 0.570543 1.078433 1.347945
v 0.508043 1.125308 1.285446
v 0.508043 1.125308 0.660446
v 0.570543 1.078433 1.097946
v 0.508043 1.125308 1.035445
v 0.570543 1.078433 0.847945
v 0.195543 1.359683 0.847945
v 0.195543 1.359683 1.347945
v 0.258043 1.312808 1.285446
v 0.195543 1.359683 1.097946
v 0.258043 1.312808 0.660446
v 0.195543 1.359683 0.660446
v 0.195543 1.359683 1.160445
v 0.195543 1.359683 1.035445
v 0.195543 1.359683 1.410446
v 0.195543 1.359683 1.285446
v 0.320543 1.265933 1.285446
v 0.070543 1.453433 1.285446
v 0.195543 1.359683 0.910446
v 0.195543 1.359683 0.785446
v 0.320543 1.265933 0.785446
v 0.070543 1.453433 0.785446
v 0.070543 1.453433 1.035445
v 0.445543 1.172183 0.910446
v 0.445543 1.172183 0.785446
v 0.570543 1.078433 0.785446
v 0.445543 1.172183 1.160445
v 0.445543 1.172183 1.035445
v 0.570543 1.078433 1.035445
v 0.320543 1.265933 0.660446
v 0.320543 1.265933 1.410446
v 0.070543 1.453433 1.410446
v 0.633043 1.031558 0.660446
v 0.070543 1.453433 0.910446
v 0.070543 1.453433 1.160445
v 0.570543 1.078433 0.910446
v 0.570543 1.078433 1.160445
v 0.070543 1.453433 0.660446
v 0.570543 1.078433 0.660446
v 0.570543 1.078433 1.410446
v 0.570543 1.078433 1.285446
v 0.445543 1.172183 1.285446
v 0.445543 1.172183 1.410446
v 0.445543 1.172183 0.660446
v 0.633043 1.031558 0.660446
v 0.633043 1.031558 0.597945
v 0.633043 1.031558 0.410446
v 0.633043 1.031558 0.347945
v 0.465717 1.329290 1.035445
v 0.215717 1.516790 1.222946
v 0.633043 1.031558 0.160445
v 0.633043 1.031558 0.097945
v 0.445543 1.172183 -0.027055
v 0.508043 1.125308 -0.027055
v 0.153217 1.563665 1.222946
v 0.715717 1.141790 1.222946
v 0.195543 1.359683 -0.027055
v 0.258043 1.312808 -0.027055
v 0.133043 1.406558 0.660446
v 0.653217 1.188665 1.222946
v 0.465717 1.329290 0.472945
v 0.465717 1.329290 0.535445
v 0.465717 1.329290 -0.027055
v 0.465717 1.329290 0.035445
v 0.633043 1.031558 1.160445
v 0.633043 1.031558 1.097946
v 0.633043 1.031558 0.910446
v 0.633043 1.031558 0.847945
v 0.445543 1.172183 0.972946
v 0.508043 1.125308 0.972945
v 0.195543 1.359683 0.972946
v 0.258043 1.312808 0.972946
v 0.195543 1.359683 1.472946
v 0.258043 1.312808 1.472946
v 0.215717 1.516790 0.222945
v 0.153217 1.563665 0.222945
v 0.715717 1.141790 0.222945
v 0.653217 1.188665 0.222945
v 0.383043 1.219058 0.660446
v 0.715717 1.141790 0.722945
v 0.653217 1.188665 0.722945
v 0.465717 1.329290 1.285446
v 0.465717 1.329290 0.722945
v 0.465717 1.329290 0.785446
v 0.383043 1.219058 1.410446
v 0.383043 1.219058 1.347945
v 0.383043 1.219058 0.910446
v 0.383043 1.219058 0.847945
v 0.465717 1.329290 1.222946
v 0.403217 1.376165 1.222946
v 0.465717 1.329290 0.285445
v 0.465717 1.329290 0.222945
v 0.403217 1.376165 0.222945
v 0.590717 1.235540 1.472946
v 0.195543 1.359683 0.722945
v 0.258043 1.312808 0.722945
v 0.633043 1.031558 1.285446
v 0.633043 1.031558 1.222946
v 0.570543 1.078433 1.472946
v 0.633043 1.031558 1.472946
v 0.633043 1.031558 0.535445
v 0.633043 1.031558 0.472945
v 0.633043 1.031558 0.285445
v 0.633043 1.031558 0.222945
v 0.528217 1.282415 1.472946
v 0.633043 1.031558 0.035445
v 0.633043 1.031558 -0.027055
v 0.570543 1.078433 -0.027055
v 0.715717 1.141790 1.410446
v 0.133043 1.406558 -0.027055
v 0.070543 1.453433 -0.027055
v 0.320543 1.265933 -0.027055
v 0.383043 1.219058 -0.027055
v 0.715717 1.141790 1.347945
v 0.653217 1.188665 1.347945
v 0.590717 1.235540 1.222946
v 0.590717 1.235540 1.285446
v 0.715717 1.141790 0.597945
v 0.653217 1.188665 0.597945
v 0.528217 1.282415 0.597945
v 0.633043 1.031558 1.035445
v 0.633043 1.031558 0.972945
v 0.633043 1.031558 0.785446
v 0.633043 1.031558 0.722945
v 0.570543 1.078433 0.972945
v 0.133043 1.406558 1.035445
v 0.133043 1.406558 0.972946
v 0.070543 1.453433 0.972946
v 0.320543 1.265933 0.972946
v 0.383043 1.219058 0.972946
v 0.133043 1.406558 1.285446
v 0.590717 1.235540 0.472945
v 0.070543 1.453433 1.472946
v 0.133043 1.406558 1.472946
v 0.320543 1.265933 1.472946
v 0.383043 1.219058 1.472946
v 0.590717 1.235540 0.535445
v 0.590717 1.235540 0.660446
v 0.715717 1.141790 0.347945
v 0.653217 1.188665 0.347945
v 0.528217 1.282415 0.347945
v 0.570543 1.078433 0.722945
v 0.383043 1.219058 1.285446
v 0.383043 1.219058 0.785446
v 0.383043 1.219058 0.722945
v 0.590717 1.235540 0.410446
v 0.715717 1.141790 0.097945
v 0.653217 1.188665 0.097945
v 0.445543 1.172183 1.472946
v 0.508043 1.125308 1.472946
v 0.633043 1.031558 1.410446
v 0.633043 1.031558 1.347945
v 0.570543 1.078433 1.347945
v 0.508043 1.125308 1.285446
v 0.528217 1.282415 0.097945
v 0.590717 1.235540 -0.027055
v 0.590717 1.235540 0.035445
v 0.508043 1.125308 0.660446
v 0.153217 1.563665 0.097945
v 0.090717 1.610540 -0.027055
v 0.090717 1.610540 0.035445
v 0.090717 1.610540 0.097945
v 0.090717 1.610540 0.160445
v 0.153217 1.563665 0.597945
v 0.090717 1.610540 0.472945
v 0.090717 1.610540 0.535445
v 0.008043 1.500308 0.035445
v 0.008043 1.500308 -0.027055
v 0.008043 1.500308 0.160445
v 0.008043 1.500308 0.097945
v 0.090717 1.610540 0.597945
v 0.008043 1.500308 0.535445
v 0.008043 1.500308 0.472945
v 0.008043 1.500308 0.660446
v 0.008043 1.500308 0.597945
v 0.090717 1.610540 0.660446
v 0.008043 1.500308 0.285445
v 0.008043 1.500308 0.222945
v 0.008043 1.500308 0.410446
v 0.008043 1.500308 0.347945
v 0.153217 1.563665 0.347945
v 0.090717 1.610540 0.222945
v 0.090717 1.610540 0.285445
v 0.090717 1.610540 0.347945
v 0.570543 1.078433 1.097946
v 0.508043 1.125308 1.035445
v 0.570543 1.078433 0.847945
v 0.445543 1.172183 0.847945
v 0.508043 1.125308 0.847945
v 0.008043 1.500308 1.035445
v 0.008043 1.500308 0.972946
v 0.008043 1.500308 1.160445
v 0.008043 1.500308 1.097946
v 0.070543 1.453433 0.847945
v 0.133043 1.406558 0.847945
v 0.008043 1.500308 0.785446
v 0.008043 1.500308 0.722945
v 0.008043 1.500308 0.910446
v 0.008043 1.500308 0.847945
v 0.320543 1.265933 0.847945
v 0.195543 1.359683 0.847945
v 0.258043 1.312808 0.847945
v 0.258043 1.312808 0.785446
v 0.258043 1.312808 0.910446
v 0.008043 1.500308 1.285446
v 0.008043 1.500308 1.222946
v 0.008043 1.500308 1.410446
v 0.008043 1.500308 1.347945
v 0.195543 1.359683 1.347945
v 0.258043 1.312808 1.347945
v 0.258043 1.312808 1.285446
v 0.258043 1.312808 1.410446
v 0.090717 1.610540 0.410446
v 0.195543 1.359683 1.097946
v 0.465717 1.329290 0.347945
v 0.340717 1.423040 0.222945
v 0.340717 1.423040 0.285445
v 0.340717 1.423040 0.410446
v 0.258043 1.312808 0.660446
v 0.715717 1.141790 1.097946
v 0.653217 1.188665 1.097946
v 0.590717 1.235540 0.972946
v 0.590717 1.235540 1.035445
v 0.715717 1.141790 0.847945
v 0.133043 1.406558 1.160445
v 0.133043 1.406558 1.410446
v 0.445543 1.172183 0.722945
v 0.133043 1.406558 0.785446
v 0.008043 1.500308 1.472946
v 0.070543 1.453433 0.722945
v 0.445543 1.172183 1.347945
v 0.508043 1.125308 1.410446
v 0.445543 1.172183 1.097946
v 0.508043 1.125308 1.160445
v 0.508043 1.125308 0.785446
v 0.070543 1.453433 1.097946
v 0.070543 1.453433 1.347945
v 0.653217 1.188665 0.847945
v 0.590717 1.235540 0.847945
v 0.528217 1.282415 0.847945
v 0.195543 1.359683 0.660446
v 0.090717 1.610540 0.972946
v 0.090717 1.610540 1.035445
v 0.195543 1.359683 1.160445
v 0.195543 1.359683 1.035445
v 0.090717 1.610540 1.097946
v 0.195543 1.359683 1.410446
v 0.195543 1.359683 1.285446
v 0.320543 1.265933 1.285446
v 0.070543 1.453433 1.285446
v 0.195543 1.359683 0.910446
v 0.195543 1.359683 0.785446
v 0.320543 1.265933 0.785446
v 0.070543 1.453433 0.785446
v 0.070543 1.453433 1.035445
v 0.445543 1.172183 0.910446
v 0.445543 1.172183 0.785446
v 0.570543 1.078433 0.785446
v 0.445543 1.172183 1.160445
v 0.445543 1.172183 1.035445
v 0.570543 1.078433 1.035445
v 0.090717 1.610540 1.160445
v 0.215717 1.516790 0.847945
v 0.153217 1.563665 0.847945
v 0.090717 1.610540 0.722945
v 0.090717 1.610540 0.785446
v 0.090717 1.610540 0.847945
v 0.090717 1.610540 0.910446
v 0.465717 1.329290 0.847945
v 0.403217 1.376165 0.847945
v 0.278217 1.469915 0.847945
v 0.340717 1.423040 0.722945
v 0.320543 1.265933 0.660446
v 0.340717 1.423040 0.785446
v 0.320543 1.265933 1.410446
v 0.070543 1.453433 1.410446
v 0.070543 1.453433 0.910446
v 0.070543 1.453433 1.160445
v 0.570543 1.078433 0.910446
v 0.570543 1.078433 1.160445
v 0.340717 1.423040 0.847945
v 0.340717 1.423040 0.910446
v 0.070543 1.453433 0.660446
v 0.090717 1.610540 1.222946
v 0.090717 1.610540 1.285446
v 0.090717 1.610540 1.347945
v 0.570543 1.078433 0.660446
v 0.570543 1.078433 1.410446
v 0.570543 1.078433 1.285446
v 0.445543 1.172183 1.285446
v 0.445543 1.172183 1.410446
v 0.090717 1.610540 1.410446
v 0.278217 1.469915 1.347945
v 0.445543 1.172183 0.660446
v 0.340717 1.423040 1.222946
v 0.340717 1.423040 1.285446
v 0.445543 1.172183 0.972946
v 0.508043 1.125308 0.972945
v 0.133043 1.406558 1.160445
v 0.340717 1.423040 1.347945
v 0.340717 1.423040 1.410446
v 0.133043 1.406558 0.847945
v 0.133043 1.406558 1.410446
v 0.465717 1.329290 1.097946
v 0.445543 1.172183 0.722945
v 0.383043 1.219058 1.410446
v 0.383043 1.219058 1.347945
v 0.383043 1.219058 0.910446
v 0.383043 1.219058 0.847945
v 0.133043 1.406558 0.785446
v 0.278217 1.469915 1.097946
v 0.070543 1.453433 0.972946
v 0.133043 1.406558 0.972946
v 0.320543 1.265933 0.972946
v 0.383043 1.219058 0.972946
v 0.070543 1.453433 0.722945
v 0.383043 1.219058 0.785446
v 0.383043 1.219058 0.722945
v 0.340717 1.423040 0.972946
v 0.445543 1.172183 1.347945
v 0.340717 1.423040 1.035445
v 0.508043 1.125308 1.410446
v 0.445543 1.172183 1.097946
v 0.340717 1.423040 1.097946
v 0.508043 1.125308 1.160445
v 0.445543 1.172183 0.847945
v 0.508043 1.125308 0.847945
v 0.508043 1.125308 0.785446
v 0.340717 1.423040 1.160445
v 0.070543 1.453433 1.097946
v 0.070543 1.453433 0.847945
v 0.320543 1.265933 0.847945
v 0.258043 1.312808 0.785446
v 0.258043 1.312808 0.722945
v 0.258043 1.312808 0.910446
v 0.258043 1.312808 0.847945
v 0.070543 1.453433 1.347945
v 0.465717 1.329290 0.597945
v 0.258043 1.312808 1.410446
v 0.258043 1.312808 1.347945
v 0.133043 1.406558 0.660446
v 0.195543 1.359683 0.972946
v 0.383043 1.219058 0.660446
v 0.195543 1.359683 0.722945
v 0.570543 1.078433 0.972945
v 0.133043 1.406558 1.035445
v 0.258043 1.312808 0.972946
v 0.133043 1.406558 1.285446
v 0.570543 1.078433 0.722945
v 0.383043 1.219058 1.285446
v 0.570543 1.078433 1.347945
v 0.508043 1.125308 1.285446
v 0.508043 1.125308 0.660446
v 0.570543 1.078433 1.097946
v 0.508043 1.125308 1.035445
v 0.570543 1.078433 0.847945
v 0.195543 1.359683 0.847945
v 0.195543 1.359683 1.347945
v 0.258043 1.312808 1.285446
v 0.195543 1.359683 1.097946
v 0.258043 1.312808 0.660446
v 0.195543 1.359683 0.660446
v 0.195543 1.359683 1.160445
v 0.195543 1.359683 1.035445
v 0.195543 1.359683 1.410446
v 0.195543 1.359683 1.285446
v 0.320543 1.265933 1.285446
v 0.070543 1.453433 1.285446
v 0.195543 1.359683 0.910446
v 0.195543 1.359683 0.785446
v 0.320543 1.265933 0.785446
v 0.070543 1.453433 0.785446
v 0.070543 1.453433 1.035445
v 0.445543 1.172183 0.910446
v 0.445543 1.172183 0.785446
v 0.570543 1.078433 0.785446
v 0.445543 1.172183 1.160445
v 0.445543 1.172183 1.035445
v 0.570543 1.078433 1.035445
v 0.320543 1.265933 0.660446
v 0.320543 1.265933 1.410446
v 0.070543 1.453433 1.410446
v 0.070543 1.453433 0.910446
v 0.070543 1.453433 1.160445
v 0.570543 1.078433 0.910446
v 0.570543 1.078433 1.160445
v 0.070543 1.453433 0.660446
v 0.570543 1.078433 0.660446
v 0.570543 1.078433 1.410446
v 0.570543 1.078433 1.285446
v 0.445543 1.172183 1.285446
v 0.445543 1.172183 1.410446
v 0.445543 1.172183 0.660446
v 0.008043 1.500308 0.035445
v 0.008043 1.500308 -0.027055
v 0.008043 1.500308 0.160445
v 0.008043 1.500308 0.097945
v 0.008043 1.500308 0.535445
v 0.008043 1.500308 0.472945
v 0.008043 1.500308 0.660446
v 0.008043 1.500308 0.597945
v 0.008043 1.500308 0.285445
v 0.008043 1.500308 0.222945
v 0.008043 1.500308 0.410446
v 0.008043 1.500308 0.347945
v 0.570543 1.078433 1.097946
v 0.508043 1.125308 1.035445
v 0.570543 1.078433 0.847945
v 0.445543 1.172183 0.847945
v 0.508043 1.125308 0.847945
v 0.008043 1.500308 1.035445
v 0.008043 1.500308 0.972946
v 0.008043 1.500308 1.160445
v 0.008043 1.500308 1.097946
v 0.070543 1.453433 0.847945
v 0.133043 1.406558 0.847945
v 0.008043 1.500308 0.785446
v 0.008043 1.500308 0.722945
v 0.008043 1.500308 0.910446
v 0.008043 1.500308 0.847945
v 0.320543 1.265933 0.847945
v 0.195543 1.359683 0.847945
v 0.258043 1.312808 0.847945
v 0.258043 1.312808 0.785446
v 0.258043 1.312808 0.910446
v 0.008043 1.500308 1.285446
v 0.008043 1.500308 1.222946
v 0.008043 1.500308 1.410446
v 0.008043 1.500308 1.347945
v 0.195543 1.359683 1.347945
v 0.258043 1.312808 1.347945
v 0.258043 1.312808 1.285446
v 0.258043 1.312808 1.410446
v 0.195543 1.359683 1.097946
v 0.258043 1.312808 0.660446
v 0.133043 1.406558 1.160445
v 0.133043 1.406558 1.410446
v 0.445543 1.172183 0.722945
v 0.133043 1.406558 0.785446
v 0.008043 1.500308 1.472946
v 0.070543 1.453433 0.722945
v 0.445543 1.172183 1.347945
v 0.508043 1.125308 1.410446
v 0.445543 1.172183 1.097946
v 0.508043 1.125308 1.160445
v 0.508043 1.125308 0.785446
v 0.070543 1.453433 1.097946
v 0.070543 1.453433 1.347945
v 0.195543 1.359683 0.660446
v 0.195543 1.359683 1.160445
v 0.195543 1.359683 1.035445
v 0.195543 1.359683 1.410446
v 0.195543 1.359683 1.285446
v 0.320543 1.265933 1.285446
v 0.070543 1.453433 1.285446
v 0.195543 1.359683 0.910446
v 0.195543 1.359683 0.785446
v 0.320543 1.265933 0.785446
v 0.070543 1.453433 0.785446
v 0.070543 1.453433 1.035445
v 0.445543 1.172183 0.910446
v 0.445543 1.172183 0.785446
v 0.570543 1.078433 0.785446
v 0.445543 1.172183 1.160445
v 0.445543 1.172183 1.035445
v 0.570543 1.078433 1.035445
v 0.320543 1.265933 0.660446
v 0.320543 1.265933 1.410446
v 0.070543 1.453433 1.410446
v 0.070543 1.453433 0.910446
v 0.070543 1.453433 1.160445
v 0.570543 1.078433 0.910446
v 0.570543 1.078433 1.160445
v 0.070543 1.453433 0.660446
v 0.570543 1.078433 0.660446
v 0.570543 1.078433 1.410446
v 0.570543 1.078433 1.285446
v 0.445543 1.172183 1.285446
v 0.445543 1.172183 1.410446
v 0.445543 1.172183 0.660446
v 0.445543 1.172183 0.972946
v 0.508043 1.125308 0.972945
v 0.133043 1.406558 1.160445
v 0.133043 1.406558 0.847945
v 0.133043 1.406558 1.410446
v 0.153217 1.563665 1.410446
v 0.445543 1.172183 0.722945
v 0.153217 1.563665 1.285446
v 0.383043 1.219058 1.410446
v 0.383043 1.219058 1.347945
v 0.383043 1.219058 0.910446
v 0.383043 1.219058 0.847945
v 0.133043 1.406558 0.785446
v 0.278217 1.469915 1.285446
v 0.070543 1.453433 0.972946
v 0.133043 1.406558 0.972946
v 0.320543 1.265933 0.972946
v 0.383043 1.219058 0.972946
v 0.070543 1.453433 0.722945
v 0.383043 1.219058 0.785446
v 0.383043 1.219058 0.722945
v 0.278217 1.469915 1.410446
v 0.445543 1.172183 1.347945
v 0.278217 1.469915 1.347945
v 0.508043 1.125308 1.410446
v 0.445543 1.172183 1.097946
v 0.215717 1.516790 1.285446
v 0.508043 1.125308 1.160445
v 0.445543 1.172183 0.847945
v 0.508043 1.125308 0.847945
v 0.508043 1.125308 0.785446
v 0.153217 1.563665 1.347945
v 0.070543 1.453433 1.097946
v 0.070543 1.453433 0.847945
v 0.320543 1.265933 0.847945
v 0.258043 1.312808 0.785446
v 0.258043 1.312808 0.722945
v 0.258043 1.312808 0.910446
v 0.258043 1.312808 0.847945
v 0.070543 1.453433 1.347945
v 0.250000 1.562500 0.660446
v 0.258043 1.312808 1.410446
v 0.258043 1.312808 1.347945
v 0.133043 1.406558 0.660446
v 0.195543 1.359683 0.972946
v 0.383043 1.219058 0.660446
v 0.195543 1.359683 0.722945
v 0.570543 1.078433 0.972945
v 0.133043 1.406558 1.035445
v 0.258043 1.312808 0.972946
v 0.133043 1.406558 1.285446
v 0.570543 1.078433 0.722945
v 0.383043 1.219058 1.285446
v 0.570543 1.078433 1.347945
v 0.508043 1.125308 1.285446
v 0.508043 1.125308 0.660446
v 0.570543 1.078433 1.097946
v 0.508043 1.125308 1.035445
v 0.570543 1.078433 0.847945
v 0.195543 1.359683 0.847945
v 0.195543 1.359683 1.347945
v 0.258043 1.312808 1.285446
v 0.195543 1.359683 1.097946
v 0.258043 1.312808 0.660446
v 0.195543 1.359683 0.660446
v 0.195543 1.359683 1.160445
v 0.195543 1.359683 1.035445
v 0.195543 1.359683 1.410446
v 0.195543 1.359683 1.285446
v 0.320543 1.265933 1.285446
v 0.070543 1.453433 1.285446
v 0.195543 1.359683 0.910446
v 0.195543 1.359683 0.785446
v 0.320543 1.265933 0.785446
v 0.070543 1.453433 0.785446
v 0.070543 1.453433 1.035445
v 0.445543 1.172183 0.910446
v 0.445543 1.172183 0.785446
v 0.570543 1.078433 0.785446
v 0.445543 1.172183 1.160445
v 0.445543 1.172183 1.035445
v 0.570543 1.078433 1.035445
v 0.320543 1.265933 0.660446
v 0.320543 1.265933 1.410446
v 0.070543 1.453433 1.410446
v 0.215717 1.516790 1.410446
v 0.070543 1.453433 0.910446
v 0.070543 1.453433 1.160445
v 0.570543 1.078433 0.910446
v 0.570543 1.078433 1.160445
v 0.070543 1.453433 0.660446
v 0.570543 1.078433 0.660446
v 0.570543 1.078433 1.410446
v 0.570543 1.078433 1.285446
v 0.445543 1.172183 1.285446
v 0.445543 1.172183 1.410446
v 0.445543 1.172183 0.660446
v 0.465717 1.329290 0.972946
v 0.403217 1.376165 1.472946
v 0.465717 1.329290 1.472946
v 0.153217 1.563665 1.472946
v 0.215717 1.516790 1.472946
v 0.215717 1.516790 1.285446
v 0.403217 1.376165 0.972946
v 0.153217 1.563665 0.972946
v 0.215717 1.516790 0.972946
v 0.215717 1.516790 1.035445
v 0.653217 1.188665 0.972946
v 0.715717 1.141790 0.972945
v 0.715717 1.141790 0.785446
v 0.715717 1.141790 1.035445
v 0.403217 1.376165 0.472945
v 0.153217 1.563665 0.472945
v 0.215717 1.516790 0.472945
v 0.215717 1.516790 0.285445
v 0.215717 1.516790 0.535445
v 0.403217 1.376165 -0.027055
v 0.153217 1.563665 -0.027055
v 0.215717 1.516790 -0.027055
v 0.215717 1.516790 0.035445
v 0.653217 1.188665 -0.027055
v 0.715717 1.141790 -0.027055
v 0.715717 1.141790 0.035445
v 0.653217 1.188665 0.472945
v 0.715717 1.141790 0.472945
v 0.715717 1.141790 0.285445
v 0.715717 1.141790 0.535445
v 0.653217 1.188665 1.472946
v 0.715717 1.141790 1.472946
v 0.715717 1.141790 1.285446
v 0.278217 1.469915 0.722945
v 0.278217 1.469915 0.222945
v 0.465717 1.329290 0.410446
v 0.278217 1.469915 1.222946
v 0.465717 1.329290 0.910446
v 0.465717 1.329290 1.410446
v 0.465717 1.329290 1.347945
v 0.528217 1.282415 0.222945
v 0.465717 1.329290 0.160445
v 0.465717 1.329290 0.097945
v 0.465717 1.329290 0.660446
v 0.528217 1.282415 1.222946
v 0.465717 1.329290 1.160445
v 0.278217 1.469915 1.472946
v 0.340717 1.423040 1.472946
v 0.278217 1.469915 0.972946
v 0.528217 1.282415 0.972946
v 0.715717 1.141790 0.910446
v 0.715717 1.141790 1.160445
v 0.278217 1.469915 0.472945
v 0.340717 1.423040 0.472945
v 0.215717 1.516790 0.410446
v 0.215717 1.516790 0.660446
v 0.278217 1.469915 -0.027055
v 0.340717 1.423040 -0.027055
v 0.215717 1.516790 0.160445
v 0.528217 1.282415 -0.027055
v 0.715717 1.141790 0.160445
v 0.528217 1.282415 0.472945
v 0.715717 1.141790 0.410446
v 0.715717 1.141790 0.660446
v 0.278217 1.469915 0.597945
v 0.340717 1.423040 0.597945
v 0.340717 1.423040 0.535445
v 0.340717 1.423040 0.660446
v 0.340717 1.423040 0.035445
v 0.340717 1.423040 0.160445
v 0.215717 1.516790 1.160445
v 0.215717 1.516790 1.410446
v 0.528217 1.282415 0.722945
v 0.215717 1.516790 0.785446
v 0.090717 1.610540 1.472946
v 0.153217 1.563665 0.722945
v 0.528217 1.282415 1.347945
v 0.590717 1.235540 1.410446
v 0.528217 1.282415 1.097946
v 0.590717 1.235540 1.160445
v 0.590717 1.235540 0.785446
v 0.153217 1.563665 1.097946
v 0.153217 1.563665 1.347945
v 0.278217 1.469915 0.160445
v 0.278217 1.469915 0.035445
v 0.403217 1.376165 0.035445
v 0.278217 1.469915 0.660446
v 0.278217 1.469915 0.535445
v 0.403217 1.376165 0.535445
v 0.278217 1.469915 1.160445
v 0.278217 1.469915 1.035445
v 0.403217 1.376165 1.035445
v 0.278217 1.469915 1.410446
v 0.278217 1.469915 1.285446
v 0.403217 1.376165 1.285446
v 0.153217 1.563665 1.285446
v 0.278217 1.469915 0.910446
v 0.278217 1.469915 0.785446
v 0.403217 1.376165 0.785446
v 0.153217 1.563665 0.785446
v 0.153217 1.563665 1.035445
v 0.528217 1.282415 0.910446
v 0.528217 1.282415 0.785446
v 0.653217 1.188665 0.785446
v 0.528217 1.282415 1.160445
v 0.528217 1.282415 1.035445
v 0.653217 1.188665 1.035445
v 0.278217 1.469915 0.410446
v 0.278217 1.469915 0.285445
v 0.403217 1.376165 0.285445
v 0.153217 1.563665 0.285445
v 0.153217 1.563665 0.535445
v 0.153217 1.563665 0.035445
v 0.528217 1.282415 0.160445
v 0.528217 1.282415 0.035445
v 0.653217 1.188665 0.035445
v 0.528217 1.282415 0.410446
v 0.403217 1.376165 0.160445
v 0.403217 1.376165 0.660446
v 0.403217 1.376165 1.160445
v 0.403217 1.376165 1.410446
v 0.153217 1.563665 1.410446
v 0.153217 1.563665 0.910446
v 0.153217 1.563665 1.160445
v 0.653217 1.188665 0.910446
v 0.653217 1.188665 1.160445
v 0.403217 1.376165 0.410446
v 0.153217 1.563665 0.410446
v 0.153217 1.563665 0.660446
v 0.153217 1.563665 0.160445
v 0.653217 1.188665 0.160445
v 0.653217 1.188665 0.410446
v 0.653217 1.188665 0.660446
v 0.653217 1.188665 1.410446
v 0.653217 1.188665 1.285446
v 0.528217 1.282415 1.285446
v 0.528217 1.282415 1.410446
v 0.653217 1.188665 0.535445
v 0.528217 1.282415 0.535445
v 0.528217 1.282415 0.660446
v 0.653217 1.188665 0.285445
v 0.528217 1.282415 0.285445
v 0.528217 1.282415 0.972946
v 0.590717 1.235540 0.972946
v 0.215717 1.516790 1.160445
v 0.215717 1.516790 0.910446
v 0.215717 1.516790 0.847945
v 0.215717 1.516790 1.410446
v 0.528217 1.282415 0.722945
v 0.590717 1.235540 0.722945
v 0.465717 1.329290 1.410446
v 0.465717 1.329290 1.347945
v 0.465717 1.329290 0.910446
v 0.465717 1.329290 0.847945
v 0.215717 1.516790 0.785446
v 0.215717 1.516790 0.722945
v 0.153217 1.563665 0.972946
v 0.215717 1.516790 0.972946
v 0.403217 1.376165 0.972946
v 0.465717 1.329290 0.972946
v 0.153217 1.563665 0.722945
v 0.465717 1.329290 0.785446
v 0.465717 1.329290 0.722945
v 0.403217 1.376165 0.722945
v 0.528217 1.282415 1.347945
v 0.590717 1.235540 1.410446
v 0.528217 1.282415 1.097946
v 0.590717 1.235540 1.160445
v 0.528217 1.282415 0.847945
v 0.590717 1.235540 0.847945
v 0.590717 1.235540 0.785446
v 0.590717 1.235540 0.910446
v 0.153217 1.563665 1.097946
v 0.153217 1.563665 0.847945
v 0.403217 1.376165 0.847945
v 0.340717 1.423040 0.785446
v 0.340717 1.423040 0.722945
v 0.340717 1.423040 0.910446
v 0.340717 1.423040 0.847945
v 0.153217 1.563665 1.347945
v 0.340717 1.423040 1.410446
v 0.340717 1.423040 1.347945
v 0.215717 1.516790 0.660446
v 0.278217 1.469915 0.972946
v 0.465717 1.329290 0.660446
v 0.278217 1.469915 0.722945
v 0.653217 1.188665 0.972946
v 0.215717 1.516790 1.035445
v 0.340717 1.423040 0.972946
v 0.215717 1.516790 1.285446
v 0.653217 1.188665 0.722945
v 0.465717 1.329290 1.285446
v 0.653217 1.188665 1.347945
v 0.590717 1.235540 1.285446
v 0.590717 1.235540 0.660446
v 0.653217 1.188665 1.097946
v 0.590717 1.235540 1.035445
v 0.653217 1.188665 0.847945
v 0.278217 1.469915 0.847945
v 0.278217 1.469915 1.347945
v 0.340717 1.423040 1.285446
v 0.278217 1.469915 1.097946
v 0.340717 1.423040 0.660446
v 0.278217 1.469915 0.660446
v 0.278217 1.469915 1.160445
v 0.278217 1.469915 1.035445
v 0.278217 1.469915 1.410446
v 0.278217 1.469915 1.285446
v 0.403217 1.376165 1.285446
v 0.153217 1.563665 1.285446
v 0.278217 1.469915 0.910446
v 0.278217 1.469915 0.785446
v 0.403217 1.376165 0.785446
v 0.153217 1.563665 0.785446
v 0.153217 1.563665 1.035445
v 0.528217 1.282415 0.910446
v 0.528217 1.282415 0.785446
v 0.653217 1.188665 0.785446
v 0.528217 1.282415 1.160445
v 0.528217 1.282415 1.035445
v 0.653217 1.188665 1.035445
v 0.403217 1.376165 0.660446
v 0.403217 1.376165 1.410446
v 0.153217 1.563665 1.410446
v 0.403217 1.376165 0.910446
v 0.153217 1.563665 0.910446
v 0.153217 1.563665 1.160445
v 0.653217 1.188665 0.910446
v 0.653217 1.188665 1.160445
v 0.153217 1.563665 0.660446
v 0.653217 1.188665 0.660446
v 0.653217 1.188665 1.410446
v 0.653217 1.188665 1.285446
v 0.528217 1.282415 1.285446
v 0.528217 1.282415 1.410446
v 0.528217 1.282415 0.660446
v 0.153217 1.563665 1.410446
v 0.153217 1.563665 1.347945
v 0.215717 1.516790 1.410446
v 0.153217 1.563665 1.285446
v 0.215717 1.516790 1.285446
v 0.278217 1.469915 1.347945
v 0.278217 1.469915 1.285446
v 0.278217 1.469915 1.410446
v 0.250000 1.562500 0.597945
v 0.500000 1.375000 1.160445
v 0.500000 1.375000 1.097946
v 0.500000 1.375000 0.660446
v 0.500000 1.375000 0.597945
v 0.562500 1.328125 0.597945
v 0.625000 1.281250 0.597945
v 0.625000 1.281250 0.660446
v 0.187500 1.609375 0.597945
v 0.562500 1.328125 0.847945
v 0.625000 1.281250 0.847945
v 0.187500 1.609375 0.847945
v 0.250000 1.562500 0.847945
v 0.437500 1.421875 0.847945
v 0.500000 1.375000 0.847945
v 0.437500 1.421875 1.097946
v 0.375000 1.468750 1.160445
v 0.375000 1.468750 1.097946
v 0.437500 1.421875 0.597945
v 0.375000 1.468750 0.660446
v 0.375000 1.468750 0.597945
v 0.250000 1.562500 0.535445
v 0.250000 1.562500 0.785446
v 0.500000 1.375000 1.035445
v 0.500000 1.375000 0.535445
v 0.500000 1.375000 0.785446
v 0.687500 1.234375 0.597945
v 0.625000 1.281250 0.535445
v 0.687500 1.234375 0.847945
v 0.625000 1.281250 0.785446
v 0.375000 1.468750 0.847945
v 0.312500 1.515625 0.847945
v 0.375000 1.468750 0.785446
v 0.375000 1.468750 1.035445
v 0.312500 1.515625 0.597945
v 0.375000 1.468750 0.535445
v 0.312500 1.515625 0.660446
v 0.312500 1.515625 0.535445
v 0.437500 1.421875 0.535445
v 0.437500 1.421875 1.035445
v 0.312500 1.515625 0.785446
v 0.437500 1.421875 0.785446
v 0.187500 1.609375 0.785446
v 0.562500 1.328125 0.785446
v 0.687500 1.234375 0.785446
v 0.187500 1.609375 0.535445
v 0.437500 1.421875 0.660446
v 0.437500 1.421875 1.160445
v 0.187500 1.609375 0.660446
v 0.687500 1.234375 0.660446
v 0.687500 1.234375 0.535445
v 0.562500 1.328125 0.535445
v 0.562500 1.328125 0.660446
v 0.250000 1.562500 1.160445
v 0.250000 1.562500 1.097946
v 0.250000 1.562500 0.910446
v 0.250000 1.562500 0.847945
v 0.500000 1.375000 1.410446
v 0.500000 1.375000 1.347945
v 0.500000 1.375000 0.910446
v 0.500000 1.375000 0.847945
v 0.562500 1.328125 1.347945
v 0.625000 1.281250 1.347945
v 0.625000 1.281250 1.410446
v 0.562500 1.328125 1.097946
v 0.625000 1.281250 1.097946
v 0.625000 1.281250 1.160445
v 0.562500 1.328125 0.847945
v 0.625000 1.281250 0.847945
v 0.625000 1.281250 0.910446
v 0.187500 1.609375 1.097946
v 0.187500 1.609375 0.847945
v 0.437500 1.421875 0.847945
v 0.375000 1.468750 0.910446
v 0.375000 1.468750 0.847945
v 0.437500 1.421875 1.347945
v 0.375000 1.468750 1.410446
v 0.375000 1.468750 1.347945
v 0.250000 1.562500 1.035445
v 0.500000 1.375000 1.285446
v 0.687500 1.234375 1.347945
v 0.625000 1.281250 1.285446
v 0.687500 1.234375 1.097946
v 0.625000 1.281250 1.035445
v 0.687500 1.234375 0.847945
v 0.312500 1.515625 0.847945
v 0.375000 1.468750 1.285446
v 0.312500 1.515625 1.097946
v 0.312500 1.515625 1.160445
v 0.312500 1.515625 1.035445
v 0.437500 1.421875 1.285446
v 0.312500 1.515625 0.910446
v 0.187500 1.609375 1.035445
v 0.562500 1.328125 0.910446
v 0.562500 1.328125 1.160445
v 0.562500 1.328125 1.035445
v 0.687500 1.234375 1.035445
v 0.437500 1.421875 1.410446
v 0.437500 1.421875 0.910446
v 0.187500 1.609375 0.910446
v 0.187500 1.609375 1.160445
v 0.687500 1.234375 0.910446
v 0.687500 1.234375 1.160445
v 0.687500 1.234375 1.410446
v 0.687500 1.234375 1.285446
v 0.562500 1.328125 1.285446
v 0.562500 1.328125 1.410446
v 0.187500 1.609375 1.410446
v 0.187500 1.609375 1.347945
v 0.250000 1.562500 1.410446
v 0.187500 1.609375 1.285446
v 0.250000 1.562500 1.285446
v 0.312500 1.515625 1.347945
v 0.312500 1.515625 1.285446
v 0.312500 1.515625 1.410446
v 0.250000 1.562500 1.347945
v 0.562500 1.328125 0.222945
v 0.625000 1.281250 0.222945
v 0.562500 1.328125 0.347945
v 0.625000 1.281250 0.347945
v 0.625000 1.281250 0.285445
v 0.625000 1.281250 0.410446
v 0.562500 1.328125 0.097945
v 0.625000 1.281250 0.097945
v 0.625000 1.281250 0.160445
v 0.687500 1.234375 0.222945
v 0.687500 1.234375 0.347945
v 0.687500 1.234375 0.097945
v 0.625000 1.281250 0.035445
v 0.562500 1.328125 0.160445
v 0.562500 1.328125 0.035445
v 0.687500 1.234375 0.035445
v 0.562500 1.328125 0.410446
v 0.687500 1.234375 0.160445
v 0.687500 1.234375 0.410446
v 0.687500 1.234375 0.285445
v 0.562500 1.328125 0.285445
v 0.250000 1.562500 0.160445
v 0.250000 1.562500 0.097945
v 0.250000 1.562500 0.410446
v 0.250000 1.562500 0.347945
v 0.500000 1.375000 0.160445
v 0.500000 1.375000 0.097945
v 0.500000 1.375000 0.410446
v 0.500000 1.375000 0.347945
v 0.187500 1.609375 0.097945
v 0.187500 1.609375 0.347945
v 0.437500 1.421875 0.347945
v 0.312500 1.515625 0.347945
v 0.375000 1.468750 0.347945
v 0.375000 1.468750 0.410446
v 0.437500 1.421875 0.097945
v 0.312500 1.515625 0.097945
v 0.375000 1.468750 0.097945
v 0.375000 1.468750 0.160445
v 0.250000 1.562500 0.035445
v 0.250000 1.562500 0.285445
v 0.500000 1.375000 0.035445
v 0.500000 1.375000 0.285445
v 0.375000 1.468750 0.285445
v 0.375000 1.468750 0.035445
v 0.312500 1.515625 0.160445
v 0.312500 1.515625 0.035445
v 0.437500 1.421875 0.035445
v 0.312500 1.515625 0.410446
v 0.312500 1.515625 0.285445
v 0.437500 1.421875 0.285445
v 0.187500 1.609375 0.285445
v 0.187500 1.609375 0.035445
v 0.437500 1.421875 0.160445
v 0.437500 1.421875 0.410446
v 0.187500 1.609375 0.410446
v 0.187500 1.609375 0.160445
v -0.866957 2.156558 1.472946
v -0.866957 2.156558 1.410446
v -0.804457 2.109683 1.472946
v -0.804457 2.109683 1.410446
v -0.534283 2.079289 0.472945
v -0.471783 2.032414 0.472945
v -0.284283 1.891789 0.472945
v -0.221783 1.844914 0.472945
v -0.284283 1.891789 1.472946
v -0.284283 1.891789 1.410446
v -0.534283 2.079289 1.472946
v -0.471783 2.032414 1.472946
v -0.221783 1.844914 1.472946
v -0.284283 1.891789 1.222946
v -0.284283 1.891789 1.160446
v -0.284283 1.891789 0.972946
v -0.284283 1.891789 0.910446
v -0.534283 2.079289 0.972946
v -0.471783 2.032414 0.972946
v -0.221783 1.844914 0.972946
v -0.784283 2.266789 1.222946
v -0.784283 2.266789 1.160446
v -0.784283 2.266789 0.972946
v -0.784283 2.266789 0.910446
v -0.721783 2.219914 0.972946
v -0.284283 1.891789 0.222945
v -0.284283 1.891789 0.160445
v -0.534283 2.079289 -0.027055
v -0.471783 2.032414 -0.027055
v -0.284283 1.891789 -0.027055
v -0.221783 1.844914 -0.027055
v -0.784283 2.266789 0.222945
v -0.784283 2.266789 0.160446
v -0.784283 2.266789 -0.027054
v -0.721783 2.219914 -0.027054
v -0.784283 2.266789 0.722945
v -0.784283 2.266789 0.660446
v -0.784283 2.266789 0.472945
v -0.784283 2.266789 0.410446
v -0.721783 2.219914 0.472945
v -0.534283 2.079289 0.722945
v -0.534283 2.079289 0.660446
v -0.534283 2.079289 0.222945
v -0.534283 2.079289 0.160445
v -0.471783 2.032414 0.222945
v -0.534283 2.079289 1.222946
v -0.534283 2.079289 1.160446
v -0.471783 2.032414 1.222946
v -0.471783 2.032414 0.722945
v -0.534283 2.079289 0.410446
v -0.721783 2.219914 0.222945
v -0.221783 1.844914 0.222945
v -0.534283 2.079289 1.410446
v -0.534283 2.079289 0.910446
v -0.721783 2.219914 1.222946
v -0.221783 1.844914 1.222946
v -0.721783 2.219914 0.722945
v -0.284283 1.891789 0.722945
v -0.221783 1.844914 0.722945
v -0.284283 1.891789 0.597946
v -0.284283 1.891789 0.535445
v -0.284283 1.891789 0.347945
v -0.284283 1.891789 0.285445
v -0.409283 1.985539 0.472945
v -0.346783 1.938664 0.472945
v -0.284283 1.891789 1.347945
v -0.284283 1.891789 1.285446
v -0.409283 1.985539 1.472946
v -0.346783 1.938664 1.472946
v -0.284283 1.891789 1.097946
v -0.284283 1.891789 1.035445
v -0.284283 1.891789 0.847945
v -0.284283 1.891789 0.785446
v -0.409283 1.985539 0.972946
v -0.346783 1.938664 0.972946
v -0.784283 2.266789 1.097946
v -0.784283 2.266789 1.035445
v -0.784283 2.266789 0.847945
v -0.784283 2.266789 0.785446
v -0.659283 2.173039 0.972946
v -0.784283 2.266789 1.347945
v -0.784283 2.266789 1.285446
v -0.659283 2.173039 1.472946
v -0.596783 2.126164 1.472946
v -0.284283 1.891789 0.097945
v -0.284283 1.891789 0.035445
v -0.409283 1.985539 -0.027055
v -0.346783 1.938664 -0.027055
v -0.784283 2.266789 0.097946
v -0.784283 2.266789 0.035445
v -0.659283 2.173039 -0.027054
v -0.596783 2.126164 -0.027055
v -0.784283 2.266789 0.597946
v -0.784283 2.266789 0.535445
v -0.784283 2.266789 0.347945
v -0.784283 2.266789 0.285445
v -0.659283 2.173039 0.472945
v -0.534283 2.079289 0.597946
v -0.534283 2.079289 0.535445
v -0.534283 2.079289 0.097945
v -0.534283 2.079289 0.035445
v -0.409283 1.985539 0.222945
v -0.346783 1.938664 0.222945
v -0.534283 2.079289 1.097946
v -0.534283 2.079289 1.035445
v -0.409283 1.985539 1.222946
v -0.346783 1.938664 1.222946
v -0.409283 1.985539 0.722945
v -0.346783 1.938664 0.722945
v -0.534283 2.079289 0.347945
v -0.534283 2.079289 0.285445
v -0.659283 2.173039 0.222945
v -0.596783 2.126164 0.222945
v -0.534283 2.079289 1.347945
v -0.534283 2.079289 1.285446
v -0.534283 2.079289 0.847945
v -0.534283 2.079289 0.785446
v -0.659283 2.173039 1.222946
v -0.596783 2.126164 1.222946
v -0.659283 2.173039 0.722945
v -0.596783 2.126164 0.722945
v -0.159283 1.798039 0.722945
v -0.159283 1.798039 1.222946
v -0.159283 1.798039 0.222945
v -0.159283 1.798039 -0.027055
v -0.721783 2.219914 1.472946
v -0.784283 2.266789 1.410446
v -0.159283 1.798039 0.972946
v -0.159283 1.798039 1.472946
v -0.159283 1.798039 0.472945
v -0.284283 1.891789 0.410446
v -0.284283 1.891789 0.660446
v -0.346783 1.938664 0.597946
v -0.471783 2.032414 0.597946
v -0.409283 1.985539 0.597946
v -0.409283 1.985539 0.535445
v -0.409283 1.985539 0.660446
v -0.346783 1.938664 0.347945
v -0.471783 2.032414 0.347945
v -0.409283 1.985539 0.347945
v -0.409283 1.985539 0.285445
v -0.409283 1.985539 0.410446
v -0.221783 1.844914 0.347945
v -0.159283 1.798039 0.347945
v -0.159283 1.798039 0.285445
v -0.159283 1.798039 0.410446
v -0.346783 1.938664 1.347945
v -0.471783 2.032414 1.347945
v -0.409283 1.985539 1.347945
v -0.409283 1.985539 1.285446
v -0.409283 1.985539 1.410446
v -0.221783 1.844914 1.347945
v -0.159283 1.798039 1.347945
v -0.159283 1.798039 1.285446
v -0.159283 1.798039 1.410446
v -0.346783 1.938664 1.097946
v -0.471783 2.032414 1.097946
v -0.409283 1.985539 1.097946
v -0.409283 1.985539 1.035445
v -0.409283 1.985539 1.160446
v -0.346783 1.938664 0.847945
v -0.471783 2.032414 0.847945
v -0.409283 1.985539 0.847945
v -0.409283 1.985539 0.785446
v -0.409283 1.985539 0.910446
v -0.221783 1.844914 0.847945
v -0.159283 1.798039 0.847945
v -0.159283 1.798039 0.785446
v -0.159283 1.798039 0.910446
v -0.596783 2.126164 0.847945
v -0.721783 2.219914 0.847945
v -0.659283 2.173039 0.847945
v -0.659283 2.173039 0.785446
v -0.659283 2.173039 0.910446
v -0.596783 2.126164 1.347945
v -0.721783 2.219914 1.347945
v -0.659283 2.173039 1.347945
v -0.659283 2.173039 1.285446
v -0.659283 2.173039 1.410446
v -0.346783 1.938664 0.097945
v -0.471783 2.032414 0.097945
v -0.409283 1.985539 0.097945
v -0.409283 1.985539 0.035445
v -0.409283 1.985539 0.160445
v -0.596783 2.126164 0.347945
v -0.721783 2.219914 0.347945
v -0.659283 2.173039 0.347945
v -0.659283 2.173039 0.285445
v -0.659283 2.173039 0.410446
v -0.596783 2.126164 0.597946
v -0.721783 2.219914 0.597946
v -0.659283 2.173039 0.597946
v -0.659283 2.173039 0.535445
v -0.659283 2.173039 0.660446
v -0.596783 2.126164 0.097945
v -0.721783 2.219914 0.097946
v -0.659283 2.173039 0.097946
v -0.659283 2.173039 0.035445
v -0.659283 2.173039 0.160446
v -0.221783 1.844914 0.097945
v -0.159283 1.798039 0.097945
v -0.159283 1.798039 0.035445
v -0.159283 1.798039 0.160445
v -0.596783 2.126164 1.097946
v -0.721783 2.219914 1.097946
v -0.659283 2.173039 1.097946
v -0.659283 2.173039 1.035445
v -0.659283 2.173039 1.160446
v -0.221783 1.844914 1.097946
v -0.159283 1.798039 1.097946
v -0.159283 1.798039 1.035445
v -0.159283 1.798039 1.160445
v -0.221783 1.844914 0.597946
v -0.159283 1.798039 0.597946
v -0.159283 1.798039 0.535445
v -0.159283 1.798039 0.660446
v -0.221783 1.844914 0.660446
v -0.221783 1.844914 0.535445
v -0.221783 1.844914 1.160446
v -0.221783 1.844914 1.035445
v -0.721783 2.219914 1.160446
v -0.721783 2.219914 1.035445
v -0.596783 2.126164 1.035445
v -0.221783 1.844914 0.160445
v -0.221783 1.844914 0.035445
v -0.721783 2.219914 0.160446
v -0.721783 2.219914 0.035445
v -0.596783 2.126164 0.035445
v -0.721783 2.219914 0.660446
v -0.721783 2.219914 0.535445
v -0.721783 2.219914 0.410446
v -0.721783 2.219914 0.285445
v -0.596783 2.126164 0.285445
v -0.471783 2.032414 0.160445
v -0.471783 2.032414 0.035445
v -0.346783 1.938664 0.035445
v -0.721783 2.219914 1.410446
v -0.721783 2.219914 1.285446
v -0.596783 2.126164 1.285446
v -0.721783 2.219914 0.910446
v -0.721783 2.219914 0.785446
v -0.596783 2.126164 0.785446
v -0.221783 1.844914 0.910446
v -0.221783 1.844914 0.785446
v -0.471783 2.032414 0.910446
v -0.471783 2.032414 0.785446
v -0.346783 1.938664 0.785446
v -0.471783 2.032414 1.160446
v -0.471783 2.032414 1.035445
v -0.346783 1.938664 1.035445
v -0.221783 1.844914 1.410446
v -0.221783 1.844914 1.285446
v -0.471783 2.032414 1.410446
v -0.471783 2.032414 1.285446
v -0.346783 1.938664 1.285446
v -0.221783 1.844914 0.410446
v -0.221783 1.844914 0.285445
v -0.471783 2.032414 0.410446
v -0.471783 2.032414 0.285445
v -0.346783 1.938664 0.285445
v -0.471783 2.032414 0.660446
v -0.471783 2.032414 0.535445
v -0.346783 1.938664 0.535445
v -0.346783 1.938664 0.660446
v -0.346783 1.938664 0.410446
v -0.346783 1.938664 1.410446
v -0.346783 1.938664 1.160446
v -0.346783 1.938664 0.910446
v -0.596783 2.126164 1.410446
v -0.346783 1.938664 0.160445
v -0.596783 2.126164 0.410446
v -0.596783 2.126164 0.660446
v -0.596783 2.126164 0.160445
v -0.596783 2.126164 1.160446
v -0.784283 2.266789 1.472946
v -0.784283 2.266789 1.410446
v -0.721783 2.219914 1.472946
v -0.721783 2.219914 1.410446
vn -0.0000 1.0000 -0.0000
vn -0.0000 -0.0000 1.0000
vn -1.0000 -0.0000 -0.0000
vn -0.0000 -1.0000 -0.0000
vn 1.0000 -0.0000 -0.0000
vn -0.0000 -0.0000 -1.0000
vn 0.6000 0.8000 -0.0000
vn -0.8000 0.6000 -0.0000
vn 0.8000 -0.6000 -0.0000
vt 0.625000 0.500000
vt 0.875000 0.500000
vt 0.875000 0.750000
vt 0.625000 0.750000
vt 0.375000 0.750000
vt 0.625000 1.000000
vt 0.375000 1.000000
vt 0.375000 0.000000
vt 0.625000 0.000000
vt 0.625000 0.250000
vt 0.375000 0.250000
vt 0.125000 0.500000
vt 0.375000 0.500000
vt 0.125000 0.750000
vt 0.708333 0.937500
vt 0.708333 1.000000
vt 0.666667 1.000000
vt 0.666667 0.937500
vt 0.666667 0.750000
vt 0.666667 0.812500
vt 0.625000 0.812500
vt 0.457846 0.130000
vt 0.431865 0.175000
vt 0.405885 0.130000
vt -0.000000 0.750000
vt 0.041667 0.812500
vt -0.000000 0.812500
vt 0.750000 0.490000
vt 0.775981 0.445000
vt 0.801962 0.400000
vt 0.827942 0.355000
vt 0.853923 0.310000
vt 0.879904 0.265000
vt 0.905885 0.220000
vt 0.931865 0.175000
vt 0.957846 0.130000
vt 0.542154 0.130000
vt 0.333333 0.500000
vt 0.333333 1.000000
vt 0.291667 1.000000
vt 0.250000 1.000000
vt 0.208333 1.000000
vt 0.166667 1.000000
vt 0.125000 0.937500
vt 0.083333 0.875000
vt -0.000000 0.687500
vt -0.000000 0.625000
vt -0.000000 0.562500
vt -0.000000 0.500000
vt 0.250000 0.130000
vt 0.224019 0.175000
vt 0.198038 0.130000
vt 0.275981 0.175000
vt 0.353923 0.310000
vt 0.327942 0.355000
vt 0.301962 0.310000
vt 0.666667 0.500000
vt 0.666667 0.562500
vt 0.666667 0.625000
vt 0.666667 0.687500
vt 0.583333 0.875000
vt 0.541667 0.937500
vt 0.500000 1.000000
vt 0.458333 1.000000
vt 0.416667 1.000000
vt 0.375000 1.000000
vt 0.708333 0.687500
vt 0.708333 0.718750
vt 0.708333 0.750000
vt 0.854167 0.718750
vt 0.854167 0.750000
vt 0.833333 0.750000
vt 0.833333 0.718750
vt 0.875000 0.937500
vt 0.875000 1.000000
vt 0.833333 1.000000
vt 0.833333 0.937500
vt 0.854167 0.937500
vt 0.854167 0.843750
vt 0.854167 0.875000
vt 0.833333 0.875000
vt 0.833333 0.843750
vt 0.791667 0.765625
vt 0.802083 0.765625
vt 0.958333 0.937500
vt 0.958333 1.000000
vt 0.916667 1.000000
vt 0.916667 0.937500
vt 0.937500 0.937500
vt 0.854167 0.593750
vt 0.854167 0.625000
vt 0.833333 0.625000
vt 0.833333 0.593750
vt 0.750000 0.812500
vt 0.750000 0.796875
vt 0.739583 0.734375
vt 0.739583 0.750000
vt 0.708333 0.562500
vt 0.708333 0.593750
vt 0.708333 0.625000
vt 0.250000 0.310000
vt 0.224019 0.355000
vt 0.198038 0.310000
vt 0.275981 0.355000
vt 0.301962 0.400000
vt 0.275981 0.445000
vt 0.250000 0.400000
vt 0.198038 0.220000
vt 0.224019 0.265000
vt 0.172058 0.265000
vt 0.250000 0.220000
vt 0.301962 0.220000
vt 0.327942 0.265000
vt 0.275981 0.265000
vt 0.146077 0.130000
vt 0.120096 0.175000
vt 0.094115 0.130000
vt 0.172058 0.175000
vt 0.146077 0.220000
vt -0.000000 0.875000
vt 0.041667 0.937500
vt -0.000000 0.937500
vt 0.041667 0.875000
vt 0.083333 0.937500
vt 0.353923 0.130000
vt 0.327942 0.175000
vt 0.301962 0.130000
vt 0.379904 0.175000
vt 0.405885 0.220000
vt 0.379904 0.265000
vt 0.353923 0.220000
vt 0.583333 0.937500
vt 0.625000 0.875000
vt 0.666667 0.875000
vt 0.625000 0.937500
vt 0.708333 0.812500
vt 0.708333 0.843750
vt 0.708333 0.875000
vt 0.791667 0.937500
vt 0.791667 1.000000
vt 0.750000 1.000000
vt 0.750000 0.937500
vt 0.770833 0.937500
vt 0.812500 0.937500
vt 0.708333 0.781250
vt 0.625000 1.000000
vt 0.583333 1.000000
vt 0.541667 1.000000
vt 0.125000 1.000000
vt 0.083333 1.000000
vt 0.041667 1.000000
vt -0.000000 1.000000
vt 0.120096 0.265000
vt 0.094115 0.220000
vt 0.146077 0.310000
vt 0.068135 0.175000
vt 0.042154 0.130000
vt 0.224019 0.445000
vt 0.198038 0.400000
vt 0.250000 0.490000
vt 0.172058 0.355000
vt 0.791667 0.500000
vt 0.791667 0.562500
vt 0.770833 0.562500
vt 0.750000 0.562500
vt 0.750000 0.500000
vt 0.833333 0.500000
vt 0.833333 0.562500
vt 0.812500 0.562500
vt 0.708333 0.500000
vt 0.729167 0.562500
vt 0.770833 0.921875
vt 0.770833 0.906250
vt 1.000000 0.625000
vt 1.000000 0.687500
vt 0.958333 0.687500
vt 0.958333 0.656250
vt 0.958333 0.625000
vt 1.000000 0.750000
vt 0.958333 0.750000
vt 0.958333 0.718750
vt 0.958333 0.500000
vt 0.958333 0.562500
vt 0.937500 0.562500
vt 0.916667 0.562500
vt 0.916667 0.500000
vt 1.000000 0.500000
vt 1.000000 0.562500
vt 0.958333 0.593750
vt 0.875000 0.562500
vt 0.854167 0.562500
vt 0.895833 0.562500
vt 0.750000 0.750000
vt 0.750000 0.734375
vt 0.812500 0.671875
vt 0.812500 0.687500
vt 1.000000 0.875000
vt 1.000000 0.937500
vt 0.958333 0.906250
vt 0.958333 0.875000
vt 1.000000 1.000000
vt 0.770833 0.734375
vt 0.770833 0.750000
vt 1.000000 0.812500
vt 0.958333 0.812500
vt 0.958333 0.781250
vt 0.958333 0.843750
vt 0.854167 0.781250
vt 0.854167 0.812500
vt 0.833333 0.812500
vt 0.833333 0.781250
vt 0.802083 0.859375
vt 0.802083 0.843750
vt 0.791667 0.812500
vt 0.781250 0.812500
vt 0.854167 0.906250
vt 0.833333 0.906250
vt 0.812500 0.640625
vt 0.812500 0.656250
vt 0.895833 0.937500
vt 0.854167 0.656250
vt 0.854167 0.687500
vt 0.833333 0.687500
vt 0.833333 0.656250
vt 0.760417 0.765625
vt 0.770833 0.765625
vt 0.750000 0.765625
vt 0.708333 0.656250
vt 0.708333 0.906250
vt 0.729167 0.937500
vt 0.708333 0.921875
vt 0.791667 0.859375
vt 0.802083 0.921875
vt 0.791667 0.921875
vt 0.812500 0.734375
vt 0.812500 0.750000
vt 0.812500 0.906250
vt 0.812500 0.921875
vt 0.802083 0.812500
vt 0.802083 0.796875
vt 0.729167 0.781250
vt 0.739583 0.781250
vt 0.750000 0.781250
vt 0.812500 0.703125
vt 0.812500 0.718750
vt 0.812500 0.875000
vt 0.812500 0.890625
vt 0.781250 0.750000
vt 0.781250 0.765625
vt 0.718750 0.750000
vt 0.718750 0.734375
vt 0.802083 0.781250
vt 0.958333 0.578125
vt 0.958333 0.671875
vt 0.958333 0.828125
vt 0.854167 0.609375
vt 0.958333 0.765625
vt 0.958333 0.859375
vt 0.854167 0.671875
vt 0.927083 0.562500
vt 0.854167 0.578125
vt 0.854167 0.734375
vt 0.958333 0.796875
vt 0.854167 0.640625
vt 0.958333 0.703125
vt 0.854167 0.703125
vt 0.958333 0.640625
vt 0.958333 0.921875
vt 0.958333 0.890625
vt 0.947917 0.937500
vt 0.854167 0.859375
vt 0.812500 0.593750
vt 0.812500 0.578125
vt 0.802083 0.562500
vt 0.739583 0.937500
vt 0.760417 0.562500
vt 0.812500 0.625000
vt 0.812500 0.843750
vt 0.812500 0.859375
vt 0.708333 0.734375
vt 0.708333 0.609375
vt 0.812500 0.812500
vt 0.812500 0.828125
vt 0.708333 0.671875
vt 0.739583 0.562500
vt 0.802083 0.937500
vt 0.760417 0.937500
vt 0.708333 0.890625
vt 0.812500 0.781250
vt 0.718750 0.937500
vt 0.781250 0.562500
vt 0.781250 0.937500
vt 0.708333 0.828125
vt 0.708333 0.765625
vt 0.708333 0.578125
vt 0.718750 0.562500
vt 0.708333 0.859375
vt 0.812500 0.796875
vt 0.708333 0.703125
vt 0.708333 0.796875
vt 0.812500 0.765625
vt 0.812500 0.609375
vt 0.708333 0.640625
vt 0.854167 0.921875
vt 0.927083 0.937500
vt 0.854167 0.828125
vt 0.906250 0.562500
vt 0.885417 0.937500
vt 0.854167 0.890625
vt 0.864583 0.562500
vt 0.854167 0.796875
vt 0.906250 0.937500
vt 0.958333 0.609375
vt 0.854167 0.765625
vt 0.864583 0.937500
vt 0.885417 0.562500
vt 0.947917 0.562500
vt 0.958333 0.734375
vt 0.729167 0.734375
vt 0.739583 0.906250
vt 0.739583 0.921875
vt 0.770833 0.796875
vt 0.770833 0.781250
vt 0.729167 0.921875
vt 0.781250 0.796875
vt 0.718750 0.781250
vt 0.739583 0.890625
vt 0.750000 0.921875
vt 0.750000 0.906250
vt 0.781250 0.781250
vt 0.760417 0.781250
vt 0.729167 0.890625
vt 0.760417 0.890625
vt 0.770833 0.890625
vt 0.802083 0.828125
vt 0.760417 0.812500
vt 0.791667 0.781250
vt 0.718750 0.906250
vt 0.718750 0.890625
vt 0.802083 0.906250
vt 0.802083 0.890625
vt 0.718750 0.921875
vt 0.875000 0.765625
vt 0.864583 0.750000
vt 0.864583 0.734375
vt 0.895833 0.640625
vt 0.895833 0.625000
vt 0.937500 0.781250
vt 0.937500 0.796875
vt 0.937500 0.812500
vt 0.937500 0.828125
vt 0.864583 0.718750
vt 0.906250 0.656250
vt 0.895833 0.656250
vt 0.885417 0.796875
vt 0.885417 0.812500
vt 0.875000 0.656250
vt 0.885417 0.656250
vt 0.916667 0.781250
vt 0.927083 0.781250
vt 0.906250 0.843750
vt 0.906250 0.859375
vt 0.927083 0.828125
vt 0.875000 0.703125
vt 0.875000 0.718750
vt 0.875000 0.796875
vt 0.875000 0.812500
vt 0.864583 0.812500
vt 0.916667 0.859375
vt 0.916667 0.828125
vt 0.885417 0.859375
vt 0.885417 0.843750
vt 0.906250 0.625000
vt 0.875000 0.734375
vt 0.885417 0.640625
vt 0.895833 0.859375
vt 0.875000 0.671875
vt 0.906250 0.875000
vt 0.895833 0.875000
vt 0.916667 0.812500
vt 0.916667 0.796875
vt 0.916667 0.718750
vt 0.916667 0.703125
vt 0.947917 0.921875
vt 0.937500 0.687500
vt 0.937500 0.703125
vt 0.906250 0.640625
vt 0.864583 0.687500
vt 0.875000 0.687500
vt 0.916667 0.687500
vt 0.916667 0.671875
vt 0.895833 0.843750
vt 0.927083 0.718750
vt 0.937500 0.671875
vt 0.927083 0.687500
vt 0.927083 0.671875
vt 0.927083 0.812500
vt 0.927083 0.796875
vt 0.895833 0.671875
vt 0.885417 0.671875
vt 0.885417 0.687500
vt 0.885417 0.703125
vt 0.916667 0.625000
vt 0.916667 0.640625
vt 0.895833 0.828125
vt 0.885417 0.828125
vt 0.875000 0.828125
vt 0.916667 0.875000
vt 0.875000 0.781250
vt 0.864583 0.781250
vt 0.864583 0.765625
vt 0.864583 0.796875
vt 0.937500 0.718750
vt 0.927083 0.703125
vt 0.875000 0.843750
vt 0.864583 0.703125
vt 0.791667 0.890625
vt 0.802083 0.734375
vt 0.802083 0.750000
vt 0.791667 0.734375
vt 0.760417 0.921875
vt 0.718750 0.859375
vt 0.718750 0.843750
vt 0.750000 0.890625
vt 0.729167 0.859375
vt 0.781250 0.890625
vt 0.781250 0.906250
vt 0.718750 0.812500
vt 0.718750 0.796875
vt 0.770833 0.812500
vt 0.781250 0.921875
vt 0.760417 0.734375
vt 0.718750 0.828125
vt 0.791667 0.828125
vt 0.781250 0.734375
vt 0.739583 0.812500
vt 0.729167 0.812500
vt 0.781250 0.828125
vt 0.781250 0.843750
vt 0.729167 0.828125
vt 0.781250 0.859375
vt 0.739583 0.828125
vt 0.739583 0.843750
vt 0.739583 0.859375
vt 0.718750 0.765625
vt 0.729167 0.765625
vt 0.739583 0.765625
vt 0.739583 0.796875
vt 0.729167 0.578125
vt 0.739583 0.578125
vt 0.718750 0.640625
vt 0.718750 0.656250
vt 0.718750 0.703125
vt 0.718750 0.718750
vt 0.718750 0.671875
vt 0.718750 0.687500
vt 0.718750 0.609375
vt 0.718750 0.625000
vt 0.802083 0.609375
vt 0.802083 0.625000
vt 0.791667 0.625000
vt 0.791667 0.609375
vt 0.802083 0.671875
vt 0.802083 0.687500
vt 0.791667 0.687500
vt 0.791667 0.671875
vt 0.760417 0.671875
vt 0.760417 0.687500
vt 0.750000 0.687500
vt 0.750000 0.671875
vt 0.718750 0.875000
vt 0.802083 0.875000
vt 0.791667 0.875000
vt 0.760417 0.859375
vt 0.760417 0.875000
vt 0.750000 0.875000
vt 0.750000 0.859375
vt 0.760417 0.609375
vt 0.760417 0.625000
vt 0.750000 0.625000
vt 0.750000 0.609375
vt 0.739583 0.671875
vt 0.739583 0.687500
vt 0.729167 0.687500
vt 0.729167 0.671875
vt 0.718750 0.578125
vt 0.718750 0.593750
vt 0.770833 0.578125
vt 0.781250 0.578125
vt 0.802083 0.593750
vt 0.781250 0.640625
vt 0.791667 0.640625
vt 0.781250 0.671875
vt 0.781250 0.687500
vt 0.770833 0.687500
vt 0.770833 0.671875
vt 0.739583 0.875000
vt 0.729167 0.875000
vt 0.760417 0.828125
vt 0.770833 0.828125
vt 0.729167 0.796875
vt 0.770833 0.843750
vt 0.781250 0.875000
vt 0.770833 0.875000
vt 0.770833 0.859375
vt 0.781250 0.703125
vt 0.781250 0.718750
vt 0.770833 0.718750
vt 0.770833 0.703125
vt 0.770833 0.640625
vt 0.781250 0.609375
vt 0.781250 0.625000
vt 0.770833 0.625000
vt 0.770833 0.609375
vt 0.791667 0.578125
vt 0.802083 0.640625
vt 0.802083 0.656250
vt 0.760417 0.578125
vt 0.750000 0.578125
vt 0.750000 0.828125
vt 0.791667 0.703125
vt 0.760417 0.703125
vt 0.750000 0.703125
vt 0.750000 0.843750
vt 0.750000 0.593750
vt 0.760417 0.640625
vt 0.750000 0.640625
vt 0.802083 0.703125
vt 0.802083 0.718750
vt 0.802083 0.578125
vt 0.739583 0.609375
vt 0.739583 0.593750
vt 0.739583 0.625000
vt 0.750000 0.656250
vt 0.739583 0.656250
vt 0.791667 0.796875
vt 0.729167 0.703125
vt 0.739583 0.703125
vt 0.750000 0.718750
vt 0.739583 0.718750
vt 0.739583 0.640625
vt 0.729167 0.750000
vt 0.791667 0.750000
vt 0.760417 0.796875
vt 0.760417 0.750000
vt 0.729167 0.718750
vt 0.791667 0.718750
vt 0.760417 0.843750
vt 0.760417 0.718750
vt 0.729167 0.906250
vt 0.729167 0.843750
vt 0.791667 0.843750
vt 0.760417 0.906250
vt 0.791667 0.906250
vt 0.729167 0.656250
vt 0.729167 0.640625
vt 0.729167 0.593750
vt 0.729167 0.625000
vt 0.729167 0.609375
vt 0.791667 0.593750
vt 0.791667 0.656250
vt 0.760417 0.656250
vt 0.781250 0.656250
vt 0.770833 0.656250
vt 0.760417 0.593750
vt 0.781250 0.593750
vt 0.770833 0.593750
vt 0.875000 0.578125
vt 0.864583 0.578125
vt 0.875000 0.609375
vt 0.875000 0.625000
vt 0.864583 0.625000
vt 0.864583 0.609375
vt 0.875000 0.593750
vt 0.864583 0.593750
vt 0.937500 0.843750
vt 0.927083 0.843750
vt 0.947917 0.843750
vt 0.947917 0.828125
vt 0.947917 0.812500
vt 0.947917 0.875000
vt 0.947917 0.859375
vt 0.937500 0.859375
vt 0.864583 0.843750
vt 0.864583 0.828125
vt 0.875000 0.859375
vt 0.875000 0.875000
vt 0.864583 0.875000
vt 0.864583 0.859375
vt 0.927083 0.859375
vt 0.927083 0.875000
vt 0.927083 0.609375
vt 0.927083 0.625000
vt 0.916667 0.609375
vt 0.927083 0.734375
vt 0.927083 0.750000
vt 0.916667 0.750000
vt 0.916667 0.734375
vt 0.885417 0.609375
vt 0.885417 0.625000
vt 0.927083 0.921875
vt 0.916667 0.921875
vt 0.885417 0.875000
vt 0.885417 0.921875
vt 0.875000 0.921875
vt 0.885417 0.734375
vt 0.885417 0.750000
vt 0.885417 0.718750
vt 0.906250 0.703125
vt 0.906250 0.718750
vt 0.895833 0.718750
vt 0.895833 0.703125
vt 0.906250 0.734375
vt 0.906250 0.750000
vt 0.895833 0.750000
vt 0.895833 0.734375
vt 0.875000 0.640625
vt 0.906250 0.671875
vt 0.906250 0.687500
vt 0.895833 0.687500
vt 0.864583 0.640625
vt 0.864583 0.656250
vt 0.864583 0.671875
vt 0.885417 0.890625
vt 0.885417 0.906250
vt 0.875000 0.906250
vt 0.875000 0.890625
vt 0.906250 0.890625
vt 0.906250 0.906250
vt 0.895833 0.906250
vt 0.895833 0.890625
vt 0.906250 0.921875
vt 0.895833 0.921875
vt 0.864583 0.890625
vt 0.864583 0.906250
vt 0.864583 0.921875
vt 0.906250 0.828125
vt 0.885417 0.765625
vt 0.885417 0.781250
vt 0.906250 0.765625
vt 0.906250 0.781250
vt 0.895833 0.781250
vt 0.895833 0.765625
vt 0.906250 0.796875
vt 0.906250 0.812500
vt 0.895833 0.812500
vt 0.895833 0.796875
vt 0.927083 0.765625
vt 0.916667 0.765625
vt 0.947917 0.765625
vt 0.947917 0.781250
vt 0.937500 0.765625
vt 0.947917 0.796875
vt 0.927083 0.890625
vt 0.927083 0.906250
vt 0.916667 0.906250
vt 0.916667 0.890625
vt 0.947917 0.890625
vt 0.947917 0.906250
vt 0.937500 0.906250
vt 0.937500 0.890625
vt 0.937500 0.921875
vt 0.885417 0.578125
vt 0.885417 0.593750
vt 0.906250 0.578125
vt 0.906250 0.593750
vt 0.895833 0.593750
vt 0.895833 0.578125
vt 0.906250 0.609375
vt 0.895833 0.609375
vt 0.927083 0.640625
vt 0.927083 0.656250
vt 0.916667 0.656250
vt 0.947917 0.640625
vt 0.947917 0.656250
vt 0.937500 0.656250
vt 0.937500 0.640625
vt 0.947917 0.671875
vt 0.947917 0.687500
vt 0.947917 0.703125
vt 0.947917 0.718750
vt 0.947917 0.734375
vt 0.947917 0.750000
vt 0.937500 0.750000
vt 0.937500 0.734375
vt 0.927083 0.578125
vt 0.927083 0.593750
vt 0.916667 0.593750
vt 0.916667 0.578125
vt 0.947917 0.578125
vt 0.947917 0.593750
vt 0.937500 0.593750
vt 0.937500 0.578125
vt 0.947917 0.609375
vt 0.947917 0.625000
vt 0.937500 0.625000
vt 0.937500 0.609375
vt 0.916667 0.843750
vt 0.937500 0.875000
s 0
usemtl Material
f 1/1/1 5/2/1 7/3/1 3/4/1
f 4/5/2 3/4/2 7/6/2 8/7/2
f 8/8/3 7/9/3 5/10/3 6/11/3
f 6/12/4 2/13/4 4/5/4 8/14/4
f 2/13/5 1/1/5 3/4/5 4/5/5
f 6/11/6 5/10/6 1/1/6 2/13/6
f 9/1/1 13/2/1 15/3/1 11/4/1
f 12/5/2 11/4/2 15/6/2 16/7/2
f 16/8/3 15/9/3 13/10/3 14/11/3
f 14/12/4 10/13/4 12/5/4 16/14/4
f 10/13/5 9/1/5 11/4/5 12/5/5
f 14/11/6 13/10/6 9/1/6 10/13/6
f 17/1/1 21/2/1 23/3/1 19/4/1
f 20/5/2 19/4/2 23/6/2 24/7/2
f 24/8/3 23/9/3 21/10/3 22/11/3
f 22/12/4 18/13/4 20/5/4 24/14/4
f 18/13/5 17/1/5 19/4/5 20/5/5
f 22/11/6 21/10/6 17/1/6 18/13/6
usemtl 
f 142/15/7 87/16/7 28/17/7 89/18/7
f 34/19/4 68/20/4 96/21/4
f 28/22/2 87/23/2 63/24/2
f 33/25/3 71/26/3 82/27/3
f 25/28/6 86/29/6 44/30/6 65/31/6 31/32/6 80/33/6 38/34/6 59/35/6 27/36/6 29/37/6
f 29/38/3 30/39/3 64/40/3 43/41/3 85/42/3 36/43/3 92/44/3 50/45/3 71/26/3 33/25/3 67/46/3 46/47/3 88/48/3 25/49/3
f 35/50/2 93/51/2 69/52/2
f 35/50/2 94/53/2 93/51/2
f 32/54/2 81/55/2 74/56/2
f 27/57/4 62/58/4 41/59/4 83/60/4 34/19/4 96/21/4 54/61/4 75/62/4 35/63/4 69/64/4 48/65/4 90/66/4 30/39/4 29/38/4
f 141/67/7 207/68/7 76/69/7 34/19/7 83/60/7
f 228/70/7 143/71/7 37/72/7 159/73/7
f 139/74/7 81/75/7 32/76/7 99/77/7 200/78/7
f 227/79/7 148/80/7 57/81/7 157/82/7
f 432/83/1 512/84/1 852/84/1 826/83/1
f 136/85/7 60/86/7 39/87/7 103/88/7 191/89/7
f 225/90/7 151/91/7 56/92/7 156/93/7
f 565/94/1 558/95/1 906/95/1 913/94/1
f 545/96/1 407/97/1 554/97/1 642/96/1
f 132/98/7 183/99/7 107/100/7 41/59/7 62/58/7
f 53/101/2 109/102/2 95/103/2
f 53/101/2 110/104/2 109/102/2
f 39/105/2 60/106/2 111/107/2
f 51/108/2 112/109/2 72/110/2
f 51/108/2 113/111/2 112/109/2
f 52/112/2 73/113/2 114/114/2
f 48/115/2 115/116/2 90/117/2
f 48/115/2 116/118/2 115/116/2
f 51/108/2 72/110/2 117/119/2
f 40/120/3 118/121/3 61/122/3
f 40/120/3 119/123/3 118/121/3
f 50/45/3 92/44/3 120/124/3
f 42/125/2 121/126/2 84/127/2
f 42/125/2 122/128/2 121/126/2
f 45/129/2 66/130/2 123/131/2
f 54/61/4 124/132/4 75/62/4
f 54/61/4 125/133/4 124/132/4
f 47/134/4 89/18/4 126/135/4
f 130/136/7 174/137/7 127/138/7 47/134/7 68/20/7
f 129/139/7 66/140/7 45/141/7 128/142/7 167/143/7
f 99/77/7 32/76/7 66/140/7 129/139/7 168/144/7
f 76/69/7 173/145/7 130/136/7 68/20/7 34/19/7
f 126/135/4 63/146/4 42/147/4
f 126/135/4 89/18/4 63/146/4
f 89/18/4 28/17/4 63/146/4
f 124/132/4 126/135/4 42/147/4
f 124/132/4 125/133/4 126/135/4
f 125/133/4 47/134/4 126/135/4
f 75/62/4 84/148/4 35/63/4
f 75/62/4 124/132/4 84/148/4
f 124/132/4 42/147/4 84/148/4
f 123/131/2 73/113/2 52/112/2
f 123/131/2 66/130/2 73/113/2
f 66/130/2 32/54/2 73/113/2
f 121/126/2 123/131/2 52/112/2
f 121/126/2 122/128/2 123/131/2
f 122/128/2 45/129/2 123/131/2
f 84/127/2 94/53/2 35/50/2
f 84/127/2 121/126/2 94/53/2
f 121/126/2 52/112/2 94/53/2
f 120/124/3 70/149/3 49/150/3
f 120/124/3 92/44/3 70/149/3
f 92/44/3 36/43/3 70/149/3
f 118/121/3 120/124/3 49/150/3
f 118/121/3 119/123/3 120/124/3
f 119/123/3 50/45/3 120/124/3
f 61/122/3 91/151/3 26/152/3
f 61/122/3 118/121/3 91/151/3
f 118/121/3 49/150/3 91/151/3
f 117/119/2 85/153/2 43/154/2
f 117/119/2 72/110/2 85/153/2
f 72/110/2 36/155/2 85/153/2
f 115/116/2 117/119/2 43/154/2
f 115/116/2 116/118/2 117/119/2
f 116/118/2 51/108/2 117/119/2
f 90/117/2 64/156/2 30/157/2
f 90/117/2 115/116/2 64/156/2
f 115/116/2 43/154/2 64/156/2
f 114/114/2 74/56/2 53/101/2
f 114/114/2 73/113/2 74/56/2
f 73/113/2 32/54/2 74/56/2
f 112/109/2 114/114/2 53/101/2
f 112/109/2 113/111/2 114/114/2
f 113/111/2 52/112/2 114/114/2
f 72/110/2 95/103/2 36/155/2
f 72/110/2 112/109/2 95/103/2
f 112/109/2 53/101/2 95/103/2
f 111/107/2 91/158/2 49/159/2
f 111/107/2 60/106/2 91/158/2
f 60/106/2 26/160/2 91/158/2
f 109/102/2 111/107/2 49/159/2
f 109/102/2 110/104/2 111/107/2
f 110/104/2 39/105/2 111/107/2
f 95/103/2 70/161/2 36/155/2
f 95/103/2 109/102/2 70/161/2
f 109/102/2 49/159/2 70/161/2
f 80/162/7 131/163/7 179/164/7 108/165/7 38/166/7
f 31/167/7 78/168/7 180/169/7 131/163/7 80/162/7
f 59/170/7 132/98/7 62/58/7 27/57/7
f 38/166/7 108/165/7 182/171/7 132/98/7 59/170/7
f 494/172/1 287/173/1 808/173/1 810/172/1
f 46/174/7 67/175/7 133/176/7 184/177/7 105/178/7
f 67/175/7 33/179/7 97/180/7 185/181/7 133/176/7
f 86/182/7 134/183/7 186/184/7 106/185/7 44/186/7
f 25/187/7 88/188/7 134/183/7 86/182/7
f 88/188/7 46/174/7 105/178/7 187/189/7 134/183/7
f 65/2/7 135/190/7 188/191/7 78/168/7 31/167/7
f 44/186/7 106/185/7 189/192/7 135/190/7 65/2/7
f 568/193/1 591/194/1 941/194/1 916/193/1
f 469/195/1 58/196/1 771/196/1 777/195/1
f 40/197/7 61/198/7 136/85/7 192/199/7 101/200/7
f 61/198/7 26/201/7 60/86/7 136/85/7
f 498/202/1 226/203/1 582/203/1 609/202/1
f 33/179/7 82/204/7 137/205/7 194/206/7 97/180/7
f 82/204/7 40/197/7 101/200/7 195/207/7 137/205/7
f 216/208/7 196/209/7 79/210/7 144/211/7
f 534/212/1 479/213/1 834/213/1 876/212/1
f 563/214/1 590/215/1 940/215/1 911/214/1
f 213/216/7 200/78/7 99/77/7 147/217/7
f 468/218/1 281/219/1 778/219/1 775/218/1
f 103/88/7 39/87/7 81/75/7 139/74/7 201/220/7
f 212/221/7 203/222/7 98/223/7 146/224/7
f 511/225/1 487/226/1 801/226/1 851/225/1
f 441/227/1 511/225/1 851/225/1 742/227/1
f 107/100/7 206/228/7 141/67/7 83/60/7 41/59/7
f 74/56/2 110/104/2 53/101/2
f 74/56/2 81/55/2 110/104/2
f 81/55/2 39/105/2 110/104/2
f 93/51/2 113/111/2 51/108/2
f 93/51/2 94/53/2 113/111/2
f 94/53/2 52/112/2 113/111/2
f 69/52/2 116/118/2 48/115/2
f 69/52/2 93/51/2 116/118/2
f 93/51/2 51/108/2 116/118/2
f 82/27/3 119/123/3 40/120/3
f 82/27/3 71/26/3 119/123/3
f 71/26/3 50/45/3 119/123/3
f 63/24/2 122/128/2 42/125/2
f 63/24/2 87/23/2 122/128/2
f 87/23/2 45/129/2 122/128/2
f 96/21/4 125/133/4 54/61/4
f 96/21/4 68/20/4 125/133/4
f 68/20/4 47/134/4 125/133/4
f 127/138/7 209/229/7 142/15/7 89/18/7 47/134/7
f 128/142/7 45/141/7 87/16/7 142/15/7 208/230/7
f 142/15/8 209/229/8 277/229/8 446/231/8 276/15/8
f 399/232/1 534/212/1 876/212/1 823/232/1
f 532/233/1 401/234/1 552/234/1 630/233/1
f 466/235/1 210/236/1 795/236/1 772/235/1
f 286/237/1 491/238/1 805/238/1 806/237/1
f 433/239/1 533/240/1 875/240/1 726/239/1
f 588/173/1 587/172/1 937/172/1 938/173/1
f 151/91/7 212/221/7 146/224/7 56/92/7
f 642/96/1 554/97/1 903/97/1 991/96/1
f 282/241/1 477/242/1 574/242/1 575/241/1
f 409/95/1 215/243/1 559/243/1 558/95/1
f 465/244/1 280/245/1 773/245/1 770/244/1
f 161/246/1 490/247/1 803/247/1 804/246/1
f 148/80/7 213/216/7 147/217/7 57/81/7
f 413/248/1 510/249/1 850/249/1 693/248/1
f 439/250/1 538/251/1 637/251/1 597/250/1
f 533/240/1 482/252/1 792/252/1 875/240/1
f 134/183/9 187/189/9 235/189/9 175/253/9 236/183/9
f 184/177/9 133/176/9 233/176/9 288/254/9 230/177/9
f 137/205/9 195/207/9 245/207/9 164/255/9 246/205/9
f 151/91/8 225/90/8 260/90/8 316/256/8 251/91/8
f 97/180/9 194/206/9 243/206/9 166/257/9 244/180/9
f 143/71/7 216/208/7 144/211/7 37/72/7
f 195/207/9 101/200/9 242/200/9 297/258/9 245/207/9
f 203/222/8 212/221/8 257/221/8 301/259/8 256/222/8
f 106/185/2 186/184/2 234/184/2 177/260/2 229/185/2
f 225/90/8 188/191/8 252/191/8 315/261/8 260/90/8
f 143/71/8 228/70/8 262/70/8 326/262/8 249/71/8
f 194/206/9 137/205/9 246/205/9 296/263/9 243/206/9
f 212/221/8 151/91/8 251/91/8 300/264/8 257/221/8
f 133/176/9 185/181/9 232/181/9 178/265/9 233/176/9
f 228/70/8 203/222/8 256/222/8 325/266/8 262/70/8
f 105/178/9 184/177/9 230/177/9 181/267/9 231/178/9
f 192/199/9 136/85/9 253/85/9 295/268/9 241/199/9
f 101/200/9 192/199/9 241/199/9 169/269/9 242/200/9
f 136/85/6 191/89/6 239/89/6 294/270/6 253/85/6
f 148/80/8 227/79/8 261/79/8 323/271/8 250/80/8
f 180/169/9 218/272/9 279/272/9 462/273/9 266/169/9
f 131/163/2 180/169/2 266/169/2 422/274/2 267/163/2
f 128/142/6 208/230/6 275/230/6 445/275/6 153/142/6
f 108/165/2 179/164/2 265/164/2 423/276/2 197/165/2
f 78/168/7 156/93/7 218/272/7 180/169/7
f 156/93/7 56/92/7 163/277/7 218/272/7
f 221/278/9 165/246/9 161/246/9 481/279/9 283/278/9
f 98/223/7 159/73/7 219/245/7 176/196/7
f 159/73/7 37/72/7 158/236/7 219/245/7
f 76/69/8 207/68/8 274/68/8 387/280/8 211/69/8
f 56/92/7 146/224/7 220/219/7 163/277/7
f 146/224/7 98/223/7 176/196/7 220/219/7
f 107/100/8 183/99/8 270/99/8 389/281/8 204/100/8
f 170/282/9 221/278/9 283/278/9 480/283/9 145/282/9
f 141/67/8 206/228/8 273/228/8 388/284/8 272/67/8
f 182/171/2 108/165/2 197/165/2 390/285/2 268/171/2
f 223/237/9 168/144/9 152/144/9 491/238/9 286/237/9
f 168/144/6 129/139/6 150/139/6 436/286/6 152/144/6
f 165/246/9 223/237/9 286/237/9 490/247/9 161/246/9
f 220/219/9 176/196/9 58/196/9 469/195/9 281/219/9
f 167/143/6 128/142/6 153/142/6 437/287/6 155/143/6
f 209/229/8 127/138/8 162/138/8 414/288/8 277/229/8
f 79/210/7 157/82/7 221/278/7 170/282/7
f 157/82/7 57/81/7 165/246/7 221/278/7
f 163/277/9 220/219/9 281/219/9 468/218/9 202/277/9
f 37/72/7 144/211/7 222/289/7 158/236/7
f 144/211/7 79/210/7 170/282/7 222/289/7
f 208/230/6 142/15/6 276/15/6 415/290/6 275/230/6
f 179/164/2 131/163/2 267/163/2 392/291/2 265/164/2
f 129/139/6 167/143/6 155/143/6 402/292/6 150/139/6
f 174/137/8 130/136/8 102/136/8 428/293/8 77/137/8
f 57/81/7 147/217/7 223/237/7 165/246/7
f 147/217/7 99/77/7 168/144/7 223/237/7
f 173/145/8 76/69/8 211/69/8 429/294/8 100/145/8
f 183/99/8 132/98/8 269/98/8 419/295/8 270/99/8
f 219/245/9 158/236/9 210/236/9 466/235/9 280/245/9
f 176/196/9 219/245/9 280/245/9 465/244/9 58/196/9
f 132/98/2 182/171/2 268/171/2 420/296/2 269/98/2
f 127/138/8 174/137/8 77/137/8 396/297/8 162/138/8
f 222/289/9 170/282/9 145/282/9 484/298/9 284/289/9
f 207/68/8 141/67/8 272/67/8 416/299/8 274/68/8
f 130/136/8 173/145/8 100/145/8 397/300/8 102/136/8
f 158/236/9 222/289/9 284/289/9 483/301/9 210/236/9
f 218/272/9 163/277/9 202/277/9 463/302/9 279/272/9
f 206/228/8 107/100/8 204/100/8 417/303/8 273/228/8
f 200/78/8 213/216/8 258/216/8 303/304/8 255/78/8
f 191/89/6 103/88/6 240/88/6 171/305/6 239/89/6
f 227/79/8 196/209/8 254/209/8 322/306/8 261/79/8
f 189/192/2 106/185/2 229/185/2 293/307/2 237/192/2
f 201/220/6 139/74/6 248/74/6 154/308/6 247/220/6
f 213/216/8 148/80/8 250/80/8 302/309/8 258/216/8
f 188/191/7 225/90/7 156/93/7 78/168/7
f 188/191/2 135/190/2 238/190/2 292/310/2 252/191/2
f 196/209/8 216/208/8 259/208/8 305/311/8 254/209/8
f 103/88/6 201/220/6 247/220/6 299/312/6 240/88/6
f 187/189/9 105/178/9 231/178/9 291/313/9 235/189/9
f 216/208/8 143/71/8 249/71/8 304/314/8 259/208/8
f 196/209/7 227/79/7 157/82/7 79/210/7
f 139/74/6 200/78/6 255/78/6 298/315/6 248/74/6
f 135/190/2 189/192/2 237/192/2 172/316/2 238/190/2
f 203/222/7 228/70/7 159/73/7 98/223/7
f 186/184/2 134/183/2 236/183/2 290/317/2 234/184/2
f 185/181/9 97/180/9 244/180/9 289/318/9 232/181/9
f 601/319/1 642/96/1 991/96/1 951/319/1
f 510/249/1 432/83/1 826/83/1 850/249/1
f 569/320/1 641/321/1 990/321/1 918/320/1
f 463/302/1 202/277/1 776/277/1 767/302/1
f 488/322/1 285/323/1 800/323/1 802/322/1
f 437/287/1 153/142/1 734/142/1 733/287/1
f 584/323/1 583/322/1 933/322/1 934/323/1
f 641/321/1 570/324/1 920/324/1 990/321/1
f 462/273/1 279/272/1 768/272/1 765/273/1
f 487/226/1 226/203/1 694/203/1 801/226/1
f 509/325/1 400/215/1 669/215/1 849/325/1
f 476/326/1 282/241/1 575/241/1 604/326/1
f 436/286/1 150/139/1 732/139/1 731/286/1
f 582/203/1 581/226/1 931/226/1 932/203/1
f 640/327/1 569/320/1 918/320/1 989/327/1
f 160/94/1 409/95/1 558/95/1 565/94/1
f 408/328/1 214/329/1 557/329/1 556/328/1
f 486/330/1 509/325/1 849/325/1 799/330/1
f 559/243/1 580/331/1 930/331/1 907/243/1
f 600/332/1 640/327/1 989/327/1 950/332/1
f 485/331/1 215/243/1 686/243/1 798/331/1
f 507/333/1 493/334/1 607/334/1 615/333/1
f 513/335/1 479/213/1 578/213/1 621/335/1
f 160/94/1 434/336/1 727/336/1 728/94/1
f 551/337/1 579/252/1 929/252/1 900/337/1
f 599/338/1 639/339/1 988/339/1 949/338/1
f 284/289/1 484/298/1 796/298/1 797/289/1
f 140/214/1 433/239/1 726/239/1 725/214/1
f 639/339/1 600/332/1 950/332/1 988/339/1
f 210/236/1 483/301/1 794/301/1 795/236/1
f 489/340/1 508/341/1 848/341/1 835/340/1
f 638/342/1 599/338/1 949/338/1 987/342/1
f 482/252/1 138/337/1 793/337/1 792/252/1
f 532/233/1 489/340/1 835/340/1 874/233/1
f 1650/3/8 1665/343/8 365/343/8 372/3/8
f 1651/344/9 1809/345/9 327/345/9 371/344/9
f 1733/346/9 1694/347/9 352/347/9 344/346/9
f 1764/348/8 1766/349/8 337/349/8 336/348/8
f 1672/350/8 1799/351/8 333/351/8 364/350/8
f 1809/345/9 1805/352/9 328/352/9 327/345/9
f 1731/353/2 1732/354/2 345/354/2 346/353/2
f 1860/355/8 1667/356/8 356/356/8 308/355/8
f 1654/357/6 1730/358/6 347/358/6 350/357/6
f 1708/359/6 1762/360/6 338/360/6 354/359/6
f 1749/361/8 1840/362/8 317/362/8 341/361/8
f 1799/351/2 1815/363/2 321/363/2 333/351/2
f 1653/364/8 1652/365/8 370/365/8 369/364/8
f 1609/366/6 1860/355/6 308/355/6 383/366/6
f 1608/367/2 1612/368/2 382/368/2 384/367/2
f 1840/362/6 1639/369/6 378/369/6 317/362/6
f 1815/363/2 1697/370/2 357/370/2 321/363/2
f 1859/371/9 1748/372/9 342/372/9 309/371/9
f 1694/347/6 1637/373/6 380/373/6 352/347/6
f 1652/365/8 1724/374/8 349/374/8 370/365/8
f 1730/358/9 1852/375/9 312/375/9 347/358/9
f 1752/376/2 1859/371/2 309/371/2 339/376/2
f 1723/377/9 1654/357/9 350/357/9 351/377/9
f 1640/378/2 1698/379/2 353/379/2 377/378/2
f 1610/380/9 1646/381/9 373/381/9 374/380/9
f 1852/375/6 1733/346/6 344/346/6 312/375/6
f 1690/382/9 1691/383/9 359/383/9 360/382/9
f 294/270/1 348/384/1 1596/384/1 1595/270/1
f 1766/349/8 1672/350/8 364/350/8 337/349/8
f 1689/385/8 1785/386/8 334/386/8 362/385/8
f 1851/387/8 1731/353/8 346/353/8 313/387/8
f 1600/388/6 1599/389/6 386/389/6 385/388/6
f 1597/390/9 1642/391/9 375/391/9 376/390/9
f 1750/392/6 1749/361/6 341/361/6 340/392/6
f 1782/393/2 1690/382/2 360/382/2 335/393/2
f 330/394/7 362/385/7 361/395/7 306/396/7
f 337/349/7 364/350/7 363/397/7 307/398/7
f 336/348/7 337/349/7 307/398/7 338/360/7
f 338/360/7 307/398/7 373/381/7 354/359/7
f 340/392/7 339/376/7 309/371/7 342/372/7
f 345/354/7 343/399/7 310/400/7 347/358/7
f 347/358/7 310/400/7 351/377/7 350/357/7
f 355/401/7 311/402/7 369/364/7 386/389/7
f 344/346/7 345/354/7 347/358/7 312/375/7
f 381/403/7 358/404/7 313/387/7 380/373/7
f 380/373/7 313/387/7 344/346/7 352/347/7
f 332/405/7 340/392/7 342/372/7 314/406/7
f 356/356/7 314/406/7 367/407/7 384/367/7
f 378/369/7 379/408/7 377/378/7 317/362/7
f 341/361/7 317/362/7 339/376/7 340/392/7
f 365/343/7 366/409/7 331/410/7 318/411/7
f 372/3/7 365/343/7 318/411/7 371/344/7
f 383/366/7 384/367/7 382/368/7 319/412/7
f 366/409/7 383/366/7 319/412/7 331/410/7
f 334/386/7 329/413/7 335/393/7 320/414/7
f 362/385/7 334/386/7 320/414/7 361/395/7
f 361/395/7 320/414/7 359/383/7 376/390/7
f 320/414/7 335/393/7 360/382/7 359/383/7
f 317/362/7 377/378/7 353/379/7 339/376/7
f 314/406/7 342/372/7 368/415/7 367/407/7
f 313/387/7 346/353/7 345/354/7 344/346/7
f 310/400/7 355/401/7 386/389/7 351/377/7
f 308/355/7 356/356/7 384/367/7 383/366/7
f 307/398/7 363/397/7 374/380/7 373/381/7
f 306/396/7 361/395/7 376/390/7 375/391/7
f 370/365/7 349/374/7 327/345/7 328/352/7
f 349/374/7 372/3/7 371/344/7 327/345/7
f 386/389/7 369/364/7 324/416/7 385/388/7
f 369/364/7 370/365/7 328/352/7 324/416/7
f 363/397/7 321/363/7 357/370/7 374/380/7
f 364/350/7 333/351/7 321/363/7 363/397/7
f 154/308/2 248/74/2 1601/74/2 1661/308/2
f 237/192/6 293/307/6 1621/307/6 1679/192/6
f 181/267/8 230/177/8 1687/177/8 1688/267/8
f 252/191/6 292/310/6 1623/310/6 1717/191/6
f 178/265/8 232/181/8 1685/181/8 1686/265/8
f 288/254/8 233/176/8 1630/176/8 1631/254/8
f 235/189/8 291/313/8 1625/313/8 1681/189/8
f 177/260/6 234/184/6 1683/184/6 1684/260/6
f 234/184/6 290/317/6 1627/317/6 1683/184/6
f 175/253/8 235/189/8 1681/189/8 1682/253/8
f 246/205/8 164/255/8 1669/255/8 1615/205/8
f 289/318/8 244/180/8 1628/180/8 1629/318/8
f 232/181/8 289/318/8 1629/318/8 1685/181/8
f 251/91/9 316/256/9 1795/256/9 1716/91/9
f 172/316/6 237/192/6 1679/192/6 1680/316/6
f 244/180/8 166/257/8 1671/257/8 1628/180/8
f 290/317/6 236/183/6 1626/183/6 1627/317/6
f 230/177/8 288/254/8 1631/254/8 1687/177/8
f 254/209/9 305/311/9 1761/311/9 1720/209/9
f 260/90/9 315/261/9 1794/261/9 1793/90/9
f 316/256/9 260/90/9 1793/90/9 1795/256/9
f 291/313/8 231/178/8 1624/178/8 1625/313/8
f 259/208/9 304/314/9 1760/314/9 1759/208/9
f 305/311/9 259/208/9 1759/208/9 1761/311/9
f 315/261/9 252/191/9 1717/191/9 1794/261/9
f 239/89/2 171/305/2 1676/305/2 1675/89/2
f 242/200/8 169/269/8 1674/269/8 1613/200/8
f 292/310/6 238/190/6 1622/190/6 1623/310/6
f 248/74/2 298/315/2 1605/315/2 1601/74/2
f 304/314/9 249/71/9 1714/71/9 1760/314/9
f 171/305/2 240/88/2 1603/88/2 1676/305/2
f 240/88/2 299/312/2 1604/312/2 1603/88/2
f 296/263/8 246/205/8 1615/205/8 1616/263/8
f 293/307/6 229/185/6 1620/185/6 1621/307/6
f 238/190/6 172/316/6 1680/316/6 1622/190/6
f 297/258/8 242/200/8 1613/200/8 1614/258/8
f 236/183/8 175/253/8 1682/253/8 1626/183/8
f 348/384/8 294/270/8 1718/270/8 1829/384/8
f 169/269/8 241/199/8 1673/199/8 1674/269/8
f 229/185/6 177/260/6 1684/260/6 1620/185/6
f 166/257/8 243/206/8 1670/206/8 1671/257/8
f 233/176/8 178/265/8 1686/265/8 1630/176/8
f 295/268/2 348/384/2 1829/384/2 1719/268/2
f 164/255/8 245/207/8 1668/207/8 1669/255/8
f 231/178/8 181/267/8 1688/267/8 1624/178/8
f 299/312/2 247/220/2 1660/220/2 1604/312/2
f 298/315/2 255/78/2 1721/78/2 1605/315/2
f 255/78/9 303/304/9 1747/304/9 1721/78/9
f 258/216/9 302/309/9 1746/309/9 1745/216/9
f 303/304/9 258/216/9 1745/216/9 1747/304/9
f 1595/270/9 1596/384/9 1870/384/9 1869/270/9
f 302/309/9 250/80/9 1715/80/9 1746/309/9
f 1596/384/6 1594/268/6 1868/268/6 1870/384/6
f 245/207/8 297/258/8 1614/258/8 1668/207/8
f 1593/85/2 1595/270/2 1869/270/2 1867/85/2
f 247/220/2 154/308/2 1661/308/2 1660/220/2
f 249/71/9 326/262/9 1808/262/9 1714/71/9
f 243/206/8 296/263/8 1616/263/8 1670/206/8
f 1594/268/8 1593/85/8 1867/85/8 1868/268/8
f 262/70/9 325/266/9 1807/266/9 1806/70/9
f 326/262/9 262/70/9 1806/70/9 1808/262/9
f 325/266/9 256/222/9 1722/222/9 1807/266/9
f 241/199/8 295/268/8 1719/268/8 1673/199/8
f 256/222/9 301/259/9 1738/259/9 1722/222/9
f 250/80/9 323/271/9 1804/271/9 1715/80/9
f 294/270/2 239/89/2 1675/89/2 1718/270/2
f 257/221/9 300/264/9 1737/264/9 1736/221/9
f 301/259/9 257/221/9 1736/221/9 1738/259/9
f 261/79/9 322/306/9 1803/306/9 1802/79/9
f 323/271/9 261/79/9 1802/79/9 1804/271/9
f 300/264/9 251/91/9 1716/91/9 1737/264/9
f 570/324/1 638/342/1 987/342/1 920/324/1
f 283/278/1 481/279/1 790/279/1 791/278/1
f 575/241/1 574/242/1 924/242/1 925/241/1
f 597/250/1 637/251/1 986/251/1 947/250/1
f 145/282/1 480/283/1 788/283/1 789/282/1
f 508/341/1 435/417/1 729/417/1 848/341/1
f 401/234/1 532/233/1 874/233/1 824/234/1
f 637/251/1 601/319/1 951/319/1 986/251/1
f 636/418/1 566/419/1 914/419/1 985/418/1
f 589/420/1 636/418/1 985/418/1 939/420/1
f 493/334/1 507/333/1 847/333/1 809/334/1
f 453/319/1 545/96/1 642/96/1 601/319/1
f 531/421/1 494/172/1 810/172/1 873/421/1
f 635/422/1 602/423/1 952/423/1 984/422/1
f 507/333/1 440/424/1 741/424/1 847/333/1
f 477/242/1 282/241/1 787/241/1 786/242/1
f 408/328/1 531/421/1 873/421/1 683/328/1
f 573/425/1 635/422/1 984/422/1 923/425/1
f 506/426/1 492/427/1 807/427/1 846/426/1
f 494/172/1 531/421/1 629/421/1 587/172/1
f 567/227/1 568/193/1 916/193/1 915/227/1
f 593/428/1 634/429/1 983/429/1 943/428/1
f 634/429/1 604/326/1 954/326/1 983/429/1
f 440/424/1 507/333/1 615/333/1 598/424/1
f 435/417/1 506/426/1 846/426/1 729/417/1
f 564/336/1 565/94/1 913/94/1 912/336/1
f 562/239/1 563/214/1 911/214/1 910/239/1
f 578/213/1 633/212/1 982/212/1 928/213/1
f 149/430/1 434/336/1 564/336/1 595/430/1
f 633/212/1 549/232/1 897/232/1 982/212/1
f 492/427/1 505/431/1 845/431/1 807/427/1
f 558/95/1 559/243/1 907/243/1 906/95/1
f 538/251/1 453/319/1 601/319/1 637/251/1
f 632/240/1 562/239/1 910/239/1 981/240/1
f 276/15/1 446/231/1 749/231/1 698/15/1
f 531/421/1 408/328/1 556/328/1 629/421/1
f 505/431/1 401/234/1 824/234/1 845/431/1
f 498/202/1 529/432/1 871/432/1 817/202/1
f 556/328/1 557/329/1 905/329/1 904/328/1
f 579/252/1 632/240/1 981/240/1 929/252/1
f 492/427/1 506/426/1 614/426/1 606/427/1
f 536/422/1 472/423/1 602/423/1 635/422/1
f 153/142/1 445/275/1 747/275/1 734/142/1
f 472/423/1 519/433/1 627/433/1 602/423/1
f 529/432/1 404/194/1 677/194/1 871/432/1
f 475/425/1 536/422/1 635/422/1 573/425/1
f 431/434/1 513/335/1 621/335/1 594/434/1
f 281/219/1 469/195/1 777/195/1 778/219/1
f 413/248/1 501/435/1 610/435/1 592/248/1
f 202/277/1 468/218/1 775/218/1 776/277/1
f 547/436/1 548/437/1 896/437/1 895/436/1
f 280/245/1 466/235/1 772/235/1 773/245/1
f 504/438/1 495/439/1 812/439/1 843/438/1
f 429/294/1 211/69/1 722/69/1 721/294/1
f 506/426/1 435/417/1 596/417/1 614/426/1
f 585/340/1 630/233/1 980/233/1 935/340/1
f 440/424/1 214/329/1 684/329/1 741/424/1
f 519/433/1 474/440/1 603/440/1 627/433/1
f 58/196/1 465/244/1 770/244/1 771/196/1
f 428/293/1 102/136/1 720/136/1 719/293/1
f 630/233/1 552/234/1 901/234/1 980/233/1
f 224/193/1 404/194/1 591/194/1 568/193/1
f 431/434/1 504/438/1 843/438/1 724/434/1
f 104/437/1 430/428/1 593/428/1 548/437/1
f 279/272/1 463/302/1 767/302/1 768/272/1
f 587/172/1 629/421/1 979/421/1 937/172/1
f 268/171/1 390/285/1 651/285/1 652/171/1
f 266/169/1 462/273/1 765/273/1 766/169/1
f 629/421/1 556/328/1 904/328/1 979/421/1
f 495/439/1 503/441/1 842/441/1 812/439/1
f 389/281/1 270/99/1 650/99/1 649/281/1
f 430/428/1 535/429/1 634/429/1 593/428/1
f 503/441/1 399/232/1 823/232/1 842/441/1
f 402/292/1 155/143/1 672/143/1 671/292/1
f 628/432/1 609/202/1 959/202/1 978/432/1
f 591/194/1 628/432/1 978/432/1 941/194/1
f 388/284/1 273/228/1 646/228/1 645/284/1
f 407/97/1 545/96/1 892/96/1 825/97/1
f 602/423/1 627/433/1 977/433/1 952/423/1
f 627/433/1 603/440/1 953/440/1 977/433/1
f 197/165/1 423/276/1 710/276/1 711/165/1
f 626/442/1 571/443/1 921/443/1 976/442/1
f 155/143/1 437/287/1 733/287/1 672/143/1
f 545/96/1 453/319/1 756/319/1 892/96/1
f 603/440/1 626/442/1 976/442/1 953/440/1
f 387/280/1 274/68/1 644/68/1 643/280/1
f 152/144/1 436/286/1 731/286/1 827/144/1
f 571/443/1 625/444/1 975/444/1 921/443/1
f 267/163/1 422/274/1 709/274/1 708/163/1
f 625/444/1 573/425/1 923/425/1 975/444/1
f 434/336/1 149/430/1 670/430/1 727/336/1
f 624/445/1 597/250/1 947/250/1 974/445/1
f 576/446/1 624/445/1 974/445/1 926/446/1
f 501/435/1 413/248/1 693/248/1 839/435/1
f 554/97/1 623/447/1 973/447/1 903/97/1
f 623/447/1 576/446/1 926/446/1 973/447/1
f 430/428/1 104/437/1 668/437/1 723/428/1
f 393/420/1 501/435/1 839/435/1 657/420/1
f 622/448/1 547/436/1 895/436/1 972/448/1
f 100/145/1 429/294/1 721/294/1 666/145/1
f 574/242/1 622/448/1 972/448/1 924/242/1
f 77/137/1 428/293/1 719/293/1 664/137/1
f 542/321/1 448/320/1 829/320/1 889/321/1
f 621/335/1 578/213/1 928/213/1 971/335/1
f 446/231/1 277/229/1 750/229/1 749/231/1
f 594/434/1 621/335/1 971/335/1 944/434/1
f 445/275/1 275/230/1 748/230/1 747/275/1
f 287/173/1 494/172/1 587/172/1 588/173/1
f 450/324/1 542/321/1 889/321/1 830/324/1
f 566/419/1 620/84/1 970/84/1 914/419/1
f 448/320/1 541/327/1 888/327/1 829/320/1
f 438/419/1 512/84/1 620/84/1 566/419/1
f 501/435/1 393/420/1 589/420/1 610/435/1
f 620/84/1 560/83/1 908/83/1 970/84/1
f 535/429/1 476/326/1 604/326/1 634/429/1
f 423/276/1 265/164/1 656/164/1 710/276/1
f 422/274/1 266/169/1 766/169/1 709/274/1
f 518/442/1 473/443/1 571/443/1 626/442/1
f 493/334/1 287/173/1 588/173/1 607/334/1
f 505/431/1 492/427/1 606/427/1 613/431/1
f 512/84/1 432/83/1 560/83/1 620/84/1
f 581/226/1 619/225/1 969/225/1 931/226/1
f 541/327/1 449/332/1 752/332/1 888/327/1
f 401/234/1 505/431/1 613/431/1 552/234/1
f 619/225/1 567/227/1 915/227/1 969/225/1
f 420/296/1 268/171/1 652/171/1 706/296/1
f 540/339/1 447/338/1 751/338/1 887/339/1
f 529/432/1 498/202/1 609/202/1 628/432/1
f 474/440/1 518/442/1 626/442/1 603/440/1
f 618/249/1 592/248/1 942/248/1 968/249/1
f 140/214/1 400/215/1 590/215/1 563/214/1
f 270/99/1 419/295/1 704/295/1 650/99/1
f 104/437/1 398/436/1 667/436/1 668/437/1
f 560/83/1 618/249/1 968/249/1 908/83/1
f 397/300/1 100/145/1 666/145/1 665/300/1
f 449/332/1 540/339/1 887/339/1 752/332/1
f 590/215/1 617/325/1 967/325/1 940/215/1
f 273/228/1 417/303/1 701/303/1 646/228/1
f 396/297/1 77/137/1 664/137/1 663/297/1
f 617/325/1 605/330/1 955/330/1 967/325/1
f 274/68/1 416/299/1 699/299/1 644/68/1
f 275/230/1 415/290/1 697/290/1 748/230/1
f 447/338/1 539/342/1 886/342/1 751/338/1
f 616/341/1 585/340/1 935/340/1 966/341/1
f 277/229/1 414/288/1 695/288/1 750/229/1
f 539/342/1 450/324/1 830/324/1 886/342/1
f 596/417/1 616/341/1 966/341/1 946/417/1
f 226/203/1 498/202/1 817/202/1 694/203/1
f 538/251/1 439/250/1 740/250/1 885/251/1
f 615/333/1 607/334/1 957/334/1 965/333/1
f 598/424/1 615/333/1 965/333/1 948/424/1
f 453/319/1 538/251/1 885/251/1 756/319/1
f 404/194/1 529/432/1 628/432/1 591/194/1
f 606/427/1 614/426/1 964/426/1 956/427/1
f 479/213/1 534/212/1 633/212/1 578/213/1
f 409/95/1 160/94/1 728/94/1 685/95/1
f 614/426/1 596/417/1 946/417/1 964/426/1
f 519/433/1 472/423/1 783/423/1 859/433/1
f 487/226/1 511/225/1 619/225/1 581/226/1
f 613/431/1 606/427/1 956/427/1 963/431/1
f 552/234/1 613/431/1 963/431/1 901/234/1
f 474/440/1 519/433/1 859/433/1 784/440/1
f 448/320/1 542/321/1 641/321/1 569/320/1
f 608/439/1 612/438/1 962/438/1 958/439/1
f 612/438/1 594/434/1 944/434/1 962/438/1
f 404/194/1 224/193/1 743/193/1 677/194/1
f 473/443/1 518/442/1 858/442/1 831/443/1
f 611/441/1 608/439/1 958/439/1 961/441/1
f 287/173/1 493/334/1 809/334/1 808/173/1
f 549/232/1 611/441/1 961/441/1 897/232/1
f 592/248/1 610/435/1 960/435/1 942/248/1
f 150/139/1 402/292/1 671/292/1 732/139/1
f 518/442/1 474/440/1 784/440/1 858/442/1
f 269/98/1 420/296/1 706/296/1 705/98/1
f 610/435/1 589/420/1 939/420/1 960/435/1
f 491/238/1 152/144/1 827/144/1 805/238/1
f 419/295/1 269/98/1 705/98/1 704/295/1
f 609/202/1 582/203/1 932/203/1 959/202/1
f 400/215/1 140/214/1 725/214/1 669/215/1
f 490/247/1 286/237/1 806/237/1 803/247/1
f 517/444/1 473/443/1 831/443/1 857/444/1
f 417/303/1 204/100/1 702/100/1 701/303/1
f 607/334/1 588/173/1 938/173/1 957/334/1
f 149/430/1 488/322/1 802/322/1 670/430/1
f 475/425/1 517/444/1 857/444/1 832/425/1
f 416/299/1 272/67/1 700/67/1 699/299/1
f 438/419/1 537/418/1 881/418/1 828/419/1
f 102/136/1 397/300/1 665/300/1 720/136/1
f 138/337/1 486/330/1 799/330/1 793/337/1
f 439/250/1 516/445/1 856/445/1 740/250/1
f 583/322/1 595/430/1 945/430/1 933/322/1
f 162/138/1 396/297/1 663/297/1 696/138/1
f 285/323/1 485/331/1 798/331/1 800/323/1
f 516/445/1 478/446/1 833/446/1 856/445/1
f 605/330/1 551/337/1 900/337/1 955/330/1
f 484/298/1 145/282/1 789/282/1 796/298/1
f 537/418/1 393/420/1 657/420/1 881/418/1
f 580/331/1 584/323/1 934/323/1 930/331/1
f 483/301/1 284/289/1 797/289/1 794/301/1
f 415/290/1 276/15/1 698/15/1 697/290/1
f 515/447/1 407/97/1 825/97/1 855/447/1
f 604/326/1 575/241/1 925/241/1 954/326/1
f 392/291/1 267/163/1 708/163/1 655/291/1
f 481/279/1 161/246/1 804/246/1 790/279/1
f 480/283/1 283/278/1 791/278/1 788/283/1
f 478/446/1 515/447/1 855/447/1 833/446/1
f 390/285/1 197/165/1 711/165/1 651/285/1
f 398/436/1 514/448/1 854/448/1 667/436/1
f 204/100/1 389/281/1 649/281/1 702/100/1
f 265/164/1 392/291/1 655/291/1 656/164/1
f 514/448/1 477/242/1 786/242/1 854/448/1
f 224/193/1 441/227/1 742/227/1 743/193/1
f 272/67/1 388/284/1 645/284/1 700/67/1
f 414/288/1 162/138/1 696/138/1 695/288/1
f 211/69/1 387/280/1 643/280/1 722/69/1
f 282/241/1 476/326/1 785/326/1 787/241/1
f 479/213/1 513/335/1 853/335/1 834/213/1
f 557/329/1 598/424/1 948/424/1 905/329/1
f 472/423/1 536/422/1 878/422/1 783/423/1
f 536/422/1 475/425/1 832/425/1 878/422/1
f 513/335/1 431/434/1 724/434/1 853/335/1
f 595/430/1 564/336/1 912/336/1 945/430/1
f 215/243/1 409/95/1 685/95/1 686/243/1
f 535/429/1 430/428/1 723/428/1 877/429/1
f 450/324/1 539/342/1 638/342/1 570/324/1
f 477/242/1 514/448/1 622/448/1 574/242/1
f 435/417/1 508/341/1 616/341/1 596/417/1
f 539/342/1 447/338/1 599/338/1 638/342/1
f 514/448/1 398/436/1 547/436/1 622/448/1
f 489/340/1 532/233/1 630/233/1 585/340/1
f 515/447/1 478/446/1 576/446/1 623/447/1
f 508/341/1 489/340/1 585/340/1 616/341/1
f 441/227/1 224/193/1 568/193/1 567/227/1
f 399/232/1 503/441/1 611/441/1 549/232/1
f 540/339/1 449/332/1 600/332/1 639/339/1
f 407/97/1 515/447/1 623/447/1 554/97/1
f 503/441/1 495/439/1 608/439/1 611/441/1
f 393/420/1 537/418/1 636/418/1 589/420/1
f 138/337/1 482/252/1 579/252/1 551/337/1
f 447/338/1 540/339/1 639/339/1 599/338/1
f 509/325/1 486/330/1 605/330/1 617/325/1
f 449/332/1 541/327/1 640/327/1 600/332/1
f 478/446/1 516/445/1 624/445/1 576/446/1
f 400/215/1 509/325/1 617/325/1 590/215/1
f 504/438/1 431/434/1 594/434/1 612/438/1
f 485/331/1 285/323/1 584/323/1 580/331/1
f 516/445/1 439/250/1 597/250/1 624/445/1
f 537/418/1 438/419/1 566/419/1 636/418/1
f 215/243/1 485/331/1 580/331/1 559/243/1
f 433/239/1 140/214/1 563/214/1 562/239/1
f 486/330/1 138/337/1 551/337/1 605/330/1
f 214/329/1 440/424/1 598/424/1 557/329/1
f 432/83/1 510/249/1 618/249/1 560/83/1
f 482/252/1 533/240/1 632/240/1 579/252/1
f 495/439/1 504/438/1 612/438/1 608/439/1
f 434/336/1 160/94/1 565/94/1 564/336/1
f 541/327/1 448/320/1 569/320/1 640/327/1
f 517/444/1 475/425/1 573/425/1 625/444/1
f 510/249/1 413/248/1 592/248/1 618/249/1
f 226/203/1 487/226/1 581/226/1 582/203/1
f 533/240/1 433/239/1 562/239/1 632/240/1
f 488/322/1 149/430/1 595/430/1 583/322/1
f 542/321/1 450/324/1 570/324/1 641/321/1
f 285/323/1 488/322/1 583/322/1 584/323/1
f 534/212/1 399/232/1 549/232/1 633/212/1
f 398/436/1 104/437/1 548/437/1 547/436/1
f 473/443/1 517/444/1 625/444/1 571/443/1
f 511/225/1 441/227/1 567/227/1 619/225/1
f 783/423/1 878/422/1 1071/422/1 1004/423/1
f 878/422/1 832/425/1 1043/425/1 1071/422/1
f 693/248/1 850/249/1 1055/249/1 471/248/1
f 945/430/1 912/336/1 1095/336/1 1128/430/1
f 850/249/1 826/83/1 1037/83/1 1055/249/1
f 877/429/1 723/428/1 421/428/1 1070/429/1
f 785/326/1 877/429/1 1070/429/1 1006/326/1
f 896/437/1 943/428/1 1126/428/1 1080/437/1
f 849/325/1 669/215/1 523/215/1 1054/325/1
f 778/219/1 777/195/1 1002/195/1 1003/219/1
f 799/330/1 849/325/1 1054/325/1 1020/330/1
f 913/94/1 906/95/1 1089/95/1 1096/94/1
f 776/277/1 775/218/1 1000/218/1 1001/277/1
f 876/212/1 834/213/1 1045/213/1 1069/212/1
f 916/193/1 941/194/1 1124/194/1 1099/193/1
f 835/340/1 848/341/1 1053/341/1 1046/340/1
f 911/214/1 940/215/1 1123/215/1 1094/214/1
f 773/245/1 772/235/1 998/235/1 999/245/1
f 823/232/1 876/212/1 1069/212/1 1034/232/1
f 771/196/1 770/244/1 996/244/1 997/196/1
f 726/239/1 875/240/1 1068/240/1 411/239/1
f 848/341/1 729/417/1 405/417/1 1053/341/1
f 875/240/1 792/252/1 1013/252/1 1068/240/1
f 938/173/1 937/172/1 1120/172/1 1121/173/1
f 768/272/1 767/302/1 994/302/1 995/272/1
f 991/96/1 903/97/1 1085/97/1 1175/96/1
f 698/15/1 749/231/1 199/231/1 460/15/1
f 766/169/1 765/273/1 992/273/1 993/169/1
f 951/319/1 991/96/1 1175/96/1 1134/319/1
f 734/142/1 747/275/1 217/275/1 391/142/1
f 809/334/1 847/333/1 1052/333/1 1030/334/1
f 918/320/1 990/321/1 1174/321/1 1101/320/1
f 847/333/1 741/424/1 271/424/1 1052/333/1
f 874/233/1 835/340/1 1046/340/1 1067/233/1
f 934/323/1 933/322/1 1116/322/1 1117/323/1
f 990/321/1 920/324/1 1103/324/1 1174/321/1
f 846/426/1 807/427/1 1028/427/1 1051/426/1
f 932/203/1 931/226/1 1114/226/1 1115/203/1
f 989/327/1 918/320/1 1101/320/1 1173/327/1
f 733/287/1 734/142/1 391/142/1 394/287/1
f 824/234/1 874/233/1 1067/233/1 1035/234/1
f 907/243/1 930/331/1 1113/331/1 1090/243/1
f 950/332/1 989/327/1 1173/327/1 1133/332/1
f 729/417/1 846/426/1 1051/426/1 405/417/1
f 731/286/1 732/139/1 395/139/1 403/286/1
f 900/337/1 929/252/1 1112/252/1 1082/337/1
f 949/338/1 988/339/1 1172/339/1 1132/338/1
f 741/424/1 684/329/1 499/329/1 271/424/1
f 873/421/1 810/172/1 1031/172/1 1066/421/1
f 988/339/1 950/332/1 1133/332/1 1172/339/1
f 728/94/1 727/336/1 410/336/1 406/94/1
f 683/328/1 873/421/1 1066/421/1 500/328/1
f 987/342/1 949/338/1 1132/338/1 1171/342/1
f 807/427/1 845/431/1 1050/431/1 1028/427/1
f 725/214/1 726/239/1 411/239/1 412/214/1
f 920/324/1 987/342/1 1171/342/1 1103/324/1
f 845/431/1 824/234/1 1035/234/1 1050/431/1
f 925/241/1 924/242/1 1107/242/1 1108/241/1
f 947/250/1 986/251/1 1170/251/1 1130/250/1
f 986/251/1 951/319/1 1134/319/1 1170/251/1
f 721/294/1 722/69/1 424/69/1 425/294/1
f 985/418/1 914/419/1 1097/419/1 1169/418/1
f 719/293/1 720/136/1 426/136/1 427/293/1
f 939/420/1 985/418/1 1169/418/1 1122/420/1
f 817/202/1 871/432/1 1065/432/1 1033/202/1
f 984/422/1 952/423/1 1135/423/1 1168/422/1
f 871/432/1 677/194/1 502/194/1 1065/432/1
f 923/425/1 984/422/1 1168/422/1 1106/425/1
f 672/143/1 733/287/1 394/287/1 520/143/1
f 843/438/1 812/439/1 1032/439/1 1049/438/1
f 915/227/1 916/193/1 1099/193/1 1098/227/1
f 943/428/1 983/429/1 1167/429/1 1126/428/1
f 827/144/1 731/286/1 403/286/1 1038/144/1
f 749/231/1 750/229/1 198/229/1 199/231/1
f 983/429/1 954/326/1 1137/326/1 1167/429/1
f 727/336/1 670/430/1 522/430/1 410/336/1
f 724/434/1 843/438/1 1049/438/1 418/434/1
f 711/165/1 710/276/1 443/276/1 442/165/1
f 912/336/1 913/94/1 1096/94/1 1095/336/1
f 747/275/1 748/230/1 205/230/1 217/275/1
f 708/163/1 709/274/1 444/274/1 451/163/1
f 910/239/1 911/214/1 1094/214/1 1093/239/1
f 928/213/1 982/212/1 1166/212/1 1111/213/1
f 982/212/1 897/232/1 1081/232/1 1166/212/1
f 723/428/1 668/437/1 524/437/1 421/428/1
f 812/439/1 842/441/1 1048/441/1 1032/439/1
f 705/98/1 706/296/1 452/296/1 454/98/1
f 906/95/1 907/243/1 1090/243/1 1089/95/1
f 981/240/1 910/239/1 1093/239/1 1165/240/1
f 666/145/1 721/294/1 425/294/1 526/145/1
f 842/441/1 823/232/1 1034/232/1 1048/441/1
f 704/295/1 705/98/1 454/98/1 455/295/1
f 904/328/1 905/329/1 1088/329/1 1087/328/1
f 743/193/1 742/227/1 264/227/1 263/193/1
f 929/252/1 981/240/1 1165/240/1 1112/252/1
f 664/137/1 719/293/1 427/293/1 528/137/1
f 701/303/1 702/100/1 456/100/1 457/303/1
f 699/299/1 700/67/1 458/67/1 459/299/1
f 697/290/1 698/15/1 460/15/1 461/290/1
f 695/288/1 696/138/1 464/138/1 467/288/1
f 895/436/1 896/437/1 1080/437/1 1079/436/1
f 710/276/1 656/164/1 544/164/1 443/276/1
f 935/340/1 980/233/1 1163/233/1 1118/340/1
f 709/274/1 766/169/1 993/169/1 444/274/1
f 980/233/1 901/234/1 1083/234/1 1163/233/1
f 706/296/1 652/171/1 550/171/1 452/296/1
f 937/172/1 979/421/1 1162/421/1 1120/172/1
f 650/99/1 704/295/1 455/295/1 555/99/1
f 839/435/1 693/248/1 471/248/1 1047/435/1
f 686/243/1 685/95/1 497/95/1 496/243/1
f 979/421/1 904/328/1 1087/328/1 1162/421/1
f 684/329/1 683/328/1 500/328/1 499/329/1
f 646/228/1 701/303/1 457/303/1 572/228/1
f 657/420/1 839/435/1 1047/435/1 543/420/1
f 978/432/1 959/202/1 1142/202/1 1161/432/1
f 644/68/1 699/299/1 459/299/1 586/68/1
f 941/194/1 978/432/1 1161/432/1 1124/194/1
f 748/230/1 697/290/1 461/290/1 205/230/1
f 825/97/1 892/96/1 1078/96/1 1036/97/1
f 952/423/1 977/433/1 1160/433/1 1135/423/1
f 750/229/1 695/288/1 467/288/1 198/229/1
f 977/433/1 953/440/1 1136/440/1 1160/433/1
f 976/442/1 921/443/1 1104/443/1 1159/442/1
f 671/292/1 672/143/1 520/143/1 521/292/1
f 892/96/1 756/319/1 55/319/1 1078/96/1
f 953/440/1 976/442/1 1159/442/1 1136/440/1
f 921/443/1 975/444/1 1158/444/1 1104/443/1
f 685/95/1 728/94/1 406/94/1 497/95/1
f 668/437/1 667/436/1 525/436/1 524/437/1
f 975/444/1 923/425/1 1106/425/1 1158/444/1
f 665/300/1 666/145/1 526/145/1 527/300/1
f 974/445/1 947/250/1 1130/250/1 1157/445/1
f 663/297/1 664/137/1 528/137/1 530/297/1
f 926/446/1 974/445/1 1157/445/1 1109/446/1
f 903/97/1 973/447/1 1156/447/1 1085/97/1
f 973/447/1 926/446/1 1109/446/1 1156/447/1
f 677/194/1 743/193/1 263/193/1 502/194/1
f 972/448/1 895/436/1 1079/436/1 1155/448/1
f 656/164/1 655/291/1 546/291/1 544/164/1
f 924/242/1 972/448/1 1155/448/1 1107/242/1
f 732/139/1 671/292/1 521/292/1 395/139/1
f 652/171/1 651/285/1 553/285/1 550/171/1
f 889/321/1 829/320/1 1040/320/1 1077/321/1
f 971/335/1 928/213/1 1111/213/1 1154/335/1
f 649/281/1 650/99/1 555/99/1 561/281/1
f 944/434/1 971/335/1 1154/335/1 1127/434/1
f 669/215/1 725/214/1 412/214/1 523/215/1
f 830/324/1 889/321/1 1077/321/1 1041/324/1
f 914/419/1 970/84/1 1153/84/1 1097/419/1
f 694/203/1 817/202/1 1033/202/1 470/203/1
f 645/284/1 646/228/1 572/228/1 577/284/1
f 829/320/1 888/327/1 1076/327/1 1040/320/1
f 970/84/1 908/83/1 1091/83/1 1153/84/1
f 643/280/1 644/68/1 586/68/1 631/280/1
f 720/136/1 665/300/1 527/300/1 426/136/1
f 931/226/1 969/225/1 1152/225/1 1114/226/1
f 696/138/1 663/297/1 530/297/1 464/138/1
f 888/327/1 752/332/1 190/332/1 1076/327/1
f 969/225/1 915/227/1 1098/227/1 1152/225/1
f 887/339/1 751/338/1 193/338/1 1075/339/1
f 968/249/1 942/248/1 1125/248/1 1151/249/1
f 908/83/1 968/249/1 1151/249/1 1091/83/1
f 655/291/1 708/163/1 451/163/1 546/291/1
f 752/332/1 887/339/1 1075/339/1 190/332/1
f 940/215/1 967/325/1 1150/325/1 1123/215/1
f 967/325/1 955/330/1 1138/330/1 1150/325/1
f 651/285/1 711/165/1 442/165/1 553/285/1
f 808/173/1 809/334/1 1030/334/1 1029/173/1
f 859/433/1 783/423/1 1004/423/1 1064/433/1
f 702/100/1 649/281/1 561/281/1 456/100/1
f 805/238/1 827/144/1 1038/144/1 1026/238/1
f 751/338/1 886/342/1 1074/342/1 193/338/1
f 966/341/1 935/340/1 1118/340/1 1149/341/1
f 803/247/1 806/237/1 1027/237/1 1024/247/1
f 784/440/1 859/433/1 1064/433/1 1005/440/1
f 886/342/1 830/324/1 1041/324/1 1074/342/1
f 946/417/1 966/341/1 1149/341/1 1129/417/1
f 700/67/1 645/284/1 577/284/1 458/67/1
f 722/69/1 643/280/1 631/280/1 424/69/1
f 670/430/1 802/322/1 1023/322/1 522/430/1
f 831/443/1 858/442/1 1063/442/1 1042/443/1
f 885/251/1 740/250/1 278/250/1 1073/251/1
f 965/333/1 957/334/1 1140/334/1 1148/333/1
f 948/424/1 965/333/1 1148/333/1 1131/424/1
f 793/337/1 799/330/1 1020/330/1 1014/337/1
f 756/319/1 885/251/1 1073/251/1 55/319/1
f 956/427/1 964/426/1 1147/426/1 1139/427/1
f 800/323/1 798/331/1 1019/331/1 1021/323/1
f 858/442/1 784/440/1 1005/440/1 1063/442/1
f 964/426/1 946/417/1 1129/417/1 1147/426/1
f 796/298/1 789/282/1 1010/282/1 1017/298/1
f 963/431/1 956/427/1 1139/427/1 1146/431/1
f 794/301/1 797/289/1 1018/289/1 1015/301/1
f 857/444/1 831/443/1 1042/443/1 1062/444/1
f 901/234/1 963/431/1 1146/431/1 1083/234/1
f 958/439/1 962/438/1 1145/438/1 1141/439/1
f 790/279/1 804/246/1 1025/246/1 1011/279/1
f 832/425/1 857/444/1 1062/444/1 1043/425/1
f 962/438/1 944/434/1 1127/434/1 1145/438/1
f 788/283/1 791/278/1 1012/278/1 1009/283/1
f 961/441/1 958/439/1 1141/439/1 1144/441/1
f 740/250/1 856/445/1 1061/445/1 278/250/1
f 897/232/1 961/441/1 1144/441/1 1081/232/1
f 856/445/1 833/446/1 1044/446/1 1061/445/1
f 942/248/1 960/435/1 1143/435/1 1125/248/1
f 960/435/1 939/420/1 1122/420/1 1143/435/1
f 787/241/1 785/326/1 1006/326/1 1008/241/1
f 959/202/1 932/203/1 1115/203/1 1142/202/1
f 810/172/1 808/173/1 1029/173/1 1031/172/1
f 855/447/1 825/97/1 1036/97/1 1060/447/1
f 957/334/1 938/173/1 1121/173/1 1140/334/1
f 833/446/1 855/447/1 1060/447/1 1044/446/1
f 806/237/1 805/238/1 1026/238/1 1027/237/1
f 667/436/1 854/448/1 1059/448/1 525/436/1
f 828/419/1 881/418/1 1072/418/1 1039/419/1
f 804/246/1 803/247/1 1024/247/1 1025/246/1
f 854/448/1 786/242/1 1007/242/1 1059/448/1
f 933/322/1 945/430/1 1128/430/1 1116/322/1
f 802/322/1 800/323/1 1021/323/1 1023/322/1
f 955/330/1 900/337/1 1082/337/1 1138/330/1
f 801/226/1 694/203/1 470/203/1 1022/226/1
f 777/195/1 771/196/1 997/196/1 1002/195/1
f 834/213/1 853/335/1 1058/335/1 1045/213/1
f 881/418/1 657/420/1 543/420/1 1072/418/1
f 930/331/1 934/323/1 1117/323/1 1113/331/1
f 775/218/1 778/219/1 1003/219/1 1000/218/1
f 798/331/1 686/243/1 496/243/1 1019/331/1
f 954/326/1 925/241/1 1108/241/1 1137/326/1
f 797/289/1 796/298/1 1017/298/1 1018/289/1
f 772/235/1 795/236/1 1016/236/1 998/235/1
f 853/335/1 724/434/1 418/434/1 1058/335/1
f 795/236/1 794/301/1 1015/301/1 1016/236/1
f 770/244/1 773/245/1 999/245/1 996/244/1
f 792/252/1 793/337/1 1014/337/1 1013/252/1
f 852/84/1 828/419/1 1039/419/1 1057/84/1
f 791/278/1 790/279/1 1011/279/1 1012/278/1
f 767/302/1 776/277/1 1001/277/1 994/302/1
f 789/282/1 788/283/1 1009/283/1 1010/282/1
f 765/273/1 768/272/1 995/272/1 992/273/1
f 826/83/1 852/84/1 1057/84/1 1037/83/1
f 548/437/1 593/428/1 943/428/1 896/437/1
f 476/326/1 535/429/1 877/429/1 785/326/1
f 214/329/1 408/328/1 683/328/1 684/329/1
f 512/84/1 438/419/1 828/419/1 852/84/1
f 190/332/2 1075/339/2 1310/339/2 715/332/2
f 1123/215/9 1150/325/9 1386/325/9 1359/215/9
f 1150/325/9 1138/330/9 1374/330/9 1386/325/9
f 553/285/6 442/165/6 661/165/6 1235/285/6
f 1029/173/9 1030/334/9 894/334/9 898/173/9
f 1001/277/8 1000/218/8 781/218/8 780/277/8
f 1064/433/8 1004/423/8 819/423/8 1282/433/8
f 456/100/9 561/281/9 1236/281/9 675/100/9
f 1026/238/8 1038/144/8 1250/144/8 890/238/8
f 193/338/8 1074/342/8 1309/342/8 713/338/8
f 1149/341/8 1118/340/8 1355/340/8 1385/341/8
f 1024/247/8 1027/237/8 884/237/8 883/247/8
f 1005/440/2 1064/433/2 1282/433/2 821/440/2
f 1074/342/6 1041/324/6 1253/324/6 1309/342/6
f 1129/417/6 1149/341/6 1385/341/6 1365/417/6
f 458/67/9 577/284/9 1238/284/9 1203/67/9
f 1003/219/8 1002/195/8 811/195/8 782/219/8
f 424/69/9 631/280/9 1239/280/9 678/69/9
f 1023/322/9 1021/323/9 879/323/9 880/322/9
f 522/430/9 1023/322/9 880/322/9 917/430/9
f 1042/443/9 1063/442/9 1281/442/9 1254/443/9
f 1073/251/8 278/250/8 679/250/8 1308/251/8
f 1148/333/6 1140/334/6 1376/334/6 1384/333/6
f 1131/424/6 1148/333/6 1384/333/6 1367/424/6
f 1014/337/2 1020/330/2 869/330/2 861/337/2
f 55/319/2 1073/251/2 1308/251/2 736/319/2
f 1139/427/9 1147/426/9 1383/426/9 1375/427/9
f 1021/323/2 1019/331/2 868/331/2 879/323/2
f 1063/442/2 1005/440/2 821/440/2 1281/442/2
f 1147/426/6 1129/417/6 1365/417/6 1383/426/6
f 1017/298/8 1010/282/8 840/282/8 866/298/8
f 1146/431/9 1139/427/9 1375/427/9 1382/431/9
f 1015/301/8 1018/289/8 865/289/8 864/301/8
f 1062/444/9 1042/443/9 1254/443/9 1280/444/9
f 1083/234/2 1146/431/2 1382/431/2 1323/234/2
f 1141/439/9 1145/438/9 1381/438/9 1377/439/9
f 1011/279/8 1025/246/8 882/246/8 860/279/8
f 1043/425/6 1062/444/6 1280/444/6 1255/425/6
f 1145/438/6 1127/434/6 1363/434/6 1381/438/6
f 1009/283/8 1012/278/8 844/278/8 841/283/8
f 1144/441/9 1141/439/9 1377/439/9 1380/441/9
f 278/250/8 1061/445/8 1279/445/8 679/250/8
f 1081/232/2 1144/441/2 1380/441/2 1320/232/2
f 1061/445/6 1044/446/6 1256/446/6 1279/445/6
f 1125/248/9 1143/435/9 1379/435/9 1361/248/9
f 1143/435/6 1122/420/6 1358/420/6 1379/435/6
f 1008/241/2 1006/326/2 836/326/2 837/241/2
f 1142/202/8 1115/203/8 1352/203/8 1378/202/8
f 1060/447/9 1036/97/9 1248/97/9 1278/447/9
f 1140/334/8 1121/173/8 1357/173/8 1376/334/8
f 1044/446/6 1060/447/6 1278/447/6 1256/446/6
f 525/436/9 1059/448/9 1277/448/9 1225/436/9
f 1039/419/9 1072/418/9 1304/418/9 1251/419/9
f 1059/448/9 1007/242/9 838/242/9 1277/448/9
f 631/280/9 586/68/9 716/68/9 1239/280/9
f 1116/322/8 1128/430/8 1364/430/8 1353/322/8
f 577/284/9 572/228/9 737/228/9 1238/284/9
f 1138/330/6 1082/337/6 1322/337/6 1374/330/6
f 1002/195/8 997/196/8 763/196/8 811/195/8
f 1045/213/9 1058/335/9 1276/335/9 1257/213/9
f 1072/418/2 543/420/2 1231/420/2 1304/418/2
f 1113/331/6 1117/323/6 1354/323/6 1350/331/6
f 1000/218/8 1003/219/8 782/219/8 781/218/8
f 1137/326/6 1108/241/6 1345/241/6 1373/326/6
f 998/235/8 1016/236/8 863/236/8 774/235/8
f 1058/335/2 418/434/2 1185/434/2 1276/335/2
f 263/193/8 264/227/8 682/227/8 681/193/8
f 996/244/8 999/245/8 769/245/8 764/244/8
f 1057/84/9 1039/419/9 1251/419/9 1275/84/9
f 994/302/8 1001/277/8 780/277/8 761/302/8
f 561/281/9 555/99/9 745/99/9 1236/281/9
f 992/273/8 995/272/8 760/272/8 759/273/8
f 1037/83/6 1057/84/6 1275/84/6 1249/83/6
f 550/171/6 553/285/6 1235/285/6 754/171/6
f 1025/246/8 1024/247/8 883/247/8 882/246/8
f 1027/237/8 1026/238/8 890/238/8 884/237/8
f 1056/225/6 1022/226/6 872/226/6 1274/225/6
f 544/164/6 546/291/6 1232/291/6 1233/164/6
f 1088/329/9 1131/424/9 1367/424/9 1327/329/9
f 264/227/6 1056/225/6 1274/225/6 682/227/6
f 1004/423/8 1071/422/8 1301/422/8 819/423/8
f 1071/422/6 1043/425/6 1255/425/6 1301/422/6
f 217/275/2 205/230/2 692/230/2 703/275/2
f 471/248/8 1055/249/8 1273/249/8 1209/248/8
f 1128/430/2 1095/336/2 1334/336/2 1364/430/2
f 1055/249/6 1037/83/6 1249/83/6 1273/249/6
f 1070/429/8 421/428/8 1186/428/8 1300/429/8
f 1006/326/8 1070/429/8 1300/429/8 836/326/8
f 1080/437/2 1126/428/2 1362/428/2 1319/437/2
f 199/231/9 198/229/9 712/229/9 707/231/9
f 1007/242/2 1008/241/2 837/241/2 838/242/2
f 1054/325/8 523/215/8 1224/215/8 1272/325/8
f 530/297/9 528/137/9 818/137/9 1227/297/9
f 1010/282/8 1009/283/8 841/283/8 840/282/8
f 1020/330/8 1054/325/8 1272/325/8 869/330/8
f 527/300/9 526/145/9 822/145/9 1226/300/9
f 1096/94/9 1089/95/9 1328/95/9 1335/94/9
f 1012/278/8 1011/279/8 860/279/8 844/278/8
f 1069/212/9 1045/213/9 1257/213/9 1299/212/9
f 524/437/6 525/436/6 1225/436/6 820/437/6
f 1099/193/9 1124/194/9 1360/194/9 1338/193/9
f 1031/172/9 1029/173/9 898/173/9 899/172/9
f 1046/340/9 1053/341/9 1271/341/9 1258/340/9
f 1094/214/2 1123/215/2 1359/215/2 1333/214/2
f 1034/232/6 1069/212/6 1299/212/6 1246/232/6
f 521/292/2 520/143/2 1223/143/2 1222/292/2
f 411/239/9 1068/240/9 1298/240/9 1183/239/9
f 1053/341/2 405/417/2 1181/417/2 1271/341/2
f 1068/240/9 1013/252/9 862/252/9 1298/240/9
f 1121/173/8 1120/172/8 1356/172/8 1357/173/8
f 1175/96/8 1085/97/8 1324/97/8 1411/96/8
f 460/15/9 199/231/9 707/231/9 1207/15/9
f 1134/319/6 1175/96/6 1411/96/6 1370/319/6
f 391/142/2 217/275/2 703/275/2 1178/142/2
f 1030/334/2 1052/333/2 1270/333/2 894/334/2
f 1101/320/8 1174/321/8 1410/321/8 1340/320/8
f 1052/333/2 271/424/2 680/424/2 1270/333/2
f 1067/233/9 1046/340/9 1258/340/9 1297/233/9
f 1117/323/8 1116/322/8 1353/322/8 1354/323/8
f 1174/321/2 1103/324/2 1341/324/2 1410/321/2
f 1051/426/8 1028/427/8 891/427/8 1269/426/8
f 1115/203/8 1114/226/8 1351/226/8 1352/203/8
f 1173/327/8 1101/320/8 1340/320/8 1409/327/8
f 1035/234/6 1067/233/6 1297/233/6 1247/234/6
f 1090/243/6 1113/331/6 1350/331/6 1329/243/6
f 1133/332/6 1173/327/6 1409/327/6 1369/332/6
f 405/417/2 1051/426/2 1269/426/2 1181/417/2
f 1082/337/6 1112/252/6 1349/252/6 1322/337/6
f 1132/338/9 1172/339/9 1408/339/9 1368/338/9
f 271/424/8 499/329/8 1215/329/8 680/424/8
f 1066/421/6 1031/172/6 899/172/6 1296/421/6
f 1172/339/6 1133/332/6 1369/332/6 1408/339/6
f 500/328/6 1066/421/6 1296/421/6 1214/328/6
f 1171/342/9 1132/338/9 1368/338/9 1407/342/9
f 1013/252/2 1014/337/2 861/337/2 862/252/2
f 1028/427/8 1050/431/8 1268/431/8 891/427/8
f 1103/324/2 1171/342/2 1407/342/2 1341/324/2
f 1050/431/6 1035/234/6 1247/234/6 1268/431/6
f 1108/241/6 1107/242/6 1344/242/6 1345/241/6
f 1130/250/9 1170/251/9 1406/251/9 1366/250/9
f 1170/251/6 1134/319/6 1370/319/6 1406/251/6
f 499/329/8 500/328/8 1214/328/8 1215/329/8
f 1169/418/8 1097/419/8 1336/419/8 1405/418/8
f 1122/420/6 1169/418/6 1405/418/6 1358/420/6
f 1033/202/2 1065/432/2 1294/432/2 1243/202/2
f 1168/422/9 1135/423/9 1371/423/9 1404/422/9
f 1065/432/2 502/194/2 1219/194/2 1294/432/2
f 496/243/8 497/95/8 1213/95/8 867/243/8
f 1106/425/2 1168/422/2 1404/422/2 1343/425/2
f 520/143/2 394/287/2 1177/287/2 1223/143/2
f 1049/438/8 1032/439/8 909/439/8 1266/438/8
f 1098/227/9 1099/193/9 1338/193/9 1337/227/9
f 1126/428/9 1167/429/9 1403/429/9 1362/428/9
f 1038/144/2 403/286/2 1179/286/2 1250/144/2
f 1167/429/9 1137/326/9 1373/326/9 1403/429/9
f 410/336/6 522/430/6 917/430/6 1182/336/6
f 418/434/2 1049/438/2 1266/438/2 1185/434/2
f 1095/336/2 1096/94/2 1335/94/2 1334/336/2
f 1093/239/2 1094/214/2 1333/214/2 1332/239/2
f 1111/213/8 1166/212/8 1402/212/8 1348/213/8
f 1166/212/2 1081/232/2 1320/232/2 1402/212/2
f 421/428/6 524/437/6 820/437/6 1186/428/6
f 1032/439/8 1048/441/8 1265/441/8 909/439/8
f 1089/95/9 1090/243/9 1329/243/9 1328/95/9
f 1165/240/8 1093/239/8 1332/239/8 1401/240/8
f 526/145/9 425/294/9 1188/294/9 822/145/9
f 1048/441/6 1034/232/6 1246/232/6 1265/441/6
f 1087/328/9 1088/329/9 1327/329/9 1326/328/9
f 1112/252/8 1165/240/8 1401/240/8 1349/252/8
f 528/137/9 427/293/9 1189/293/9 818/137/9
f 1079/436/2 1080/437/2 1319/437/2 1318/436/2
f 443/276/6 544/164/6 1233/164/6 1195/276/6
f 467/288/9 464/138/9 654/138/9 1208/288/9
f 1118/340/8 1163/233/8 1399/233/8 1355/340/8
f 444/274/6 993/169/6 758/169/6 1196/274/6
f 461/290/2 460/15/2 1207/15/2 1206/290/2
f 1163/233/2 1083/234/2 1323/234/2 1399/233/2
f 459/299/9 458/67/9 1203/67/9 1205/299/9
f 452/296/6 550/171/6 754/171/6 1199/296/6
f 457/303/9 456/100/9 675/100/9 1204/303/9
f 1120/172/2 1162/421/2 1398/421/2 1356/172/2
f 555/99/9 455/295/9 1201/295/9 745/99/9
f 1047/435/8 471/248/8 1209/248/8 1262/435/8
f 1162/421/2 1087/328/2 1326/328/2 1398/421/2
f 572/228/9 457/303/9 1204/303/9 737/228/9
f 543/420/2 1047/435/2 1262/435/2 1231/420/2
f 455/295/9 454/98/9 1200/98/9 1201/295/9
f 1161/432/6 1142/202/6 1378/202/6 1397/432/6
f 586/68/9 459/299/9 1205/299/9 716/68/9
f 1124/194/6 1161/432/6 1397/432/6 1360/194/6
f 205/230/2 461/290/2 1206/290/2 692/230/2
f 454/98/6 452/296/6 1199/296/6 1200/98/6
f 1036/97/9 1078/96/9 1315/96/9 1248/97/9
f 1135/423/9 1160/433/9 1396/433/9 1371/423/9
f 198/229/9 467/288/9 1208/288/9 712/229/9
f 1160/433/6 1136/440/6 1372/440/6 1396/433/6
f 1016/236/8 1015/301/8 864/301/8 863/236/8
f 1159/442/8 1104/443/8 1342/443/8 1395/442/8
f 1078/96/2 55/319/2 736/319/2 1315/96/2
f 1136/440/6 1159/442/6 1395/442/6 1372/440/6
f 451/163/6 444/274/6 1196/274/6 1197/163/6
f 1104/443/8 1158/444/8 1394/444/8 1342/443/8
f 497/95/8 406/94/8 1176/94/8 1213/95/8
f 1158/444/2 1106/425/2 1343/425/2 1394/444/2
f 1157/445/9 1130/250/9 1366/250/9 1393/445/9
f 442/165/6 443/276/6 1195/276/6 661/165/6
f 1109/446/2 1157/445/2 1393/445/2 1346/446/2
f 1085/97/8 1156/447/8 1392/447/8 1324/97/8
f 1156/447/2 1109/446/2 1346/446/2 1392/447/2
f 502/194/8 263/193/8 681/193/8 1219/194/8
f 1155/448/8 1079/436/8 1318/436/8 1391/448/8
f 1107/242/8 1155/448/8 1391/448/8 1344/242/8
f 395/139/2 521/292/2 1222/292/2 1180/139/2
f 993/169/8 992/273/8 759/273/8 758/169/8
f 1077/321/9 1040/320/9 1252/320/9 1312/321/9
f 427/293/9 426/136/9 1187/136/9 1189/293/9
f 1154/335/8 1111/213/8 1348/213/8 1390/335/8
f 995/272/8 994/302/8 761/302/8 760/272/8
f 425/294/9 424/69/9 678/69/9 1188/294/9
f 1127/434/6 1154/335/6 1390/335/6 1363/434/6
f 523/215/6 412/214/6 1184/214/6 1224/215/6
f 1041/324/6 1077/321/6 1312/321/6 1253/324/6
f 1097/419/8 1153/84/8 1389/84/8 1336/419/8
f 470/203/9 1033/202/9 1243/202/9 870/203/9
f 1040/320/9 1076/327/9 1311/327/9 1252/320/9
f 1153/84/2 1091/83/2 1330/83/2 1389/84/2
f 1018/289/8 1017/298/8 866/298/8 865/289/8
f 412/214/6 411/239/6 1183/239/6 1184/214/6
f 426/136/9 527/300/9 1226/300/9 1187/136/9
f 1019/331/2 496/243/2 867/243/2 868/331/2
f 406/94/6 410/336/6 1182/336/6 1176/94/6
f 1114/226/2 1152/225/2 1388/225/2 1351/226/2
f 464/138/9 530/297/9 1227/297/9 654/138/9
f 997/196/8 996/244/8 764/244/8 763/196/8
f 1076/327/2 190/332/2 715/332/2 1311/327/2
f 1152/225/2 1098/227/2 1337/227/2 1388/225/2
f 1022/226/9 470/203/9 870/203/9 872/226/9
f 1075/339/8 193/338/8 713/338/8 1310/339/8
f 403/286/2 395/139/2 1180/139/2 1179/286/2
f 1151/249/9 1125/248/9 1361/248/9 1387/249/9
f 742/227/1 851/225/1 1056/225/1 264/227/1
f 905/329/1 948/424/1 1131/424/1 1088/329/1
f 851/225/1 801/226/1 1022/226/1 1056/225/1
f 786/242/1 787/241/1 1008/241/1 1007/242/1
f 755/449/6 1290/450/6 1550/450/6 1548/449/6
f 1316/451/7 738/452/7 737/228/7 1204/303/7
f 1403/429/9 1373/326/9 1504/326/9 1521/429/9
f 1313/453/7 717/454/7 716/68/7 1205/299/7
f 1312/321/7 703/275/7 692/230/7 1253/324/7
f 1310/339/7 713/338/7 712/229/7 1208/288/7
f 1309/342/7 1206/290/7 1207/15/7 707/231/7
f 1308/251/7 679/250/7 678/69/7 1239/280/7
f 1307/455/7 1202/456/7 1203/67/7 1238/284/7
f 1306/457/7 676/458/7 675/100/7 1236/281/7
f 1305/459/7 674/460/7 673/461/7 1234/462/7
f 1303/463/7 1191/464/7 1192/465/7 1230/466/7
f 1302/467/7 1190/468/7 659/469/7 1211/470/7
f 1301/422/7 658/471/7 654/138/7 1227/297/7
f 1300/429/7 1186/428/7 1187/136/7 1226/300/7
f 1299/212/7 653/472/7 648/473/7 1246/232/7
f 1297/233/7 1179/286/7 1180/139/7 1247/234/7
f 1296/421/7 1177/287/7 1178/142/7 1214/328/7
f 1295/474/7 688/475/7 687/476/7 1221/477/7
f 1293/478/7 691/479/7 690/480/7 1217/481/7
f 1292/482/7 1237/483/7 730/484/7 744/485/7
f 1291/486/7 746/487/7 745/99/7 1201/295/7
f 746/487/9 1291/486/9 1551/486/9 1547/487/9
f 1307/455/9 738/452/9 1546/452/9 1554/455/9
f 1244/488/6 1260/489/6 1582/489/6 1580/488/6
f 872/226/8 879/323/8 1450/323/8 1452/226/8
f 757/490/8 1305/459/8 1592/459/8 1565/490/8
f 1284/491/6 1193/492/6 1576/492/6 1585/491/6
f 1302/467/2 1211/470/2 1563/470/2 1590/467/2
f 1283/493/7 1228/494/7 1229/495/7 816/496/7
f 1282/433/7 819/423/7 818/137/7 1189/293/7
f 1280/444/7 1220/497/7 714/498/7 1255/425/7
f 1279/445/7 836/326/7 822/145/7 1188/294/7
f 1294/432/2 1219/194/2 1423/194/2 1466/432/2
f 1267/499/6 919/500/6 1453/500/6 1459/499/6
f 1347/501/2 1403/429/2 1521/429/2 1489/501/2
f 1273/249/7 869/330/7 879/323/7 872/226/7
f 1272/325/7 1224/215/7 917/430/7 880/322/7
f 1269/426/7 891/427/7 898/173/7 894/334/7
f 1268/431/7 1222/292/7 1223/143/7 899/172/7
f 861/337/2 869/330/2 1451/330/2 1432/337/2
f 1266/438/7 909/439/7 922/502/7 919/500/7
f 1265/441/7 1212/503/7 893/504/7 927/505/7
f 1377/439/9 1381/438/9 1509/438/9 1507/439/9
f 1263/506/7 1240/507/7 1241/508/7 1242/509/7
f 1262/435/7 1209/248/7 870/203/7 1243/202/7
f 815/510/6 1284/491/6 1585/491/6 1579/510/6
f 1305/459/2 1234/462/2 1557/462/2 1592/459/2
f 1259/511/7 1210/512/7 814/513/7 1245/514/7
f 1234/462/2 1259/511/2 1581/511/2 1557/462/2
f 1259/511/2 1245/514/2 1574/514/2 1581/511/2
f 1234/462/7 673/461/7 1210/512/7 1259/511/7
f 1232/291/7 1260/489/7 1244/488/7 1233/164/7
f 1197/163/7 1198/515/7 1260/489/7 1232/291/7
f 1286/516/8 779/517/8 1566/517/8 1587/516/8
f 1195/276/7 1261/518/7 662/519/7 661/165/7
f 1233/164/7 1244/488/7 1261/518/7 1195/276/7
f 1230/466/2 1283/493/2 1584/493/2 1559/466/2
f 1240/507/7 1262/435/7 1243/202/7 1241/508/7
f 647/520/6 1267/499/6 1459/499/6 1443/520/6
f 1228/494/7 1263/506/7 1242/509/7 1229/495/7
f 1192/465/7 1194/521/7 1263/506/7 1228/494/7
f 1348/213/8 1402/212/8 1520/212/8 1490/213/8
f 1190/468/7 1264/522/7 660/523/7 659/469/7
f 1229/495/7 1242/509/7 1264/522/7 1190/468/7
f 879/323/2 868/331/2 1433/331/2 1450/323/2
f 909/439/7 1265/441/7 927/505/7 922/502/7
f 1246/232/7 648/473/7 1212/503/7 1265/441/7
f 1224/215/7 1266/438/7 919/500/7 917/430/7
f 1184/214/7 1185/434/7 1266/438/7 1224/215/7
f 1182/336/7 1267/499/7 647/520/7 1176/94/7
f 917/430/7 919/500/7 1267/499/7 1182/336/7
f 1381/438/6 1363/434/6 1498/434/6 1509/438/6
f 891/427/7 1268/431/7 899/172/7 898/173/7
f 1247/234/7 1180/139/7 1222/292/7 1268/431/7
f 1212/503/7 1269/426/7 894/334/7 893/504/7
f 648/473/7 1181/417/7 1269/426/7 1212/503/7
f 688/475/7 1270/333/7 680/424/7 687/476/7
f 893/504/7 894/334/7 1270/333/7 688/475/7
f 653/472/7 1271/341/7 1181/417/7 648/473/7
f 882/246/7 883/247/7 1271/341/7 653/472/7
f 883/247/7 884/237/7 1258/340/7 1271/341/7
f 869/330/7 1272/325/7 880/322/7 879/323/7
f 1209/248/7 1273/249/7 872/226/7 870/203/7
f 902/524/9 647/520/9 1443/520/9 1422/524/9
f 1402/212/2 1320/232/2 1473/232/2 1520/212/2
f 863/236/7 864/301/7 1275/84/7 1251/419/7
f 864/301/7 865/289/7 862/252/7 1275/84/7
f 1183/239/7 1276/335/7 1185/434/7 1184/214/7
f 840/282/7 841/283/7 1276/335/7 1183/239/7
f 841/283/7 844/278/7 1257/213/7 1276/335/7
f 867/243/7 1213/95/7 1277/448/7 838/242/7
f 1213/95/7 1176/94/7 1225/436/7 1277/448/7
f 681/193/7 682/227/7 1278/447/7 1248/97/7
f 682/227/7 867/243/7 838/242/7 1278/447/7
f 679/250/7 1279/445/7 1188/294/7 678/69/7
f 1380/441/9 1377/439/9 1507/439/9 1508/441/9
f 902/524/7 1221/477/7 1280/444/7 1254/443/7
f 1221/477/7 687/476/7 1220/497/7 1280/444/7
f 1225/436/7 1281/442/7 821/440/7 820/437/7
f 1176/94/7 647/520/7 1281/442/7 1225/436/7
f 647/520/7 902/524/7 1254/443/7 1281/442/7
f 1186/428/7 1282/433/7 1189/293/7 1187/136/7
f 820/437/7 821/440/7 1282/433/7 1186/428/7
f 1218/525/9 662/519/9 1577/519/9 1562/525/9
f 1245/514/2 1293/478/2 1589/478/2 1574/514/2
f 1230/466/7 1192/465/7 1228/494/7 1283/493/7
f 1210/512/7 1284/491/7 815/510/7 814/513/7
f 673/461/7 1193/492/7 1284/491/7 1210/512/7
f 1283/493/2 816/496/2 1570/496/2 1584/493/2
f 691/479/7 1285/526/7 689/527/7 690/480/7
f 814/513/7 815/510/7 1285/526/7 691/479/7
f 1293/478/2 1217/481/2 1561/481/2 1589/478/2
f 674/460/7 1286/516/7 1193/492/7 673/461/7
f 780/277/7 781/218/7 1286/516/7 674/460/7
f 781/218/7 782/219/7 779/517/7 1286/516/7
f 1191/464/7 1287/528/7 1194/521/7 1192/465/7
f 763/196/7 764/244/7 1287/528/7 1191/464/7
f 764/244/7 769/245/7 762/529/7 1287/528/7
f 1196/274/7 1288/530/7 1198/515/7 1197/163/7
f 758/169/7 759/273/7 1288/530/7 1196/274/7
f 759/273/7 760/272/7 757/490/7 1288/530/7
f 738/452/9 1316/451/9 1555/451/9 1546/452/9
f 1218/525/7 1217/481/7 1289/531/7 753/532/7
f 1217/481/7 690/480/7 1216/533/7 1289/531/7
f 1235/285/7 1290/450/7 755/449/7 754/171/7
f 661/165/7 662/519/7 1290/450/7 1235/285/7
f 662/519/7 1218/525/7 753/532/7 1290/450/7
f 1199/296/7 1291/486/7 1201/295/7 1200/98/7
f 754/171/7 755/449/7 1291/486/7 1199/296/7
f 1289/531/8 1216/533/8 1536/533/8 1549/531/8
f 1316/451/9 676/458/9 1545/458/9 1555/451/9
f 813/534/7 1211/470/7 1292/482/7 739/535/7
f 1211/470/7 659/469/7 1237/483/7 1292/482/7
f 1217/481/9 1218/525/9 1562/525/9 1561/481/9
f 1193/492/6 1286/516/6 1587/516/6 1576/492/6
f 1245/514/7 814/513/7 691/479/7 1293/478/7
f 1320/232/2 1380/441/2 1508/441/2 1473/232/2
f 1349/252/8 1401/240/8 1519/240/8 1491/252/8
f 1328/95/9 1329/243/9 1480/243/9 1479/95/9
f 1241/508/8 1243/202/8 1439/202/8 1440/508/8
f 927/505/7 893/504/7 688/475/7 1295/474/7
f 899/172/7 1223/143/7 1177/287/7 1296/421/7
f 884/237/7 890/238/7 1297/233/7 1258/340/7
f 890/238/7 1250/144/7 1179/286/7 1297/233/7
f 865/289/7 866/298/7 1298/240/7 862/252/7
f 866/298/7 840/282/7 1183/239/7 1298/240/7
f 844/278/7 860/279/7 1299/212/7 1257/213/7
f 860/279/7 882/246/7 653/472/7 1299/212/7
f 836/326/7 1300/429/7 1226/300/7 822/145/7
f 819/423/7 1301/422/7 1227/297/7 818/137/7
f 1255/425/7 714/498/7 658/471/7 1301/422/7
f 779/517/8 1303/463/8 1591/463/8 1566/517/8
f 1261/518/6 1244/488/6 1580/488/6 1583/518/6
f 816/496/7 1229/495/7 1190/468/7 1302/467/7
f 662/519/6 1261/518/6 1583/518/6 1577/519/6
f 782/219/7 811/195/7 1303/463/7 779/517/7
f 811/195/7 763/196/7 1191/464/7 1303/463/7
f 1401/240/2 1321/536/2 1475/536/2 1519/240/2
f 769/245/7 774/235/7 1304/418/7 762/529/7
f 774/235/7 863/236/7 1251/419/7 1304/418/7
f 1288/530/8 757/490/8 1565/490/8 1588/530/8
f 760/272/7 761/302/7 1305/459/7 757/490/7
f 761/302/7 780/277/7 674/460/7 1305/459/7
f 746/487/7 1306/457/7 1236/281/7 745/99/7
f 744/485/2 1307/455/2 1554/455/2 1541/485/2
f 753/532/8 1289/531/8 1549/531/8 1542/532/8
f 738/452/7 1307/455/7 1238/284/7 737/228/7
f 1291/486/6 755/449/6 1548/449/6 1551/486/6
f 744/485/7 730/484/7 1202/456/7 1307/455/7
f 717/454/7 1308/251/7 1239/280/7 716/68/7
f 836/326/9 1279/445/9 1464/445/9 1448/326/9
f 713/338/7 1309/342/7 707/231/7 712/229/7
f 1253/324/7 692/230/7 1206/290/7 1309/342/7
f 658/471/7 1310/339/7 1208/288/7 654/138/7
f 714/498/7 715/332/7 1310/339/7 658/471/7
f 1220/497/7 1311/327/7 715/332/7 714/498/7
f 687/476/7 680/424/7 1311/327/7 1220/497/7
f 680/424/7 1215/329/7 1252/320/7 1311/327/7
f 1215/329/7 1214/328/7 1312/321/7 1252/320/7
f 1214/328/7 1178/142/7 703/275/7 1312/321/7
f 1202/456/7 1313/453/7 1205/299/7 1203/67/7
f 730/484/7 735/537/7 1313/453/7 1202/456/7
f 1326/328/9 1327/329/9 1478/329/9 1477/328/9
f 1237/483/7 1314/538/7 735/537/7 730/484/7
f 659/469/7 660/523/7 1314/538/7 1237/483/7
f 660/523/7 936/539/7 718/540/7 1314/538/7
f 922/502/8 927/505/8 1436/505/8 1437/502/8
f 936/539/7 1219/194/7 1315/96/7 718/540/7
f 1219/194/7 681/193/7 1248/97/7 1315/96/7
f 676/458/7 1316/451/7 1204/303/7 675/100/7
f 676/458/9 1306/457/9 1553/457/9 1545/458/9
f 1317/541/8 739/535/8 1538/535/8 1556/541/8
f 1290/450/8 753/532/8 1542/532/8 1550/450/8
f 690/480/7 689/527/7 1317/541/7 1216/533/7
f 689/527/7 813/534/7 739/535/7 1317/541/7
f 1411/96/7 1324/97/7 1325/542/7 1370/319/7
f 1279/445/6 1256/446/6 1449/446/6 1464/445/6
f 1405/418/7 1336/419/7 1331/543/7 1358/420/7
f 1401/240/7 1332/239/7 1333/214/7 1321/536/7
f 1400/544/7 1334/336/7 1335/94/7 1328/95/7
f 1397/432/7 1339/545/7 1338/193/7 1360/194/7
f 1353/322/2 1400/544/2 1518/544/2 1493/322/2
f 1391/448/7 1318/436/7 1319/437/7 1347/501/7
f 1376/334/8 1357/173/8 1497/173/8 1506/334/8
f 1383/426/1 1365/417/1 1105/417/1 1092/426/1
f 1400/544/2 1328/95/2 1479/95/2 1518/544/2
f 1358/420/7 1331/543/7 1361/248/7 1379/435/7
f 1278/447/8 838/242/8 1429/242/8 1463/447/8
f 837/241/2 836/326/2 1448/326/2 1430/241/2
f 1385/341/1 1355/340/1 1110/340/1 1086/341/1
f 1355/340/1 1399/233/1 1084/233/1 1110/340/1
f 1264/522/6 1242/509/6 1455/509/6 1458/522/6
f 1256/446/6 1278/447/6 1463/447/6 1449/446/6
f 1321/536/7 1333/214/7 1359/215/7 1386/325/7
f 1331/543/7 1330/83/7 1387/249/7 1361/248/7
f 1339/545/7 1388/225/7 1337/227/7 1338/193/7
f 1352/203/7 1351/226/7 1388/225/7 1339/545/7
f 1336/419/7 1389/84/7 1330/83/7 1331/543/7
f 1374/330/6 1322/337/6 1476/337/6 1505/330/6
f 1324/97/7 1392/447/7 1346/446/7 1325/542/7
f 1325/542/7 1346/446/7 1393/445/7 1366/250/7
f 660/523/6 1264/522/6 1458/522/6 1444/523/6
f 762/529/8 1304/418/8 1468/418/8 1428/529/8
f 1378/202/7 1352/203/7 1339/545/7 1397/432/7
f 1356/172/2 1398/421/2 1517/421/2 1496/172/2
f 1240/507/9 1263/506/9 1457/506/9 1454/507/9
f 1382/431/1 1375/427/1 1102/427/1 1100/431/1
f 1350/331/6 1354/323/6 1494/323/6 1492/331/6
f 1398/421/2 1326/328/2 1477/328/2 1517/421/2
f 1353/322/7 1364/430/7 1334/336/7 1400/544/7
f 1304/418/2 1231/420/2 1119/420/2 1468/418/2
f 1263/506/6 1194/521/6 1441/521/6 1457/506/6
f 1373/326/6 1345/241/6 1488/241/6 1504/326/6
f 1347/501/7 1319/437/7 1362/428/7 1403/429/7
f 1371/423/9 1396/433/9 1516/433/9 1502/423/9
f 1370/319/7 1325/542/7 1366/250/7 1406/251/7
f 1262/435/9 1240/507/9 1454/507/9 1456/435/9
f 1396/433/6 1372/440/6 1503/440/6 1516/433/6
f 1231/420/2 1262/435/2 1456/435/2 1119/420/2
f 999/245/8 998/235/8 774/235/8 769/245/8
f 546/291/6 451/163/6 1197/163/6 1232/291/6
f 1091/83/2 1151/249/2 1387/249/2 1330/83/2
f 394/287/2 391/142/2 1178/142/2 1177/287/2
f 1105/417/1 1086/341/1 1415/341/1 1416/417/1
f 1100/431/1 1102/427/1 1417/427/1 1419/431/1
f 1110/340/1 1084/233/1 1412/233/1 1413/340/1
f 1086/341/1 1110/340/1 1413/340/1 1415/341/1
f 1323/234/1 1382/431/1 1100/431/1 1164/234/1
f 1399/233/1 1323/234/1 1164/234/1 1084/233/1
f 1365/417/1 1385/341/1 1086/341/1 1105/417/1
f 1375/427/1 1383/426/1 1092/426/1 1102/427/1
f 1395/442/8 1342/443/8 1484/443/8 1515/442/8
f 1275/84/8 862/252/8 1431/252/8 1462/84/8
f 1219/194/9 936/539/9 1424/539/9 1423/194/9
f 718/540/8 1315/96/8 1472/96/8 1425/540/8
f 1084/233/1 1164/234/1 1414/234/1 1412/233/1
f 1164/234/1 1100/431/1 1419/431/1 1414/234/1
f 1092/426/1 1105/417/1 1416/417/1 1418/426/1
f 1102/427/1 1092/426/1 1418/426/1 1417/427/1
f 1471/538/7 1425/540/7 1426/546/7 1447/537/7
f 1465/528/7 1428/529/7 1420/547/7 1441/521/7
f 1463/447/7 1429/242/7 1430/241/7 1449/446/7
f 1462/84/7 1431/252/7 1432/337/7 1442/83/7
f 1461/225/7 1433/331/7 1434/243/7 1445/227/7
f 1459/499/7 1435/548/7 1422/524/7 1443/520/7
f 1458/522/7 1438/549/7 1424/539/7 1444/523/7
f 1420/547/7 1119/420/7 1456/435/7 1454/507/7
f 1441/521/7 1420/547/7 1454/507/7 1457/506/7
f 1455/509/7 1440/508/7 1438/549/7 1458/522/7
f 1453/500/7 1437/502/7 1435/548/7 1459/499/7
f 1442/83/7 1432/337/7 1451/330/7 1460/249/7
f 1452/226/7 1450/323/7 1433/331/7 1461/225/7
f 1449/446/7 1430/241/7 1448/326/7 1464/445/7
f 1438/549/7 1466/432/7 1423/194/7 1424/539/7
f 1440/508/7 1439/202/7 1466/432/7 1438/549/7
f 1435/548/7 1467/474/7 1421/477/7 1422/524/7
f 1437/502/7 1436/505/7 1467/474/7 1435/548/7
f 1428/529/7 1468/418/7 1119/420/7 1420/547/7
f 1426/546/7 1427/319/7 1469/251/7 1446/454/7
f 1447/537/7 1426/546/7 1446/454/7 1470/453/7
f 1425/540/7 1472/96/7 1427/319/7 1426/546/7
f 1525/327/7 1481/320/7 1482/550/7 1501/332/7
f 1515/442/7 1484/443/7 1485/551/7 1503/440/7
f 1512/335/7 1490/213/7 1474/552/7 1498/434/7
f 1510/333/7 1495/553/7 1478/329/7 1499/424/7
f 1474/552/7 1473/232/7 1508/441/7 1507/439/7
f 1498/434/7 1474/552/7 1507/439/7 1509/438/7
f 1506/334/7 1497/173/7 1495/553/7 1510/333/7
f 1476/337/7 1475/536/7 1511/325/7 1505/330/7
f 1487/242/7 1513/448/7 1489/501/7 1488/241/7
f 1484/443/7 1514/444/7 1486/425/7 1485/551/7
f 1503/440/7 1485/551/7 1502/423/7 1516/433/7
f 1495/553/7 1517/421/7 1477/328/7 1478/329/7
f 1497/173/7 1496/172/7 1517/421/7 1495/553/7
f 1492/331/7 1518/544/7 1479/95/7 1480/243/7
f 1494/323/7 1493/322/7 1518/544/7 1492/331/7
f 1491/252/7 1519/240/7 1475/536/7 1476/337/7
f 1490/213/7 1520/212/7 1473/232/7 1474/552/7
f 1488/241/7 1489/501/7 1521/429/7 1504/326/7
f 1485/551/7 1486/425/7 1522/422/7 1502/423/7
f 1482/550/7 1483/324/7 1523/342/7 1500/338/7
f 1501/332/7 1482/550/7 1500/338/7 1524/339/7
f 1481/320/7 1526/321/7 1483/324/7 1482/550/7
f 1530/341/7 1528/340/7 1535/554/7 1531/417/7
f 1535/554/7 1529/234/7 1534/431/7 1532/427/7
f 1531/417/7 1535/554/7 1532/427/7 1533/426/7
f 1528/340/7 1527/233/7 1529/234/7 1535/554/7
f 936/539/9 660/523/9 1444/523/9 1424/539/9
f 1243/202/2 1294/432/2 1466/432/2 1439/202/2
f 736/319/2 1308/251/2 1469/251/2 1427/319/2
f 1343/425/2 1404/422/2 1522/422/2 1486/425/2
f 1308/251/9 717/454/9 1446/454/9 1469/251/9
f 1295/474/2 1221/477/2 1421/477/2 1467/474/2
f 1404/422/9 1371/423/9 1502/423/9 1522/422/9
f 1367/424/6 1384/333/6 1510/333/6 1499/424/6
f 927/505/2 1295/474/2 1467/474/2 1436/505/2
f 1384/333/6 1376/334/6 1506/334/6 1510/333/6
f 1345/241/6 1344/242/6 1487/242/6 1488/241/6
f 867/243/9 682/227/9 1445/227/9 1434/243/9
f 919/500/8 922/502/8 1437/502/8 1453/500/8
f 1341/324/2 1407/342/2 1523/342/2 1483/324/2
f 1321/536/2 1386/325/2 1511/325/2 1475/536/2
f 1407/342/9 1368/338/9 1500/338/9 1523/342/9
f 1386/325/9 1374/330/9 1505/330/9 1511/325/9
f 1322/337/6 1349/252/6 1491/252/6 1476/337/6
f 1408/339/6 1369/332/6 1501/332/6 1524/339/6
f 1329/243/6 1350/331/6 1492/331/6 1480/243/6
f 1368/338/9 1408/339/9 1524/339/9 1500/338/9
f 1242/509/8 1241/508/8 1440/508/8 1455/509/8
f 1369/332/6 1409/327/6 1525/327/6 1501/332/6
f 1354/323/8 1353/322/8 1493/322/8 1494/323/8
f 1409/327/8 1340/320/8 1481/320/8 1525/327/8
f 1410/321/2 1341/324/2 1483/324/2 1526/321/2
f 1340/320/8 1410/321/8 1526/321/8 1481/320/8
f 1357/173/8 1356/172/8 1496/172/8 1497/173/8
f 838/242/2 837/241/2 1430/241/2 1429/242/2
f 1413/340/8 1412/233/8 1527/233/8 1528/340/8
f 1363/434/6 1390/335/6 1512/335/6 1498/434/6
f 1412/233/2 1414/234/2 1529/234/2 1527/233/2
f 1390/335/8 1348/213/8 1490/213/8 1512/335/8
f 1415/341/8 1413/340/8 1528/340/8 1530/341/8
f 1391/448/2 1347/501/2 1489/501/2 1513/448/2
f 1416/417/6 1415/341/6 1530/341/6 1531/417/6
f 1313/453/6 735/537/6 1447/537/6 1470/453/6
f 1273/249/6 1249/83/6 1442/83/6 1460/249/6
f 1344/242/8 1391/448/8 1513/448/8 1487/242/8
f 1417/427/9 1418/426/9 1533/426/9 1532/427/9
f 862/252/2 861/337/2 1432/337/2 1431/252/2
f 1418/426/6 1416/417/6 1531/417/6 1533/426/6
f 1194/521/6 1287/528/6 1465/528/6 1441/521/6
f 717/454/9 1313/453/9 1470/453/9 1446/454/9
f 869/330/9 1273/249/9 1460/249/9 1451/330/9
f 1419/431/9 1417/427/9 1532/427/9 1534/431/9
f 735/537/6 1314/538/6 1471/538/6 1447/537/6
f 1221/477/9 902/524/9 1422/524/9 1421/477/9
f 682/227/6 1274/225/6 1461/225/6 1445/227/6
f 1414/234/2 1419/431/2 1534/431/2 1529/234/2
f 1274/225/6 872/226/6 1452/226/6 1461/225/6
f 1287/528/8 762/529/8 1428/529/8 1465/528/8
f 1314/538/8 718/540/8 1425/540/8 1471/538/8
f 1249/83/6 1275/84/6 1462/84/6 1442/83/6
f 1394/444/2 1343/425/2 1486/425/2 1514/444/2
f 1327/329/9 1367/424/9 1499/424/9 1478/329/9
f 1315/96/2 736/319/2 1427/319/2 1472/96/2
f 1342/443/8 1394/444/8 1514/444/8 1484/443/8
f 868/331/2 867/243/2 1434/243/2 1433/331/2
f 1372/440/6 1395/442/6 1515/442/6 1503/440/6
f 1556/541/7 1538/535/7 1539/555/7 1540/556/7
f 1550/450/7 1542/532/7 1543/557/7 1548/449/7
f 1549/531/7 1536/533/7 1537/558/7 1544/559/7
f 1542/532/7 1549/531/7 1544/559/7 1543/557/7
f 1548/449/7 1543/557/7 1547/487/7 1551/486/7
f 1538/535/7 1552/482/7 1541/485/7 1539/555/7
f 1543/557/7 1544/559/7 1553/457/7 1547/487/7
f 1544/559/7 1537/558/7 1545/458/7 1553/457/7
f 1539/555/7 1541/485/7 1554/455/7 1546/452/7
f 1537/558/7 1540/556/7 1555/451/7 1545/458/7
f 1540/556/7 1539/555/7 1546/452/7 1555/451/7
f 1536/533/7 1556/541/7 1540/556/7 1537/558/7
f 1292/482/2 744/485/2 1541/485/2 1552/482/2
f 1216/533/8 1317/541/8 1556/541/8 1536/533/8
f 739/535/8 1292/482/8 1552/482/8 1538/535/8
f 1306/457/9 746/487/9 1547/487/9 1553/457/9
f 1588/530/7 1565/490/7 1558/560/7 1575/515/7
f 1587/516/7 1566/517/7 1560/561/7 1576/492/7
f 1586/526/7 1567/562/7 1564/534/7 1578/527/7
f 1585/491/7 1568/563/7 1569/564/7 1579/510/7
f 1583/518/7 1571/565/7 1562/525/7 1577/519/7
f 1582/489/7 1572/566/7 1573/567/7 1580/488/7
f 1572/566/7 1581/511/7 1574/514/7 1573/567/7
f 1558/560/7 1557/462/7 1581/511/7 1572/566/7
f 1575/515/7 1558/560/7 1572/566/7 1582/489/7
f 1580/488/7 1573/567/7 1571/565/7 1583/518/7
f 1568/563/7 1584/493/7 1570/496/7 1569/564/7
f 1560/561/7 1559/466/7 1584/493/7 1568/563/7
f 1576/492/7 1560/561/7 1568/563/7 1585/491/7
f 1579/510/7 1569/564/7 1567/562/7 1586/526/7
f 1571/565/7 1589/478/7 1561/481/7 1562/525/7
f 1573/567/7 1574/514/7 1589/478/7 1571/565/7
f 1567/562/7 1590/467/7 1563/470/7 1564/534/7
f 1569/564/7 1570/496/7 1590/467/7 1567/562/7
f 1566/517/7 1591/463/7 1559/466/7 1560/561/7
f 1565/490/7 1592/459/7 1557/462/7 1558/560/7
f 816/496/2 1302/467/2 1590/467/2 1570/496/2
f 1198/515/6 1288/530/6 1588/530/6 1575/515/6
f 1260/489/6 1198/515/6 1575/515/6 1582/489/6
f 813/534/9 689/527/9 1578/527/9 1564/534/9
f 689/527/6 1285/526/6 1586/526/6 1578/527/6
f 1211/470/9 813/534/9 1564/534/9 1563/470/9
f 1303/463/2 1230/466/2 1559/466/2 1591/463/2
f 1285/526/6 815/510/6 1579/510/6 1586/526/6
f 322/306/9 254/209/9 1720/209/9 1803/306/9
f 253/85/1 294/270/1 1595/270/1 1593/85/1
f 348/384/1 295/268/1 1594/268/1 1596/384/1
f 295/268/1 253/85/1 1593/85/1 1594/268/1
f 1622/190/7 1678/568/7 1817/569/7 1623/310/7
f 1623/310/7 1817/569/7 1794/261/7 1717/191/7
f 1619/570/7 1618/571/7 1644/572/7 1816/573/7
f 1677/574/7 1619/570/7 1816/573/7 1792/575/7
f 1792/575/7 1816/573/7 1795/256/7 1793/90/7
f 1799/351/7 1798/576/7 1796/577/7 1815/363/7
f 1703/404/2 1851/387/2 313/387/2 358/404/2
f 1691/383/9 1597/390/9 376/390/9 359/383/9
f 1669/255/7 1668/207/7 1797/578/7 1814/579/7
f 1615/205/7 1669/255/7 1814/579/7 1617/580/7
f 1617/580/7 1814/579/7 1799/351/7 1672/350/7
f 1614/258/7 1613/200/7 1647/581/7 1813/582/7
f 1668/207/7 1614/258/7 1813/582/7 1797/578/7
f 1797/578/7 1813/582/7 1800/583/7 1798/576/7
f 1663/407/7 1662/415/7 1801/584/7 1812/585/7
f 1608/367/7 1663/407/7 1812/585/7 1612/368/7
f 1612/368/7 1812/585/7 1803/306/7 1720/209/7
f 1607/586/7 1606/587/7 1648/588/7 1811/589/7
f 1662/415/7 1607/586/7 1811/589/7 1801/584/7
f 1801/584/7 1811/589/7 1804/271/7 1802/79/7
f 1857/400/8 1657/401/8 355/401/8 310/400/8
f 1762/360/6 1764/348/6 336/348/6 338/360/6
f 1600/388/7 1810/416/7 1807/266/7 1722/222/7
f 1863/396/6 1781/394/6 330/394/6 306/396/6
f 1748/372/2 1662/415/2 368/415/2 342/372/2
f 1805/352/7 1809/345/7 1808/262/7 1806/70/7
f 1866/590/7 1711/591/7 1638/408/7 1639/369/7
f 1865/592/7 1705/593/7 1635/403/7 1636/594/7
f 1864/595/7 1713/596/7 1633/597/7 1634/598/7
f 1646/381/9 1708/359/9 354/359/9 373/381/9
f 1862/599/7 1695/600/7 1618/571/7 1619/570/7
f 1861/601/7 1676/305/7 1603/88/7 1645/602/7
f 1642/391/6 1863/396/6 306/396/6 375/391/6
f 1664/409/8 1609/366/8 383/366/8 366/409/8
f 1859/371/7 1699/603/7 1606/587/7 1607/586/7
f 1858/604/7 1661/308/7 1601/74/7 1602/605/7
f 1638/408/2 1640/378/2 377/378/2 379/408/2
f 1856/606/7 1701/607/7 1650/3/7 1724/374/7
f 1855/402/7 1725/608/7 1652/365/7 1653/364/7
f 1854/609/7 1726/610/7 1727/611/7 1728/612/7
f 1853/613/7 1641/614/7 1700/615/7 1729/616/7
f 1852/375/7 1730/358/7 1654/357/7 1655/617/7
f 1734/399/2 1857/400/2 310/400/2 343/399/2
f 1850/618/7 1598/619/7 1656/620/7 1734/399/7
f 1849/621/7 1735/622/7 1736/221/7 1737/264/7
f 1848/623/7 1600/388/7 1722/222/7 1738/259/7
f 1847/624/7 1739/625/7 1658/626/7 1659/627/7
f 1846/628/7 1740/629/7 1741/630/7 1742/631/7
f 1845/632/7 1604/312/7 1660/220/7 1743/633/7
f 1844/634/7 1744/635/7 1745/216/7 1746/309/7
f 1843/636/7 1605/315/7 1721/78/7 1747/304/7
f 1639/369/8 1638/408/8 379/408/8 378/369/8
f 1841/637/7 1749/361/7 1750/392/7 1751/405/7
f 1697/370/9 1610/380/9 374/380/9 357/370/9
f 1839/638/7 1753/639/7 1664/409/7 1665/343/7
f 1838/640/7 1754/641/7 1755/642/7 1756/643/7
f 1837/644/7 1611/645/7 1666/646/7 1757/647/7
f 1836/411/7 1758/410/7 1759/208/7 1760/314/7
f 1835/412/7 1612/368/7 1720/209/7 1761/311/7
f 1834/648/7 1762/360/7 1708/359/7 1709/649/7
f 1833/650/7 1763/651/7 1764/348/7 1765/652/7
f 1832/653/7 1617/580/7 1672/350/7 1766/349/7
f 1831/654/7 1767/655/7 1706/656/7 1707/657/7
f 1830/658/7 1768/659/7 1769/660/7 1770/661/7
f 1829/384/7 1718/270/7 1675/89/7 1771/662/7
f 1828/663/7 1772/664/7 1677/574/7 1678/568/7
f 1827/665/7 1773/666/7 1774/667/7 1775/668/7
f 1826/669/7 1637/373/7 1694/347/7 1776/670/7
f 1825/671/7 1777/672/7 1702/673/7 1703/404/7
f 1824/674/7 1778/675/7 1779/676/7 1780/677/7
f 1823/678/7 1632/679/7 1689/385/7 1781/394/7
f 1637/373/6 1635/403/6 381/403/6 380/373/6
f 1822/680/7 1783/681/7 1784/413/7 1785/386/7
f 1821/682/7 1649/683/7 1712/684/7 1786/685/7
f 1820/686/7 1787/687/7 1692/688/7 1693/689/7
f 1819/690/7 1788/691/7 1789/692/7 1790/693/7
f 1818/694/7 1643/695/7 1704/696/7 1791/697/7
f 1817/569/7 1792/575/7 1793/90/7 1794/261/7
f 1816/573/7 1644/572/7 1716/91/7 1795/256/7
f 1815/363/7 1796/577/7 1696/698/7 1697/370/7
f 1814/579/7 1797/578/7 1798/576/7 1799/351/7
f 1813/582/7 1647/581/7 1710/699/7 1800/583/7
f 1812/585/7 1801/584/7 1802/79/7 1803/306/7
f 1811/589/7 1648/588/7 1715/80/7 1804/271/7
f 1810/416/7 1805/352/7 1806/70/7 1807/266/7
f 1809/345/7 1651/344/7 1714/71/7 1808/262/7
f 1678/568/7 1677/574/7 1792/575/7 1817/569/7
f 1788/691/7 1818/694/7 1791/697/7 1789/692/7
f 1681/189/7 1625/313/7 1818/694/7 1788/691/7
f 1625/313/7 1624/178/7 1643/695/7 1818/694/7
f 1627/317/7 1819/690/7 1790/693/7 1683/184/7
f 1626/183/7 1682/253/7 1819/690/7 1627/317/7
f 1682/253/7 1681/189/7 1788/691/7 1819/690/7
f 1684/260/7 1820/686/7 1693/689/7 1620/185/7
f 1683/184/7 1790/693/7 1820/686/7 1684/260/7
f 1790/693/7 1789/692/7 1787/687/7 1820/686/7
f 1783/681/7 1821/682/7 1786/685/7 1784/413/7
f 1685/181/7 1629/318/7 1821/682/7 1783/681/7
f 1629/318/7 1628/180/7 1649/683/7 1821/682/7
f 1632/679/7 1822/680/7 1785/386/7 1689/385/7
f 1630/176/7 1686/265/7 1822/680/7 1632/679/7
f 1686/265/7 1685/181/7 1783/681/7 1822/680/7
f 1724/374/8 1650/3/8 372/3/8 349/374/8
f 1599/389/9 1723/377/9 351/377/9 386/389/9
f 1758/410/9 1836/411/9 318/411/9 331/410/9
f 1778/675/7 1823/678/7 1781/394/7 1779/676/7
f 1687/177/7 1631/254/7 1823/678/7 1778/675/7
f 1631/254/7 1630/176/7 1632/679/7 1823/678/7
f 1643/695/7 1824/674/7 1780/677/7 1704/696/7
f 1624/178/7 1688/267/7 1824/674/7 1643/695/7
f 1688/267/7 1687/177/7 1778/675/7 1824/674/7
f 1705/593/7 1825/671/7 1703/404/7 1635/403/7
f 1704/696/7 1780/677/7 1825/671/7 1705/593/7
f 1780/677/7 1779/676/7 1777/672/7 1825/671/7
f 1773/666/7 1826/669/7 1776/670/7 1774/667/7
f 1692/688/7 1636/594/7 1826/669/7 1773/666/7
f 1636/594/7 1635/403/7 1637/373/7 1826/669/7
f 1621/307/7 1827/665/7 1775/668/7 1679/192/7
f 1620/185/7 1693/689/7 1827/665/7 1621/307/7
f 1693/689/7 1692/688/7 1773/666/7 1827/665/7
f 1680/316/7 1828/663/7 1678/568/7 1622/190/7
f 1679/192/7 1775/668/7 1828/663/7 1680/316/7
f 1775/668/7 1774/667/7 1772/664/7 1828/663/7
f 1768/659/7 1829/384/7 1771/662/7 1769/660/7
f 1673/199/7 1719/268/7 1829/384/7 1768/659/7
f 1647/581/7 1830/658/7 1770/661/7 1710/699/7
f 1613/200/7 1674/269/7 1830/658/7 1647/581/7
f 1674/269/7 1673/199/7 1768/659/7 1830/658/7
f 1711/591/7 1831/654/7 1707/657/7 1638/408/7
f 1710/699/7 1770/661/7 1831/654/7 1711/591/7
f 1770/661/7 1769/660/7 1767/655/7 1831/654/7
f 1763/651/7 1832/653/7 1766/349/7 1764/348/7
f 1670/206/7 1616/263/7 1832/653/7 1763/651/7
f 1616/263/7 1615/205/7 1617/580/7 1832/653/7
f 1649/683/7 1833/650/7 1765/652/7 1712/684/7
f 1628/180/7 1671/257/7 1833/650/7 1649/683/7
f 1671/257/7 1670/206/7 1763/651/7 1833/650/7
f 1713/596/7 1834/648/7 1709/649/7 1633/597/7
f 1712/684/7 1765/652/7 1834/648/7 1713/596/7
f 1765/652/7 1764/348/7 1762/360/7 1834/648/7
f 1758/410/7 1835/412/7 1761/311/7 1759/208/7
f 1635/403/8 1703/404/8 358/404/8 381/403/8
f 1836/411/9 1651/344/9 371/344/9 318/411/9
f 1651/344/7 1836/411/7 1760/314/7 1714/71/7
f 1698/379/9 1752/376/9 339/376/9 353/379/9
f 1785/386/8 1784/413/8 329/413/8 334/386/8
f 1754/641/7 1837/644/7 1757/647/7 1755/642/7
f 1708/359/7 1646/381/7 1837/644/7 1754/641/7
f 1646/381/7 1610/380/7 1611/645/7 1837/644/7
f 1641/614/7 1838/640/7 1756/643/7 1700/615/7
f 1633/597/7 1709/649/7 1838/640/7 1641/614/7
f 1709/649/7 1708/359/7 1754/641/7 1838/640/7
f 1701/607/7 1839/638/7 1665/343/7 1650/3/7
f 1700/615/7 1756/643/7 1839/638/7 1701/607/7
f 1756/643/7 1755/642/7 1753/639/7 1839/638/7
f 1805/352/9 1810/416/9 324/416/9 328/352/9
f 1696/698/7 1639/369/7 1840/362/7 1749/361/7
f 1667/356/8 1842/406/8 314/406/8 356/356/8
f 1611/645/7 1841/637/7 1751/405/7 1666/646/7
f 1610/380/7 1697/370/7 1841/637/7 1611/645/7
f 1697/370/7 1696/698/7 1749/361/7 1841/637/7
f 1657/401/8 1855/402/8 311/402/8 355/401/8
f 1666/646/7 1751/405/7 1842/406/7 1667/356/7
f 1751/405/8 1750/392/8 340/392/8 332/405/8
f 1744/635/7 1843/636/7 1747/304/7 1745/216/7
f 1658/626/7 1602/605/7 1843/636/7 1744/635/7
f 1602/605/7 1601/74/7 1605/315/7 1843/636/7
f 1648/588/7 1844/634/7 1746/309/7 1715/80/7
f 1606/587/7 1659/627/7 1844/634/7 1648/588/7
f 1659/627/7 1658/626/7 1744/635/7 1844/634/7
f 1740/629/7 1845/632/7 1743/633/7 1741/630/7
f 1706/656/7 1645/602/7 1845/632/7 1740/629/7
f 1645/602/7 1603/88/7 1604/312/7 1845/632/7
f 1640/378/7 1846/628/7 1742/631/7 1698/379/7
f 1638/408/7 1707/657/7 1846/628/7 1640/378/7
f 1707/657/7 1706/656/7 1740/629/7 1846/628/7
f 1699/603/7 1847/624/7 1659/627/7 1606/587/7
f 1698/379/7 1742/631/7 1847/624/7 1699/603/7
f 1742/631/7 1741/630/7 1739/625/7 1847/624/7
f 1735/622/7 1848/623/7 1738/259/7 1736/221/7
f 1654/357/7 1723/377/7 1848/623/7 1735/622/7
f 1723/377/7 1599/389/7 1600/388/7 1848/623/7
f 1644/572/7 1849/621/7 1737/264/7 1716/91/7
f 1618/571/7 1655/617/7 1849/621/7 1644/572/7
f 1655/617/7 1654/357/7 1735/622/7 1849/621/7
f 1731/353/7 1850/618/7 1734/399/7 1732/354/7
f 1702/673/7 1642/391/7 1850/618/7 1731/353/7
f 1642/391/7 1597/390/7 1598/619/7 1850/618/7
f 1612/368/9 1835/412/9 319/412/9 382/368/9
f 1810/416/9 1600/388/9 385/388/9 324/416/9
f 1703/404/7 1702/673/7 1731/353/7 1851/387/7
f 1695/600/7 1852/375/7 1655/617/7 1618/571/7
f 1694/347/7 1733/346/7 1852/375/7 1695/600/7
f 1842/406/6 1751/405/6 332/405/6 314/406/6
f 1726/610/7 1853/613/7 1729/616/7 1727/611/7
f 1690/382/7 1634/598/7 1853/613/7 1726/610/7
f 1634/598/7 1633/597/7 1641/614/7 1853/613/7
f 1598/619/7 1854/609/7 1728/612/7 1656/620/7
f 1597/390/7 1691/383/7 1854/609/7 1598/619/7
f 1691/383/7 1690/382/7 1726/610/7 1854/609/7
f 1835/412/9 1758/410/9 331/410/9 319/412/9
f 1656/620/7 1728/612/7 1855/402/7 1657/401/7
f 1728/612/7 1727/611/7 1725/608/7 1855/402/7
f 1725/608/7 1856/606/7 1724/374/7 1652/365/7
f 1727/611/7 1729/616/7 1856/606/7 1725/608/7
f 1729/616/7 1700/615/7 1701/607/7 1856/606/7
f 1784/413/2 1782/393/2 335/393/2 329/413/2
f 1665/343/8 1664/409/8 366/409/8 365/343/8
f 1734/399/7 1656/620/7 1657/401/7 1857/400/7
f 1739/625/7 1858/604/7 1602/605/7 1658/626/7
f 1741/630/7 1743/633/7 1858/604/7 1739/625/7
f 1743/633/7 1660/220/7 1661/308/7 1858/604/7
f 1748/372/7 1859/371/7 1607/586/7 1662/415/7
f 1855/402/2 1653/364/2 369/364/2 311/402/2
f 1752/376/7 1698/379/7 1699/603/7 1859/371/7
f 1753/639/7 1860/355/7 1609/366/7 1664/409/7
f 1755/642/7 1757/647/7 1860/355/7 1753/639/7
f 1757/647/7 1666/646/7 1667/356/7 1860/355/7
f 1663/407/9 1608/367/9 384/367/9 367/407/9
f 1781/394/8 1689/385/8 362/385/8 330/394/8
f 1732/354/8 1734/399/8 343/399/8 345/354/8
f 1767/655/7 1861/601/7 1645/602/7 1706/656/7
f 1769/660/7 1771/662/7 1861/601/7 1767/655/7
f 1771/662/7 1675/89/7 1676/305/7 1861/601/7
f 1772/664/7 1862/599/7 1619/570/7 1677/574/7
f 1774/667/7 1776/670/7 1862/599/7 1772/664/7
f 1776/670/7 1694/347/7 1695/600/7 1862/599/7
f 1777/672/7 1863/396/7 1642/391/7 1702/673/7
f 1779/676/7 1781/394/7 1863/396/7 1777/672/7
f 1662/415/9 1663/407/9 367/407/9 368/415/9
f 1782/393/7 1864/595/7 1634/598/7 1690/382/7
f 1784/413/7 1786/685/7 1864/595/7 1782/393/7
f 1786/685/7 1712/684/7 1713/596/7 1864/595/7
f 1787/687/7 1865/592/7 1636/594/7 1692/688/7
f 1789/692/7 1791/697/7 1865/592/7 1787/687/7
f 1791/697/7 1704/696/7 1705/593/7 1865/592/7
f 1796/577/7 1866/590/7 1639/369/7 1696/698/7
f 1798/576/7 1800/583/7 1866/590/7 1796/577/7
f 1800/583/7 1710/699/7 1711/591/7 1866/590/7
f 1868/268/7 1867/85/7 1869/270/7 1870/384/7
o Cylinder
v -0.650761 2.500000 -3.812012
v -0.650761 4.500000 -3.812012
v -0.650007 2.500000 -3.812007
v -0.650007 4.500000 -3.812007
v -0.649253 2.500000 -3.811993
v -0.649253 4.500000 -3.811993
v -0.648500 2.500000 -3.811970
v -0.648500 4.500000 -3.811970
v -0.647746 2.500000 -3.811936
v -0.647746 4.500000 -3.811936
v -0.646994 2.500000 -3.811894
v -0.646994 4.500000 -3.811894
v -0.646241 2.500000 -3.811842
v -0.646241 4.500000 -3.811842
v -0.645490 2.500000 -3.811780
v -0.645490 4.500000 -3.811780
v -0.644739 2.500000 -3.811709
v -0.644739 4.500000 -3.811709
v -0.643990 2.500000 -3.811629
v -0.643990 4.500000 -3.811629
v -0.643241 2.500000 -3.811539
v -0.643241 4.500000 -3.811539
v -0.642494 2.500000 -3.811440
v -0.642494 4.500000 -3.811440
v -0.641748 2.500000 -3.811331
v -0.641748 4.500000 -3.811331
v -0.641003 2.500000 -3.811213
v -0.641003 4.500000 -3.811213
v -0.640260 2.500000 -3.811086
v -0.640260 4.500000 -3.811086
v -0.639518 2.500000 -3.810950
v -0.639518 4.500000 -3.810950
v -0.638778 2.500000 -3.810804
v -0.638778 4.500000 -3.810804
v -0.638041 2.500000 -3.810648
v -0.638041 4.500000 -3.810648
v -0.637305 2.500000 -3.810484
v -0.637305 4.500000 -3.810484
v -0.636571 2.500000 -3.810310
v -0.636571 4.500000 -3.810310
v -0.635840 2.500000 -3.810127
v -0.635840 4.500000 -3.810127
v -0.635111 2.500000 -3.809935
v -0.635111 4.500000 -3.809935
v -0.634384 2.500000 -3.809734
v -0.634384 4.500000 -3.809734
v -0.633660 2.500000 -3.809524
v -0.633660 4.500000 -3.809524
v -0.632939 2.500000 -3.809304
v -0.632939 4.500000 -3.809304
v -0.632220 2.500000 -3.809076
v -0.632220 4.500000 -3.809076
v -0.631504 2.500000 -3.808838
v -0.631504 4.500000 -3.808838
v -0.630792 2.500000 -3.808592
v -0.630792 4.500000 -3.808592
v -0.630082 2.500000 -3.808336
v -0.630082 4.500000 -3.808336
v -0.629376 2.500000 -3.808072
v -0.629376 4.500000 -3.808072
v -0.628674 2.500000 -3.807799
v -0.628674 4.500000 -3.807799
v -0.627974 2.500000 -3.807517
v -0.627974 4.500000 -3.807517
v -0.627279 2.500000 -3.807226
v -0.627279 4.500000 -3.807226
v -0.626587 2.500000 -3.806927
v -0.626587 4.500000 -3.806927
v -0.625899 2.500000 -3.806619
v -0.625899 4.500000 -3.806619
v -0.625214 2.500000 -3.806302
v -0.625214 4.500000 -3.806302
v -0.624534 2.500000 -3.805977
v -0.624534 4.500000 -3.805977
v -0.623858 2.500000 -3.805643
v -0.623858 4.500000 -3.805643
v -0.623186 2.500000 -3.805300
v -0.623186 4.500000 -3.805300
v -0.622519 2.500000 -3.804950
v -0.622519 4.500000 -3.804950
v -0.621856 2.500000 -3.804591
v -0.621856 4.500000 -3.804591
v -0.621197 2.500000 -3.804223
v -0.621197 4.500000 -3.804223
v -0.620544 2.500000 -3.803848
v -0.620544 4.500000 -3.803848
v -0.619895 2.500000 -3.803464
v -0.619895 4.500000 -3.803464
v -0.619251 2.500000 -3.803072
v -0.619251 4.500000 -3.803072
v -0.618611 2.500000 -3.802672
v -0.618611 4.500000 -3.802672
v -0.617977 2.500000 -3.802264
v -0.617977 4.500000 -3.802264
v -0.617349 2.500000 -3.801848
v -0.617349 4.500000 -3.801848
v -0.616725 2.500000 -3.801424
v -0.616725 4.500000 -3.801424
v -0.616107 2.500000 -3.800993
v -0.616107 4.500000 -3.800993
v -0.615494 2.500000 -3.800553
v -0.615494 4.500000 -3.800553
v -0.614887 2.500000 -3.800106
v -0.614887 4.500000 -3.800106
v -0.614285 2.500000 -3.799652
v -0.614285 4.500000 -3.799652
v -0.613689 2.500000 -3.799190
v -0.613689 4.500000 -3.799190
v -0.613100 2.500000 -3.798720
v -0.613100 4.500000 -3.798720
v -0.612516 2.500000 -3.798243
v -0.612516 4.500000 -3.798243
v -0.611938 2.500000 -3.797759
v -0.611938 4.500000 -3.797759
v -0.611366 2.500000 -3.797267
v -0.611366 4.500000 -3.797267
v -0.610800 2.500000 -3.796769
v -0.610800 4.500000 -3.796769
v -0.610241 2.500000 -3.796263
v -0.610241 4.500000 -3.796263
v -0.609688 2.500000 -3.795750
v -0.609688 4.500000 -3.795750
v -0.609142 2.500000 -3.795231
v -0.609142 4.500000 -3.795231
v -0.608602 2.500000 -3.794704
v -0.608602 4.500000 -3.794704
v -0.608069 2.500000 -3.794171
v -0.608069 4.500000 -3.794171
v -0.607543 2.500000 -3.793632
v -0.607543 4.500000 -3.793632
v -0.607023 2.500000 -3.793085
v -0.607023 4.500000 -3.793085
v -0.606510 2.500000 -3.792532
v -0.606510 4.500000 -3.792532
v -0.606005 2.500000 -3.791973
v -0.606005 4.500000 -3.791973
v -0.605506 2.500000 -3.791407
v -0.605506 4.500000 -3.791407
v -0.605015 2.500000 -3.790836
v -0.605015 4.500000 -3.790836
v -0.604530 2.500000 -3.790258
v -0.604530 4.500000 -3.790258
v -0.604053 2.500000 -3.789674
v -0.604053 4.500000 -3.789674
v -0.603584 2.500000 -3.789084
v -0.603584 4.500000 -3.789084
v -0.603122 2.500000 -3.788488
v -0.603122 4.500000 -3.788488
v -0.602667 2.500000 -3.787887
v -0.602667 4.500000 -3.787887
v -0.602220 2.500000 -3.787279
v -0.602220 4.500000 -3.787279
v -0.601781 2.500000 -3.786667
v -0.601781 4.500000 -3.786667
v -0.601349 2.500000 -3.786048
v -0.601349 4.500000 -3.786048
v -0.600925 2.500000 -3.785425
v -0.600925 4.500000 -3.785425
v -0.600509 2.500000 -3.784796
v -0.600509 4.500000 -3.784796
v -0.600101 2.500000 -3.784162
v -0.600101 4.500000 -3.784162
v -0.599701 2.500000 -3.783523
v -0.599701 4.500000 -3.783523
v -0.599309 2.500000 -3.782879
v -0.599309 4.500000 -3.782879
v -0.598926 2.500000 -3.782230
v -0.598926 4.500000 -3.782230
v -0.598550 2.500000 -3.781576
v -0.598550 4.500000 -3.781576
v -0.598183 2.500000 -3.780917
v -0.598183 4.500000 -3.780917
v -0.597824 2.500000 -3.780255
v -0.597824 4.500000 -3.780255
v -0.597473 2.500000 -3.779587
v -0.597473 4.500000 -3.779587
v -0.597131 2.500000 -3.778915
v -0.597131 4.500000 -3.778915
v -0.596797 2.500000 -3.778239
v -0.596797 4.500000 -3.778239
v -0.596471 2.500000 -3.777559
v -0.596471 4.500000 -3.777559
v -0.596155 2.500000 -3.776875
v -0.596155 4.500000 -3.776875
v -0.595847 2.500000 -3.776187
v -0.595847 4.500000 -3.776187
v -0.595547 2.500000 -3.775495
v -0.595547 4.500000 -3.775495
v -0.595256 2.500000 -3.774799
v -0.595256 4.500000 -3.774799
v -0.594974 2.500000 -3.774100
v -0.594974 4.500000 -3.774100
v -0.594701 2.500000 -3.773397
v -0.594701 4.500000 -3.773397
v -0.594437 2.500000 -3.772691
v -0.594437 4.500000 -3.772691
v -0.594182 2.500000 -3.771981
v -0.594182 4.500000 -3.771981
v -0.593935 2.500000 -3.771269
v -0.593935 4.500000 -3.771269
v -0.593698 2.500000 -3.770553
v -0.593698 4.500000 -3.770553
v -0.593469 2.500000 -3.769835
v -0.593469 4.500000 -3.769835
v -0.593250 2.500000 -3.769113
v -0.593250 4.500000 -3.769113
v -0.593039 2.500000 -3.768389
v -0.593039 4.500000 -3.768389
v -0.592838 2.500000 -3.767663
v -0.592838 4.500000 -3.767663
v -0.592646 2.500000 -3.766934
v -0.592646 4.500000 -3.766934
v -0.592463 2.500000 -3.766202
v -0.592463 4.500000 -3.766202
v -0.592289 2.500000 -3.765469
v -0.592289 4.500000 -3.765469
v -0.592125 2.500000 -3.764733
v -0.592125 4.500000 -3.764733
v -0.591970 2.500000 -3.763995
v -0.591970 4.500000 -3.763995
v -0.591824 2.500000 -3.763255
v -0.591824 4.500000 -3.763255
v -0.591687 2.500000 -3.762514
v -0.591687 4.500000 -3.762514
v -0.591560 2.500000 -3.761770
v -0.591560 4.500000 -3.761770
v -0.591442 2.500000 -3.761026
v -0.591442 4.500000 -3.761026
v -0.591333 2.500000 -3.760280
v -0.591333 4.500000 -3.760280
v -0.591234 2.500000 -3.759532
v -0.591234 4.500000 -3.759532
v -0.591144 2.500000 -3.758784
v -0.591144 4.500000 -3.758784
v -0.591064 2.500000 -3.758034
v -0.591064 4.500000 -3.758034
v -0.590993 2.500000 -3.757283
v -0.590993 4.500000 -3.757283
v -0.590932 2.500000 -3.756532
v -0.590932 4.500000 -3.756532
v -0.590879 2.500000 -3.755780
v -0.590879 4.500000 -3.755780
v -0.590837 2.500000 -3.755027
v -0.590837 4.500000 -3.755027
v -0.590804 2.500000 -3.754274
v -0.590804 4.500000 -3.754274
v -0.590780 2.500000 -3.753520
v -0.590780 4.500000 -3.753520
v -0.590766 2.500000 -3.752766
v -0.590766 4.500000 -3.752766
v -0.590761 2.500000 -3.752012
v -0.590761 4.500000 -3.752012
v -0.590766 2.500000 -3.751258
v -0.590766 4.500000 -3.751258
v -0.590780 2.500000 -3.750504
v -0.590780 4.500000 -3.750504
v -0.590804 2.500000 -3.749751
v -0.590804 4.500000 -3.749751
v -0.590837 2.500000 -3.748998
v -0.590837 4.500000 -3.748998
v -0.590879 2.500000 -3.748245
v -0.590879 4.500000 -3.748245
v -0.590932 2.500000 -3.747493
v -0.590932 4.500000 -3.747493
v -0.590993 2.500000 -3.746741
v -0.590993 4.500000 -3.746741
v -0.591064 2.500000 -3.745991
v -0.591064 4.500000 -3.745991
v -0.591144 2.500000 -3.745241
v -0.591144 4.500000 -3.745241
v -0.591234 2.500000 -3.744492
v -0.591234 4.500000 -3.744492
v -0.591333 2.500000 -3.743745
v -0.591333 4.500000 -3.743745
v -0.591442 2.500000 -3.742999
v -0.591442 4.500000 -3.742999
v -0.591560 2.500000 -3.742254
v -0.591560 4.500000 -3.742254
v -0.591687 2.500000 -3.741511
v -0.591687 4.500000 -3.741511
v -0.591824 2.500000 -3.740769
v -0.591824 4.500000 -3.740769
v -0.591970 2.500000 -3.740030
v -0.591970 4.500000 -3.740030
v -0.592125 2.500000 -3.739292
v -0.592125 4.500000 -3.739292
v -0.592289 2.500000 -3.738556
v -0.592289 4.500000 -3.738556
v -0.592463 2.500000 -3.737822
v -0.592463 4.500000 -3.737822
v -0.592646 2.500000 -3.737091
v -0.592646 4.500000 -3.737091
v -0.592838 2.500000 -3.736362
v -0.592838 4.500000 -3.736362
v -0.593039 2.500000 -3.735635
v -0.593039 4.500000 -3.735635
v -0.593250 2.500000 -3.734911
v -0.593250 4.500000 -3.734911
v -0.593469 2.500000 -3.734190
v -0.593469 4.500000 -3.734190
v -0.593698 2.500000 -3.733471
v -0.593698 4.500000 -3.733471
v -0.593935 2.500000 -3.732756
v -0.593935 4.500000 -3.732756
v -0.594182 2.500000 -3.732043
v -0.594182 4.500000 -3.732043
v -0.594437 2.500000 -3.731334
v -0.594437 4.500000 -3.731334
v -0.594701 2.500000 -3.730628
v -0.594701 4.500000 -3.730628
v -0.594974 2.500000 -3.729925
v -0.594974 4.500000 -3.729925
v -0.595256 2.500000 -3.729225
v -0.595256 4.500000 -3.729225
v -0.595547 2.500000 -3.728530
v -0.595547 4.500000 -3.728530
v -0.595847 2.500000 -3.727838
v -0.595847 4.500000 -3.727838
v -0.596155 2.500000 -3.727150
v -0.596155 4.500000 -3.727150
v -0.596471 2.500000 -3.726465
v -0.596471 4.500000 -3.726465
v -0.596797 2.500000 -3.725785
v -0.596797 4.500000 -3.725785
v -0.597131 2.500000 -3.725109
v -0.597131 4.500000 -3.725109
v -0.597473 2.500000 -3.724437
v -0.597473 4.500000 -3.724437
v -0.597824 2.500000 -3.723770
v -0.597824 4.500000 -3.723770
v -0.598183 2.500000 -3.723107
v -0.598183 4.500000 -3.723107
v -0.598550 2.500000 -3.722449
v -0.598550 4.500000 -3.722449
v -0.598926 2.500000 -3.721795
v -0.598926 4.500000 -3.721795
v -0.599309 2.500000 -3.721146
v -0.599309 4.500000 -3.721146
v -0.599701 2.500000 -3.720502
v -0.599701 4.500000 -3.720502
v -0.600101 2.500000 -3.719863
v -0.600101 4.500000 -3.719863
v -0.600509 2.500000 -3.719229
v -0.600509 4.500000 -3.719229
v -0.600925 2.500000 -3.718600
v -0.600925 4.500000 -3.718600
v -0.601349 2.500000 -3.717976
v -0.601349 4.500000 -3.717976
v -0.601781 2.500000 -3.717358
v -0.601781 4.500000 -3.717358
v -0.602220 2.500000 -3.716745
v -0.602220 4.500000 -3.716745
v -0.602667 2.500000 -3.716138
v -0.602667 4.500000 -3.716138
v -0.603122 2.500000 -3.715536
v -0.603122 4.500000 -3.715536
v -0.603584 2.500000 -3.714941
v -0.603584 4.500000 -3.714941
v -0.604053 2.500000 -3.714351
v -0.604053 4.500000 -3.714351
v -0.604530 2.500000 -3.713767
v -0.604530 4.500000 -3.713767
v -0.605015 2.500000 -3.713189
v -0.605015 4.500000 -3.713189
v -0.605506 2.500000 -3.712617
v -0.605506 4.500000 -3.712617
v -0.606005 2.500000 -3.712052
v -0.606005 4.500000 -3.712052
v -0.606510 2.500000 -3.711492
v -0.606510 4.500000 -3.711492
v -0.607023 2.500000 -3.710939
v -0.607023 4.500000 -3.710939
v -0.607543 2.500000 -3.710393
v -0.607543 4.500000 -3.710393
v -0.608069 2.500000 -3.709853
v -0.608069 4.500000 -3.709853
v -0.608602 2.500000 -3.709320
v -0.608602 4.500000 -3.709320
v -0.609142 2.500000 -3.708794
v -0.609142 4.500000 -3.708794
v -0.609688 2.500000 -3.708274
v -0.609688 4.500000 -3.708274
v -0.610241 2.500000 -3.707762
v -0.610241 4.500000 -3.707762
v -0.610800 2.500000 -3.707256
v -0.610800 4.500000 -3.707256
v -0.611366 2.500000 -3.706757
v -0.611366 4.500000 -3.706757
v -0.611938 2.500000 -3.706266
v -0.611938 4.500000 -3.706266
v -0.612516 2.500000 -3.705781
v -0.612516 4.500000 -3.705781
v -0.613100 2.500000 -3.705305
v -0.613100 4.500000 -3.705305
v -0.613689 2.500000 -3.704835
v -0.613689 4.500000 -3.704835
v -0.614285 2.500000 -3.704373
v -0.614285 4.500000 -3.704373
v -0.614887 2.500000 -3.703918
v -0.614887 4.500000 -3.703918
v -0.615494 2.500000 -3.703471
v -0.615494 4.500000 -3.703471
v -0.616107 2.500000 -3.703032
v -0.616107 4.500000 -3.703032
v -0.616725 2.500000 -3.702600
v -0.616725 4.500000 -3.702600
v -0.617349 2.500000 -3.702177
v -0.617349 4.500000 -3.702177
v -0.617977 2.500000 -3.701761
v -0.617977 4.500000 -3.701761
v -0.618611 2.500000 -3.701353
v -0.618611 4.500000 -3.701353
v -0.619251 2.500000 -3.700953
v -0.619251 4.500000 -3.700953
v -0.619895 2.500000 -3.700561
v -0.619895 4.500000 -3.700561
v -0.620544 2.500000 -3.700177
v -0.620544 4.500000 -3.700177
v -0.621197 2.500000 -3.699801
v -0.621197 4.500000 -3.699801
v -0.621856 2.500000 -3.699434
v -0.621856 4.500000 -3.699434
v -0.622519 2.500000 -3.699075
v -0.622519 4.500000 -3.699075
v -0.623186 2.500000 -3.698724
v -0.623186 4.500000 -3.698724
v -0.623858 2.500000 -3.698382
v -0.623858 4.500000 -3.698382
v -0.624534 2.500000 -3.698048
v -0.624534 4.500000 -3.698048
v -0.625214 2.500000 -3.697723
v -0.625214 4.500000 -3.697723
v -0.625899 2.500000 -3.697406
v -0.625899 4.500000 -3.697406
v -0.626587 2.500000 -3.697098
v -0.626587 4.500000 -3.697098
v -0.627279 2.500000 -3.696798
v -0.627279 4.500000 -3.696798
v -0.627974 2.500000 -3.696508
v -0.627974 4.500000 -3.696508
v -0.628674 2.500000 -3.696226
v -0.628674 4.500000 -3.696226
v -0.629376 2.500000 -3.695952
v -0.629376 4.500000 -3.695952
v -0.630082 2.500000 -3.695688
v -0.630082 4.500000 -3.695688
v -0.630792 2.500000 -3.695433
v -0.630792 4.500000 -3.695433
v -0.631504 2.500000 -3.695186
v -0.631504 4.500000 -3.695186
v -0.632220 2.500000 -3.694949
v -0.632220 4.500000 -3.694949
v -0.632939 2.500000 -3.694720
v -0.632939 4.500000 -3.694720
v -0.633660 2.500000 -3.694501
v -0.633660 4.500000 -3.694501
v -0.634384 2.500000 -3.694291
v -0.634384 4.500000 -3.694291
v -0.635111 2.500000 -3.694089
v -0.635111 4.500000 -3.694089
v -0.635840 2.500000 -3.693897
v -0.635840 4.500000 -3.693897
v -0.636571 2.500000 -3.693714
v -0.636571 4.500000 -3.693714
v -0.637305 2.500000 -3.693541
v -0.637305 4.500000 -3.693541
v -0.638041 2.500000 -3.693376
v -0.638041 4.500000 -3.693376
v -0.638778 2.500000 -3.693221
v -0.638778 4.500000 -3.693221
v -0.639518 2.500000 -3.693075
v -0.639518 4.500000 -3.693075
v -0.640260 2.500000 -3.692938
v -0.640260 4.500000 -3.692938
v -0.641003 2.500000 -3.692811
v -0.641003 4.500000 -3.692811
v -0.641748 2.500000 -3.692693
v -0.641748 4.500000 -3.692693
v -0.642494 2.500000 -3.692585
v -0.642494 4.500000 -3.692585
v -0.643241 2.500000 -3.692485
v -0.643241 4.500000 -3.692485
v -0.643990 2.500000 -3.692396
v -0.643990 4.500000 -3.692396
v -0.644739 2.500000 -3.692315
v -0.644739 4.500000 -3.692315
v -0.645490 2.500000 -3.692244
v -0.645490 4.500000 -3.692244
v -0.646241 2.500000 -3.692183
v -0.646241 4.500000 -3.692183
v -0.646994 2.500000 -3.692131
v -0.646994 4.500000 -3.692131
v -0.647746 2.500000 -3.692088
v -0.647746 4.500000 -3.692088
v -0.648500 2.500000 -3.692055
v -0.648500 4.500000 -3.692055
v -0.649253 2.500000 -3.692031
v -0.649253 4.500000 -3.692031
v -0.650007 2.500000 -3.692017
v -0.650007 4.500000 -3.692017
v -0.650761 2.500000 -3.692012
v -0.650761 4.500000 -3.692012
v -0.651515 2.500000 -3.692017
v -0.651515 4.500000 -3.692017
v -0.652269 2.500000 -3.692031
v -0.652269 4.500000 -3.692031
v -0.653022 2.500000 -3.692055
v -0.653022 4.500000 -3.692055
v -0.653776 2.500000 -3.692088
v -0.653776 4.500000 -3.692088
v -0.654528 2.500000 -3.692131
v -0.654528 4.500000 -3.692131
v -0.655281 2.500000 -3.692183
v -0.655281 4.500000 -3.692183
v -0.656032 2.500000 -3.692244
v -0.656032 4.500000 -3.692244
v -0.656783 2.500000 -3.692315
v -0.656783 4.500000 -3.692315
v -0.657532 2.500000 -3.692396
v -0.657532 4.500000 -3.692396
v -0.658281 2.500000 -3.692485
v -0.658281 4.500000 -3.692485
v -0.659028 2.500000 -3.692585
v -0.659028 4.500000 -3.692585
v -0.659775 2.500000 -3.692693
v -0.659775 4.500000 -3.692693
v -0.660519 2.500000 -3.692811
v -0.660519 4.500000 -3.692811
v -0.661262 2.500000 -3.692938
v -0.661262 4.500000 -3.692938
v -0.662004 2.500000 -3.693075
v -0.662004 4.500000 -3.693075
v -0.662744 2.500000 -3.693221
v -0.662744 4.500000 -3.693221
v -0.663481 2.500000 -3.693376
v -0.663481 4.500000 -3.693376
v -0.664217 2.500000 -3.693541
v -0.664217 4.500000 -3.693541
v -0.664951 2.500000 -3.693714
v -0.664951 4.500000 -3.693714
v -0.665682 2.500000 -3.693897
v -0.665682 4.500000 -3.693897
v -0.666412 2.500000 -3.694089
v -0.666412 4.500000 -3.694089
v -0.667138 2.500000 -3.694291
v -0.667138 4.500000 -3.694291
v -0.667862 2.500000 -3.694501
v -0.667862 4.500000 -3.694501
v -0.668584 2.500000 -3.694720
v -0.668584 4.500000 -3.694720
v -0.669302 2.500000 -3.694949
v -0.669302 4.500000 -3.694949
v -0.670018 2.500000 -3.695186
v -0.670018 4.500000 -3.695186
v -0.670730 2.500000 -3.695433
v -0.670730 4.500000 -3.695433
v -0.671440 2.500000 -3.695688
v -0.671440 4.500000 -3.695688
v -0.672146 2.500000 -3.695952
v -0.672146 4.500000 -3.695952
v -0.672849 2.500000 -3.696226
v -0.672849 4.500000 -3.696226
v -0.673548 2.500000 -3.696508
v -0.673548 4.500000 -3.696508
v -0.674244 2.500000 -3.696798
v -0.674244 4.500000 -3.696798
v -0.674935 2.500000 -3.697098
v -0.674935 4.500000 -3.697098
v -0.675624 2.500000 -3.697406
v -0.675624 4.500000 -3.697406
v -0.676308 2.500000 -3.697723
v -0.676308 4.500000 -3.697723
v -0.676988 2.500000 -3.698048
v -0.676988 4.500000 -3.698048
v -0.677664 2.500000 -3.698382
v -0.677664 4.500000 -3.698382
v -0.678336 2.500000 -3.698724
v -0.678336 4.500000 -3.698724
v -0.679003 2.500000 -3.699075
v -0.679003 4.500000 -3.699075
v -0.679666 2.500000 -3.699434
v -0.679666 4.500000 -3.699434
v -0.680325 2.500000 -3.699801
v -0.680325 4.500000 -3.699801
v -0.680978 2.500000 -3.700177
v -0.680978 4.500000 -3.700177
v -0.681627 2.500000 -3.700561
v -0.681627 4.500000 -3.700561
v -0.682272 2.500000 -3.700953
v -0.682272 4.500000 -3.700953
v -0.682911 2.500000 -3.701353
v -0.682911 4.500000 -3.701353
v -0.683545 2.500000 -3.701761
v -0.683545 4.500000 -3.701761
v -0.684174 2.500000 -3.702177
v -0.684174 4.500000 -3.702177
v -0.684797 2.500000 -3.702600
v -0.684797 4.500000 -3.702600
v -0.685415 2.500000 -3.703032
v -0.685415 4.500000 -3.703032
v -0.686028 2.500000 -3.703471
v -0.686028 4.500000 -3.703471
v -0.686635 2.500000 -3.703918
v -0.686635 4.500000 -3.703918
v -0.687237 2.500000 -3.704373
v -0.687237 4.500000 -3.704373
v -0.687833 2.500000 -3.704835
v -0.687833 4.500000 -3.704835
v -0.688423 2.500000 -3.705305
v -0.688423 4.500000 -3.705305
v -0.689007 2.500000 -3.705781
v -0.689007 4.500000 -3.705781
v -0.689584 2.500000 -3.706266
v -0.689584 4.500000 -3.706266
v -0.690156 2.500000 -3.706757
v -0.690156 4.500000 -3.706757
v -0.690722 2.500000 -3.707256
v -0.690722 4.500000 -3.707256
v -0.691281 2.500000 -3.707762
v -0.691281 4.500000 -3.707762
v -0.691834 2.500000 -3.708274
v -0.691834 4.500000 -3.708274
v -0.692380 2.500000 -3.708794
v -0.692380 4.500000 -3.708794
v -0.692920 2.500000 -3.709320
v -0.692920 4.500000 -3.709320
v -0.693453 2.500000 -3.709853
v -0.693453 4.500000 -3.709853
v -0.693980 2.500000 -3.710393
v -0.693980 4.500000 -3.710393
v -0.694499 2.500000 -3.710939
v -0.694499 4.500000 -3.710939
v -0.695012 2.500000 -3.711492
v -0.695012 4.500000 -3.711492
v -0.695518 2.500000 -3.712052
v -0.695518 4.500000 -3.712052
v -0.696016 2.500000 -3.712617
v -0.696016 4.500000 -3.712617
v -0.696508 2.500000 -3.713189
v -0.696508 4.500000 -3.713189
v -0.696992 2.500000 -3.713767
v -0.696992 4.500000 -3.713767
v -0.697469 2.500000 -3.714351
v -0.697469 4.500000 -3.714351
v -0.697938 2.500000 -3.714941
v -0.697938 4.500000 -3.714941
v -0.698400 2.500000 -3.715536
v -0.698400 4.500000 -3.715536
v -0.698855 2.500000 -3.716138
v -0.698855 4.500000 -3.716138
v -0.699302 2.500000 -3.716745
v -0.699302 4.500000 -3.716745
v -0.699741 2.500000 -3.717358
v -0.699741 4.500000 -3.717358
v -0.700173 2.500000 -3.717976
v -0.700173 4.500000 -3.717976
v -0.700597 2.500000 -3.718600
v -0.700597 4.500000 -3.718600
v -0.701013 2.500000 -3.719229
v -0.701013 4.500000 -3.719229
v -0.701421 2.500000 -3.719863
v -0.701421 4.500000 -3.719863
v -0.701821 2.500000 -3.720502
v -0.701821 4.500000 -3.720502
v -0.702213 2.500000 -3.721146
v -0.702213 4.500000 -3.721146
v -0.702596 2.500000 -3.721795
v -0.702596 4.500000 -3.721795
v -0.702972 2.500000 -3.722449
v -0.702972 4.500000 -3.722449
v -0.703339 2.500000 -3.723107
v -0.703339 4.500000 -3.723107
v -0.703699 2.500000 -3.723770
v -0.703699 4.500000 -3.723770
v -0.704049 2.500000 -3.724437
v -0.704049 4.500000 -3.724437
v -0.704392 2.500000 -3.725109
v -0.704392 4.500000 -3.725109
v -0.704725 2.500000 -3.725785
v -0.704725 4.500000 -3.725785
v -0.705051 2.500000 -3.726465
v -0.705051 4.500000 -3.726465
v -0.705367 2.500000 -3.727150
v -0.705367 4.500000 -3.727150
v -0.705676 2.500000 -3.727838
v -0.705676 4.500000 -3.727838
v -0.705975 2.500000 -3.728530
v -0.705975 4.500000 -3.728530
v -0.706266 2.500000 -3.729225
v -0.706266 4.500000 -3.729225
v -0.706548 2.500000 -3.729925
v -0.706548 4.500000 -3.729925
v -0.706821 2.500000 -3.730628
v -0.706821 4.500000 -3.730628
v -0.707085 2.500000 -3.731334
v -0.707085 4.500000 -3.731334
v -0.707340 2.500000 -3.732043
v -0.707340 4.500000 -3.732043
v -0.707587 2.500000 -3.732756
v -0.707587 4.500000 -3.732756
v -0.707824 2.500000 -3.733471
v -0.707824 4.500000 -3.733471
v -0.708053 2.500000 -3.734190
v -0.708053 4.500000 -3.734190
v -0.708272 2.500000 -3.734911
v -0.708272 4.500000 -3.734911
v -0.708483 2.500000 -3.735635
v -0.708483 4.500000 -3.735635
v -0.708684 2.500000 -3.736362
v -0.708684 4.500000 -3.736362
v -0.708876 2.500000 -3.737091
v -0.708876 4.500000 -3.737091
v -0.709059 2.500000 -3.737822
v -0.709059 4.500000 -3.737822
v -0.709233 2.500000 -3.738556
v -0.709233 4.500000 -3.738556
v -0.709397 2.500000 -3.739292
v -0.709397 4.500000 -3.739292
v -0.709552 2.500000 -3.740030
v -0.709552 4.500000 -3.740030
v -0.709698 2.500000 -3.740769
v -0.709698 4.500000 -3.740769
v -0.709835 2.500000 -3.741511
v -0.709835 4.500000 -3.741511
v -0.709962 2.500000 -3.742254
v -0.709962 4.500000 -3.742254
v -0.710080 2.500000 -3.742999
v -0.710080 4.500000 -3.742999
v -0.710189 2.500000 -3.743745
v -0.710189 4.500000 -3.743745
v -0.710288 2.500000 -3.744492
v -0.710288 4.500000 -3.744492
v -0.710378 2.500000 -3.745241
v -0.710378 4.500000 -3.745241
v -0.710458 2.500000 -3.745991
v -0.710458 4.500000 -3.745991
v -0.710529 2.500000 -3.746741
v -0.710529 4.500000 -3.746741
v -0.710591 2.500000 -3.747493
v -0.710591 4.500000 -3.747493
v -0.710643 2.500000 -3.748245
v -0.710643 4.500000 -3.748245
v -0.710685 2.500000 -3.748998
v -0.710685 4.500000 -3.748998
v -0.710718 2.500000 -3.749751
v -0.710718 4.500000 -3.749751
v -0.710742 2.500000 -3.750504
v -0.710742 4.500000 -3.750504
v -0.710756 2.500000 -3.751258
v -0.710756 4.500000 -3.751258
v -0.710761 2.500000 -3.752012
v -0.710761 4.500000 -3.752012
v -0.710756 2.500000 -3.752766
v -0.710756 4.500000 -3.752766
v -0.710742 2.500000 -3.753520
v -0.710742 4.500000 -3.753520
v -0.710718 2.500000 -3.754274
v -0.710718 4.500000 -3.754274
v -0.710685 2.500000 -3.755027
v -0.710685 4.500000 -3.755027
v -0.710643 2.500000 -3.755780
v -0.710643 4.500000 -3.755780
v -0.710591 2.500000 -3.756532
v -0.710591 4.500000 -3.756532
v -0.710529 2.500000 -3.757283
v -0.710529 4.500000 -3.757283
v -0.710458 2.500000 -3.758034
v -0.710458 4.500000 -3.758034
v -0.710378 2.500000 -3.758784
v -0.710378 4.500000 -3.758784
v -0.710288 2.500000 -3.759532
v -0.710288 4.500000 -3.759532
v -0.710189 2.500000 -3.760280
v -0.710189 4.500000 -3.760280
v -0.710080 2.500000 -3.761026
v -0.710080 4.500000 -3.761026
v -0.709962 2.500000 -3.761770
v -0.709962 4.500000 -3.761770
v -0.709835 2.500000 -3.762514
v -0.709835 4.500000 -3.762514
v -0.709698 2.500000 -3.763255
v -0.709698 4.500000 -3.763255
v -0.709552 2.500000 -3.763995
v -0.709552 4.500000 -3.763995
v -0.709397 2.500000 -3.764733
v -0.709397 4.500000 -3.764733
v -0.709233 2.500000 -3.765469
v -0.709233 4.500000 -3.765469
v -0.709059 2.500000 -3.766202
v -0.709059 4.500000 -3.766202
v -0.708876 2.500000 -3.766934
v -0.708876 4.500000 -3.766934
v -0.708684 2.500000 -3.767663
v -0.708684 4.500000 -3.767663
v -0.708483 2.500000 -3.768389
v -0.708483 4.500000 -3.768389
v -0.708272 2.500000 -3.769113
v -0.708272 4.500000 -3.769113
v -0.708053 2.500000 -3.769835
v -0.708053 4.500000 -3.769835
v -0.707824 2.500000 -3.770553
v -0.707824 4.500000 -3.770553
v -0.707587 2.500000 -3.771269
v -0.707587 4.500000 -3.771269
v -0.707340 2.500000 -3.771981
v -0.707340 4.500000 -3.771981
v -0.707085 2.500000 -3.772691
v -0.707085 4.500000 -3.772691
v -0.706821 2.500000 -3.773397
v -0.706821 4.500000 -3.773397
v -0.706548 2.500000 -3.774100
v -0.706548 4.500000 -3.774100
v -0.706266 2.500000 -3.774799
v -0.706266 4.500000 -3.774799
v -0.705975 2.500000 -3.775495
v -0.705975 4.500000 -3.775495
v -0.705676 2.500000 -3.776187
v -0.705676 4.500000 -3.776187
v -0.705367 2.500000 -3.776875
v -0.705367 4.500000 -3.776875
v -0.705051 2.500000 -3.777559
v -0.705051 4.500000 -3.777559
v -0.704725 2.500000 -3.778239
v -0.704725 4.500000 -3.778239
v -0.704392 2.500000 -3.778915
v -0.704392 4.500000 -3.778915
v -0.704049 2.500000 -3.779587
v -0.704049 4.500000 -3.779587
v -0.703699 2.500000 -3.780255
v -0.703699 4.500000 -3.780255
v -0.703339 2.500000 -3.780917
v -0.703339 4.500000 -3.780917
v -0.702972 2.500000 -3.781576
v -0.702972 4.500000 -3.781576
v -0.702596 2.500000 -3.782230
v -0.702596 4.500000 -3.782230
v -0.702213 2.500000 -3.782879
v -0.702213 4.500000 -3.782879
v -0.701821 2.500000 -3.783523
v -0.701821 4.500000 -3.783523
v -0.701421 2.500000 -3.784162
v -0.701421 4.500000 -3.784162
v -0.701013 2.500000 -3.784796
v -0.701013 4.500000 -3.784796
v -0.700597 2.500000 -3.785425
v -0.700597 4.500000 -3.785425
v -0.700173 2.500000 -3.786048
v -0.700173 4.500000 -3.786048
v -0.699741 2.500000 -3.786667
v -0.699741 4.500000 -3.786667
v -0.699302 2.500000 -3.787279
v -0.699302 4.500000 -3.787279
v -0.698855 2.500000 -3.787887
v -0.698855 4.500000 -3.787887
v -0.698400 2.500000 -3.788488
v -0.698400 4.500000 -3.788488
v -0.697938 2.500000 -3.789084
v -0.697938 4.500000 -3.789084
v -0.697469 2.500000 -3.789674
v -0.697469 4.500000 -3.789674
v -0.696992 2.500000 -3.790258
v -0.696992 4.500000 -3.790258
v -0.696508 2.500000 -3.790836
v -0.696508 4.500000 -3.790836
v -0.696016 2.500000 -3.791407
v -0.696016 4.500000 -3.791407
v -0.695518 2.500000 -3.791973
v -0.695518 4.500000 -3.791973
v -0.695012 2.500000 -3.792532
v -0.695012 4.500000 -3.792532
v -0.694499 2.500000 -3.793085
v -0.694499 4.500000 -3.793085
v -0.693980 2.500000 -3.793632
v -0.693980 4.500000 -3.793632
v -0.693453 2.500000 -3.794171
v -0.693453 4.500000 -3.794171
v -0.692920 2.500000 -3.794704
v -0.692920 4.500000 -3.794704
v -0.692380 2.500000 -3.795231
v -0.692380 4.500000 -3.795231
v -0.691834 2.500000 -3.795750
v -0.691834 4.500000 -3.795750
v -0.691281 2.500000 -3.796263
v -0.691281 4.500000 -3.796263
v -0.690722 2.500000 -3.796769
v -0.690722 4.500000 -3.796769
v -0.690156 2.500000 -3.797267
v -0.690156 4.500000 -3.797267
v -0.689584 2.500000 -3.797759
v -0.689584 4.500000 -3.797759
v -0.689007 2.500000 -3.798243
v -0.689007 4.500000 -3.798243
v -0.688423 2.500000 -3.798720
v -0.688423 4.500000 -3.798720
v -0.687833 2.500000 -3.799190
v -0.687833 4.500000 -3.799190
v -0.687237 2.500000 -3.799652
v -0.687237 4.500000 -3.799652
v -0.686635 2.500000 -3.800106
v -0.686635 4.500000 -3.800106
v -0.686028 2.500000 -3.800553
v -0.686028 4.500000 -3.800553
v -0.685415 2.500000 -3.800993
v -0.685415 4.500000 -3.800993
v -0.684797 2.500000 -3.801424
v -0.684797 4.500000 -3.801424
v -0.684174 2.500000 -3.801848
v -0.684174 4.500000 -3.801848
v -0.683545 2.500000 -3.802264
v -0.683545 4.500000 -3.802264
v -0.682911 2.500000 -3.802672
v -0.682911 4.500000 -3.802672
v -0.682272 2.500000 -3.803072
v -0.682272 4.500000 -3.803072
v -0.681627 2.500000 -3.803464
v -0.681627 4.500000 -3.803464
v -0.680978 2.500000 -3.803848
v -0.680978 4.500000 -3.803848
v -0.680325 2.500000 -3.804223
v -0.680325 4.500000 -3.804223
v -0.679666 2.500000 -3.804591
v -0.679666 4.500000 -3.804591
v -0.679003 2.500000 -3.804950
v -0.679003 4.500000 -3.804950
v -0.678336 2.500000 -3.805300
v -0.678336 4.500000 -3.805300
v -0.677664 2.500000 -3.805643
v -0.677664 4.500000 -3.805643
v -0.676988 2.500000 -3.805977
v -0.676988 4.500000 -3.805977
v -0.676308 2.500000 -3.806302
v -0.676308 4.500000 -3.806302
v -0.675624 2.500000 -3.806619
v -0.675624 4.500000 -3.806619
v -0.674935 2.500000 -3.806927
v -0.674935 4.500000 -3.806927
v -0.674244 2.500000 -3.807226
v -0.674244 4.500000 -3.807226
v -0.673548 2.500000 -3.807517
v -0.673548 4.500000 -3.807517
v -0.672849 2.500000 -3.807799
v -0.672849 4.500000 -3.807799
v -0.672146 2.500000 -3.808072
v -0.672146 4.500000 -3.808072
v -0.671440 2.500000 -3.808336
v -0.671440 4.500000 -3.808336
v -0.670730 2.500000 -3.808592
v -0.670730 4.500000 -3.808592
v -0.670018 2.500000 -3.808838
v -0.670018 4.500000 -3.808838
v -0.669302 2.500000 -3.809076
v -0.669302 4.500000 -3.809076
v -0.668584 2.500000 -3.809304
v -0.668584 4.500000 -3.809304
v -0.667862 2.500000 -3.809524
v -0.667862 4.500000 -3.809524
v -0.667138 2.500000 -3.809734
v -0.667138 4.500000 -3.809734
v -0.666412 2.500000 -3.809935
v -0.666412 4.500000 -3.809935
v -0.665682 2.500000 -3.810127
v -0.665682 4.500000 -3.810127
v -0.664951 2.500000 -3.810310
v -0.664951 4.500000 -3.810310
v -0.664217 2.500000 -3.810484
v -0.664217 4.500000 -3.810484
v -0.663481 2.500000 -3.810648
v -0.663481 4.500000 -3.810648
v -0.662744 2.500000 -3.810804
v -0.662744 4.500000 -3.810804
v -0.662004 2.500000 -3.810950
v -0.662004 4.500000 -3.810950
v -0.661262 2.500000 -3.811086
v -0.661262 4.500000 -3.811086
v -0.660519 2.500000 -3.811213
v -0.660519 4.500000 -3.811213
v -0.659775 2.500000 -3.811331
v -0.659775 4.500000 -3.811331
v -0.659028 2.500000 -3.811440
v -0.659028 4.500000 -3.811440
v -0.658281 2.500000 -3.811539
v -0.658281 4.500000 -3.811539
v -0.657532 2.500000 -3.811629
v -0.657532 4.500000 -3.811629
v -0.656783 2.500000 -3.811709
v -0.656783 4.500000 -3.811709
v -0.656032 2.500000 -3.811780
v -0.656032 4.500000 -3.811780
v -0.655281 2.500000 -3.811842
v -0.655281 4.500000 -3.811842
v -0.654528 2.500000 -3.811894
v -0.654528 4.500000 -3.811894
v -0.653776 2.500000 -3.811936
v -0.653776 4.500000 -3.811936
v -0.653022 2.500000 -3.811970
v -0.653022 4.500000 -3.811970
v -0.652269 2.500000 -3.811993
v -0.652269 4.500000 -3.811993
v -0.651515 2.500000 -3.812007
v -0.651515 4.500000 -3.812007
vn 0.0063 -0.0000 -1.0000
vn 0.0188 -0.0000 -0.9998
vn 0.0314 -0.0000 -0.9995
vn 0.0440 -0.0000 -0.9990
vn 0.0565 -0.0000 -0.9984
vn 0.0691 -0.0000 -0.9976
vn 0.0816 -0.0000 -0.9967
vn 0.0941 -0.0000 -0.9956
vn 0.1066 -0.0000 -0.9943
vn 0.1191 -0.0000 -0.9929
vn 0.1316 -0.0000 -0.9913
vn 0.1440 -0.0000 -0.9896
vn 0.1564 -0.0000 -0.9877
vn 0.1688 -0.0000 -0.9856
vn 0.1812 -0.0000 -0.9834
vn 0.1935 -0.0000 -0.9811
vn 0.2059 -0.0000 -0.9786
vn 0.2181 -0.0000 -0.9759
vn 0.2304 -0.0000 -0.9731
vn 0.2426 -0.0000 -0.9701
vn 0.2548 -0.0000 -0.9670
vn 0.2669 -0.0000 -0.9637
vn 0.2790 -0.0000 -0.9603
vn 0.2910 -0.0000 -0.9567
vn 0.3030 -0.0000 -0.9530
vn 0.3150 -0.0000 -0.9491
vn 0.3269 -0.0000 -0.9451
vn 0.3387 -0.0000 -0.9409
vn 0.3505 -0.0000 -0.9366
vn 0.3623 -0.0000 -0.9321
vn 0.3740 -0.0000 -0.9274
vn 0.3856 -0.0000 -0.9227
vn 0.3971 -0.0000 -0.9178
vn 0.4087 -0.0000 -0.9127
vn 0.4201 -0.0000 -0.9075
vn 0.4315 -0.0000 -0.9021
vn 0.4428 -0.0000 -0.8966
vn 0.4540 -0.0000 -0.8910
vn 0.4652 -0.0000 -0.8852
vn 0.4762 -0.0000 -0.8793
vn 0.4873 -0.0000 -0.8733
vn 0.4982 -0.0000 -0.8671
vn 0.5090 -0.0000 -0.8607
vn 0.5198 -0.0000 -0.8543
vn 0.5305 -0.0000 -0.8477
vn 0.5411 -0.0000 -0.8409
vn 0.5516 -0.0000 -0.8341
vn 0.5621 -0.0000 -0.8271
vn 0.5724 -0.0000 -0.8200
vn 0.5827 -0.0000 -0.8127
vn 0.5929 -0.0000 -0.8053
vn 0.6029 -0.0000 -0.7978
vn 0.6129 -0.0000 -0.7902
vn 0.6228 -0.0000 -0.7824
vn 0.6326 -0.0000 -0.7745
vn 0.6423 -0.0000 -0.7665
vn 0.6518 -0.0000 -0.7584
vn 0.6613 -0.0000 -0.7501
vn 0.6707 -0.0000 -0.7417
vn 0.6800 -0.0000 -0.7333
vn 0.6891 -0.0000 -0.7247
vn 0.6982 -0.0000 -0.7159
vn 0.7071 -0.0000 -0.7071
vn 0.7159 -0.0000 -0.6982
vn 0.7247 -0.0000 -0.6891
vn 0.7333 -0.0000 -0.6800
vn 0.7417 -0.0000 -0.6707
vn 0.7501 -0.0000 -0.6613
vn 0.7584 -0.0000 -0.6518
vn 0.7665 -0.0000 -0.6423
vn 0.7745 -0.0000 -0.6326
vn 0.7824 -0.0000 -0.6228
vn 0.7902 -0.0000 -0.6129
vn 0.7978 -0.0000 -0.6029
vn 0.8053 -0.0000 -0.5929
vn 0.8127 -0.0000 -0.5827
vn 0.8200 -0.0000 -0.5724
vn 0.8271 -0.0000 -0.5621
vn 0.8341 -0.0000 -0.5516
vn 0.8409 -0.0000 -0.5411
vn 0.8477 -0.0000 -0.5305
vn 0.8543 -0.0000 -0.5198
vn 0.8607 -0.0000 -0.5090
vn 0.8671 -0.0000 -0.4982
vn 0.8733 -0.0000 -0.4873
vn 0.8793 -0.0000 -0.4762
vn 0.8852 -0.0000 -0.4652
vn 0.8910 -0.0000 -0.4540
vn 0.8966 -0.0000 -0.4428
vn 0.9021 -0.0000 -0.4315
vn 0.9075 -0.0000 -0.4201
vn 0.9127 -0.0000 -0.4087
vn 0.9178 -0.0000 -0.3971
vn 0.9227 -0.0000 -0.3856
vn 0.9274 -0.0000 -0.3740
vn 0.9321 -0.0000 -0.3623
vn 0.9365 -0.0000 -0.3505
vn 0.9409 -0.0000 -0.3387
vn 0.9451 -0.0000 -0.3269
vn 0.9491 -0.0000 -0.3150
vn 0.9530 -0.0000 -0.3030
vn 0.9567 -0.0000 -0.2910
vn 0.9603 -0.0000 -0.2790
vn 0.9637 -0.0000 -0.2669
vn 0.9670 -0.0000 -0.2548
vn 0.9701 -0.0000 -0.2426
vn 0.9731 -0.0000 -0.2304
vn 0.9759 -0.0000 -0.2181
vn 0.9786 -0.0000 -0.2059
vn 0.9811 -0.0000 -0.1935
vn 0.9834 -0.0000 -0.1812
vn 0.9856 -0.0000 -0.1688
vn 0.9877 -0.0000 -0.1564
vn 0.9896 -0.0000 -0.1440
vn 0.9913 -0.0000 -0.1316
vn 0.9929 -0.0000 -0.1191
vn 0.9943 -0.0000 -0.1066
vn 0.9956 -0.0000 -0.0941
vn 0.9967 -0.0000 -0.0816
vn 0.9976 -0.0000 -0.0691
vn 0.9984 -0.0000 -0.0565
vn 0.9990 -0.0000 -0.0440
vn 0.9995 -0.0000 -0.0314
vn 0.9998 -0.0000 -0.0188
vn 1.0000 -0.0000 -0.0063
vn 1.0000 -0.0000 0.0063
vn 0.9998 -0.0000 0.0188
vn 0.9995 -0.0000 0.0314
vn 0.9990 -0.0000 0.0440
vn 0.9984 -0.0000 0.0565
vn 0.9976 -0.0000 0.0691
vn 0.9967 -0.0000 0.0816
vn 0.9956 -0.0000 0.0941
vn 0.9943 -0.0000 0.1066
vn 0.9929 -0.0000 0.1191
vn 0.9913 -0.0000 0.1316
vn 0.9896 -0.0000 0.1440
vn 0.9877 -0.0000 0.1564
vn 0.9856 -0.0000 0.1688
vn 0.9834 -0.0000 0.1812
vn 0.9811 -0.0000 0.1935
vn 0.9786 -0.0000 0.2059
vn 0.9759 -0.0000 0.2181
vn 0.9731 -0.0000 0.2304
vn 0.9701 -0.0000 0.2426
vn 0.9670 -0.0000 0.2548
vn 0.9637 -0.0000 0.2669
vn 0.9603 -0.0000 0.2790
vn 0.9567 -0.0000 0.2910
vn 0.9530 -0.0000 0.3030
vn 0.9491 -0.0000 0.3150
vn 0.9451 -0.0000 0.3269
vn 0.9409 -0.0000 0.3387
vn 0.9365 -0.0000 0.3505
vn 0.9321 -0.0000 0.3623
vn 0.9274 -0.0000 0.3740
vn 0.9227 -0.0000 0.3856
vn 0.9178 -0.0000 0.3971
vn 0.9127 -0.0000 0.4087
vn 0.9075 -0.0000 0.4201
vn 0.9021 -0.0000 0.4315
vn 0.8966 -0.0000 0.4428
vn 0.8910 -0.0000 0.4540
vn 0.8852 -0.0000 0.4652
vn 0.8793 -0.0000 0.4762
vn 0.8733 -0.0000 0.4873
vn 0.8671 -0.0000 0.4982
vn 0.8607 -0.0000 0.5090
vn 0.8543 -0.0000 0.5198
vn 0.8477 -0.0000 0.5305
vn 0.8409 -0.0000 0.5411
vn 0.8341 -0.0000 0.5516
vn 0.8271 -0.0000 0.5621
vn 0.8200 -0.0000 0.5724
vn 0.8127 -0.0000 0.5827
vn 0.8053 -0.0000 0.5929
vn 0.7978 -0.0000 0.6029
vn 0.7902 -0.0000 0.6129
vn 0.7824 -0.0000 0.6228
vn 0.7745 -0.0000 0.6326
vn 0.7665 -0.0000 0.6423
vn 0.7584 -0.0000 0.6518
vn 0.7501 -0.0000 0.6613
vn 0.7417 -0.0000 0.6707
vn 0.7333 -0.0000 0.6800
vn 0.7247 -0.0000 0.6891
vn 0.7159 -0.0000 0.6982
vn 0.7071 -0.0000 0.7071
vn 0.6982 -0.0000 0.7159
vn 0.6891 -0.0000 0.7247
vn 0.6800 -0.0000 0.7333
vn 0.6707 -0.0000 0.7417
vn 0.6613 -0.0000 0.7501
vn 0.6518 -0.0000 0.7584
vn 0.6423 -0.0000 0.7665
vn 0.6326 -0.0000 0.7745
vn 0.6228 -0.0000 0.7824
vn 0.6129 -0.0000 0.7902
vn 0.6029 -0.0000 0.7978
vn 0.5929 -0.0000 0.8053
vn 0.5827 -0.0000 0.8127
vn 0.5724 -0.0000 0.8200
vn 0.5621 -0.0000 0.8271
vn 0.5516 -0.0000 0.8341
vn 0.5411 -0.0000 0.8409
vn 0.5305 -0.0000 0.8477
vn 0.5198 -0.0000 0.8543
vn 0.5090 -0.0000 0.8607
vn 0.4982 -0.0000 0.8671
vn 0.4873 -0.0000 0.8733
vn 0.4762 -0.0000 0.8793
vn 0.4652 -0.0000 0.8852
vn 0.4540 -0.0000 0.8910
vn 0.4428 -0.0000 0.8966
vn 0.4315 -0.0000 0.9021
vn 0.4201 -0.0000 0.9075
vn 0.4087 -0.0000 0.9127
vn 0.3971 -0.0000 0.9178
vn 0.3856 -0.0000 0.9227
vn 0.3740 -0.0000 0.9274
vn 0.3623 -0.0000 0.9321
vn 0.3505 -0.0000 0.9365
vn 0.3387 -0.0000 0.9409
vn 0.3269 -0.0000 0.9451
vn 0.3150 -0.0000 0.9491
vn 0.3030 -0.0000 0.9530
vn 0.2910 -0.0000 0.9567
vn 0.2790 -0.0000 0.9603
vn 0.2669 -0.0000 0.9637
vn 0.2548 -0.0000 0.9670
vn 0.2426 -0.0000 0.9701
vn 0.2304 -0.0000 0.9731
vn 0.2181 -0.0000 0.9759
vn 0.2059 -0.0000 0.9786
vn 0.1935 -0.0000 0.9811
vn 0.1812 -0.0000 0.9834
vn 0.1688 -0.0000 0.9856
vn 0.1564 -0.0000 0.9877
vn 0.1440 -0.0000 0.9896
vn 0.1316 -0.0000 0.9913
vn 0.1191 -0.0000 0.9929
vn 0.1066 -0.0000 0.9943
vn 0.0941 -0.0000 0.9956
vn 0.0816 -0.0000 0.9967
vn 0.0691 -0.0000 0.9976
vn 0.0565 -0.0000 0.9984
vn 0.0440 -0.0000 0.9990
vn 0.0314 -0.0000 0.9995
vn 0.0188 -0.0000 0.9998
vn 0.0063 -0.0000 1.0000
vn -0.0063 -0.0000 1.0000
vn -0.0188 -0.0000 0.9998
vn -0.0314 -0.0000 0.9995
vn -0.0440 -0.0000 0.9990
vn -0.0565 -0.0000 0.9984
vn -0.0691 -0.0000 0.9976
vn -0.0816 -0.0000 0.9967
vn -0.0941 -0.0000 0.9956
vn -0.1066 -0.0000 0.9943
vn -0.1191 -0.0000 0.9929
vn -0.1316 -0.0000 0.9913
vn -0.1440 -0.0000 0.9896
vn -0.1564 -0.0000 0.9877
vn -0.1688 -0.0000 0.9856
vn -0.1812 -0.0000 0.9834
vn -0.1935 -0.0000 0.9811
vn -0.2059 -0.0000 0.9786
vn -0.2181 -0.0000 0.9759
vn -0.2304 -0.0000 0.9731
vn -0.2426 -0.0000 0.9701
vn -0.2548 -0.0000 0.9670
vn -0.2669 -0.0000 0.9637
vn -0.2790 -0.0000 0.9603
vn -0.2910 -0.0000 0.9567
vn -0.3030 -0.0000 0.9530
vn -0.3150 -0.0000 0.9491
vn -0.3269 -0.0000 0.9451
vn -0.3387 -0.0000 0.9409
vn -0.3505 -0.0000 0.9365
vn -0.3623 -0.0000 0.9321
vn -0.3740 -0.0000 0.9274
vn -0.3856 -0.0000 0.9227
vn -0.3971 -0.0000 0.9178
vn -0.4087 -0.0000 0.9127
vn -0.4201 -0.0000 0.9075
vn -0.4315 -0.0000 0.9021
vn -0.4428 -0.0000 0.8966
vn -0.4540 -0.0000 0.8910
vn -0.4652 -0.0000 0.8852
vn -0.4762 -0.0000 0.8793
vn -0.4873 -0.0000 0.8733
vn -0.4982 -0.0000 0.8671
vn -0.5090 -0.0000 0.8607
vn -0.5198 -0.0000 0.8543
vn -0.5305 -0.0000 0.8477
vn -0.5411 -0.0000 0.8409
vn -0.5516 -0.0000 0.8341
vn -0.5621 -0.0000 0.8271
vn -0.5724 -0.0000 0.8200
vn -0.5827 -0.0000 0.8127
vn -0.5929 -0.0000 0.8053
vn -0.6029 -0.0000 0.7978
vn -0.6129 -0.0000 0.7902
vn -0.6228 -0.0000 0.7824
vn -0.6326 -0.0000 0.7745
vn -0.6423 -0.0000 0.7665
vn -0.6518 -0.0000 0.7584
vn -0.6613 -0.0000 0.7501
vn -0.6707 -0.0000 0.7417
vn -0.6800 -0.0000 0.7333
vn -0.6891 -0.0000 0.7247
vn -0.6982 -0.0000 0.7159
vn -0.7071 -0.0000 0.7071
vn -0.7159 -0.0000 0.6982
vn -0.7247 -0.0000 0.6891
vn -0.7333 -0.0000 0.6800
vn -0.7417 -0.0000 0.6707
vn -0.7501 -0.0000 0.6613
vn -0.7584 -0.0000 0.6518
vn -0.7665 -0.0000 0.6423
vn -0.7745 -0.0000 0.6326
vn -0.7824 -0.0000 0.6228
vn -0.7902 -0.0000 0.6129
vn -0.7978 -0.0000 0.6029
vn -0.8053 -0.0000 0.5929
vn -0.8127 -0.0000 0.5827
vn -0.8200 -0.0000 0.5724
vn -0.8271 -0.0000 0.5621
vn -0.8341 -0.0000 0.5516
vn -0.8409 -0.0000 0.5411
vn -0.8477 -0.0000 0.5305
vn -0.8543 -0.0000 0.5198
vn -0.8607 -0.0000 0.5090
vn -0.8671 -0.0000 0.4982
vn -0.8733 -0.0000 0.4873
vn -0.8793 -0.0000 0.4762
vn -0.8852 -0.0000 0.4652
vn -0.8910 -0.0000 0.4540
vn -0.8966 -0.0000 0.4428
vn -0.9021 -0.0000 0.4315
vn -0.9075 -0.0000 0.4201
vn -0.9127 -0.0000 0.4087
vn -0.9178 -0.0000 0.3971
vn -0.9227 -0.0000 0.3856
vn -0.9274 -0.0000 0.3740
vn -0.9321 -0.0000 0.3623
vn -0.9366 -0.0000 0.3505
vn -0.9409 -0.0000 0.3387
vn -0.9451 -0.0000 0.3269
vn -0.9491 -0.0000 0.3150
vn -0.9530 -0.0000 0.3030
vn -0.9567 -0.0000 0.2910
vn -0.9603 -0.0000 0.2790
vn -0.9637 -0.0000 0.2669
vn -0.9670 -0.0000 0.2548
vn -0.9701 -0.0000 0.2426
vn -0.9731 -0.0000 0.2304
vn -0.9759 -0.0000 0.2181
vn -0.9786 -0.0000 0.2059
vn -0.9811 -0.0000 0.1935
vn -0.9834 -0.0000 0.1812
vn -0.9856 -0.0000 0.1688
vn -0.9877 -0.0000 0.1564
vn -0.9896 -0.0000 0.1440
vn -0.9913 -0.0000 0.1316
vn -0.9929 -0.0000 0.1191
vn -0.9943 -0.0000 0.1066
vn -0.9956 -0.0000 0.0941
vn -0.9967 -0.0000 0.0816
vn -0.9976 -0.0000 0.0691
vn -0.9984 -0.0000 0.0565
vn -0.9990 -0.0000 0.0440
vn -0.9995 -0.0000 0.0314
vn -0.9998 -0.0000 0.0188
vn -1.0000 -0.0000 0.0063
vn -1.0000 -0.0000 -0.0063
vn -0.9998 -0.0000 -0.0188
vn -0.9995 -0.0000 -0.0314
vn -0.9990 -0.0000 -0.0440
vn -0.9984 -0.0000 -0.0565
vn -0.9976 -0.0000 -0.0691
vn -0.9967 -0.0000 -0.0816
vn -0.9956 -0.0000 -0.0941
vn -0.9943 -0.0000 -0.1066
vn -0.9929 -0.0000 -0.1191
vn -0.9913 -0.0000 -0.1316
vn -0.9896 -0.0000 -0.1440
vn -0.9877 -0.0000 -0.1564
vn -0.9856 -0.0000 -0.1688
vn -0.9834 -0.0000 -0.1812
vn -0.9811 -0.0000 -0.1935
vn -0.9786 -0.0000 -0.2059
vn -0.9759 -0.0000 -0.2181
vn -0.9731 -0.0000 -0.2304
vn -0.9701 -0.0000 -0.2426
vn -0.9670 -0.0000 -0.2548
vn -0.9637 -0.0000 -0.2669
vn -0.9603 -0.0000 -0.2790
vn -0.9567 -0.0000 -0.2910
vn -0.9530 -0.0000 -0.3030
vn -0.9491 -0.0000 -0.3150
vn -0.9451 -0.0000 -0.3269
vn -0.9409 -0.0000 -0.3387
vn -0.9366 -0.0000 -0.3505
vn -0.9321 -0.0000 -0.3623
vn -0.9274 -0.0000 -0.3740
vn -0.9227 -0.0000 -0.3856
vn -0.9178 -0.0000 -0.3971
vn -0.9127 -0.0000 -0.4087
vn -0.9075 -0.0000 -0.4201
vn -0.9021 -0.0000 -0.4315
vn -0.8966 -0.0000 -0.4428
vn -0.8910 -0.0000 -0.4540
vn -0.8852 -0.0000 -0.4652
vn -0.8793 -0.0000 -0.4762
vn -0.8733 -0.0000 -0.4873
vn -0.8671 -0.0000 -0.4982
vn -0.8607 -0.0000 -0.5090
vn -0.8543 -0.0000 -0.5198
vn -0.8477 -0.0000 -0.5305
vn -0.8409 -0.0000 -0.5411
vn -0.8341 -0.0000 -0.5516
vn -0.8271 -0.0000 -0.5621
vn -0.8200 -0.0000 -0.5724
vn -0.8127 -0.0000 -0.5827
vn -0.8053 -0.0000 -0.5929
vn -0.7978 -0.0000 -0.6029
vn -0.7902 -0.0000 -0.6129
vn -0.7824 -0.0000 -0.6228
vn -0.7745 -0.0000 -0.6326
vn -0.7665 -0.0000 -0.6423
vn -0.7584 -0.0000 -0.6518
vn -0.7501 -0.0000 -0.6613
vn -0.7417 -0.0000 -0.6707
vn -0.7333 -0.0000 -0.6800
vn -0.7247 -0.0000 -0.6891
vn -0.7159 -0.0000 -0.6982
vn -0.7071 -0.0000 -0.7071
vn -0.6982 -0.0000 -0.7159
vn -0.6891 -0.0000 -0.7247
vn -0.6800 -0.0000 -0.7333
vn -0.6707 -0.0000 -0.7417
vn -0.6613 -0.0000 -0.7501
vn -0.6518 -0.0000 -0.7584
vn -0.6423 -0.0000 -0.7665
vn -0.6326 -0.0000 -0.7745
vn -0.6228 -0.0000 -0.7824
vn -0.6129 -0.0000 -0.7902
vn -0.6029 -0.0000 -0.7978
vn -0.5929 -0.0000 -0.8053
vn -0.5827 -0.0000 -0.8127
vn -0.5724 -0.0000 -0.8200
vn -0.5621 -0.0000 -0.8271
vn -0.5516 -0.0000 -0.8341
vn -0.5411 -0.0000 -0.8409
vn -0.5305 -0.0000 -0.8477
vn -0.5198 -0.0000 -0.8543
vn -0.5090 -0.0000 -0.8607
vn -0.4982 -0.0000 -0.8671
vn -0.4873 -0.0000 -0.8733
vn -0.4762 -0.0000 -0.8793
vn -0.4652 -0.0000 -0.8852
vn -0.4540 -0.0000 -0.8910
vn -0.4428 -0.0000 -0.8966
vn -0.4315 -0.0000 -0.9021
vn -0.4201 -0.0000 -0.9075
vn -0.4087 -0.0000 -0.9127
vn -0.3971 -0.0000 -0.9178
vn -0.3856 -0.0000 -0.9227
vn -0.3740 -0.0000 -0.9274
vn -0.3623 -0.0000 -0.9321
vn -0.3505 -0.0000 -0.9366
vn -0.3387 -0.0000 -0.9409
vn -0.3269 -0.0000 -0.9451
vn -0.3150 -0.0000 -0.9491
vn -0.3030 -0.0000 -0.9530
vn -0.2910 -0.0000 -0.9567
vn -0.2790 -0.0000 -0.9603
vn -0.2669 -0.0000 -0.9637
vn -0.2548 -0.0000 -0.9670
vn -0.2426 -0.0000 -0.9701
vn -0.2304 -0.0000 -0.9731
vn -0.2181 -0.0000 -0.9759
vn -0.2059 -0.0000 -0.9786
vn -0.1935 -0.0000 -0.9811
vn -0.1812 -0.0000 -0.9834
vn -0.1688 -0.0000 -0.9856
vn -0.1564 -0.0000 -0.9877
vn -0.1440 -0.0000 -0.9896
vn -0.1316 -0.0000 -0.9913
vn -0.1191 -0.0000 -0.9929
vn -0.1066 -0.0000 -0.9943
vn -0.0941 -0.0000 -0.9956
vn -0.0816 -0.0000 -0.9967
vn -0.0691 -0.0000 -0.9976
vn -0.0565 -0.0000 -0.9984
vn -0.0440 -0.0000 -0.9990
vn -0.0314 -0.0000 -0.9995
vn -0.0000 1.0000 -0.0000
vn -0.0188 -0.0000 -0.9998
vn -0.0063 -0.0000 -1.0000
vn -0.0000 -1.0000 -0.0000
vt 1.000000 0.500000
vt 1.000000 1.000000
vt 0.998000 1.000000
vt 0.998000 0.500000
vt 0.996000 1.000000
vt 0.996000 0.500000
vt 0.994000 1.000000
vt 0.994000 0.500000
vt 0.992000 1.000000
vt 0.992000 0.500000
vt 0.990000 1.000000
vt 0.990000 0.500000
vt 0.988000 1.000000
vt 0.988000 0.500000
vt 0.986000 1.000000
vt 0.986000 0.500000
vt 0.984000 1.000000
vt 0.984000 0.500000
vt 0.982000 1.000000
vt 0.982000 0.500000
vt 0.980000 1.000000
vt 0.980000 0.500000
vt 0.978000 1.000000
vt 0.978000 0.500000
vt 0.976000 1.000000
vt 0.976000 0.500000
vt 0.974000 1.000000
vt 0.974000 0.500000
vt 0.972000 1.000000
vt 0.972000 0.500000
vt 0.970000 1.000000
vt 0.970000 0.500000
vt 0.968000 1.000000
vt 0.968000 0.500000
vt 0.966000 1.000000
vt 0.966000 0.500000
vt 0.964000 1.000000
vt 0.964000 0.500000
vt 0.962000 1.000000
vt 0.962000 0.500000
vt 0.960001 1.000000
vt 0.960001 0.500000
vt 0.958001 1.000000
vt 0.958001 0.500000
vt 0.956001 1.000000
vt 0.956001 0.500000
vt 0.954001 1.000000
vt 0.954001 0.500000
vt 0.952001 1.000000
vt 0.952001 0.500000
vt 0.950001 1.000000
vt 0.950001 0.500000
vt 0.948001 1.000000
vt 0.948001 0.500000
vt 0.946001 1.000000
vt 0.946001 0.500000
vt 0.944001 1.000000
vt 0.944001 0.500000
vt 0.942001 1.000000
vt 0.942001 0.500000
vt 0.940001 1.000000
vt 0.940001 0.500000
vt 0.938001 1.000000
vt 0.938001 0.500000
vt 0.936001 1.000000
vt 0.936001 0.500000
vt 0.934001 1.000000
vt 0.934001 0.500000
vt 0.932001 1.000000
vt 0.932001 0.500000
vt 0.930001 1.000000
vt 0.930001 0.500000
vt 0.928001 1.000000
vt 0.928001 0.500000
vt 0.926001 1.000000
vt 0.926001 0.500000
vt 0.924001 1.000000
vt 0.924001 0.500000
vt 0.922001 1.000000
vt 0.922001 0.500000
vt 0.920001 1.000000
vt 0.920001 0.500000
vt 0.918001 1.000000
vt 0.918001 0.500000
vt 0.916001 1.000000
vt 0.916001 0.500000
vt 0.914001 1.000000
vt 0.914001 0.500000
vt 0.912001 1.000000
vt 0.912001 0.500000
vt 0.910001 1.000000
vt 0.910001 0.500000
vt 0.908001 1.000000
vt 0.908001 0.500000
vt 0.906001 1.000000
vt 0.906001 0.500000
vt 0.904001 1.000000
vt 0.904001 0.500000
vt 0.902001 1.000000
vt 0.902001 0.500000
vt 0.900001 1.000000
vt 0.900001 0.500000
vt 0.898001 1.000000
vt 0.898001 0.500000
vt 0.896001 1.000000
vt 0.896001 0.500000
vt 0.894001 1.000000
vt 0.894001 0.500000
vt 0.892001 1.000000
vt 0.892001 0.500000
vt 0.890001 1.000000
vt 0.890001 0.500000
vt 0.888001 1.000000
vt 0.888001 0.500000
vt 0.886001 1.000000
vt 0.886001 0.500000
vt 0.884001 1.000000
vt 0.884001 0.500000
vt 0.882002 1.000000
vt 0.882002 0.500000
vt 0.880002 1.000000
vt 0.880002 0.500000
vt 0.878002 1.000000
vt 0.878002 0.500000
vt 0.876002 1.000000
vt 0.876002 0.500000
vt 0.874002 1.000000
vt 0.874002 0.500000
vt 0.872002 1.000000
vt 0.872002 0.500000
vt 0.870002 1.000000
vt 0.870002 0.500000
vt 0.868002 1.000000
vt 0.868002 0.500000
vt 0.866002 1.000000
vt 0.866002 0.500000
vt 0.864002 1.000000
vt 0.864002 0.500000
vt 0.862002 1.000000
vt 0.862002 0.500000
vt 0.860002 1.000000
vt 0.860002 0.500000
vt 0.858002 1.000000
vt 0.858002 0.500000
vt 0.856002 1.000000
vt 0.856002 0.500000
vt 0.854002 1.000000
vt 0.854002 0.500000
vt 0.852002 1.000000
vt 0.852002 0.500000
vt 0.850002 1.000000
vt 0.850002 0.500000
vt 0.848002 1.000000
vt 0.848002 0.500000
vt 0.846002 1.000000
vt 0.846002 0.500000
vt 0.844002 1.000000
vt 0.844002 0.500000
vt 0.842002 1.000000
vt 0.842002 0.500000
vt 0.840002 1.000000
vt 0.840002 0.500000
vt 0.838002 1.000000
vt 0.838002 0.500000
vt 0.836002 1.000000
vt 0.836002 0.500000
vt 0.834002 1.000000
vt 0.834002 0.500000
vt 0.832002 1.000000
vt 0.832002 0.500000
vt 0.830002 1.000000
vt 0.830002 0.500000
vt 0.828002 1.000000
vt 0.828002 0.500000
vt 0.826002 1.000000
vt 0.826002 0.500000
vt 0.824002 1.000000
vt 0.824002 0.500000
vt 0.822002 1.000000
vt 0.822002 0.500000
vt 0.820002 1.000000
vt 0.820002 0.500000
vt 0.818002 1.000000
vt 0.818002 0.500000
vt 0.816002 1.000000
vt 0.816002 0.500000
vt 0.814002 1.000000
vt 0.814002 0.500000
vt 0.812002 1.000000
vt 0.812002 0.500000
vt 0.810002 1.000000
vt 0.810002 0.500000
vt 0.808002 1.000000
vt 0.808002 0.500000
vt 0.806002 1.000000
vt 0.806002 0.500000
vt 0.804003 1.000000
vt 0.804003 0.500000
vt 0.802003 1.000000
vt 0.802003 0.500000
vt 0.800003 1.000000
vt 0.800003 0.500000
vt 0.798003 1.000000
vt 0.798003 0.500000
vt 0.796003 1.000000
vt 0.796003 0.500000
vt 0.794003 1.000000
vt 0.794003 0.500000
vt 0.792003 1.000000
vt 0.792003 0.500000
vt 0.790003 1.000000
vt 0.790003 0.500000
vt 0.788003 1.000000
vt 0.788003 0.500000
vt 0.786003 1.000000
vt 0.786003 0.500000
vt 0.784003 1.000000
vt 0.784003 0.500000
vt 0.782003 1.000000
vt 0.782003 0.500000
vt 0.780003 1.000000
vt 0.780003 0.500000
vt 0.778003 1.000000
vt 0.778003 0.500000
vt 0.776003 1.000000
vt 0.776003 0.500000
vt 0.774003 1.000000
vt 0.774003 0.500000
vt 0.772003 1.000000
vt 0.772003 0.500000
vt 0.770003 1.000000
vt 0.770003 0.500000
vt 0.768003 1.000000
vt 0.768003 0.500000
vt 0.766003 1.000000
vt 0.766003 0.500000
vt 0.764003 1.000000
vt 0.764003 0.500000
vt 0.762003 1.000000
vt 0.762003 0.500000
vt 0.760003 1.000000
vt 0.760003 0.500000
vt 0.758003 1.000000
vt 0.758003 0.500000
vt 0.756003 1.000000
vt 0.756003 0.500000
vt 0.754003 1.000000
vt 0.754003 0.500000
vt 0.752003 1.000000
vt 0.752003 0.500000
vt 0.750003 1.000000
vt 0.750003 0.500000
vt 0.748003 1.000000
vt 0.748003 0.500000
vt 0.746003 1.000000
vt 0.746003 0.500000
vt 0.744003 1.000000
vt 0.744003 0.500000
vt 0.742003 1.000000
vt 0.742003 0.500000
vt 0.740003 1.000000
vt 0.740003 0.500000
vt 0.738003 1.000000
vt 0.738003 0.500000
vt 0.736003 1.000000
vt 0.736003 0.500000
vt 0.734003 1.000000
vt 0.734003 0.500000
vt 0.732003 1.000000
vt 0.732003 0.500000
vt 0.730003 1.000000
vt 0.730003 0.500000
vt 0.728004 1.000000
vt 0.728004 0.500000
vt 0.726004 1.000000
vt 0.726004 0.500000
vt 0.724004 1.000000
vt 0.724004 0.500000
vt 0.722004 1.000000
vt 0.722004 0.500000
vt 0.720004 1.000000
vt 0.720004 0.500000
vt 0.718004 1.000000
vt 0.718004 0.500000
vt 0.716004 1.000000
vt 0.716004 0.500000
vt 0.714004 1.000000
vt 0.714004 0.500000
vt 0.712004 1.000000
vt 0.712004 0.500000
vt 0.710004 1.000000
vt 0.710004 0.500000
vt 0.708004 1.000000
vt 0.708004 0.500000
vt 0.706004 1.000000
vt 0.706004 0.500000
vt 0.704004 1.000000
vt 0.704004 0.500000
vt 0.702004 1.000000
vt 0.702004 0.500000
vt 0.700004 1.000000
vt 0.700004 0.500000
vt 0.698004 1.000000
vt 0.698004 0.500000
vt 0.696004 1.000000
vt 0.696004 0.500000
vt 0.694004 1.000000
vt 0.694004 0.500000
vt 0.692004 1.000000
vt 0.692004 0.500000
vt 0.690004 1.000000
vt 0.690004 0.500000
vt 0.688004 1.000000
vt 0.688004 0.500000
vt 0.686004 1.000000
vt 0.686004 0.500000
vt 0.684004 1.000000
vt 0.684004 0.500000
vt 0.682004 1.000000
vt 0.682004 0.500000
vt 0.680004 1.000000
vt 0.680004 0.500000
vt 0.678004 1.000000
vt 0.678004 0.500000
vt 0.676004 1.000000
vt 0.676004 0.500000
vt 0.674004 1.000000
vt 0.674004 0.500000
vt 0.672004 1.000000
vt 0.672004 0.500000
vt 0.670004 1.000000
vt 0.670004 0.500000
vt 0.668004 1.000000
vt 0.668004 0.500000
vt 0.666004 1.000000
vt 0.666004 0.500000
vt 0.664004 1.000000
vt 0.664004 0.500000
vt 0.662004 1.000000
vt 0.662004 0.500000
vt 0.660004 1.000000
vt 0.660004 0.500000
vt 0.658004 1.000000
vt 0.658004 0.500000
vt 0.656004 1.000000
vt 0.656004 0.500000
vt 0.654004 1.000000
vt 0.654004 0.500000
vt 0.652004 1.000000
vt 0.652004 0.500000
vt 0.650005 1.000000
vt 0.650005 0.500000
vt 0.648005 1.000000
vt 0.648005 0.500000
vt 0.646005 1.000000
vt 0.646005 0.500000
vt 0.644005 1.000000
vt 0.644005 0.500000
vt 0.642005 1.000000
vt 0.642005 0.500000
vt 0.640005 1.000000
vt 0.640005 0.500000
vt 0.638005 1.000000
vt 0.638005 0.500000
vt 0.636005 1.000000
vt 0.636005 0.500000
vt 0.634005 1.000000
vt 0.634005 0.500000
vt 0.632005 1.000000
vt 0.632005 0.500000
vt 0.630005 1.000000
vt 0.630005 0.500000
vt 0.628005 1.000000
vt 0.628005 0.500000
vt 0.626005 1.000000
vt 0.626005 0.500000
vt 0.624005 1.000000
vt 0.624005 0.500000
vt 0.622005 1.000000
vt 0.622005 0.500000
vt 0.620005 1.000000
vt 0.620005 0.500000
vt 0.618005 1.000000
vt 0.618005 0.500000
vt 0.616005 1.000000
vt 0.616005 0.500000
vt 0.614005 1.000000
vt 0.614005 0.500000
vt 0.612005 1.000000
vt 0.612005 0.500000
vt 0.610005 1.000000
vt 0.610005 0.500000
vt 0.608005 1.000000
vt 0.608005 0.500000
vt 0.606005 1.000000
vt 0.606005 0.500000
vt 0.604005 1.000000
vt 0.604005 0.500000
vt 0.602005 1.000000
vt 0.602005 0.500000
vt 0.600005 1.000000
vt 0.600005 0.500000
vt 0.598005 1.000000
vt 0.598005 0.500000
vt 0.596005 1.000000
vt 0.596005 0.500000
vt 0.594005 1.000000
vt 0.594005 0.500000
vt 0.592005 1.000000
vt 0.592005 0.500000
vt 0.590005 1.000000
vt 0.590005 0.500000
vt 0.588005 1.000000
vt 0.588005 0.500000
vt 0.586005 1.000000
vt 0.586005 0.500000
vt 0.584005 1.000000
vt 0.584005 0.500000
vt 0.582005 1.000000
vt 0.582005 0.500000
vt 0.580005 1.000000
vt 0.580005 0.500000
vt 0.578005 1.000000
vt 0.578005 0.500000
vt 0.576005 1.000000
vt 0.576005 0.500000
vt 0.574005 1.000000
vt 0.574005 0.500000
vt 0.572006 1.000000
vt 0.572006 0.500000
vt 0.570006 1.000000
vt 0.570006 0.500000
vt 0.568006 1.000000
vt 0.568006 0.500000
vt 0.566006 1.000000
vt 0.566006 0.500000
vt 0.564006 1.000000
vt 0.564006 0.500000
vt 0.562006 1.000000
vt 0.562006 0.500000
vt 0.560006 1.000000
vt 0.560006 0.500000
vt 0.558006 1.000000
vt 0.558006 0.500000
vt 0.556006 1.000000
vt 0.556006 0.500000
vt 0.554006 1.000000
vt 0.554006 0.500000
vt 0.552006 1.000000
vt 0.552006 0.500000
vt 0.550006 1.000000
vt 0.550006 0.500000
vt 0.548006 1.000000
vt 0.548006 0.500000
vt 0.546006 1.000000
vt 0.546006 0.500000
vt 0.544006 1.000000
vt 0.544006 0.500000
vt 0.542006 1.000000
vt 0.542006 0.500000
vt 0.540006 1.000000
vt 0.540006 0.500000
vt 0.538006 1.000000
vt 0.538006 0.500000
vt 0.536006 1.000000
vt 0.536006 0.500000
vt 0.534006 1.000000
vt 0.534006 0.500000
vt 0.532006 1.000000
vt 0.532006 0.500000
vt 0.530006 1.000000
vt 0.530006 0.500000
vt 0.528006 1.000000
vt 0.528006 0.500000
vt 0.526006 1.000000
vt 0.526006 0.500000
vt 0.524006 1.000000
vt 0.524006 0.500000
vt 0.522006 1.000000
vt 0.522006 0.500000
vt 0.520006 1.000000
vt 0.520006 0.500000
vt 0.518006 1.000000
vt 0.518006 0.500000
vt 0.516006 1.000000
vt 0.516006 0.500000
vt 0.514006 1.000000
vt 0.514006 0.500000
vt 0.512006 1.000000
vt 0.512006 0.500000
vt 0.510006 1.000000
vt 0.510006 0.500000
vt 0.508006 1.000000
vt 0.508006 0.500000
vt 0.506006 1.000000
vt 0.506006 0.500000
vt 0.504006 1.000000
vt 0.504006 0.500000
vt 0.502006 1.000000
vt 0.502006 0.500000
vt 0.500006 1.000000
vt 0.500006 0.500000
vt 0.498006 1.000000
vt 0.498006 0.500000
vt 0.496006 1.000000
vt 0.496006 0.500000
vt 0.494006 1.000000
vt 0.494006 0.500000
vt 0.492006 1.000000
vt 0.492006 0.500000
vt 0.490006 1.000000
vt 0.490006 0.500000
vt 0.488006 1.000000
vt 0.488006 0.500000
vt 0.486006 1.000000
vt 0.486006 0.500000
vt 0.484006 1.000000
vt 0.484006 0.500000
vt 0.482006 1.000000
vt 0.482006 0.500000
vt 0.480006 1.000000
vt 0.480006 0.500000
vt 0.478006 1.000000
vt 0.478006 0.500000
vt 0.476006 1.000000
vt 0.476006 0.500000
vt 0.474006 1.000000
vt 0.474006 0.500000
vt 0.472006 1.000000
vt 0.472006 0.500000
vt 0.470006 1.000000
vt 0.470006 0.500000
vt 0.468006 1.000000
vt 0.468006 0.500000
vt 0.466006 1.000000
vt 0.466006 0.500000
vt 0.464006 1.000000
vt 0.464006 0.500000
vt 0.462006 1.000000
vt 0.462006 0.500000
vt 0.460006 1.000000
vt 0.460006 0.500000
vt 0.458006 1.000000
vt 0.458006 0.500000
vt 0.456006 1.000000
vt 0.456006 0.500000
vt 0.454006 1.000000
vt 0.454006 0.500000
vt 0.452006 1.000000
vt 0.452006 0.500000
vt 0.450006 1.000000
vt 0.450006 0.500000
vt 0.448006 1.000000
vt 0.448006 0.500000
vt 0.446006 1.000000
vt 0.446006 0.500000
vt 0.444006 1.000000
vt 0.444006 0.500000
vt 0.442006 1.000000
vt 0.442006 0.500000
vt 0.440006 1.000000
vt 0.440006 0.500000
vt 0.438006 1.000000
vt 0.438006 0.500000
vt 0.436006 1.000000
vt 0.436006 0.500000
vt 0.434006 1.000000
vt 0.434006 0.500000
vt 0.432006 1.000000
vt 0.432006 0.500000
vt 0.430006 1.000000
vt 0.430006 0.500000
vt 0.428006 1.000000
vt 0.428006 0.500000
vt 0.426006 1.000000
vt 0.426006 0.500000
vt 0.424006 1.000000
vt 0.424006 0.500000
vt 0.422006 1.000000
vt 0.422006 0.500000
vt 0.420006 1.000000
vt 0.420006 0.500000
vt 0.418006 1.000000
vt 0.418006 0.500000
vt 0.416006 1.000000
vt 0.416006 0.500000
vt 0.414006 1.000000
vt 0.414006 0.500000
vt 0.412006 1.000000
vt 0.412006 0.500000
vt 0.410006 1.000000
vt 0.410006 0.500000
vt 0.408006 1.000000
vt 0.408006 0.500000
vt 0.406006 1.000000
vt 0.406006 0.500000
vt 0.404006 1.000000
vt 0.404006 0.500000
vt 0.402006 1.000000
vt 0.402006 0.500000
vt 0.400006 1.000000
vt 0.400006 0.500000
vt 0.398006 1.000000
vt 0.398006 0.500000
vt 0.396006 1.000000
vt 0.396006 0.500000
vt 0.394006 1.000000
vt 0.394006 0.500000
vt 0.392006 1.000000
vt 0.392006 0.500000
vt 0.390006 1.000000
vt 0.390006 0.500000
vt 0.388006 1.000000
vt 0.388006 0.500000
vt 0.386006 1.000000
vt 0.386006 0.500000
vt 0.384006 1.000000
vt 0.384006 0.500000
vt 0.382006 1.000000
vt 0.382006 0.500000
vt 0.380006 1.000000
vt 0.380006 0.500000
vt 0.378006 1.000000
vt 0.378006 0.500000
vt 0.376006 1.000000
vt 0.376006 0.500000
vt 0.374006 1.000000
vt 0.374006 0.500000
vt 0.372006 1.000000
vt 0.372006 0.500000
vt 0.370006 1.000000
vt 0.370006 0.500000
vt 0.368006 1.000000
vt 0.368006 0.500000
vt 0.366006 1.000000
vt 0.366006 0.500000
vt 0.364006 1.000000
vt 0.364006 0.500000
vt 0.362006 1.000000
vt 0.362006 0.500000
vt 0.360006 1.000000
vt 0.360006 0.500000
vt 0.358006 1.000000
vt 0.358006 0.500000
vt 0.356006 1.000000
vt 0.356006 0.500000
vt 0.354006 1.000000
vt 0.354006 0.500000
vt 0.352006 1.000000
vt 0.352006 0.500000
vt 0.350006 1.000000
vt 0.350006 0.500000
vt 0.348006 1.000000
vt 0.348006 0.500000
vt 0.346006 1.000000
vt 0.346006 0.500000
vt 0.344006 1.000000
vt 0.344006 0.500000
vt 0.342006 1.000000
vt 0.342006 0.500000
vt 0.340006 1.000000
vt 0.340006 0.500000
vt 0.338006 1.000000
vt 0.338006 0.500000
vt 0.336006 1.000000
vt 0.336006 0.500000
vt 0.334006 1.000000
vt 0.334006 0.500000
vt 0.332006 1.000000
vt 0.332006 0.500000
vt 0.330006 1.000000
vt 0.330006 0.500000
vt 0.328006 1.000000
vt 0.328006 0.500000
vt 0.326006 1.000000
vt 0.326006 0.500000
vt 0.324006 1.000000
vt 0.324006 0.500000
vt 0.322006 1.000000
vt 0.322006 0.500000
vt 0.320006 1.000000
vt 0.320006 0.500000
vt 0.318006 1.000000
vt 0.318006 0.500000
vt 0.316006 1.000000
vt 0.316006 0.500000
vt 0.314006 1.000000
vt 0.314006 0.500000
vt 0.312006 1.000000
vt 0.312006 0.500000
vt 0.310006 1.000000
vt 0.310006 0.500000
vt 0.308006 1.000000
vt 0.308006 0.500000
vt 0.306006 1.000000
vt 0.306006 0.500000
vt 0.304006 1.000000
vt 0.304006 0.500000
vt 0.302006 1.000000
vt 0.302006 0.500000
vt 0.300006 1.000000
vt 0.300006 0.500000
vt 0.298006 1.000000
vt 0.298006 0.500000
vt 0.296006 1.000000
vt 0.296006 0.500000
vt 0.294006 1.000000
vt 0.294006 0.500000
vt 0.292006 1.000000
vt 0.292006 0.500000
vt 0.290006 1.000000
vt 0.290006 0.500000
vt 0.288006 1.000000
vt 0.288006 0.500000
vt 0.286006 1.000000
vt 0.286006 0.500000
vt 0.284006 1.000000
vt 0.284006 0.500000
vt 0.282006 1.000000
vt 0.282006 0.500000
vt 0.280006 1.000000
vt 0.280006 0.500000
vt 0.278006 1.000000
vt 0.278006 0.500000
vt 0.276006 1.000000
vt 0.276006 0.500000
vt 0.274006 1.000000
vt 0.274006 0.500000
vt 0.272006 1.000000
vt 0.272006 0.500000
vt 0.270006 1.000000
vt 0.270006 0.500000
vt 0.268006 1.000000
vt 0.268006 0.500000
vt 0.266006 1.000000
vt 0.266006 0.500000
vt 0.264006 1.000000
vt 0.264006 0.500000
vt 0.262006 1.000000
vt 0.262006 0.500000
vt 0.260006 1.000000
vt 0.260006 0.500000
vt 0.258006 1.000000
vt 0.258006 0.500000
vt 0.256006 1.000000
vt 0.256006 0.500000
vt 0.254006 1.000000
vt 0.254006 0.500000
vt 0.252006 1.000000
vt 0.252006 0.500000
vt 0.250006 1.000000
vt 0.250006 0.500000
vt 0.248006 1.000000
vt 0.248006 0.500000
vt 0.246006 1.000000
vt 0.246006 0.500000
vt 0.244006 1.000000
vt 0.244006 0.500000
vt 0.242006 1.000000
vt 0.242006 0.500000
vt 0.240006 1.000000
vt 0.240006 0.500000
vt 0.238006 1.000000
vt 0.238006 0.500000
vt 0.236006 1.000000
vt 0.236006 0.500000
vt 0.234006 1.000000
vt 0.234006 0.500000
vt 0.232006 1.000000
vt 0.232006 0.500000
vt 0.230006 1.000000
vt 0.230006 0.500000
vt 0.228006 1.000000
vt 0.228006 0.500000
vt 0.226006 1.000000
vt 0.226006 0.500000
vt 0.224006 1.000000
vt 0.224006 0.500000
vt 0.222006 1.000000
vt 0.222006 0.500000
vt 0.220006 1.000000
vt 0.220006 0.500000
vt 0.218006 1.000000
vt 0.218006 0.500000
vt 0.216006 1.000000
vt 0.216006 0.500000
vt 0.214006 1.000000
vt 0.214006 0.500000
vt 0.212006 1.000000
vt 0.212006 0.500000
vt 0.210006 1.000000
vt 0.210006 0.500000
vt 0.208006 1.000000
vt 0.208006 0.500000
vt 0.206006 1.000000
vt 0.206006 0.500000
vt 0.204006 1.000000
vt 0.204006 0.500000
vt 0.202006 1.000000
vt 0.202006 0.500000
vt 0.200006 1.000000
vt 0.200006 0.500000
vt 0.198006 1.000000
vt 0.198006 0.500000
vt 0.196006 1.000000
vt 0.196006 0.500000
vt 0.194006 1.000000
vt 0.194006 0.500000
vt 0.192006 1.000000
vt 0.192006 0.500000
vt 0.190006 1.000000
vt 0.190006 0.500000
vt 0.188006 1.000000
vt 0.188006 0.500000
vt 0.186006 1.000000
vt 0.186006 0.500000
vt 0.184006 1.000000
vt 0.184006 0.500000
vt 0.182006 1.000000
vt 0.182006 0.500000
vt 0.180006 1.000000
vt 0.180006 0.500000
vt 0.178006 1.000000
vt 0.178006 0.500000
vt 0.176006 1.000000
vt 0.176006 0.500000
vt 0.174006 1.000000
vt 0.174006 0.500000
vt 0.172006 1.000000
vt 0.172006 0.500000
vt 0.170006 1.000000
vt 0.170006 0.500000
vt 0.168006 1.000000
vt 0.168006 0.500000
vt 0.166006 1.000000
vt 0.166006 0.500000
vt 0.164006 1.000000
vt 0.164006 0.500000
vt 0.162006 1.000000
vt 0.162006 0.500000
vt 0.160006 1.000000
vt 0.160006 0.500000
vt 0.158006 1.000000
vt 0.158006 0.500000
vt 0.156006 1.000000
vt 0.156006 0.500000
vt 0.154006 1.000000
vt 0.154006 0.500000
vt 0.152006 1.000000
vt 0.152006 0.500000
vt 0.150006 1.000000
vt 0.150006 0.500000
vt 0.148006 1.000000
vt 0.148006 0.500000
vt 0.146006 1.000000
vt 0.146006 0.500000
vt 0.144006 1.000000
vt 0.144006 0.500000
vt 0.142006 1.000000
vt 0.142006 0.500000
vt 0.140006 1.000000
vt 0.140006 0.500000
vt 0.138006 1.000000
vt 0.138006 0.500000
vt 0.136006 1.000000
vt 0.136006 0.500000
vt 0.134006 1.000000
vt 0.134006 0.500000
vt 0.132006 1.000000
vt 0.132006 0.500000
vt 0.130006 1.000000
vt 0.130006 0.500000
vt 0.128006 1.000000
vt 0.128006 0.500000
vt 0.126006 1.000000
vt 0.126006 0.500000
vt 0.124006 1.000000
vt 0.124006 0.500000
vt 0.122006 1.000000
vt 0.122006 0.500000
vt 0.120006 1.000000
vt 0.120006 0.500000
vt 0.118006 1.000000
vt 0.118006 0.500000
vt 0.116006 1.000000
vt 0.116006 0.500000
vt 0.114006 1.000000
vt 0.114006 0.500000
vt 0.112006 1.000000
vt 0.112006 0.500000
vt 0.110006 1.000000
vt 0.110006 0.500000
vt 0.108006 1.000000
vt 0.108006 0.500000
vt 0.106006 1.000000
vt 0.106006 0.500000
vt 0.104006 1.000000
vt 0.104006 0.500000
vt 0.102006 1.000000
vt 0.102006 0.500000
vt 0.100006 1.000000
vt 0.100006 0.500000
vt 0.098006 1.000000
vt 0.098006 0.500000
vt 0.096006 1.000000
vt 0.096006 0.500000
vt 0.094006 1.000000
vt 0.094006 0.500000
vt 0.092006 1.000000
vt 0.092006 0.500000
vt 0.090006 1.000000
vt 0.090006 0.500000
vt 0.088006 1.000000
vt 0.088006 0.500000
vt 0.086006 1.000000
vt 0.086006 0.500000
vt 0.084006 1.000000
vt 0.084006 0.500000
vt 0.082006 1.000000
vt 0.082006 0.500000
vt 0.080006 1.000000
vt 0.080006 0.500000
vt 0.078006 1.000000
vt 0.078006 0.500000
vt 0.076006 1.000000
vt 0.076006 0.500000
vt 0.074006 1.000000
vt 0.074006 0.500000
vt 0.072006 1.000000
vt 0.072006 0.500000
vt 0.070006 1.000000
vt 0.070006 0.500000
vt 0.068006 1.000000
vt 0.068006 0.500000
vt 0.066006 1.000000
vt 0.066006 0.500000
vt 0.064006 1.000000
vt 0.064006 0.500000
vt 0.062006 1.000000
vt 0.062006 0.500000
vt 0.060006 1.000000
vt 0.060006 0.500000
vt 0.058006 1.000000
vt 0.058006 0.500000
vt 0.056006 1.000000
vt 0.056006 0.500000
vt 0.054006 1.000000
vt 0.054006 0.500000
vt 0.052006 1.000000
vt 0.052006 0.500000
vt 0.050006 1.000000
vt 0.050006 0.500000
vt 0.048006 1.000000
vt 0.048006 0.500000
vt 0.046006 1.000000
vt 0.046006 0.500000
vt 0.044006 1.000000
vt 0.044006 0.500000
vt 0.042006 1.000000
vt 0.042006 0.500000
vt 0.040006 1.000000
vt 0.040006 0.500000
vt 0.038006 1.000000
vt 0.038006 0.500000
vt 0.036006 1.000000
vt 0.036006 0.500000
vt 0.034006 1.000000
vt 0.034006 0.500000
vt 0.032006 1.000000
vt 0.032006 0.500000
vt 0.030006 1.000000
vt 0.030006 0.500000
vt 0.028006 1.000000
vt 0.028006 0.500000
vt 0.026006 1.000000
vt 0.026006 0.500000
vt 0.024006 1.000000
vt 0.024006 0.500000
vt 0.022006 1.000000
vt 0.022006 0.500000
vt 0.020006 1.000000
vt 0.020006 0.500000
vt 0.018006 1.000000
vt 0.018006 0.500000
vt 0.016006 1.000000
vt 0.016006 0.500000
vt 0.014006 1.000000
vt 0.014006 0.500000
vt 0.012006 1.000000
vt 0.012006 0.500000
vt 0.010006 1.000000
vt 0.010006 0.500000
vt 0.008006 1.000000
vt 0.008006 0.500000
vt 0.006006 1.000000
vt 0.006006 0.500000
vt 0.004006 1.000000
vt 0.004006 0.500000
vt 0.253016 0.489981
vt 0.250000 0.490000
vt 0.246984 0.489981
vt 0.243969 0.489924
vt 0.240954 0.489829
vt 0.237941 0.489697
vt 0.234930 0.489526
vt 0.231922 0.489318
vt 0.228916 0.489072
vt 0.225913 0.488788
vt 0.222914 0.488467
vt 0.219920 0.488108
vt 0.216930 0.487711
vt 0.213946 0.487276
vt 0.210967 0.486805
vt 0.207994 0.486295
vt 0.205028 0.485749
vt 0.202070 0.485165
vt 0.199118 0.484544
vt 0.196175 0.483886
vt 0.193240 0.483192
vt 0.190314 0.482460
vt 0.187398 0.481692
vt 0.184492 0.480887
vt 0.181595 0.480045
vt 0.178710 0.479167
vt 0.175836 0.478254
vt 0.172974 0.477304
vt 0.170123 0.476318
vt 0.167286 0.475296
vt 0.164461 0.474239
vt 0.161650 0.473146
vt 0.158853 0.472019
vt 0.156070 0.470856
vt 0.153302 0.469658
vt 0.150550 0.468425
vt 0.147813 0.467158
vt 0.145092 0.465857
vt 0.142388 0.464522
vt 0.139701 0.463153
vt 0.137031 0.461750
vt 0.134379 0.460314
vt 0.131745 0.458844
vt 0.129130 0.457342
vt 0.126535 0.455806
vt 0.123958 0.454239
vt 0.121402 0.452639
vt 0.118865 0.451007
vt 0.116350 0.449343
vt 0.113855 0.447648
vt 0.111383 0.445921
vt 0.108932 0.444164
vt 0.106503 0.442376
vt 0.104097 0.440558
vt 0.101714 0.438709
vt 0.099354 0.436831
vt 0.097018 0.434923
vt 0.094707 0.432986
vt 0.092419 0.431020
vt 0.090157 0.429026
vt 0.087920 0.427003
vt 0.085709 0.424952
vt 0.083523 0.422874
vt 0.081364 0.420769
vt 0.079231 0.418636
vt 0.077126 0.416477
vt 0.075048 0.414291
vt 0.072997 0.412080
vt 0.070974 0.409843
vt 0.068980 0.407581
vt 0.067014 0.405293
vt 0.065077 0.402982
vt 0.063169 0.400646
vt 0.061291 0.398286
vt 0.059442 0.395903
vt 0.057624 0.393497
vt 0.055836 0.391068
vt 0.054079 0.388617
vt 0.052352 0.386145
vt 0.050657 0.383650
vt 0.048993 0.381135
vt 0.047361 0.378598
vt 0.045761 0.376042
vt 0.044194 0.373465
vt 0.042658 0.370870
vt 0.041156 0.368255
vt 0.039686 0.365621
vt 0.038250 0.362969
vt 0.036847 0.360299
vt 0.035478 0.357612
vt 0.034143 0.354908
vt 0.032842 0.352187
vt 0.031575 0.349450
vt 0.030342 0.346698
vt 0.029144 0.343930
vt 0.027981 0.341147
vt 0.026854 0.338350
vt 0.025761 0.335539
vt 0.024704 0.332714
vt 0.023682 0.329877
vt 0.022696 0.327026
vt 0.021746 0.324164
vt 0.020833 0.321290
vt 0.019955 0.318405
vt 0.019113 0.315508
vt 0.018308 0.312602
vt 0.017540 0.309686
vt 0.016808 0.306760
vt 0.016114 0.303825
vt 0.015456 0.300882
vt 0.014835 0.297930
vt 0.014251 0.294972
vt 0.013705 0.292006
vt 0.013195 0.289033
vt 0.012724 0.286054
vt 0.012289 0.283070
vt 0.011892 0.280080
vt 0.011533 0.277086
vt 0.011212 0.274087
vt 0.010928 0.271084
vt 0.010682 0.268078
vt 0.010474 0.265070
vt 0.010303 0.262059
vt 0.010171 0.259046
vt 0.010076 0.256031
vt 0.010019 0.253016
vt 0.010000 0.250000
vt 0.010019 0.246984
vt 0.010076 0.243969
vt 0.010171 0.240954
vt 0.010303 0.237941
vt 0.010474 0.234930
vt 0.010682 0.231922
vt 0.010928 0.228916
vt 0.011212 0.225913
vt 0.011533 0.222914
vt 0.011892 0.219920
vt 0.012289 0.216930
vt 0.012724 0.213946
vt 0.013195 0.210967
vt 0.013705 0.207994
vt 0.014251 0.205028
vt 0.014835 0.202070
vt 0.015456 0.199118
vt 0.016114 0.196175
vt 0.016808 0.193240
vt 0.017540 0.190314
vt 0.018308 0.187398
vt 0.019113 0.184492
vt 0.019955 0.181595
vt 0.020833 0.178710
vt 0.021746 0.175836
vt 0.022696 0.172974
vt 0.023682 0.170123
vt 0.024704 0.167286
vt 0.025761 0.164461
vt 0.026854 0.161650
vt 0.027981 0.158853
vt 0.029144 0.156070
vt 0.030342 0.153302
vt 0.031575 0.150550
vt 0.032842 0.147813
vt 0.034143 0.145092
vt 0.035478 0.142388
vt 0.036847 0.139701
vt 0.038250 0.137031
vt 0.039686 0.134379
vt 0.041156 0.131745
vt 0.042658 0.129130
vt 0.044194 0.126535
vt 0.045761 0.123958
vt 0.047361 0.121402
vt 0.048993 0.118865
vt 0.050657 0.116350
vt 0.052352 0.113855
vt 0.054079 0.111383
vt 0.055836 0.108932
vt 0.057624 0.106503
vt 0.059442 0.104097
vt 0.061291 0.101714
vt 0.063169 0.099354
vt 0.065077 0.097018
vt 0.067014 0.094707
vt 0.068980 0.092419
vt 0.070974 0.090157
vt 0.072997 0.087920
vt 0.075048 0.085709
vt 0.077126 0.083523
vt 0.079231 0.081364
vt 0.081364 0.079231
vt 0.083523 0.077126
vt 0.085709 0.075048
vt 0.087920 0.072997
vt 0.090157 0.070974
vt 0.092419 0.068980
vt 0.094707 0.067014
vt 0.097018 0.065077
vt 0.099354 0.063169
vt 0.101714 0.061291
vt 0.104097 0.059442
vt 0.106503 0.057624
vt 0.108932 0.055836
vt 0.111383 0.054079
vt 0.113855 0.052352
vt 0.116350 0.050657
vt 0.118865 0.048993
vt 0.121402 0.047361
vt 0.123958 0.045761
vt 0.126535 0.044194
vt 0.129130 0.042658
vt 0.131745 0.041156
vt 0.134379 0.039686
vt 0.137031 0.038250
vt 0.139701 0.036847
vt 0.142388 0.035478
vt 0.145092 0.034143
vt 0.147813 0.032842
vt 0.150550 0.031575
vt 0.153302 0.030342
vt 0.156070 0.029144
vt 0.158853 0.027981
vt 0.161650 0.026854
vt 0.164461 0.025761
vt 0.167286 0.024704
vt 0.170123 0.023682
vt 0.172974 0.022696
vt 0.175836 0.021746
vt 0.178710 0.020833
vt 0.181595 0.019955
vt 0.184492 0.019113
vt 0.187398 0.018308
vt 0.190314 0.017540
vt 0.193240 0.016808
vt 0.196175 0.016114
vt 0.199118 0.015456
vt 0.202070 0.014835
vt 0.205028 0.014251
vt 0.207994 0.013705
vt 0.210967 0.013195
vt 0.213946 0.012724
vt 0.216930 0.012289
vt 0.219920 0.011892
vt 0.222914 0.011533
vt 0.225913 0.011212
vt 0.228916 0.010928
vt 0.231922 0.010682
vt 0.234930 0.010474
vt 0.237941 0.010303
vt 0.240954 0.010171
vt 0.243969 0.010076
vt 0.246984 0.010019
vt 0.250000 0.010000
vt 0.253016 0.010019
vt 0.256031 0.010076
vt 0.259046 0.010171
vt 0.262059 0.010303
vt 0.265070 0.010474
vt 0.268078 0.010682
vt 0.271084 0.010928
vt 0.274087 0.011212
vt 0.277086 0.011533
vt 0.280080 0.011892
vt 0.283070 0.012289
vt 0.286054 0.012724
vt 0.289033 0.013195
vt 0.292006 0.013705
vt 0.294972 0.014251
vt 0.297930 0.014835
vt 0.300882 0.015456
vt 0.303825 0.016114
vt 0.306760 0.016808
vt 0.309686 0.017540
vt 0.312602 0.018308
vt 0.315508 0.019113
vt 0.318405 0.019955
vt 0.321290 0.020833
vt 0.324164 0.021746
vt 0.327026 0.022696
vt 0.329877 0.023682
vt 0.332714 0.024704
vt 0.335539 0.025761
vt 0.338350 0.026854
vt 0.341147 0.027981
vt 0.343930 0.029144
vt 0.346698 0.030342
vt 0.349450 0.031575
vt 0.352187 0.032842
vt 0.354908 0.034143
vt 0.357612 0.035478
vt 0.360299 0.036847
vt 0.362969 0.038250
vt 0.365621 0.039686
vt 0.368255 0.041156
vt 0.370870 0.042658
vt 0.373465 0.044194
vt 0.376042 0.045761
vt 0.378598 0.047361
vt 0.381135 0.048993
vt 0.383650 0.050657
vt 0.386145 0.052352
vt 0.388617 0.054079
vt 0.391068 0.055836
vt 0.393497 0.057624
vt 0.395903 0.059442
vt 0.398286 0.061291
vt 0.400646 0.063169
vt 0.402982 0.065077
vt 0.405293 0.067014
vt 0.407581 0.068980
vt 0.409843 0.070974
vt 0.412080 0.072997
vt 0.414291 0.075048
vt 0.416477 0.077126
vt 0.418636 0.079231
vt 0.420769 0.081364
vt 0.422874 0.083523
vt 0.424952 0.085709
vt 0.427003 0.087920
vt 0.429026 0.090157
vt 0.431020 0.092419
vt 0.432986 0.094707
vt 0.434923 0.097018
vt 0.436831 0.099354
vt 0.438709 0.101714
vt 0.440558 0.104097
vt 0.442376 0.106503
vt 0.444164 0.108932
vt 0.445921 0.111383
vt 0.447648 0.113855
vt 0.449343 0.116350
vt 0.451007 0.118865
vt 0.452639 0.121402
vt 0.454239 0.123958
vt 0.455806 0.126535
vt 0.457342 0.129130
vt 0.458844 0.131745
vt 0.460314 0.134379
vt 0.461750 0.137031
vt 0.463153 0.139701
vt 0.464522 0.142388
vt 0.465857 0.145092
vt 0.467158 0.147813
vt 0.468425 0.150550
vt 0.469658 0.153302
vt 0.470856 0.156070
vt 0.472019 0.158853
vt 0.473146 0.161650
vt 0.474239 0.164461
vt 0.475296 0.167286
vt 0.476318 0.170123
vt 0.477304 0.172974
vt 0.478254 0.175836
vt 0.479167 0.178710
vt 0.480045 0.181595
vt 0.480887 0.184492
vt 0.481692 0.187398
vt 0.482460 0.190314
vt 0.483192 0.193240
vt 0.483886 0.196175
vt 0.484544 0.199118
vt 0.485165 0.202070
vt 0.485749 0.205028
vt 0.486295 0.207994
vt 0.486805 0.210967
vt 0.487276 0.213946
vt 0.487711 0.216930
vt 0.488108 0.219920
vt 0.488467 0.222914
vt 0.488788 0.225913
vt 0.489072 0.228916
vt 0.489318 0.231922
vt 0.489526 0.234930
vt 0.489697 0.237941
vt 0.489829 0.240954
vt 0.489924 0.243969
vt 0.489981 0.246984
vt 0.490000 0.250000
vt 0.489981 0.253016
vt 0.489924 0.256031
vt 0.489829 0.259046
vt 0.489697 0.262059
vt 0.489526 0.265070
vt 0.489318 0.268078
vt 0.489072 0.271084
vt 0.488788 0.274087
vt 0.488467 0.277086
vt 0.488108 0.280080
vt 0.487711 0.283070
vt 0.487276 0.286054
vt 0.486805 0.289033
vt 0.486295 0.292006
vt 0.485749 0.294972
vt 0.485165 0.297930
vt 0.484544 0.300882
vt 0.483886 0.303825
vt 0.483192 0.306760
vt 0.482460 0.309686
vt 0.481692 0.312602
vt 0.480887 0.315508
vt 0.480045 0.318405
vt 0.479167 0.321290
vt 0.478254 0.324164
vt 0.477304 0.327026
vt 0.476318 0.329877
vt 0.475296 0.332714
vt 0.474239 0.335539
vt 0.473146 0.338350
vt 0.472019 0.341147
vt 0.470856 0.343930
vt 0.469658 0.346698
vt 0.468425 0.349450
vt 0.467158 0.352187
vt 0.465857 0.354908
vt 0.464522 0.357612
vt 0.463153 0.360299
vt 0.461750 0.362969
vt 0.460314 0.365621
vt 0.458844 0.368255
vt 0.457342 0.370870
vt 0.455806 0.373465
vt 0.454239 0.376042
vt 0.452639 0.378598
vt 0.451007 0.381135
vt 0.449343 0.383650
vt 0.447648 0.386145
vt 0.445921 0.388617
vt 0.444164 0.391068
vt 0.442376 0.393497
vt 0.440558 0.395903
vt 0.438709 0.398286
vt 0.436831 0.400646
vt 0.434923 0.402982
vt 0.432986 0.405293
vt 0.431020 0.407581
vt 0.429026 0.409843
vt 0.427003 0.412080
vt 0.424952 0.414291
vt 0.422874 0.416477
vt 0.420769 0.418636
vt 0.418636 0.420769
vt 0.416477 0.422874
vt 0.414291 0.424952
vt 0.412080 0.427003
vt 0.409843 0.429026
vt 0.407581 0.431020
vt 0.405293 0.432986
vt 0.402982 0.434923
vt 0.400646 0.436831
vt 0.398286 0.438709
vt 0.395903 0.440558
vt 0.393497 0.442376
vt 0.391068 0.444164
vt 0.388617 0.445921
vt 0.386145 0.447648
vt 0.383650 0.449343
vt 0.381135 0.451007
vt 0.378598 0.452639
vt 0.376042 0.454239
vt 0.373465 0.455806
vt 0.370870 0.457342
vt 0.368255 0.458844
vt 0.365621 0.460314
vt 0.362969 0.461750
vt 0.360299 0.463153
vt 0.357612 0.464522
vt 0.354908 0.465857
vt 0.352187 0.467158
vt 0.349450 0.468425
vt 0.346698 0.469658
vt 0.343930 0.470856
vt 0.341147 0.472019
vt 0.338350 0.473146
vt 0.335539 0.474239
vt 0.332714 0.475296
vt 0.329877 0.476318
vt 0.327026 0.477304
vt 0.324164 0.478254
vt 0.321290 0.479167
vt 0.318405 0.480045
vt 0.315508 0.480887
vt 0.312602 0.481692
vt 0.309686 0.482460
vt 0.306760 0.483192
vt 0.303825 0.483886
vt 0.300882 0.484544
vt 0.297930 0.485165
vt 0.294972 0.485749
vt 0.292006 0.486295
vt 0.289033 0.486805
vt 0.286054 0.487276
vt 0.283070 0.487711
vt 0.280080 0.488108
vt 0.277086 0.488467
vt 0.274087 0.488788
vt 0.271084 0.489072
vt 0.268078 0.489318
vt 0.265070 0.489526
vt 0.262059 0.489697
vt 0.259046 0.489829
vt 0.256031 0.489924
vt 0.002006 1.000000
vt 0.002006 0.500000
vt 0.000006 1.000000
vt 0.000006 0.500000
vt 0.750000 0.490000
vt 0.753016 0.489981
vt 0.756031 0.489924
vt 0.759046 0.489829
vt 0.762059 0.489697
vt 0.765070 0.489526
vt 0.768078 0.489318
vt 0.771084 0.489072
vt 0.774087 0.488788
vt 0.777086 0.488467
vt 0.780080 0.488108
vt 0.783070 0.487711
vt 0.786054 0.487276
vt 0.789033 0.486805
vt 0.792006 0.486295
vt 0.794972 0.485749
vt 0.797930 0.485165
vt 0.800882 0.484544
vt 0.803825 0.483886
vt 0.806760 0.483192
vt 0.809686 0.482460
vt 0.812602 0.481692
vt 0.815508 0.480887
vt 0.818405 0.480045
vt 0.821290 0.479167
vt 0.824164 0.478254
vt 0.827026 0.477304
vt 0.829877 0.476318
vt 0.832714 0.475296
vt 0.835539 0.474239
vt 0.838350 0.473146
vt 0.841147 0.472019
vt 0.843930 0.470856
vt 0.846698 0.469658
vt 0.849450 0.468425
vt 0.852187 0.467158
vt 0.854908 0.465857
vt 0.857612 0.464522
vt 0.860299 0.463153
vt 0.862969 0.461750
vt 0.865621 0.460314
vt 0.868255 0.458844
vt 0.870870 0.457342
vt 0.873465 0.455806
vt 0.876042 0.454239
vt 0.878598 0.452639
vt 0.881135 0.451007
vt 0.883650 0.449343
vt 0.886145 0.447648
vt 0.888617 0.445921
vt 0.891068 0.444164
vt 0.893497 0.442376
vt 0.895903 0.440558
vt 0.898286 0.438709
vt 0.900646 0.436831
vt 0.902982 0.434923
vt 0.905293 0.432986
vt 0.907581 0.431020
vt 0.909843 0.429026
vt 0.912080 0.427003
vt 0.914291 0.424952
vt 0.916477 0.422874
vt 0.918636 0.420769
vt 0.920769 0.418636
vt 0.922874 0.416477
vt 0.924952 0.414291
vt 0.927003 0.412080
vt 0.929026 0.409843
vt 0.931020 0.407581
vt 0.932986 0.405293
vt 0.934923 0.402982
vt 0.936831 0.400646
vt 0.938709 0.398286
vt 0.940558 0.395903
vt 0.942376 0.393497
vt 0.944164 0.391068
vt 0.945921 0.388617
vt 0.947648 0.386145
vt 0.949343 0.383650
vt 0.951007 0.381135
vt 0.952639 0.378598
vt 0.954239 0.376042
vt 0.955806 0.373465
vt 0.957342 0.370870
vt 0.958844 0.368255
vt 0.960314 0.365621
vt 0.961750 0.362969
vt 0.963153 0.360299
vt 0.964522 0.357612
vt 0.965857 0.354908
vt 0.967158 0.352187
vt 0.968425 0.349450
vt 0.969658 0.346698
vt 0.970856 0.343930
vt 0.972019 0.341147
vt 0.973146 0.338350
vt 0.974239 0.335539
vt 0.975296 0.332714
vt 0.976318 0.329877
vt 0.977304 0.327026
vt 0.978254 0.324164
vt 0.979167 0.321290
vt 0.980045 0.318405
vt 0.980887 0.315508
vt 0.981692 0.312602
vt 0.982460 0.309686
vt 0.983192 0.306760
vt 0.983886 0.303825
vt 0.984544 0.300882
vt 0.985165 0.297930
vt 0.985749 0.294972
vt 0.986295 0.292006
vt 0.986805 0.289033
vt 0.987276 0.286054
vt 0.987711 0.283070
vt 0.988108 0.280080
vt 0.988467 0.277086
vt 0.988788 0.274087
vt 0.989072 0.271084
vt 0.989318 0.268078
vt 0.989526 0.265070
vt 0.989697 0.262059
vt 0.989829 0.259046
vt 0.989924 0.256031
vt 0.989981 0.253016
vt 0.990000 0.250000
vt 0.989981 0.246984
vt 0.989924 0.243969
vt 0.989829 0.240954
vt 0.989697 0.237941
vt 0.989526 0.234930
vt 0.989318 0.231922
vt 0.989072 0.228916
vt 0.988788 0.225913
vt 0.988467 0.222914
vt 0.988108 0.219920
vt 0.987711 0.216930
vt 0.987276 0.213946
vt 0.986805 0.210967
vt 0.986295 0.207994
vt 0.985749 0.205028
vt 0.985165 0.202070
vt 0.984544 0.199118
vt 0.983886 0.196175
vt 0.983192 0.193240
vt 0.982460 0.190314
vt 0.981692 0.187398
vt 0.980887 0.184492
vt 0.980045 0.181595
vt 0.979167 0.178710
vt 0.978254 0.175836
vt 0.977304 0.172974
vt 0.976318 0.170123
vt 0.975296 0.167286
vt 0.974239 0.164461
vt 0.973146 0.161650
vt 0.972019 0.158853
vt 0.970856 0.156070
vt 0.969658 0.153302
vt 0.968425 0.150550
vt 0.967158 0.147813
vt 0.965857 0.145092
vt 0.964522 0.142388
vt 0.963153 0.139701
vt 0.961750 0.137031
vt 0.960314 0.134379
vt 0.958844 0.131745
vt 0.957342 0.129130
vt 0.955806 0.126535
vt 0.954239 0.123958
vt 0.952639 0.121402
vt 0.951007 0.118865
vt 0.949343 0.116350
vt 0.947648 0.113855
vt 0.945921 0.111383
vt 0.944164 0.108932
vt 0.942376 0.106503
vt 0.940558 0.104097
vt 0.938709 0.101714
vt 0.936831 0.099354
vt 0.934923 0.097018
vt 0.932986 0.094707
vt 0.931020 0.092419
vt 0.929026 0.090157
vt 0.927003 0.087920
vt 0.924952 0.085709
vt 0.922874 0.083523
vt 0.920769 0.081364
vt 0.918636 0.079231
vt 0.916477 0.077126
vt 0.914291 0.075048
vt 0.912080 0.072997
vt 0.909843 0.070974
vt 0.907581 0.068980
vt 0.905293 0.067014
vt 0.902982 0.065077
vt 0.900646 0.063169
vt 0.898286 0.061291
vt 0.895903 0.059442
vt 0.893497 0.057624
vt 0.891068 0.055836
vt 0.888617 0.054079
vt 0.886145 0.052352
vt 0.883650 0.050657
vt 0.881135 0.048993
vt 0.878598 0.047361
vt 0.876042 0.045761
vt 0.873465 0.044194
vt 0.870870 0.042658
vt 0.868255 0.041156
vt 0.865621 0.039686
vt 0.862969 0.038250
vt 0.860299 0.036847
vt 0.857612 0.035478
vt 0.854908 0.034143
vt 0.852187 0.032842
vt 0.849450 0.031575
vt 0.846698 0.030342
vt 0.843930 0.029144
vt 0.841147 0.027981
vt 0.838350 0.026854
vt 0.835539 0.025761
vt 0.832714 0.024704
vt 0.829877 0.023682
vt 0.827026 0.022696
vt 0.824164 0.021746
vt 0.821290 0.020833
vt 0.818405 0.019955
vt 0.815508 0.019113
vt 0.812602 0.018308
vt 0.809686 0.017540
vt 0.806760 0.016808
vt 0.803825 0.016114
vt 0.800882 0.015456
vt 0.797930 0.014835
vt 0.794972 0.014251
vt 0.792006 0.013705
vt 0.789033 0.013195
vt 0.786054 0.012724
vt 0.783070 0.012289
vt 0.780080 0.011892
vt 0.777086 0.011533
vt 0.774087 0.011212
vt 0.771084 0.010928
vt 0.768078 0.010682
vt 0.765070 0.010474
vt 0.762059 0.010303
vt 0.759046 0.010171
vt 0.756031 0.010076
vt 0.753016 0.010019
vt 0.750000 0.010000
vt 0.746984 0.010019
vt 0.743969 0.010076
vt 0.740954 0.010171
vt 0.737941 0.010303
vt 0.734930 0.010474
vt 0.731922 0.010682
vt 0.728916 0.010928
vt 0.725913 0.011212
vt 0.722914 0.011533
vt 0.719920 0.011892
vt 0.716930 0.012289
vt 0.713946 0.012724
vt 0.710967 0.013195
vt 0.707994 0.013705
vt 0.705028 0.014251
vt 0.702070 0.014835
vt 0.699118 0.015456
vt 0.696175 0.016114
vt 0.693240 0.016808
vt 0.690314 0.017540
vt 0.687398 0.018308
vt 0.684492 0.019113
vt 0.681595 0.019955
vt 0.678710 0.020833
vt 0.675836 0.021746
vt 0.672974 0.022696
vt 0.670123 0.023682
vt 0.667286 0.024704
vt 0.664461 0.025761
vt 0.661650 0.026854
vt 0.658853 0.027981
vt 0.656070 0.029144
vt 0.653302 0.030342
vt 0.650550 0.031575
vt 0.647813 0.032842
vt 0.645092 0.034143
vt 0.642388 0.035478
vt 0.639701 0.036847
vt 0.637031 0.038250
vt 0.634379 0.039686
vt 0.631745 0.041156
vt 0.629130 0.042658
vt 0.626535 0.044194
vt 0.623958 0.045761
vt 0.621402 0.047361
vt 0.618865 0.048993
vt 0.616350 0.050657
vt 0.613855 0.052352
vt 0.611383 0.054079
vt 0.608932 0.055836
vt 0.606503 0.057624
vt 0.604097 0.059442
vt 0.601714 0.061291
vt 0.599354 0.063169
vt 0.597018 0.065077
vt 0.594707 0.067014
vt 0.592419 0.068980
vt 0.590157 0.070974
vt 0.587920 0.072997
vt 0.585709 0.075048
vt 0.583523 0.077126
vt 0.581364 0.079231
vt 0.579231 0.081364
vt 0.577126 0.083523
vt 0.575048 0.085709
vt 0.572997 0.087920
vt 0.570974 0.090157
vt 0.568980 0.092419
vt 0.567014 0.094707
vt 0.565077 0.097018
vt 0.563169 0.099354
vt 0.561291 0.101714
vt 0.559442 0.104097
vt 0.557624 0.106503
vt 0.555836 0.108932
vt 0.554079 0.111383
vt 0.552352 0.113855
vt 0.550657 0.116350
vt 0.548993 0.118865
vt 0.547361 0.121402
vt 0.545761 0.123958
vt 0.544194 0.126535
vt 0.542658 0.129130
vt 0.541156 0.131745
vt 0.539686 0.134379
vt 0.538250 0.137031
vt 0.536847 0.139701
vt 0.535478 0.142388
vt 0.534143 0.145092
vt 0.532842 0.147813
vt 0.531575 0.150550
vt 0.530342 0.153302
vt 0.529144 0.156070
vt 0.527981 0.158853
vt 0.526854 0.161650
vt 0.525761 0.164461
vt 0.524704 0.167286
vt 0.523682 0.170123
vt 0.522696 0.172974
vt 0.521746 0.175836
vt 0.520833 0.178710
vt 0.519955 0.181595
vt 0.519113 0.184492
vt 0.518308 0.187398
vt 0.517540 0.190314
vt 0.516808 0.193240
vt 0.516114 0.196175
vt 0.515456 0.199118
vt 0.514835 0.202070
vt 0.514251 0.205028
vt 0.513705 0.207994
vt 0.513195 0.210967
vt 0.512724 0.213946
vt 0.512289 0.216930
vt 0.511892 0.219920
vt 0.511533 0.222914
vt 0.511212 0.225913
vt 0.510928 0.228916
vt 0.510682 0.231922
vt 0.510474 0.234930
vt 0.510303 0.237941
vt 0.510171 0.240954
vt 0.510076 0.243969
vt 0.510019 0.246984
vt 0.510000 0.250000
vt 0.510019 0.253016
vt 0.510076 0.256031
vt 0.510171 0.259046
vt 0.510303 0.262059
vt 0.510474 0.265070
vt 0.510682 0.268078
vt 0.510928 0.271084
vt 0.511212 0.274087
vt 0.511533 0.277086
vt 0.511892 0.280080
vt 0.512289 0.283070
vt 0.512724 0.286054
vt 0.513195 0.289033
vt 0.513705 0.292006
vt 0.514251 0.294972
vt 0.514835 0.297930
vt 0.515456 0.300882
vt 0.516114 0.303825
vt 0.516808 0.306760
vt 0.517540 0.309686
vt 0.518308 0.312602
vt 0.519113 0.315508
vt 0.519955 0.318405
vt 0.520833 0.321290
vt 0.521746 0.324164
vt 0.522696 0.327026
vt 0.523682 0.329877
vt 0.524704 0.332714
vt 0.525761 0.335539
vt 0.526854 0.338350
vt 0.527981 0.341147
vt 0.529144 0.343930
vt 0.530342 0.346698
vt 0.531575 0.349450
vt 0.532842 0.352187
vt 0.534143 0.354908
vt 0.535478 0.357612
vt 0.536847 0.360299
vt 0.538250 0.362969
vt 0.539686 0.365621
vt 0.541156 0.368255
vt 0.542658 0.370870
vt 0.544194 0.373465
vt 0.545761 0.376042
vt 0.547361 0.378598
vt 0.548993 0.381135
vt 0.550657 0.383650
vt 0.552352 0.386145
vt 0.554079 0.388617
vt 0.555836 0.391068
vt 0.557624 0.393497
vt 0.559442 0.395903
vt 0.561291 0.398286
vt 0.563169 0.400646
vt 0.565077 0.402982
vt 0.567014 0.405293
vt 0.568980 0.407581
vt 0.570974 0.409843
vt 0.572997 0.412080
vt 0.575048 0.414291
vt 0.577126 0.416477
vt 0.579231 0.418636
vt 0.581364 0.420769
vt 0.583523 0.422874
vt 0.585709 0.424952
vt 0.587920 0.427003
vt 0.590157 0.429026
vt 0.592419 0.431020
vt 0.594707 0.432986
vt 0.597018 0.434923
vt 0.599354 0.436831
vt 0.601714 0.438709
vt 0.604097 0.440558
vt 0.606503 0.442376
vt 0.608932 0.444164
vt 0.611383 0.445921
vt 0.613855 0.447648
vt 0.616350 0.449343
vt 0.618865 0.451007
vt 0.621402 0.452639
vt 0.623958 0.454239
vt 0.626535 0.455806
vt 0.629130 0.457342
vt 0.631745 0.458844
vt 0.634379 0.460314
vt 0.637031 0.461750
vt 0.639701 0.463153
vt 0.642388 0.464522
vt 0.645092 0.465857
vt 0.647813 0.467158
vt 0.650550 0.468425
vt 0.653302 0.469658
vt 0.656070 0.470856
vt 0.658853 0.472019
vt 0.661650 0.473146
vt 0.664461 0.474239
vt 0.667286 0.475296
vt 0.670123 0.476318
vt 0.672974 0.477304
vt 0.675836 0.478254
vt 0.678710 0.479167
vt 0.681595 0.480045
vt 0.684492 0.480887
vt 0.687398 0.481692
vt 0.690314 0.482460
vt 0.693240 0.483192
vt 0.696175 0.483886
vt 0.699118 0.484544
vt 0.702070 0.485165
vt 0.705028 0.485749
vt 0.707994 0.486295
vt 0.710967 0.486805
vt 0.713946 0.487276
vt 0.716930 0.487711
vt 0.719920 0.488108
vt 0.722914 0.488467
vt 0.725913 0.488788
vt 0.728916 0.489072
vt 0.731922 0.489318
vt 0.734930 0.489526
vt 0.737941 0.489697
vt 0.740954 0.489829
vt 0.743969 0.489924
vt 0.746984 0.489981
s 0
f 1871/700/10 1872/701/10 1874/702/10 1873/703/10
f 1873/703/11 1874/702/11 1876/704/11 1875/705/11
f 1875/705/12 1876/704/12 1878/706/12 1877/707/12
f 1877/707/13 1878/706/13 1880/708/13 1879/709/13
f 1879/709/14 1880/708/14 1882/710/14 1881/711/14
f 1881/711/15 1882/710/15 1884/712/15 1883/713/15
f 1883/713/16 1884/712/16 1886/714/16 1885/715/16
f 1885/715/17 1886/714/17 1888/716/17 1887/717/17
f 1887/717/18 1888/716/18 1890/718/18 1889/719/18
f 1889/719/19 1890/718/19 1892/720/19 1891/721/19
f 1891/721/20 1892/720/20 1894/722/20 1893/723/20
f 1893/723/21 1894/722/21 1896/724/21 1895/725/21
f 1895/725/22 1896/724/22 1898/726/22 1897/727/22
f 1897/727/23 1898/726/23 1900/728/23 1899/729/23
f 1899/729/24 1900/728/24 1902/730/24 1901/731/24
f 1901/731/25 1902/730/25 1904/732/25 1903/733/25
f 1903/733/26 1904/732/26 1906/734/26 1905/735/26
f 1905/735/27 1906/734/27 1908/736/27 1907/737/27
f 1907/737/28 1908/736/28 1910/738/28 1909/739/28
f 1909/739/29 1910/738/29 1912/740/29 1911/741/29
f 1911/741/30 1912/740/30 1914/742/30 1913/743/30
f 1913/743/31 1914/742/31 1916/744/31 1915/745/31
f 1915/745/32 1916/744/32 1918/746/32 1917/747/32
f 1917/747/33 1918/746/33 1920/748/33 1919/749/33
f 1919/749/34 1920/748/34 1922/750/34 1921/751/34
f 1921/751/35 1922/750/35 1924/752/35 1923/753/35
f 1923/753/36 1924/752/36 1926/754/36 1925/755/36
f 1925/755/37 1926/754/37 1928/756/37 1927/757/37
f 1927/757/38 1928/756/38 1930/758/38 1929/759/38
f 1929/759/39 1930/758/39 1932/760/39 1931/761/39
f 1931/761/40 1932/760/40 1934/762/40 1933/763/40
f 1933/763/41 1934/762/41 1936/764/41 1935/765/41
f 1935/765/42 1936/764/42 1938/766/42 1937/767/42
f 1937/767/43 1938/766/43 1940/768/43 1939/769/43
f 1939/769/44 1940/768/44 1942/770/44 1941/771/44
f 1941/771/45 1942/770/45 1944/772/45 1943/773/45
f 1943/773/46 1944/772/46 1946/774/46 1945/775/46
f 1945/775/47 1946/774/47 1948/776/47 1947/777/47
f 1947/777/48 1948/776/48 1950/778/48 1949/779/48
f 1949/779/49 1950/778/49 1952/780/49 1951/781/49
f 1951/781/50 1952/780/50 1954/782/50 1953/783/50
f 1953/783/51 1954/782/51 1956/784/51 1955/785/51
f 1955/785/52 1956/784/52 1958/786/52 1957/787/52
f 1957/787/53 1958/786/53 1960/788/53 1959/789/53
f 1959/789/54 1960/788/54 1962/790/54 1961/791/54
f 1961/791/55 1962/790/55 1964/792/55 1963/793/55
f 1963/793/56 1964/792/56 1966/794/56 1965/795/56
f 1965/795/57 1966/794/57 1968/796/57 1967/797/57
f 1967/797/58 1968/796/58 1970/798/58 1969/799/58
f 1969/799/59 1970/798/59 1972/800/59 1971/801/59
f 1971/801/60 1972/800/60 1974/802/60 1973/803/60
f 1973/803/61 1974/802/61 1976/804/61 1975/805/61
f 1975/805/62 1976/804/62 1978/806/62 1977/807/62
f 1977/807/63 1978/806/63 1980/808/63 1979/809/63
f 1979/809/64 1980/808/64 1982/810/64 1981/811/64
f 1981/811/65 1982/810/65 1984/812/65 1983/813/65
f 1983/813/66 1984/812/66 1986/814/66 1985/815/66
f 1985/815/67 1986/814/67 1988/816/67 1987/817/67
f 1987/817/68 1988/816/68 1990/818/68 1989/819/68
f 1989/819/69 1990/818/69 1992/820/69 1991/821/69
f 1991/821/70 1992/820/70 1994/822/70 1993/823/70
f 1993/823/71 1994/822/71 1996/824/71 1995/825/71
f 1995/825/72 1996/824/72 1998/826/72 1997/827/72
f 1997/827/73 1998/826/73 2000/828/73 1999/829/73
f 1999/829/74 2000/828/74 2002/830/74 2001/831/74
f 2001/831/75 2002/830/75 2004/832/75 2003/833/75
f 2003/833/76 2004/832/76 2006/834/76 2005/835/76
f 2005/835/77 2006/834/77 2008/836/77 2007/837/77
f 2007/837/78 2008/836/78 2010/838/78 2009/839/78
f 2009/839/79 2010/838/79 2012/840/79 2011/841/79
f 2011/841/80 2012/840/80 2014/842/80 2013/843/80
f 2013/843/81 2014/842/81 2016/844/81 2015/845/81
f 2015/845/82 2016/844/82 2018/846/82 2017/847/82
f 2017/847/83 2018/846/83 2020/848/83 2019/849/83
f 2019/849/84 2020/848/84 2022/850/84 2021/851/84
f 2021/851/85 2022/850/85 2024/852/85 2023/853/85
f 2023/853/86 2024/852/86 2026/854/86 2025/855/86
f 2025/855/87 2026/854/87 2028/856/87 2027/857/87
f 2027/857/88 2028/856/88 2030/858/88 2029/859/88
f 2029/859/89 2030/858/89 2032/860/89 2031/861/89
f 2031/861/90 2032/860/90 2034/862/90 2033/863/90
f 2033/863/91 2034/862/91 2036/864/91 2035/865/91
f 2035/865/92 2036/864/92 2038/866/92 2037/867/92
f 2037/867/93 2038/866/93 2040/868/93 2039/869/93
f 2039/869/94 2040/868/94 2042/870/94 2041/871/94
f 2041/871/95 2042/870/95 2044/872/95 2043/873/95
f 2043/873/96 2044/872/96 2046/874/96 2045/875/96
f 2045/875/97 2046/874/97 2048/876/97 2047/877/97
f 2047/877/98 2048/876/98 2050/878/98 2049/879/98
f 2049/879/99 2050/878/99 2052/880/99 2051/881/99
f 2051/881/100 2052/880/100 2054/882/100 2053/883/100
f 2053/883/101 2054/882/101 2056/884/101 2055/885/101
f 2055/885/102 2056/884/102 2058/886/102 2057/887/102
f 2057/887/103 2058/886/103 2060/888/103 2059/889/103
f 2059/889/104 2060/888/104 2062/890/104 2061/891/104
f 2061/891/105 2062/890/105 2064/892/105 2063/893/105
f 2063/893/106 2064/892/106 2066/894/106 2065/895/106
f 2065/895/107 2066/894/107 2068/896/107 2067/897/107
f 2067/897/108 2068/896/108 2070/898/108 2069/899/108
f 2069/899/109 2070/898/109 2072/900/109 2071/901/109
f 2071/901/110 2072/900/110 2074/902/110 2073/903/110
f 2073/903/111 2074/902/111 2076/904/111 2075/905/111
f 2075/905/112 2076/904/112 2078/906/112 2077/907/112
f 2077/907/113 2078/906/113 2080/908/113 2079/909/113
f 2079/909/114 2080/908/114 2082/910/114 2081/911/114
f 2081/911/115 2082/910/115 2084/912/115 2083/913/115
f 2083/913/116 2084/912/116 2086/914/116 2085/915/116
f 2085/915/117 2086/914/117 2088/916/117 2087/917/117
f 2087/917/118 2088/916/118 2090/918/118 2089/919/118
f 2089/919/119 2090/918/119 2092/920/119 2091/921/119
f 2091/921/120 2092/920/120 2094/922/120 2093/923/120
f 2093/923/121 2094/922/121 2096/924/121 2095/925/121
f 2095/925/122 2096/924/122 2098/926/122 2097/927/122
f 2097/927/123 2098/926/123 2100/928/123 2099/929/123
f 2099/929/124 2100/928/124 2102/930/124 2101/931/124
f 2101/931/125 2102/930/125 2104/932/125 2103/933/125
f 2103/933/126 2104/932/126 2106/934/126 2105/935/126
f 2105/935/127 2106/934/127 2108/936/127 2107/937/127
f 2107/937/128 2108/936/128 2110/938/128 2109/939/128
f 2109/939/129 2110/938/129 2112/940/129 2111/941/129
f 2111/941/130 2112/940/130 2114/942/130 2113/943/130
f 2113/943/131 2114/942/131 2116/944/131 2115/945/131
f 2115/945/132 2116/944/132 2118/946/132 2117/947/132
f 2117/947/133 2118/946/133 2120/948/133 2119/949/133
f 2119/949/134 2120/948/134 2122/950/134 2121/951/134
f 2121/951/135 2122/950/135 2124/952/135 2123/953/135
f 2123/953/136 2124/952/136 2126/954/136 2125/955/136
f 2125/955/137 2126/954/137 2128/956/137 2127/957/137
f 2127/957/138 2128/956/138 2130/958/138 2129/959/138
f 2129/959/139 2130/958/139 2132/960/139 2131/961/139
f 2131/961/140 2132/960/140 2134/962/140 2133/963/140
f 2133/963/141 2134/962/141 2136/964/141 2135/965/141
f 2135/965/142 2136/964/142 2138/966/142 2137/967/142
f 2137/967/143 2138/966/143 2140/968/143 2139/969/143
f 2139/969/144 2140/968/144 2142/970/144 2141/971/144
f 2141/971/145 2142/970/145 2144/972/145 2143/973/145
f 2143/973/146 2144/972/146 2146/974/146 2145/975/146
f 2145/975/147 2146/974/147 2148/976/147 2147/977/147
f 2147/977/148 2148/976/148 2150/978/148 2149/979/148
f 2149/979/149 2150/978/149 2152/980/149 2151/981/149
f 2151/981/150 2152/980/150 2154/982/150 2153/983/150
f 2153/983/151 2154/982/151 2156/984/151 2155/985/151
f 2155/985/152 2156/984/152 2158/986/152 2157/987/152
f 2157/987/153 2158/986/153 2160/988/153 2159/989/153
f 2159/989/154 2160/988/154 2162/990/154 2161/991/154
f 2161/991/155 2162/990/155 2164/992/155 2163/993/155
f 2163/993/156 2164/992/156 2166/994/156 2165/995/156
f 2165/995/157 2166/994/157 2168/996/157 2167/997/157
f 2167/997/158 2168/996/158 2170/998/158 2169/999/158
f 2169/999/159 2170/998/159 2172/1000/159 2171/1001/159
f 2171/1001/160 2172/1000/160 2174/1002/160 2173/1003/160
f 2173/1003/161 2174/1002/161 2176/1004/161 2175/1005/161
f 2175/1005/162 2176/1004/162 2178/1006/162 2177/1007/162
f 2177/1007/163 2178/1006/163 2180/1008/163 2179/1009/163
f 2179/1009/164 2180/1008/164 2182/1010/164 2181/1011/164
f 2181/1011/165 2182/1010/165 2184/1012/165 2183/1013/165
f 2183/1013/166 2184/1012/166 2186/1014/166 2185/1015/166
f 2185/1015/167 2186/1014/167 2188/1016/167 2187/1017/167
f 2187/1017/168 2188/1016/168 2190/1018/168 2189/1019/168
f 2189/1019/169 2190/1018/169 2192/1020/169 2191/1021/169
f 2191/1021/170 2192/1020/170 2194/1022/170 2193/1023/170
f 2193/1023/171 2194/1022/171 2196/1024/171 2195/1025/171
f 2195/1025/172 2196/1024/172 2198/1026/172 2197/1027/172
f 2197/1027/173 2198/1026/173 2200/1028/173 2199/1029/173
f 2199/1029/174 2200/1028/174 2202/1030/174 2201/1031/174
f 2201/1031/175 2202/1030/175 2204/1032/175 2203/1033/175
f 2203/1033/176 2204/1032/176 2206/1034/176 2205/1035/176
f 2205/1035/177 2206/1034/177 2208/1036/177 2207/1037/177
f 2207/1037/178 2208/1036/178 2210/1038/178 2209/1039/178
f 2209/1039/179 2210/1038/179 2212/1040/179 2211/1041/179
f 2211/1041/180 2212/1040/180 2214/1042/180 2213/1043/180
f 2213/1043/181 2214/1042/181 2216/1044/181 2215/1045/181
f 2215/1045/182 2216/1044/182 2218/1046/182 2217/1047/182
f 2217/1047/183 2218/1046/183 2220/1048/183 2219/1049/183
f 2219/1049/184 2220/1048/184 2222/1050/184 2221/1051/184
f 2221/1051/185 2222/1050/185 2224/1052/185 2223/1053/185
f 2223/1053/186 2224/1052/186 2226/1054/186 2225/1055/186
f 2225/1055/187 2226/1054/187 2228/1056/187 2227/1057/187
f 2227/1057/188 2228/1056/188 2230/1058/188 2229/1059/188
f 2229/1059/189 2230/1058/189 2232/1060/189 2231/1061/189
f 2231/1061/190 2232/1060/190 2234/1062/190 2233/1063/190
f 2233/1063/191 2234/1062/191 2236/1064/191 2235/1065/191
f 2235/1065/192 2236/1064/192 2238/1066/192 2237/1067/192
f 2237/1067/193 2238/1066/193 2240/1068/193 2239/1069/193
f 2239/1069/194 2240/1068/194 2242/1070/194 2241/1071/194
f 2241/1071/195 2242/1070/195 2244/1072/195 2243/1073/195
f 2243/1073/196 2244/1072/196 2246/1074/196 2245/1075/196
f 2245/1075/197 2246/1074/197 2248/1076/197 2247/1077/197
f 2247/1077/198 2248/1076/198 2250/1078/198 2249/1079/198
f 2249/1079/199 2250/1078/199 2252/1080/199 2251/1081/199
f 2251/1081/200 2252/1080/200 2254/1082/200 2253/1083/200
f 2253/1083/201 2254/1082/201 2256/1084/201 2255/1085/201
f 2255/1085/202 2256/1084/202 2258/1086/202 2257/1087/202
f 2257/1087/203 2258/1086/203 2260/1088/203 2259/1089/203
f 2259/1089/204 2260/1088/204 2262/1090/204 2261/1091/204
f 2261/1091/205 2262/1090/205 2264/1092/205 2263/1093/205
f 2263/1093/206 2264/1092/206 2266/1094/206 2265/1095/206
f 2265/1095/207 2266/1094/207 2268/1096/207 2267/1097/207
f 2267/1097/208 2268/1096/208 2270/1098/208 2269/1099/208
f 2269/1099/209 2270/1098/209 2272/1100/209 2271/1101/209
f 2271/1101/210 2272/1100/210 2274/1102/210 2273/1103/210
f 2273/1103/211 2274/1102/211 2276/1104/211 2275/1105/211
f 2275/1105/212 2276/1104/212 2278/1106/212 2277/1107/212
f 2277/1107/213 2278/1106/213 2280/1108/213 2279/1109/213
f 2279/1109/214 2280/1108/214 2282/1110/214 2281/1111/214
f 2281/1111/215 2282/1110/215 2284/1112/215 2283/1113/215
f 2283/1113/216 2284/1112/216 2286/1114/216 2285/1115/216
f 2285/1115/217 2286/1114/217 2288/1116/217 2287/1117/217
f 2287/1117/218 2288/1116/218 2290/1118/218 2289/1119/218
f 2289/1119/219 2290/1118/219 2292/1120/219 2291/1121/219
f 2291/1121/220 2292/1120/220 2294/1122/220 2293/1123/220
f 2293/1123/221 2294/1122/221 2296/1124/221 2295/1125/221
f 2295/1125/222 2296/1124/222 2298/1126/222 2297/1127/222
f 2297/1127/223 2298/1126/223 2300/1128/223 2299/1129/223
f 2299/1129/224 2300/1128/224 2302/1130/224 2301/1131/224
f 2301/1131/225 2302/1130/225 2304/1132/225 2303/1133/225
f 2303/1133/226 2304/1132/226 2306/1134/226 2305/1135/226
f 2305/1135/227 2306/1134/227 2308/1136/227 2307/1137/227
f 2307/1137/228 2308/1136/228 2310/1138/228 2309/1139/228
f 2309/1139/229 2310/1138/229 2312/1140/229 2311/1141/229
f 2311/1141/230 2312/1140/230 2314/1142/230 2313/1143/230
f 2313/1143/231 2314/1142/231 2316/1144/231 2315/1145/231
f 2315/1145/232 2316/1144/232 2318/1146/232 2317/1147/232
f 2317/1147/233 2318/1146/233 2320/1148/233 2319/1149/233
f 2319/1149/234 2320/1148/234 2322/1150/234 2321/1151/234
f 2321/1151/235 2322/1150/235 2324/1152/235 2323/1153/235
f 2323/1153/236 2324/1152/236 2326/1154/236 2325/1155/236
f 2325/1155/237 2326/1154/237 2328/1156/237 2327/1157/237
f 2327/1157/238 2328/1156/238 2330/1158/238 2329/1159/238
f 2329/1159/239 2330/1158/239 2332/1160/239 2331/1161/239
f 2331/1161/240 2332/1160/240 2334/1162/240 2333/1163/240
f 2333/1163/241 2334/1162/241 2336/1164/241 2335/1165/241
f 2335/1165/242 2336/1164/242 2338/1166/242 2337/1167/242
f 2337/1167/243 2338/1166/243 2340/1168/243 2339/1169/243
f 2339/1169/244 2340/1168/244 2342/1170/244 2341/1171/244
f 2341/1171/245 2342/1170/245 2344/1172/245 2343/1173/245
f 2343/1173/246 2344/1172/246 2346/1174/246 2345/1175/246
f 2345/1175/247 2346/1174/247 2348/1176/247 2347/1177/247
f 2347/1177/248 2348/1176/248 2350/1178/248 2349/1179/248
f 2349/1179/249 2350/1178/249 2352/1180/249 2351/1181/249
f 2351/1181/250 2352/1180/250 2354/1182/250 2353/1183/250
f 2353/1183/251 2354/1182/251 2356/1184/251 2355/1185/251
f 2355/1185/252 2356/1184/252 2358/1186/252 2357/1187/252
f 2357/1187/253 2358/1186/253 2360/1188/253 2359/1189/253
f 2359/1189/254 2360/1188/254 2362/1190/254 2361/1191/254
f 2361/1191/255 2362/1190/255 2364/1192/255 2363/1193/255
f 2363/1193/256 2364/1192/256 2366/1194/256 2365/1195/256
f 2365/1195/257 2366/1194/257 2368/1196/257 2367/1197/257
f 2367/1197/258 2368/1196/258 2370/1198/258 2369/1199/258
f 2369/1199/259 2370/1198/259 2372/1200/259 2371/1201/259
f 2371/1201/260 2372/1200/260 2374/1202/260 2373/1203/260
f 2373/1203/261 2374/1202/261 2376/1204/261 2375/1205/261
f 2375/1205/262 2376/1204/262 2378/1206/262 2377/1207/262
f 2377/1207/263 2378/1206/263 2380/1208/263 2379/1209/263
f 2379/1209/264 2380/1208/264 2382/1210/264 2381/1211/264
f 2381/1211/265 2382/1210/265 2384/1212/265 2383/1213/265
f 2383/1213/266 2384/1212/266 2386/1214/266 2385/1215/266
f 2385/1215/267 2386/1214/267 2388/1216/267 2387/1217/267
f 2387/1217/268 2388/1216/268 2390/1218/268 2389/1219/268
f 2389/1219/269 2390/1218/269 2392/1220/269 2391/1221/269
f 2391/1221/270 2392/1220/270 2394/1222/270 2393/1223/270
f 2393/1223/271 2394/1222/271 2396/1224/271 2395/1225/271
f 2395/1225/272 2396/1224/272 2398/1226/272 2397/1227/272
f 2397/1227/273 2398/1226/273 2400/1228/273 2399/1229/273
f 2399/1229/274 2400/1228/274 2402/1230/274 2401/1231/274
f 2401/1231/275 2402/1230/275 2404/1232/275 2403/1233/275
f 2403/1233/276 2404/1232/276 2406/1234/276 2405/1235/276
f 2405/1235/277 2406/1234/277 2408/1236/277 2407/1237/277
f 2407/1237/278 2408/1236/278 2410/1238/278 2409/1239/278
f 2409/1239/279 2410/1238/279 2412/1240/279 2411/1241/279
f 2411/1241/280 2412/1240/280 2414/1242/280 2413/1243/280
f 2413/1243/281 2414/1242/281 2416/1244/281 2415/1245/281
f 2415/1245/282 2416/1244/282 2418/1246/282 2417/1247/282
f 2417/1247/283 2418/1246/283 2420/1248/283 2419/1249/283
f 2419/1249/284 2420/1248/284 2422/1250/284 2421/1251/284
f 2421/1251/285 2422/1250/285 2424/1252/285 2423/1253/285
f 2423/1253/286 2424/1252/286 2426/1254/286 2425/1255/286
f 2425/1255/287 2426/1254/287 2428/1256/287 2427/1257/287
f 2427/1257/288 2428/1256/288 2430/1258/288 2429/1259/288
f 2429/1259/289 2430/1258/289 2432/1260/289 2431/1261/289
f 2431/1261/290 2432/1260/290 2434/1262/290 2433/1263/290
f 2433/1263/291 2434/1262/291 2436/1264/291 2435/1265/291
f 2435/1265/292 2436/1264/292 2438/1266/292 2437/1267/292
f 2437/1267/293 2438/1266/293 2440/1268/293 2439/1269/293
f 2439/1269/294 2440/1268/294 2442/1270/294 2441/1271/294
f 2441/1271/295 2442/1270/295 2444/1272/295 2443/1273/295
f 2443/1273/296 2444/1272/296 2446/1274/296 2445/1275/296
f 2445/1275/297 2446/1274/297 2448/1276/297 2447/1277/297
f 2447/1277/298 2448/1276/298 2450/1278/298 2449/1279/298
f 2449/1279/299 2450/1278/299 2452/1280/299 2451/1281/299
f 2451/1281/300 2452/1280/300 2454/1282/300 2453/1283/300
f 2453/1283/301 2454/1282/301 2456/1284/301 2455/1285/301
f 2455/1285/302 2456/1284/302 2458/1286/302 2457/1287/302
f 2457/1287/303 2458/1286/303 2460/1288/303 2459/1289/303
f 2459/1289/304 2460/1288/304 2462/1290/304 2461/1291/304
f 2461/1291/305 2462/1290/305 2464/1292/305 2463/1293/305
f 2463/1293/306 2464/1292/306 2466/1294/306 2465/1295/306
f 2465/1295/307 2466/1294/307 2468/1296/307 2467/1297/307
f 2467/1297/308 2468/1296/308 2470/1298/308 2469/1299/308
f 2469/1299/309 2470/1298/309 2472/1300/309 2471/1301/309
f 2471/1301/310 2472/1300/310 2474/1302/310 2473/1303/310
f 2473/1303/311 2474/1302/311 2476/1304/311 2475/1305/311
f 2475/1305/312 2476/1304/312 2478/1306/312 2477/1307/312
f 2477/1307/313 2478/1306/313 2480/1308/313 2479/1309/313
f 2479/1309/314 2480/1308/314 2482/1310/314 2481/1311/314
f 2481/1311/315 2482/1310/315 2484/1312/315 2483/1313/315
f 2483/1313/316 2484/1312/316 2486/1314/316 2485/1315/316
f 2485/1315/317 2486/1314/317 2488/1316/317 2487/1317/317
f 2487/1317/318 2488/1316/318 2490/1318/318 2489/1319/318
f 2489/1319/319 2490/1318/319 2492/1320/319 2491/1321/319
f 2491/1321/320 2492/1320/320 2494/1322/320 2493/1323/320
f 2493/1323/321 2494/1322/321 2496/1324/321 2495/1325/321
f 2495/1325/322 2496/1324/322 2498/1326/322 2497/1327/322
f 2497/1327/323 2498/1326/323 2500/1328/323 2499/1329/323
f 2499/1329/324 2500/1328/324 2502/1330/324 2501/1331/324
f 2501/1331/325 2502/1330/325 2504/1332/325 2503/1333/325
f 2503/1333/326 2504/1332/326 2506/1334/326 2505/1335/326
f 2505/1335/327 2506/1334/327 2508/1336/327 2507/1337/327
f 2507/1337/328 2508/1336/328 2510/1338/328 2509/1339/328
f 2509/1339/329 2510/1338/329 2512/1340/329 2511/1341/329
f 2511/1341/330 2512/1340/330 2514/1342/330 2513/1343/330
f 2513/1343/331 2514/1342/331 2516/1344/331 2515/1345/331
f 2515/1345/332 2516/1344/332 2518/1346/332 2517/1347/332
f 2517/1347/333 2518/1346/333 2520/1348/333 2519/1349/333
f 2519/1349/334 2520/1348/334 2522/1350/334 2521/1351/334
f 2521/1351/335 2522/1350/335 2524/1352/335 2523/1353/335
f 2523/1353/336 2524/1352/336 2526/1354/336 2525/1355/336
f 2525/1355/337 2526/1354/337 2528/1356/337 2527/1357/337
f 2527/1357/338 2528/1356/338 2530/1358/338 2529/1359/338
f 2529/1359/339 2530/1358/339 2532/1360/339 2531/1361/339
f 2531/1361/340 2532/1360/340 2534/1362/340 2533/1363/340
f 2533/1363/341 2534/1362/341 2536/1364/341 2535/1365/341
f 2535/1365/342 2536/1364/342 2538/1366/342 2537/1367/342
f 2537/1367/343 2538/1366/343 2540/1368/343 2539/1369/343
f 2539/1369/344 2540/1368/344 2542/1370/344 2541/1371/344
f 2541/1371/345 2542/1370/345 2544/1372/345 2543/1373/345
f 2543/1373/346 2544/1372/346 2546/1374/346 2545/1375/346
f 2545/1375/347 2546/1374/347 2548/1376/347 2547/1377/347
f 2547/1377/348 2548/1376/348 2550/1378/348 2549/1379/348
f 2549/1379/349 2550/1378/349 2552/1380/349 2551/1381/349
f 2551/1381/350 2552/1380/350 2554/1382/350 2553/1383/350
f 2553/1383/351 2554/1382/351 2556/1384/351 2555/1385/351
f 2555/1385/352 2556/1384/352 2558/1386/352 2557/1387/352
f 2557/1387/353 2558/1386/353 2560/1388/353 2559/1389/353
f 2559/1389/354 2560/1388/354 2562/1390/354 2561/1391/354
f 2561/1391/355 2562/1390/355 2564/1392/355 2563/1393/355
f 2563/1393/356 2564/1392/356 2566/1394/356 2565/1395/356
f 2565/1395/357 2566/1394/357 2568/1396/357 2567/1397/357
f 2567/1397/358 2568/1396/358 2570/1398/358 2569/1399/358
f 2569/1399/359 2570/1398/359 2572/1400/359 2571/1401/359
f 2571/1401/360 2572/1400/360 2574/1402/360 2573/1403/360
f 2573/1403/361 2574/1402/361 2576/1404/361 2575/1405/361
f 2575/1405/362 2576/1404/362 2578/1406/362 2577/1407/362
f 2577/1407/363 2578/1406/363 2580/1408/363 2579/1409/363
f 2579/1409/364 2580/1408/364 2582/1410/364 2581/1411/364
f 2581/1411/365 2582/1410/365 2584/1412/365 2583/1413/365
f 2583/1413/366 2584/1412/366 2586/1414/366 2585/1415/366
f 2585/1415/367 2586/1414/367 2588/1416/367 2587/1417/367
f 2587/1417/368 2588/1416/368 2590/1418/368 2589/1419/368
f 2589/1419/369 2590/1418/369 2592/1420/369 2591/1421/369
f 2591/1421/370 2592/1420/370 2594/1422/370 2593/1423/370
f 2593/1423/371 2594/1422/371 2596/1424/371 2595/1425/371
f 2595/1425/372 2596/1424/372 2598/1426/372 2597/1427/372
f 2597/1427/373 2598/1426/373 2600/1428/373 2599/1429/373
f 2599/1429/374 2600/1428/374 2602/1430/374 2601/1431/374
f 2601/1431/375 2602/1430/375 2604/1432/375 2603/1433/375
f 2603/1433/376 2604/1432/376 2606/1434/376 2605/1435/376
f 2605/1435/377 2606/1434/377 2608/1436/377 2607/1437/377
f 2607/1437/378 2608/1436/378 2610/1438/378 2609/1439/378
f 2609/1439/379 2610/1438/379 2612/1440/379 2611/1441/379
f 2611/1441/380 2612/1440/380 2614/1442/380 2613/1443/380
f 2613/1443/381 2614/1442/381 2616/1444/381 2615/1445/381
f 2615/1445/382 2616/1444/382 2618/1446/382 2617/1447/382
f 2617/1447/383 2618/1446/383 2620/1448/383 2619/1449/383
f 2619/1449/384 2620/1448/384 2622/1450/384 2621/1451/384
f 2621/1451/385 2622/1450/385 2624/1452/385 2623/1453/385
f 2623/1453/386 2624/1452/386 2626/1454/386 2625/1455/386
f 2625/1455/387 2626/1454/387 2628/1456/387 2627/1457/387
f 2627/1457/388 2628/1456/388 2630/1458/388 2629/1459/388
f 2629/1459/389 2630/1458/389 2632/1460/389 2631/1461/389
f 2631/1461/390 2632/1460/390 2634/1462/390 2633/1463/390
f 2633/1463/391 2634/1462/391 2636/1464/391 2635/1465/391
f 2635/1465/392 2636/1464/392 2638/1466/392 2637/1467/392
f 2637/1467/393 2638/1466/393 2640/1468/393 2639/1469/393
f 2639/1469/394 2640/1468/394 2642/1470/394 2641/1471/394
f 2641/1471/395 2642/1470/395 2644/1472/395 2643/1473/395
f 2643/1473/396 2644/1472/396 2646/1474/396 2645/1475/396
f 2645/1475/397 2646/1474/397 2648/1476/397 2647/1477/397
f 2647/1477/398 2648/1476/398 2650/1478/398 2649/1479/398
f 2649/1479/399 2650/1478/399 2652/1480/399 2651/1481/399
f 2651/1481/400 2652/1480/400 2654/1482/400 2653/1483/400
f 2653/1483/401 2654/1482/401 2656/1484/401 2655/1485/401
f 2655/1485/402 2656/1484/402 2658/1486/402 2657/1487/402
f 2657/1487/403 2658/1486/403 2660/1488/403 2659/1489/403
f 2659/1489/404 2660/1488/404 2662/1490/404 2661/1491/404
f 2661/1491/405 2662/1490/405 2664/1492/405 2663/1493/405
f 2663/1493/406 2664/1492/406 2666/1494/406 2665/1495/406
f 2665/1495/407 2666/1494/407 2668/1496/407 2667/1497/407
f 2667/1497/408 2668/1496/408 2670/1498/408 2669/1499/408
f 2669/1499/409 2670/1498/409 2672/1500/409 2671/1501/409
f 2671/1501/410 2672/1500/410 2674/1502/410 2673/1503/410
f 2673/1503/411 2674/1502/411 2676/1504/411 2675/1505/411
f 2675/1505/412 2676/1504/412 2678/1506/412 2677/1507/412
f 2677/1507/413 2678/1506/413 2680/1508/413 2679/1509/413
f 2679/1509/414 2680/1508/414 2682/1510/414 2681/1511/414
f 2681/1511/415 2682/1510/415 2684/1512/415 2683/1513/415
f 2683/1513/416 2684/1512/416 2686/1514/416 2685/1515/416
f 2685/1515/417 2686/1514/417 2688/1516/417 2687/1517/417
f 2687/1517/418 2688/1516/418 2690/1518/418 2689/1519/418
f 2689/1519/419 2690/1518/419 2692/1520/419 2691/1521/419
f 2691/1521/420 2692/1520/420 2694/1522/420 2693/1523/420
f 2693/1523/421 2694/1522/421 2696/1524/421 2695/1525/421
f 2695/1525/422 2696/1524/422 2698/1526/422 2697/1527/422
f 2697/1527/423 2698/1526/423 2700/1528/423 2699/1529/423
f 2699/1529/424 2700/1528/424 2702/1530/424 2701/1531/424
f 2701/1531/425 2702/1530/425 2704/1532/425 2703/1533/425
f 2703/1533/426 2704/1532/426 2706/1534/426 2705/1535/426
f 2705/1535/427 2706/1534/427 2708/1536/427 2707/1537/427
f 2707/1537/428 2708/1536/428 2710/1538/428 2709/1539/428
f 2709/1539/429 2710/1538/429 2712/1540/429 2711/1541/429
f 2711/1541/430 2712/1540/430 2714/1542/430 2713/1543/430
f 2713/1543/431 2714/1542/431 2716/1544/431 2715/1545/431
f 2715/1545/432 2716/1544/432 2718/1546/432 2717/1547/432
f 2717/1547/433 2718/1546/433 2720/1548/433 2719/1549/433
f 2719/1549/434 2720/1548/434 2722/1550/434 2721/1551/434
f 2721/1551/435 2722/1550/435 2724/1552/435 2723/1553/435
f 2723/1553/436 2724/1552/436 2726/1554/436 2725/1555/436
f 2725/1555/437 2726/1554/437 2728/1556/437 2727/1557/437
f 2727/1557/438 2728/1556/438 2730/1558/438 2729/1559/438
f 2729/1559/439 2730/1558/439 2732/1560/439 2731/1561/439
f 2731/1561/440 2732/1560/440 2734/1562/440 2733/1563/440
f 2733/1563/441 2734/1562/441 2736/1564/441 2735/1565/441
f 2735/1565/442 2736/1564/442 2738/1566/442 2737/1567/442
f 2737/1567/443 2738/1566/443 2740/1568/443 2739/1569/443
f 2739/1569/444 2740/1568/444 2742/1570/444 2741/1571/444
f 2741/1571/445 2742/1570/445 2744/1572/445 2743/1573/445
f 2743/1573/446 2744/1572/446 2746/1574/446 2745/1575/446
f 2745/1575/447 2746/1574/447 2748/1576/447 2747/1577/447
f 2747/1577/448 2748/1576/448 2750/1578/448 2749/1579/448
f 2749/1579/449 2750/1578/449 2752/1580/449 2751/1581/449
f 2751/1581/450 2752/1580/450 2754/1582/450 2753/1583/450
f 2753/1583/451 2754/1582/451 2756/1584/451 2755/1585/451
f 2755/1585/452 2756/1584/452 2758/1586/452 2757/1587/452
f 2757/1587/453 2758/1586/453 2760/1588/453 2759/1589/453
f 2759/1589/454 2760/1588/454 2762/1590/454 2761/1591/454
f 2761/1591/455 2762/1590/455 2764/1592/455 2763/1593/455
f 2763/1593/456 2764/1592/456 2766/1594/456 2765/1595/456
f 2765/1595/457 2766/1594/457 2768/1596/457 2767/1597/457
f 2767/1597/458 2768/1596/458 2770/1598/458 2769/1599/458
f 2769/1599/459 2770/1598/459 2772/1600/459 2771/1601/459
f 2771/1601/460 2772/1600/460 2774/1602/460 2773/1603/460
f 2773/1603/461 2774/1602/461 2776/1604/461 2775/1605/461
f 2775/1605/462 2776/1604/462 2778/1606/462 2777/1607/462
f 2777/1607/463 2778/1606/463 2780/1608/463 2779/1609/463
f 2779/1609/464 2780/1608/464 2782/1610/464 2781/1611/464
f 2781/1611/465 2782/1610/465 2784/1612/465 2783/1613/465
f 2783/1613/466 2784/1612/466 2786/1614/466 2785/1615/466
f 2785/1615/467 2786/1614/467 2788/1616/467 2787/1617/467
f 2787/1617/468 2788/1616/468 2790/1618/468 2789/1619/468
f 2789/1619/469 2790/1618/469 2792/1620/469 2791/1621/469
f 2791/1621/470 2792/1620/470 2794/1622/470 2793/1623/470
f 2793/1623/471 2794/1622/471 2796/1624/471 2795/1625/471
f 2795/1625/472 2796/1624/472 2798/1626/472 2797/1627/472
f 2797/1627/473 2798/1626/473 2800/1628/473 2799/1629/473
f 2799/1629/474 2800/1628/474 2802/1630/474 2801/1631/474
f 2801/1631/475 2802/1630/475 2804/1632/475 2803/1633/475
f 2803/1633/476 2804/1632/476 2806/1634/476 2805/1635/476
f 2805/1635/477 2806/1634/477 2808/1636/477 2807/1637/477
f 2807/1637/478 2808/1636/478 2810/1638/478 2809/1639/478
f 2809/1639/479 2810/1638/479 2812/1640/479 2811/1641/479
f 2811/1641/480 2812/1640/480 2814/1642/480 2813/1643/480
f 2813/1643/481 2814/1642/481 2816/1644/481 2815/1645/481
f 2815/1645/482 2816/1644/482 2818/1646/482 2817/1647/482
f 2817/1647/483 2818/1646/483 2820/1648/483 2819/1649/483
f 2819/1649/484 2820/1648/484 2822/1650/484 2821/1651/484
f 2821/1651/485 2822/1650/485 2824/1652/485 2823/1653/485
f 2823/1653/486 2824/1652/486 2826/1654/486 2825/1655/486
f 2825/1655/487 2826/1654/487 2828/1656/487 2827/1657/487
f 2827/1657/488 2828/1656/488 2830/1658/488 2829/1659/488
f 2829/1659/489 2830/1658/489 2832/1660/489 2831/1661/489
f 2831/1661/490 2832/1660/490 2834/1662/490 2833/1663/490
f 2833/1663/491 2834/1662/491 2836/1664/491 2835/1665/491
f 2835/1665/492 2836/1664/492 2838/1666/492 2837/1667/492
f 2837/1667/493 2838/1666/493 2840/1668/493 2839/1669/493
f 2839/1669/494 2840/1668/494 2842/1670/494 2841/1671/494
f 2841/1671/495 2842/1670/495 2844/1672/495 2843/1673/495
f 2843/1673/496 2844/1672/496 2846/1674/496 2845/1675/496
f 2845/1675/497 2846/1674/497 2848/1676/497 2847/1677/497
f 2847/1677/498 2848/1676/498 2850/1678/498 2849/1679/498
f 2849/1679/499 2850/1678/499 2852/1680/499 2851/1681/499
f 2851/1681/500 2852/1680/500 2854/1682/500 2853/1683/500
f 2853/1683/501 2854/1682/501 2856/1684/501 2855/1685/501
f 2855/1685/502 2856/1684/502 2858/1686/502 2857/1687/502
f 2857/1687/503 2858/1686/503 2860/1688/503 2859/1689/503
f 2859/1689/504 2860/1688/504 2862/1690/504 2861/1691/504
f 2861/1691/505 2862/1690/505 2864/1692/505 2863/1693/505
f 2863/1693/506 2864/1692/506 2866/1694/506 2865/1695/506
f 2865/1695/507 2866/1694/507 2868/1696/507 2867/1697/507
f 1874/1698/508 1872/1699/508 2870/1700/508 2868/1701/508 2866/1702/508 2864/1703/508 2862/1704/508 2860/1705/508 2858/1706/508 2856/1707/508 2854/1708/508 2852/1709/508 2850/1710/508 2848/1711/508 2846/1712/508 2844/1713/508 2842/1714/508 2840/1715/508 2838/1716/508 2836/1717/508 2834/1718/508 2832/1719/508 2830/1720/508 2828/1721/508 2826/1722/508 2824/1723/508 2822/1724/508 2820/1725/508 2818/1726/508 2816/1727/508 2814/1728/508 2812/1729/508 2810/1730/508 2808/1731/508 2806/1732/508 2804/1733/508 2802/1734/508 2800/1735/508 2798/1736/508 2796/1737/508 2794/1738/508 2792/1739/508 2790/1740/508 2788/1741/508 2786/1742/508 2784/1743/508 2782/1744/508 2780/1745/508 2778/1746/508 2776/1747/508 2774/1748/508 2772/1749/508 2770/1750/508 2768/1751/508 2766/1752/508 2764/1753/508 2762/1754/508 2760/1755/508 2758/1756/508 2756/1757/508 2754/1758/508 2752/1759/508 2750/1760/508 2748/1761/508 2746/1762/508 2744/1763/508 2742/1764/508 2740/1765/508 2738/1766/508 2736/1767/508 2734/1768/508 2732/1769/508 2730/1770/508 2728/1771/508 2726/1772/508 2724/1773/508 2722/1774/508 2720/1775/508 2718/1776/508 2716/1777/508 2714/1778/508 2712/1779/508 2710/1780/508 2708/1781/508 2706/1782/508 2704/1783/508 2702/1784/508 2700/1785/508 2698/1786/508 2696/1787/508 2694/1788/508 2692/1789/508 2690/1790/508 2688/1791/508 2686/1792/508 2684/1793/508 2682/1794/508 2680/1795/508 2678/1796/508 2676/1797/508 2674/1798/508 2672/1799/508 2670/1800/508 2668/1801/508 2666/1802/508 2664/1803/508 2662/1804/508 2660/1805/508 2658/1806/508 2656/1807/508 2654/1808/508 2652/1809/508 2650/1810/508 2648/1811/508 2646/1812/508 2644/1813/508 2642/1814/508 2640/1815/508 2638/1816/508 2636/1817/508 2634/1818/508 2632/1819/508 2630/1820/508 2628/1821/508 2626/1822/508 2624/1823/508 2622/1824/508 2620/1825/508 2618/1826/508 2616/1827/508 2614/1828/508 2612/1829/508 2610/1830/508 2608/1831/508 2606/1832/508 2604/1833/508 2602/1834/508 2600/1835/508 2598/1836/508 2596/1837/508 2594/1838/508 2592/1839/508 2590/1840/508 2588/1841/508 2586/1842/508 2584/1843/508 2582/1844/508 2580/1845/508 2578/1846/508 2576/1847/508 2574/1848/508 2572/1849/508 2570/1850/508 2568/1851/508 2566/1852/508 2564/1853/508 2562/1854/508 2560/1855/508 2558/1856/508 2556/1857/508 2554/1858/508 2552/1859/508 2550/1860/508 2548/1861/508 2546/1862/508 2544/1863/508 2542/1864/508 2540/1865/508 2538/1866/508 2536/1867/508 2534/1868/508 2532/1869/508 2530/1870/508 2528/1871/508 2526/1872/508 2524/1873/508 2522/1874/508 2520/1875/508 2518/1876/508 2516/1877/508 2514/1878/508 2512/1879/508 2510/1880/508 2508/1881/508 2506/1882/508 2504/1883/508 2502/1884/508 2500/1885/508 2498/1886/508 2496/1887/508 2494/1888/508 2492/1889/508 2490/1890/508 2488/1891/508 2486/1892/508 2484/1893/508 2482/1894/508 2480/1895/508 2478/1896/508 2476/1897/508 2474/1898/508 2472/1899/508 2470/1900/508 2468/1901/508 2466/1902/508 2464/1903/508 2462/1904/508 2460/1905/508 2458/1906/508 2456/1907/508 2454/1908/508 2452/1909/508 2450/1910/508 2448/1911/508 2446/1912/508 2444/1913/508 2442/1914/508 2440/1915/508 2438/1916/508 2436/1917/508 2434/1918/508 2432/1919/508 2430/1920/508 2428/1921/508 2426/1922/508 2424/1923/508 2422/1924/508 2420/1925/508 2418/1926/508 2416/1927/508 2414/1928/508 2412/1929/508 2410/1930/508 2408/1931/508 2406/1932/508 2404/1933/508 2402/1934/508 2400/1935/508 2398/1936/508 2396/1937/508 2394/1938/508 2392/1939/508 2390/1940/508 2388/1941/508 2386/1942/508 2384/1943/508 2382/1944/508 2380/1945/508 2378/1946/508 2376/1947/508 2374/1948/508 2372/1949/508 2370/1950/508 2368/1951/508 2366/1952/508 2364/1953/508 2362/1954/508 2360/1955/508 2358/1956/508 2356/1957/508 2354/1958/508 2352/1959/508 2350/1960/508 2348/1961/508 2346/1962/508 2344/1963/508 2342/1964/508 2340/1965/508 2338/1966/508 2336/1967/508 2334/1968/508 2332/1969/508 2330/1970/508 2328/1971/508 2326/1972/508 2324/1973/508 2322/1974/508 2320/1975/508 2318/1976/508 2316/1977/508 2314/1978/508 2312/1979/508 2310/1980/508 2308/1981/508 2306/1982/508 2304/1983/508 2302/1984/508 2300/1985/508 2298/1986/508 2296/1987/508 2294/1988/508 2292/1989/508 2290/1990/508 2288/1991/508 2286/1992/508 2284/1993/508 2282/1994/508 2280/1995/508 2278/1996/508 2276/1997/508 2274/1998/508 2272/1999/508 2270/2000/508 2268/2001/508 2266/2002/508 2264/2003/508 2262/2004/508 2260/2005/508 2258/2006/508 2256/2007/508 2254/2008/508 2252/2009/508 2250/2010/508 2248/2011/508 2246/2012/508 2244/2013/508 2242/2014/508 2240/2015/508 2238/2016/508 2236/2017/508 2234/2018/508 2232/2019/508 2230/2020/508 2228/2021/508 2226/2022/508 2224/2023/508 2222/2024/508 2220/2025/508 2218/2026/508 2216/2027/508 2214/2028/508 2212/2029/508 2210/2030/508 2208/2031/508 2206/2032/508 2204/2033/508 2202/2034/508 2200/2035/508 2198/2036/508 2196/2037/508 2194/2038/508 2192/2039/508 2190/2040/508 2188/2041/508 2186/2042/508 2184/2043/508 2182/2044/508 2180/2045/508 2178/2046/508 2176/2047/508 2174/2048/508 2172/2049/508 2170/2050/508 2168/2051/508 2166/2052/508 2164/2053/508 2162/2054/508 2160/2055/508 2158/2056/508 2156/2057/508 2154/2058/508 2152/2059/508 2150/2060/508 2148/2061/508 2146/2062/508 2144/2063/508 2142/2064/508 2140/2065/508 2138/2066/508 2136/2067/508 2134/2068/508 2132/2069/508 2130/2070/508 2128/2071/508 2126/2072/508 2124/2073/508 2122/2074/508 2120/2075/508 2118/2076/508 2116/2077/508 2114/2078/508 2112/2079/508 2110/2080/508 2108/2081/508 2106/2082/508 2104/2083/508 2102/2084/508 2100/2085/508 2098/2086/508 2096/2087/508 2094/2088/508 2092/2089/508 2090/2090/508 2088/2091/508 2086/2092/508 2084/2093/508 2082/2094/508 2080/2095/508 2078/2096/508 2076/2097/508 2074/2098/508 2072/2099/508 2070/2100/508 2068/2101/508 2066/2102/508 2064/2103/508 2062/2104/508 2060/2105/508 2058/2106/508 2056/2107/508 2054/2108/508 2052/2109/508 2050/2110/508 2048/2111/508 2046/2112/508 2044/2113/508 2042/2114/508 2040/2115/508 2038/2116/508 2036/2117/508 2034/2118/508 2032/2119/508 2030/2120/508 2028/2121/508 2026/2122/508 2024/2123/508 2022/2124/508 2020/2125/508 2018/2126/508 2016/2127/508 2014/2128/508 2012/2129/508 2010/2130/508 2008/2131/508 2006/2132/508 2004/2133/508 2002/2134/508 2000/2135/508 1998/2136/508 1996/2137/508 1994/2138/508 1992/2139/508 1990/2140/508 1988/2141/508 1986/2142/508 1984/2143/508 1982/2144/508 1980/2145/508 1978/2146/508 1976/2147/508 1974/2148/508 1972/2149/508 1970/2150/508 1968/2151/508 1966/2152/508 1964/2153/508 1962/2154/508 1960/2155/508 1958/2156/508 1956/2157/508 1954/2158/508 1952/2159/508 1950/2160/508 1948/2161/508 1946/2162/508 1944/2163/508 1942/2164/508 1940/2165/508 1938/2166/508 1936/2167/508 1934/2168/508 1932/2169/508 1930/2170/508 1928/2171/508 1926/2172/508 1924/2173/508 1922/2174/508 1920/2175/508 1918/2176/508 1916/2177/508 1914/2178/508 1912/2179/508 1910/2180/508 1908/2181/508 1906/2182/508 1904/2183/508 1902/2184/508 1900/2185/508 1898/2186/508 1896/2187/508 1894/2188/508 1892/2189/508 1890/2190/508 1888/2191/508 1886/2192/508 1884/2193/508 1882/2194/508 1880/2195/508 1878/2196/508 1876/2197/508
f 2867/1697/509 2868/1696/509 2870/2198/509 2869/2199/509
f 2869/2199/510 2870/2198/510 1872/2200/510 1871/2201/510
f 1871/2202/511 1873/2203/511 1875/2204/511 1877/2205/511 1879/2206/511 1881/2207/511 1883/2208/511 1885/2209/511 1887/2210/511 1889/2211/511 1891/2212/511 1893/2213/511 1895/2214/511 1897/2215/511 1899/2216/511 1901/2217/511 1903/2218/511 1905/2219/511 1907/2220/511 1909/2221/511 1911/2222/511 1913/2223/511 1915/2224/511 1917/2225/511 1919/2226/511 1921/2227/511 1923/2228/511 1925/2229/511 1927/2230/511 1929/2231/511 1931/2232/511 1933/2233/511 1935/2234/511 1937/2235/511 1939/2236/511 1941/2237/511 1943/2238/511 1945/2239/511 1947/2240/511 1949/2241/511 1951/2242/511 1953/2243/511 1955/2244/511 1957/2245/511 1959/2246/511 1961/2247/511 1963/2248/511 1965/2249/511 1967/2250/511 1969/2251/511 1971/2252/511 1973/2253/511 1975/2254/511 1977/2255/511 1979/2256/511 1981/2257/511 1983/2258/511 1985/2259/511 1987/2260/511 1989/2261/511 1991/2262/511 1993/2263/511 1995/2264/511 1997/2265/511 1999/2266/511 2001/2267/511 2003/2268/511 2005/2269/511 2007/2270/511 2009/2271/511 2011/2272/511 2013/2273/511 2015/2274/511 2017/2275/511 2019/2276/511 2021/2277/511 2023/2278/511 2025/2279/511 2027/2280/511 2029/2281/511 2031/2282/511 2033/2283/511 2035/2284/511 2037/2285/511 2039/2286/511 2041/2287/511 2043/2288/511 2045/2289/511 2047/2290/511 2049/2291/511 2051/2292/511 2053/2293/511 2055/2294/511 2057/2295/511 2059/2296/511 2061/2297/511 2063/2298/511 2065/2299/511 2067/2300/511 2069/2301/511 2071/2302/511 2073/2303/511 2075/2304/511 2077/2305/511 2079/2306/511 2081/2307/511 2083/2308/511 2085/2309/511 2087/2310/511 2089/2311/511 2091/2312/511 2093/2313/511 2095/2314/511 2097/2315/511 2099/2316/511 2101/2317/511 2103/2318/511 2105/2319/511 2107/2320/511 2109/2321/511 2111/2322/511 2113/2323/511 2115/2324/511 2117/2325/511 2119/2326/511 2121/2327/511 2123/2328/511 2125/2329/511 2127/2330/511 2129/2331/511 2131/2332/511 2133/2333/511 2135/2334/511 2137/2335/511 2139/2336/511 2141/2337/511 2143/2338/511 2145/2339/511 2147/2340/511 2149/2341/511 2151/2342/511 2153/2343/511 2155/2344/511 2157/2345/511 2159/2346/511 2161/2347/511 2163/2348/511 2165/2349/511 2167/2350/511 2169/2351/511 2171/2352/511 2173/2353/511 2175/2354/511 2177/2355/511 2179/2356/511 2181/2357/511 2183/2358/511 2185/2359/511 2187/2360/511 2189/2361/511 2191/2362/511 2193/2363/511 2195/2364/511 2197/2365/511 2199/2366/511 2201/2367/511 2203/2368/511 2205/2369/511 2207/2370/511 2209/2371/511 2211/2372/511 2213/2373/511 2215/2374/511 2217/2375/511 2219/2376/511 2221/2377/511 2223/2378/511 2225/2379/511 2227/2380/511 2229/2381/511 2231/2382/511 2233/2383/511 2235/2384/511 2237/2385/511 2239/2386/511 2241/2387/511 2243/2388/511 2245/2389/511 2247/2390/511 2249/2391/511 2251/2392/511 2253/2393/511 2255/2394/511 2257/2395/511 2259/2396/511 2261/2397/511 2263/2398/511 2265/2399/511 2267/2400/511 2269/2401/511 2271/2402/511 2273/2403/511 2275/2404/511 2277/2405/511 2279/2406/511 2281/2407/511 2283/2408/511 2285/2409/511 2287/2410/511 2289/2411/511 2291/2412/511 2293/2413/511 2295/2414/511 2297/2415/511 2299/2416/511 2301/2417/511 2303/2418/511 2305/2419/511 2307/2420/511 2309/2421/511 2311/2422/511 2313/2423/511 2315/2424/511 2317/2425/511 2319/2426/511 2321/2427/511 2323/2428/511 2325/2429/511 2327/2430/511 2329/2431/511 2331/2432/511 2333/2433/511 2335/2434/511 2337/2435/511 2339/2436/511 2341/2437/511 2343/2438/511 2345/2439/511 2347/2440/511 2349/2441/511 2351/2442/511 2353/2443/511 2355/2444/511 2357/2445/511 2359/2446/511 2361/2447/511 2363/2448/511 2365/2449/511 2367/2450/511 2369/2451/511 2371/2452/511 2373/2453/511 2375/2454/511 2377/2455/511 2379/2456/511 2381/2457/511 2383/2458/511 2385/2459/511 2387/2460/511 2389/2461/511 2391/2462/511 2393/2463/511 2395/2464/511 2397/2465/511 2399/2466/511 2401/2467/511 2403/2468/511 2405/2469/511 2407/2470/511 2409/2471/511 2411/2472/511 2413/2473/511 2415/2474/511 2417/2475/511 2419/2476/511 2421/2477/511 2423/2478/511 2425/2479/511 2427/2480/511 2429/2481/511 2431/2482/511 2433/2483/511 2435/2484/511 2437/2485/511 2439/2486/511 2441/2487/511 2443/2488/511 2445/2489/511 2447/2490/511 2449/2491/511 2451/2492/511 2453/2493/511 2455/2494/511 2457/2495/511 2459/2496/511 2461/2497/511 2463/2498/511 2465/2499/511 2467/2500/511 2469/2501/511 2471/2502/511 2473/2503/511 2475/2504/511 2477/2505/511 2479/2506/511 2481/2507/511 2483/2508/511 2485/2509/511 2487/2510/511 2489/2511/511 2491/2512/511 2493/2513/511 2495/2514/511 2497/2515/511 2499/2516/511 2501/2517/511 2503/2518/511 2505/2519/511 2507/2520/511 2509/2521/511 2511/2522/511 2513/2523/511 2515/2524/511 2517/2525/511 2519/2526/511 2521/2527/511 2523/2528/511 2525/2529/511 2527/2530/511 2529/2531/511 2531/2532/511 2533/2533/511 2535/2534/511 2537/2535/511 2539/2536/511 2541/2537/511 2543/2538/511 2545/2539/511 2547/2540/511 2549/2541/511 2551/2542/511 2553/2543/511 2555/2544/511 2557/2545/511 2559/2546/511 2561/2547/511 2563/2548/511 2565/2549/511 2567/2550/511 2569/2551/511 2571/2552/511 2573/2553/511 2575/2554/511 2577/2555/511 2579/2556/511 2581/2557/511 2583/2558/511 2585/2559/511 2587/2560/511 2589/2561/511 2591/2562/511 2593/2563/511 2595/2564/511 2597/2565/511 2599/2566/511 2601/2567/511 2603/2568/511 2605/2569/511 2607/2570/511 2609/2571/511 2611/2572/511 2613/2573/511 2615/2574/511 2617/2575/511 2619/2576/511 2621/2577/511 2623/2578/511 2625/2579/511 2627/2580/511 2629/2581/511 2631/2582/511 2633/2583/511 2635/2584/511 2637/2585/511 2639/2586/511 2641/2587/511 2643/2588/511 2645/2589/511 2647/2590/511 2649/2591/511 2651/2592/511 2653/2593/511 2655/2594/511 2657/2595/511 2659/2596/511 2661/2597/511 2663/2598/511 2665/2599/511 2667/2600/511 2669/2601/511 2671/2602/511 2673/2603/511 2675/2604/511 2677/2605/511 2679/2606/511 2681/2607/511 2683/2608/511 2685/2609/511 2687/2610/511 2689/2611/511 2691/2612/511 2693/2613/511 2695/2614/511 2697/2615/511 2699/2616/511 2701/2617/511 2703/2618/511 2705/2619/511 2707/2620/511 2709/2621/511 2711/2622/511 2713/2623/511 2715/2624/511 2717/2625/511 2719/2626/511 2721/2627/511 2723/2628/511 2725/2629/511 2727/2630/511 2729/2631/511 2731/2632/511 2733/2633/511 2735/2634/511 2737/2635/511 2739/2636/511 2741/2637/511 2743/2638/511 2745/2639/511 2747/2640/511 2749/2641/511 2751/2642/511 2753/2643/511 2755/2644/511 2757/2645/511 2759/2646/511 2761/2647/511 2763/2648/511 2765/2649/511 2767/2650/511 2769/2651/511 2771/2652/511 2773/2653/511 2775/2654/511 2777/2655/511 2779/2656/511 2781/2657/511 2783/2658/511 2785/2659/511 2787/2660/511 2789/2661/511 2791/2662/511 2793/2663/511 2795/2664/511 2797/2665/511 2799/2666/511 2801/2667/511 2803/2668/511 2805/2669/511 2807/2670/511 2809/2671/511 2811/2672/511 2813/2673/511 2815/2674/511 2817/2675/511 2819/2676/511 2821/2677/511 2823/2678/511 2825/2679/511 2827/2680/511 2829/2681/511 2831/2682/511 2833/2683/511 2835/2684/511 2837/2685/511 2839/2686/511 2841/2687/511 2843/2688/511 2845/2689/511 2847/2690/511 2849/2691/511 2851/2692/511 2853/2693/511 2855/2694/511 2857/2695/511 2859/2696/511 2861/2697/511 2863/2698/511 2865/2699/511 2867/2700/511 2869/2701/511
o Cylinder.001
v -0.650761 2.500000 -2.559579
v -0.650761 4.500000 -2.559579
v -0.650007 2.500000 -2.559574
v -0.650007 4.500000 -2.559574
v -0.649253 2.500000 -2.559560
v -0.649253 4.500000 -2.559560
v -0.648500 2.500000 -2.559536
v -0.648500 4.500000 -2.559536
v -0.647746 2.500000 -2.559503
v -0.647746 4.500000 -2.559503
v -0.646994 2.500000 -2.559461
v -0.646994 4.500000 -2.559461
v -0.646241 2.500000 -2.559409
v -0.646241 4.500000 -2.559409
v -0.645490 2.500000 -2.559347
v -0.645490 4.500000 -2.559347
v -0.644739 2.500000 -2.559276
v -0.644739 4.500000 -2.559276
v -0.643990 2.500000 -2.559196
v -0.643990 4.500000 -2.559196
v -0.643241 2.500000 -2.559106
v -0.643241 4.500000 -2.559106
v -0.642494 2.500000 -2.559007
v -0.642494 4.500000 -2.559007
v -0.641748 2.500000 -2.558898
v -0.641748 4.500000 -2.558898
v -0.641003 2.500000 -2.558780
v -0.641003 4.500000 -2.558780
v -0.640260 2.500000 -2.558653
v -0.640260 4.500000 -2.558653
v -0.639518 2.500000 -2.558517
v -0.639518 4.500000 -2.558517
v -0.638778 2.500000 -2.558371
v -0.638778 4.500000 -2.558371
v -0.638041 2.500000 -2.558215
v -0.638041 4.500000 -2.558215
v -0.637305 2.500000 -2.558051
v -0.637305 4.500000 -2.558051
v -0.636571 2.500000 -2.557877
v -0.636571 4.500000 -2.557877
v -0.635840 2.500000 -2.557694
v -0.635840 4.500000 -2.557694
v -0.635111 2.500000 -2.557502
v -0.635111 4.500000 -2.557502
v -0.634384 2.500000 -2.557301
v -0.634384 4.500000 -2.557301
v -0.633660 2.500000 -2.557091
v -0.633660 4.500000 -2.557091
v -0.632939 2.500000 -2.556871
v -0.632939 4.500000 -2.556871
v -0.632220 2.500000 -2.556643
v -0.632220 4.500000 -2.556643
v -0.631504 2.500000 -2.556405
v -0.631504 4.500000 -2.556405
v -0.630792 2.500000 -2.556159
v -0.630792 4.500000 -2.556159
v -0.630082 2.500000 -2.555903
v -0.630082 4.500000 -2.555903
v -0.629376 2.500000 -2.555639
v -0.629376 4.500000 -2.555639
v -0.628674 2.500000 -2.555366
v -0.628674 4.500000 -2.555366
v -0.627974 2.500000 -2.555084
v -0.627974 4.500000 -2.555084
v -0.627279 2.500000 -2.554793
v -0.627279 4.500000 -2.554793
v -0.626587 2.500000 -2.554494
v -0.626587 4.500000 -2.554494
v -0.625899 2.500000 -2.554186
v -0.625899 4.500000 -2.554186
v -0.625214 2.500000 -2.553869
v -0.625214 4.500000 -2.553869
v -0.624534 2.500000 -2.553544
v -0.624534 4.500000 -2.553544
v -0.623858 2.500000 -2.553210
v -0.623858 4.500000 -2.553210
v -0.623186 2.500000 -2.552867
v -0.623186 4.500000 -2.552867
v -0.622519 2.500000 -2.552517
v -0.622519 4.500000 -2.552517
v -0.621856 2.500000 -2.552158
v -0.621856 4.500000 -2.552158
v -0.621197 2.500000 -2.551790
v -0.621197 4.500000 -2.551790
v -0.620544 2.500000 -2.551414
v -0.620544 4.500000 -2.551414
v -0.619895 2.500000 -2.551031
v -0.619895 4.500000 -2.551031
v -0.619251 2.500000 -2.550639
v -0.619251 4.500000 -2.550639
v -0.618611 2.500000 -2.550239
v -0.618611 4.500000 -2.550239
v -0.617977 2.500000 -2.549831
v -0.617977 4.500000 -2.549831
v -0.617349 2.500000 -2.549415
v -0.617349 4.500000 -2.549415
v -0.616725 2.500000 -2.548991
v -0.616725 4.500000 -2.548991
v -0.616107 2.500000 -2.548560
v -0.616107 4.500000 -2.548560
v -0.615494 2.500000 -2.548120
v -0.615494 4.500000 -2.548120
v -0.614887 2.500000 -2.547673
v -0.614887 4.500000 -2.547673
v -0.614285 2.500000 -2.547219
v -0.614285 4.500000 -2.547219
v -0.613689 2.500000 -2.546757
v -0.613689 4.500000 -2.546757
v -0.613100 2.500000 -2.546287
v -0.613100 4.500000 -2.546287
v -0.612516 2.500000 -2.545810
v -0.612516 4.500000 -2.545810
v -0.611938 2.500000 -2.545326
v -0.611938 4.500000 -2.545326
v -0.611366 2.500000 -2.544834
v -0.611366 4.500000 -2.544834
v -0.610800 2.500000 -2.544336
v -0.610800 4.500000 -2.544336
v -0.610241 2.500000 -2.543830
v -0.610241 4.500000 -2.543830
v -0.609688 2.500000 -2.543317
v -0.609688 4.500000 -2.543317
v -0.609142 2.500000 -2.542798
v -0.609142 4.500000 -2.542798
v -0.608602 2.500000 -2.542271
v -0.608602 4.500000 -2.542271
v -0.608069 2.500000 -2.541738
v -0.608069 4.500000 -2.541738
v -0.607543 2.500000 -2.541198
v -0.607543 4.500000 -2.541198
v -0.607023 2.500000 -2.540652
v -0.607023 4.500000 -2.540652
v -0.606510 2.500000 -2.540099
v -0.606510 4.500000 -2.540099
v -0.606005 2.500000 -2.539540
v -0.606005 4.500000 -2.539540
v -0.605506 2.500000 -2.538974
v -0.605506 4.500000 -2.538974
v -0.605015 2.500000 -2.538403
v -0.605015 4.500000 -2.538403
v -0.604530 2.500000 -2.537825
v -0.604530 4.500000 -2.537825
v -0.604053 2.500000 -2.537241
v -0.604053 4.500000 -2.537241
v -0.603584 2.500000 -2.536651
v -0.603584 4.500000 -2.536651
v -0.603122 2.500000 -2.536055
v -0.603122 4.500000 -2.536055
v -0.602667 2.500000 -2.535454
v -0.602667 4.500000 -2.535454
v -0.602220 2.500000 -2.534846
v -0.602220 4.500000 -2.534846
v -0.601781 2.500000 -2.534234
v -0.601781 4.500000 -2.534234
v -0.601349 2.500000 -2.533615
v -0.601349 4.500000 -2.533615
v -0.600925 2.500000 -2.532992
v -0.600925 4.500000 -2.532992
v -0.600509 2.500000 -2.532363
v -0.600509 4.500000 -2.532363
v -0.600101 2.500000 -2.531729
v -0.600101 4.500000 -2.531729
v -0.599701 2.500000 -2.531090
v -0.599701 4.500000 -2.531090
v -0.599309 2.500000 -2.530446
v -0.599309 4.500000 -2.530446
v -0.598926 2.500000 -2.529797
v -0.598926 4.500000 -2.529797
v -0.598550 2.500000 -2.529143
v -0.598550 4.500000 -2.529143
v -0.598183 2.500000 -2.528484
v -0.598183 4.500000 -2.528484
v -0.597824 2.500000 -2.527822
v -0.597824 4.500000 -2.527822
v -0.597473 2.500000 -2.527154
v -0.597473 4.500000 -2.527154
v -0.597131 2.500000 -2.526482
v -0.597131 4.500000 -2.526482
v -0.596797 2.500000 -2.525806
v -0.596797 4.500000 -2.525806
v -0.596471 2.500000 -2.525126
v -0.596471 4.500000 -2.525126
v -0.596155 2.500000 -2.524442
v -0.596155 4.500000 -2.524442
v -0.595847 2.500000 -2.523754
v -0.595847 4.500000 -2.523754
v -0.595547 2.500000 -2.523062
v -0.595547 4.500000 -2.523062
v -0.595256 2.500000 -2.522366
v -0.595256 4.500000 -2.522366
v -0.594974 2.500000 -2.521667
v -0.594974 4.500000 -2.521667
v -0.594701 2.500000 -2.520964
v -0.594701 4.500000 -2.520964
v -0.594437 2.500000 -2.520258
v -0.594437 4.500000 -2.520258
v -0.594182 2.500000 -2.519548
v -0.594182 4.500000 -2.519548
v -0.593935 2.500000 -2.518836
v -0.593935 4.500000 -2.518836
v -0.593698 2.500000 -2.518120
v -0.593698 4.500000 -2.518120
v -0.593469 2.500000 -2.517402
v -0.593469 4.500000 -2.517402
v -0.593250 2.500000 -2.516680
v -0.593250 4.500000 -2.516680
v -0.593039 2.500000 -2.515956
v -0.593039 4.500000 -2.515956
v -0.592838 2.500000 -2.515230
v -0.592838 4.500000 -2.515230
v -0.592646 2.500000 -2.514501
v -0.592646 4.500000 -2.514501
v -0.592463 2.500000 -2.513769
v -0.592463 4.500000 -2.513769
v -0.592289 2.500000 -2.513036
v -0.592289 4.500000 -2.513036
v -0.592125 2.500000 -2.512300
v -0.592125 4.500000 -2.512300
v -0.591970 2.500000 -2.511562
v -0.591970 4.500000 -2.511562
v -0.591824 2.500000 -2.510822
v -0.591824 4.500000 -2.510822
v -0.591687 2.500000 -2.510081
v -0.591687 4.500000 -2.510081
v -0.591560 2.500000 -2.509337
v -0.591560 4.500000 -2.509337
v -0.591442 2.500000 -2.508593
v -0.591442 4.500000 -2.508593
v -0.591333 2.500000 -2.507847
v -0.591333 4.500000 -2.507847
v -0.591234 2.500000 -2.507099
v -0.591234 4.500000 -2.507099
v -0.591144 2.500000 -2.506351
v -0.591144 4.500000 -2.506351
v -0.591064 2.500000 -2.505601
v -0.591064 4.500000 -2.505601
v -0.590993 2.500000 -2.504850
v -0.590993 4.500000 -2.504850
v -0.590932 2.500000 -2.504099
v -0.590932 4.500000 -2.504099
v -0.590879 2.500000 -2.503347
v -0.590879 4.500000 -2.503347
v -0.590837 2.500000 -2.502594
v -0.590837 4.500000 -2.502594
v -0.590804 2.500000 -2.501841
v -0.590804 4.500000 -2.501841
v -0.590780 2.500000 -2.501087
v -0.590780 4.500000 -2.501087
v -0.590766 2.500000 -2.500333
v -0.590766 4.500000 -2.500333
v -0.590761 2.500000 -2.499579
v -0.590761 4.500000 -2.499579
v -0.590766 2.500000 -2.498825
v -0.590766 4.500000 -2.498825
v -0.590780 2.500000 -2.498071
v -0.590780 4.500000 -2.498071
v -0.590804 2.500000 -2.497318
v -0.590804 4.500000 -2.497318
v -0.590837 2.500000 -2.496565
v -0.590837 4.500000 -2.496565
v -0.590879 2.500000 -2.495812
v -0.590879 4.500000 -2.495812
v -0.590932 2.500000 -2.495059
v -0.590932 4.500000 -2.495059
v -0.590993 2.500000 -2.494308
v -0.590993 4.500000 -2.494308
v -0.591064 2.500000 -2.493557
v -0.591064 4.500000 -2.493557
v -0.591144 2.500000 -2.492808
v -0.591144 4.500000 -2.492808
v -0.591234 2.500000 -2.492059
v -0.591234 4.500000 -2.492059
v -0.591333 2.500000 -2.491312
v -0.591333 4.500000 -2.491312
v -0.591442 2.500000 -2.490566
v -0.591442 4.500000 -2.490566
v -0.591560 2.500000 -2.489821
v -0.591560 4.500000 -2.489821
v -0.591687 2.500000 -2.489078
v -0.591687 4.500000 -2.489078
v -0.591824 2.500000 -2.488336
v -0.591824 4.500000 -2.488336
v -0.591970 2.500000 -2.487597
v -0.591970 4.500000 -2.487597
v -0.592125 2.500000 -2.486859
v -0.592125 4.500000 -2.486859
v -0.592289 2.500000 -2.486123
v -0.592289 4.500000 -2.486123
v -0.592463 2.500000 -2.485389
v -0.592463 4.500000 -2.485389
v -0.592646 2.500000 -2.484658
v -0.592646 4.500000 -2.484658
v -0.592838 2.500000 -2.483929
v -0.592838 4.500000 -2.483929
v -0.593039 2.500000 -2.483202
v -0.593039 4.500000 -2.483202
v -0.593250 2.500000 -2.482478
v -0.593250 4.500000 -2.482478
v -0.593469 2.500000 -2.481757
v -0.593469 4.500000 -2.481757
v -0.593698 2.500000 -2.481038
v -0.593698 4.500000 -2.481038
v -0.593935 2.500000 -2.480323
v -0.593935 4.500000 -2.480323
v -0.594182 2.500000 -2.479610
v -0.594182 4.500000 -2.479610
v -0.594437 2.500000 -2.478901
v -0.594437 4.500000 -2.478901
v -0.594701 2.500000 -2.478194
v -0.594701 4.500000 -2.478194
v -0.594974 2.500000 -2.477492
v -0.594974 4.500000 -2.477492
v -0.595256 2.500000 -2.476792
v -0.595256 4.500000 -2.476792
v -0.595547 2.500000 -2.476097
v -0.595547 4.500000 -2.476097
v -0.595847 2.500000 -2.475405
v -0.595847 4.500000 -2.475405
v -0.596155 2.500000 -2.474717
v -0.596155 4.500000 -2.474717
v -0.596471 2.500000 -2.474032
v -0.596471 4.500000 -2.474032
v -0.596797 2.500000 -2.473352
v -0.596797 4.500000 -2.473352
v -0.597131 2.500000 -2.472676
v -0.597131 4.500000 -2.472676
v -0.597473 2.500000 -2.472004
v -0.597473 4.500000 -2.472004
v -0.597824 2.500000 -2.471337
v -0.597824 4.500000 -2.471337
v -0.598183 2.500000 -2.470674
v -0.598183 4.500000 -2.470674
v -0.598550 2.500000 -2.470016
v -0.598550 4.500000 -2.470016
v -0.598926 2.500000 -2.469362
v -0.598926 4.500000 -2.469362
v -0.599309 2.500000 -2.468713
v -0.599309 4.500000 -2.468713
v -0.599701 2.500000 -2.468069
v -0.599701 4.500000 -2.468069
v -0.600101 2.500000 -2.467430
v -0.600101 4.500000 -2.467430
v -0.600509 2.500000 -2.466795
v -0.600509 4.500000 -2.466795
v -0.600925 2.500000 -2.466167
v -0.600925 4.500000 -2.466167
v -0.601349 2.500000 -2.465543
v -0.601349 4.500000 -2.465543
v -0.601781 2.500000 -2.464925
v -0.601781 4.500000 -2.464925
v -0.602220 2.500000 -2.464312
v -0.602220 4.500000 -2.464312
v -0.602667 2.500000 -2.463705
v -0.602667 4.500000 -2.463705
v -0.603122 2.500000 -2.463103
v -0.603122 4.500000 -2.463103
v -0.603584 2.500000 -2.462508
v -0.603584 4.500000 -2.462508
v -0.604053 2.500000 -2.461918
v -0.604053 4.500000 -2.461918
v -0.604530 2.500000 -2.461334
v -0.604530 4.500000 -2.461334
v -0.605015 2.500000 -2.460756
v -0.605015 4.500000 -2.460756
v -0.605506 2.500000 -2.460184
v -0.605506 4.500000 -2.460184
v -0.606005 2.500000 -2.459619
v -0.606005 4.500000 -2.459619
v -0.606510 2.500000 -2.459059
v -0.606510 4.500000 -2.459059
v -0.607023 2.500000 -2.458506
v -0.607023 4.500000 -2.458506
v -0.607543 2.500000 -2.457960
v -0.607543 4.500000 -2.457960
v -0.608069 2.500000 -2.457420
v -0.608069 4.500000 -2.457420
v -0.608602 2.500000 -2.456887
v -0.608602 4.500000 -2.456887
v -0.609142 2.500000 -2.456361
v -0.609142 4.500000 -2.456361
v -0.609688 2.500000 -2.455841
v -0.609688 4.500000 -2.455841
v -0.610241 2.500000 -2.455328
v -0.610241 4.500000 -2.455328
v -0.610800 2.500000 -2.454823
v -0.610800 4.500000 -2.454823
v -0.611366 2.500000 -2.454324
v -0.611366 4.500000 -2.454324
v -0.611938 2.500000 -2.453833
v -0.611938 4.500000 -2.453833
v -0.612516 2.500000 -2.453348
v -0.612516 4.500000 -2.453348
v -0.613100 2.500000 -2.452872
v -0.613100 4.500000 -2.452872
v -0.613689 2.500000 -2.452402
v -0.613689 4.500000 -2.452402
v -0.614285 2.500000 -2.451940
v -0.614285 4.500000 -2.451940
v -0.614887 2.500000 -2.451485
v -0.614887 4.500000 -2.451485
v -0.615494 2.500000 -2.451038
v -0.615494 4.500000 -2.451038
v -0.616107 2.500000 -2.450599
v -0.616107 4.500000 -2.450599
v -0.616725 2.500000 -2.450167
v -0.616725 4.500000 -2.450167
v -0.617349 2.500000 -2.449744
v -0.617349 4.500000 -2.449744
v -0.617977 2.500000 -2.449327
v -0.617977 4.500000 -2.449327
v -0.618611 2.500000 -2.448920
v -0.618611 4.500000 -2.448920
v -0.619251 2.500000 -2.448519
v -0.619251 4.500000 -2.448519
v -0.619895 2.500000 -2.448128
v -0.619895 4.500000 -2.448128
v -0.620544 2.500000 -2.447744
v -0.620544 4.500000 -2.447744
v -0.621197 2.500000 -2.447368
v -0.621197 4.500000 -2.447368
v -0.621856 2.500000 -2.447001
v -0.621856 4.500000 -2.447001
v -0.622519 2.500000 -2.446642
v -0.622519 4.500000 -2.446642
v -0.623186 2.500000 -2.446291
v -0.623186 4.500000 -2.446291
v -0.623858 2.500000 -2.445949
v -0.623858 4.500000 -2.445949
v -0.624534 2.500000 -2.445615
v -0.624534 4.500000 -2.445615
v -0.625214 2.500000 -2.445290
v -0.625214 4.500000 -2.445290
v -0.625899 2.500000 -2.444973
v -0.625899 4.500000 -2.444973
v -0.626587 2.500000 -2.444665
v -0.626587 4.500000 -2.444665
v -0.627279 2.500000 -2.444365
v -0.627279 4.500000 -2.444365
v -0.627974 2.500000 -2.444075
v -0.627974 4.500000 -2.444075
v -0.628674 2.500000 -2.443793
v -0.628674 4.500000 -2.443793
v -0.629376 2.500000 -2.443519
v -0.629376 4.500000 -2.443519
v -0.630082 2.500000 -2.443255
v -0.630082 4.500000 -2.443255
v -0.630792 2.500000 -2.443000
v -0.630792 4.500000 -2.443000
v -0.631504 2.500000 -2.442753
v -0.631504 4.500000 -2.442753
v -0.632220 2.500000 -2.442516
v -0.632220 4.500000 -2.442516
v -0.632939 2.500000 -2.442287
v -0.632939 4.500000 -2.442287
v -0.633660 2.500000 -2.442068
v -0.633660 4.500000 -2.442068
v -0.634384 2.500000 -2.441858
v -0.634384 4.500000 -2.441858
v -0.635111 2.500000 -2.441656
v -0.635111 4.500000 -2.441656
v -0.635840 2.500000 -2.441464
v -0.635840 4.500000 -2.441464
v -0.636571 2.500000 -2.441281
v -0.636571 4.500000 -2.441281
v -0.637305 2.500000 -2.441108
v -0.637305 4.500000 -2.441108
v -0.638041 2.500000 -2.440943
v -0.638041 4.500000 -2.440943
v -0.638778 2.500000 -2.440788
v -0.638778 4.500000 -2.440788
v -0.639518 2.500000 -2.440642
v -0.639518 4.500000 -2.440642
v -0.640260 2.500000 -2.440505
v -0.640260 4.500000 -2.440505
v -0.641003 2.500000 -2.440378
v -0.641003 4.500000 -2.440378
v -0.641748 2.500000 -2.440260
v -0.641748 4.500000 -2.440260
v -0.642494 2.500000 -2.440151
v -0.642494 4.500000 -2.440151
v -0.643241 2.500000 -2.440052
v -0.643241 4.500000 -2.440052
v -0.643990 2.500000 -2.439963
v -0.643990 4.500000 -2.439963
v -0.644739 2.500000 -2.439882
v -0.644739 4.500000 -2.439882
v -0.645490 2.500000 -2.439811
v -0.645490 4.500000 -2.439811
v -0.646241 2.500000 -2.439750
v -0.646241 4.500000 -2.439750
v -0.646994 2.500000 -2.439698
v -0.646994 4.500000 -2.439698
v -0.647746 2.500000 -2.439655
v -0.647746 4.500000 -2.439655
v -0.648500 2.500000 -2.439622
v -0.648500 4.500000 -2.439622
v -0.649253 2.500000 -2.439598
v -0.649253 4.500000 -2.439598
v -0.650007 2.500000 -2.439584
v -0.650007 4.500000 -2.439584
v -0.650761 2.500000 -2.439579
v -0.650761 4.500000 -2.439579
v -0.651515 2.500000 -2.439584
v -0.651515 4.500000 -2.439584
v -0.652269 2.500000 -2.439598
v -0.652269 4.500000 -2.439598
v -0.653022 2.500000 -2.439622
v -0.653022 4.500000 -2.439622
v -0.653776 2.500000 -2.439655
v -0.653776 4.500000 -2.439655
v -0.654528 2.500000 -2.439698
v -0.654528 4.500000 -2.439698
v -0.655281 2.500000 -2.439750
v -0.655281 4.500000 -2.439750
v -0.656032 2.500000 -2.439811
v -0.656032 4.500000 -2.439811
v -0.656783 2.500000 -2.439882
v -0.656783 4.500000 -2.439882
v -0.657532 2.500000 -2.439963
v -0.657532 4.500000 -2.439963
v -0.658281 2.500000 -2.440052
v -0.658281 4.500000 -2.440052
v -0.659028 2.500000 -2.440151
v -0.659028 4.500000 -2.440151
v -0.659775 2.500000 -2.440260
v -0.659775 4.500000 -2.440260
v -0.660519 2.500000 -2.440378
v -0.660519 4.500000 -2.440378
v -0.661262 2.500000 -2.440505
v -0.661262 4.500000 -2.440505
v -0.662004 2.500000 -2.440642
v -0.662004 4.500000 -2.440642
v -0.662744 2.500000 -2.440788
v -0.662744 4.500000 -2.440788
v -0.663481 2.500000 -2.440943
v -0.663481 4.500000 -2.440943
v -0.664217 2.500000 -2.441108
v -0.664217 4.500000 -2.441108
v -0.664951 2.500000 -2.441281
v -0.664951 4.500000 -2.441281
v -0.665682 2.500000 -2.441464
v -0.665682 4.500000 -2.441464
v -0.666412 2.500000 -2.441656
v -0.666412 4.500000 -2.441656
v -0.667138 2.500000 -2.441858
v -0.667138 4.500000 -2.441858
v -0.667862 2.500000 -2.442068
v -0.667862 4.500000 -2.442068
v -0.668584 2.500000 -2.442287
v -0.668584 4.500000 -2.442287
v -0.669302 2.500000 -2.442516
v -0.669302 4.500000 -2.442516
v -0.670018 2.500000 -2.442753
v -0.670018 4.500000 -2.442753
v -0.670730 2.500000 -2.443000
v -0.670730 4.500000 -2.443000
v -0.671440 2.500000 -2.443255
v -0.671440 4.500000 -2.443255
v -0.672146 2.500000 -2.443519
v -0.672146 4.500000 -2.443519
v -0.672849 2.500000 -2.443793
v -0.672849 4.500000 -2.443793
v -0.673548 2.500000 -2.444075
v -0.673548 4.500000 -2.444075
v -0.674244 2.500000 -2.444365
v -0.674244 4.500000 -2.444365
v -0.674935 2.500000 -2.444665
v -0.674935 4.500000 -2.444665
v -0.675624 2.500000 -2.444973
v -0.675624 4.500000 -2.444973
v -0.676308 2.500000 -2.445290
v -0.676308 4.500000 -2.445290
v -0.676988 2.500000 -2.445615
v -0.676988 4.500000 -2.445615
v -0.677664 2.500000 -2.445949
v -0.677664 4.500000 -2.445949
v -0.678336 2.500000 -2.446291
v -0.678336 4.500000 -2.446291
v -0.679003 2.500000 -2.446642
v -0.679003 4.500000 -2.446642
v -0.679666 2.500000 -2.447001
v -0.679666 4.500000 -2.447001
v -0.680325 2.500000 -2.447368
v -0.680325 4.500000 -2.447368
v -0.680978 2.500000 -2.447744
v -0.680978 4.500000 -2.447744
v -0.681627 2.500000 -2.448128
v -0.681627 4.500000 -2.448128
v -0.682272 2.500000 -2.448519
v -0.682272 4.500000 -2.448519
v -0.682911 2.500000 -2.448920
v -0.682911 4.500000 -2.448920
v -0.683545 2.500000 -2.449327
v -0.683545 4.500000 -2.449327
v -0.684174 2.500000 -2.449744
v -0.684174 4.500000 -2.449744
v -0.684797 2.500000 -2.450167
v -0.684797 4.500000 -2.450167
v -0.685415 2.500000 -2.450599
v -0.685415 4.500000 -2.450599
v -0.686028 2.500000 -2.451038
v -0.686028 4.500000 -2.451038
v -0.686635 2.500000 -2.451485
v -0.686635 4.500000 -2.451485
v -0.687237 2.500000 -2.451940
v -0.687237 4.500000 -2.451940
v -0.687833 2.500000 -2.452402
v -0.687833 4.500000 -2.452402
v -0.688423 2.500000 -2.452872
v -0.688423 4.500000 -2.452872
v -0.689007 2.500000 -2.453348
v -0.689007 4.500000 -2.453348
v -0.689584 2.500000 -2.453833
v -0.689584 4.500000 -2.453833
v -0.690156 2.500000 -2.454324
v -0.690156 4.500000 -2.454324
v -0.690722 2.500000 -2.454823
v -0.690722 4.500000 -2.454823
v -0.691281 2.500000 -2.455328
v -0.691281 4.500000 -2.455328
v -0.691834 2.500000 -2.455841
v -0.691834 4.500000 -2.455841
v -0.692380 2.500000 -2.456361
v -0.692380 4.500000 -2.456361
v -0.692920 2.500000 -2.456887
v -0.692920 4.500000 -2.456887
v -0.693453 2.500000 -2.457420
v -0.693453 4.500000 -2.457420
v -0.693980 2.500000 -2.457960
v -0.693980 4.500000 -2.457960
v -0.694499 2.500000 -2.458506
v -0.694499 4.500000 -2.458506
v -0.695012 2.500000 -2.459059
v -0.695012 4.500000 -2.459059
v -0.695518 2.500000 -2.459619
v -0.695518 4.500000 -2.459619
v -0.696016 2.500000 -2.460184
v -0.696016 4.500000 -2.460184
v -0.696508 2.500000 -2.460756
v -0.696508 4.500000 -2.460756
v -0.696992 2.500000 -2.461334
v -0.696992 4.500000 -2.461334
v -0.697469 2.500000 -2.461918
v -0.697469 4.500000 -2.461918
v -0.697938 2.500000 -2.462508
v -0.697938 4.500000 -2.462508
v -0.698400 2.500000 -2.463103
v -0.698400 4.500000 -2.463103
v -0.698855 2.500000 -2.463705
v -0.698855 4.500000 -2.463705
v -0.699302 2.500000 -2.464312
v -0.699302 4.500000 -2.464312
v -0.699741 2.500000 -2.464925
v -0.699741 4.500000 -2.464925
v -0.700173 2.500000 -2.465543
v -0.700173 4.500000 -2.465543
v -0.700597 2.500000 -2.466167
v -0.700597 4.500000 -2.466167
v -0.701013 2.500000 -2.466795
v -0.701013 4.500000 -2.466795
v -0.701421 2.500000 -2.467430
v -0.701421 4.500000 -2.467430
v -0.701821 2.500000 -2.468069
v -0.701821 4.500000 -2.468069
v -0.702213 2.500000 -2.468713
v -0.702213 4.500000 -2.468713
v -0.702596 2.500000 -2.469362
v -0.702596 4.500000 -2.469362
v -0.702972 2.500000 -2.470016
v -0.702972 4.500000 -2.470016
v -0.703339 2.500000 -2.470674
v -0.703339 4.500000 -2.470674
v -0.703699 2.500000 -2.471337
v -0.703699 4.500000 -2.471337
v -0.704049 2.500000 -2.472004
v -0.704049 4.500000 -2.472004
v -0.704392 2.500000 -2.472676
v -0.704392 4.500000 -2.472676
v -0.704725 2.500000 -2.473352
v -0.704725 4.500000 -2.473352
v -0.705051 2.500000 -2.474032
v -0.705051 4.500000 -2.474032
v -0.705367 2.500000 -2.474717
v -0.705367 4.500000 -2.474717
v -0.705676 2.500000 -2.475405
v -0.705676 4.500000 -2.475405
v -0.705975 2.500000 -2.476097
v -0.705975 4.500000 -2.476097
v -0.706266 2.500000 -2.476792
v -0.706266 4.500000 -2.476792
v -0.706548 2.500000 -2.477492
v -0.706548 4.500000 -2.477492
v -0.706821 2.500000 -2.478194
v -0.706821 4.500000 -2.478194
v -0.707085 2.500000 -2.478901
v -0.707085 4.500000 -2.478901
v -0.707340 2.500000 -2.479610
v -0.707340 4.500000 -2.479610
v -0.707587 2.500000 -2.480323
v -0.707587 4.500000 -2.480323
v -0.707824 2.500000 -2.481038
v -0.707824 4.500000 -2.481038
v -0.708053 2.500000 -2.481757
v -0.708053 4.500000 -2.481757
v -0.708272 2.500000 -2.482478
v -0.708272 4.500000 -2.482478
v -0.708483 2.500000 -2.483202
v -0.708483 4.500000 -2.483202
v -0.708684 2.500000 -2.483929
v -0.708684 4.500000 -2.483929
v -0.708876 2.500000 -2.484658
v -0.708876 4.500000 -2.484658
v -0.709059 2.500000 -2.485389
v -0.709059 4.500000 -2.485389
v -0.709233 2.500000 -2.486123
v -0.709233 4.500000 -2.486123
v -0.709397 2.500000 -2.486859
v -0.709397 4.500000 -2.486859
v -0.709552 2.500000 -2.487597
v -0.709552 4.500000 -2.487597
v -0.709698 2.500000 -2.488336
v -0.709698 4.500000 -2.488336
v -0.709835 2.500000 -2.489078
v -0.709835 4.500000 -2.489078
v -0.709962 2.500000 -2.489821
v -0.709962 4.500000 -2.489821
v -0.710080 2.500000 -2.490566
v -0.710080 4.500000 -2.490566
v -0.710189 2.500000 -2.491312
v -0.710189 4.500000 -2.491312
v -0.710288 2.500000 -2.492059
v -0.710288 4.500000 -2.492059
v -0.710378 2.500000 -2.492808
v -0.710378 4.500000 -2.492808
v -0.710458 2.500000 -2.493557
v -0.710458 4.500000 -2.493557
v -0.710529 2.500000 -2.494308
v -0.710529 4.500000 -2.494308
v -0.710591 2.500000 -2.495059
v -0.710591 4.500000 -2.495059
v -0.710643 2.500000 -2.495812
v -0.710643 4.500000 -2.495812
v -0.710685 2.500000 -2.496565
v -0.710685 4.500000 -2.496565
v -0.710718 2.500000 -2.497318
v -0.710718 4.500000 -2.497318
v -0.710742 2.500000 -2.498071
v -0.710742 4.500000 -2.498071
v -0.710756 2.500000 -2.498825
v -0.710756 4.500000 -2.498825
v -0.710761 2.500000 -2.499579
v -0.710761 4.500000 -2.499579
v -0.710756 2.500000 -2.500333
v -0.710756 4.500000 -2.500333
v -0.710742 2.500000 -2.501087
v -0.710742 4.500000 -2.501087
v -0.710718 2.500000 -2.501841
v -0.710718 4.500000 -2.501841
v -0.710685 2.500000 -2.502594
v -0.710685 4.500000 -2.502594
v -0.710643 2.500000 -2.503347
v -0.710643 4.500000 -2.503347
v -0.710591 2.500000 -2.504099
v -0.710591 4.500000 -2.504099
v -0.710529 2.500000 -2.504850
v -0.710529 4.500000 -2.504850
v -0.710458 2.500000 -2.505601
v -0.710458 4.500000 -2.505601
v -0.710378 2.500000 -2.506351
v -0.710378 4.500000 -2.506351
v -0.710288 2.500000 -2.507099
v -0.710288 4.500000 -2.507099
v -0.710189 2.500000 -2.507847
v -0.710189 4.500000 -2.507847
v -0.710080 2.500000 -2.508593
v -0.710080 4.500000 -2.508593
v -0.709962 2.500000 -2.509337
v -0.709962 4.500000 -2.509337
v -0.709835 2.500000 -2.510081
v -0.709835 4.500000 -2.510081
v -0.709698 2.500000 -2.510822
v -0.709698 4.500000 -2.510822
v -0.709552 2.500000 -2.511562
v -0.709552 4.500000 -2.511562
v -0.709397 2.500000 -2.512300
v -0.709397 4.500000 -2.512300
v -0.709233 2.500000 -2.513036
v -0.709233 4.500000 -2.513036
v -0.709059 2.500000 -2.513769
v -0.709059 4.500000 -2.513769
v -0.708876 2.500000 -2.514501
v -0.708876 4.500000 -2.514501
v -0.708684 2.500000 -2.515230
v -0.708684 4.500000 -2.515230
v -0.708483 2.500000 -2.515956
v -0.708483 4.500000 -2.515956
v -0.708272 2.500000 -2.516680
v -0.708272 4.500000 -2.516680
v -0.708053 2.500000 -2.517402
v -0.708053 4.500000 -2.517402
v -0.707824 2.500000 -2.518120
v -0.707824 4.500000 -2.518120
v -0.707587 2.500000 -2.518836
v -0.707587 4.500000 -2.518836
v -0.707340 2.500000 -2.519548
v -0.707340 4.500000 -2.519548
v -0.707085 2.500000 -2.520258
v -0.707085 4.500000 -2.520258
v -0.706821 2.500000 -2.520964
v -0.706821 4.500000 -2.520964
v -0.706548 2.500000 -2.521667
v -0.706548 4.500000 -2.521667
v -0.706266 2.500000 -2.522366
v -0.706266 4.500000 -2.522366
v -0.705975 2.500000 -2.523062
v -0.705975 4.500000 -2.523062
v -0.705676 2.500000 -2.523754
v -0.705676 4.500000 -2.523754
v -0.705367 2.500000 -2.524442
v -0.705367 4.500000 -2.524442
v -0.705051 2.500000 -2.525126
v -0.705051 4.500000 -2.525126
v -0.704725 2.500000 -2.525806
v -0.704725 4.500000 -2.525806
v -0.704392 2.500000 -2.526482
v -0.704392 4.500000 -2.526482
v -0.704049 2.500000 -2.527154
v -0.704049 4.500000 -2.527154
v -0.703699 2.500000 -2.527822
v -0.703699 4.500000 -2.527822
v -0.703339 2.500000 -2.528484
v -0.703339 4.500000 -2.528484
v -0.702972 2.500000 -2.529143
v -0.702972 4.500000 -2.529143
v -0.702596 2.500000 -2.529797
v -0.702596 4.500000 -2.529797
v -0.702213 2.500000 -2.530446
v -0.702213 4.500000 -2.530446
v -0.701821 2.500000 -2.531090
v -0.701821 4.500000 -2.531090
v -0.701421 2.500000 -2.531729
v -0.701421 4.500000 -2.531729
v -0.701013 2.500000 -2.532363
v -0.701013 4.500000 -2.532363
v -0.700597 2.500000 -2.532992
v -0.700597 4.500000 -2.532992
v -0.700173 2.500000 -2.533615
v -0.700173 4.500000 -2.533615
v -0.699741 2.500000 -2.534234
v -0.699741 4.500000 -2.534234
v -0.699302 2.500000 -2.534846
v -0.699302 4.500000 -2.534846
v -0.698855 2.500000 -2.535454
v -0.698855 4.500000 -2.535454
v -0.698400 2.500000 -2.536055
v -0.698400 4.500000 -2.536055
v -0.697938 2.500000 -2.536651
v -0.697938 4.500000 -2.536651
v -0.697469 2.500000 -2.537241
v -0.697469 4.500000 -2.537241
v -0.696992 2.500000 -2.537825
v -0.696992 4.500000 -2.537825
v -0.696508 2.500000 -2.538403
v -0.696508 4.500000 -2.538403
v -0.696016 2.500000 -2.538974
v -0.696016 4.500000 -2.538974
v -0.695518 2.500000 -2.539540
v -0.695518 4.500000 -2.539540
v -0.695012 2.500000 -2.540099
v -0.695012 4.500000 -2.540099
v -0.694499 2.500000 -2.540652
v -0.694499 4.500000 -2.540652
v -0.693980 2.500000 -2.541198
v -0.693980 4.500000 -2.541198
v -0.693453 2.500000 -2.541738
v -0.693453 4.500000 -2.541738
v -0.692920 2.500000 -2.542271
v -0.692920 4.500000 -2.542271
v -0.692380 2.500000 -2.542798
v -0.692380 4.500000 -2.542798
v -0.691834 2.500000 -2.543317
v -0.691834 4.500000 -2.543317
v -0.691281 2.500000 -2.543830
v -0.691281 4.500000 -2.543830
v -0.690722 2.500000 -2.544336
v -0.690722 4.500000 -2.544336
v -0.690156 2.500000 -2.544834
v -0.690156 4.500000 -2.544834
v -0.689584 2.500000 -2.545326
v -0.689584 4.500000 -2.545326
v -0.689007 2.500000 -2.545810
v -0.689007 4.500000 -2.545810
v -0.688423 2.500000 -2.546287
v -0.688423 4.500000 -2.546287
v -0.687833 2.500000 -2.546757
v -0.687833 4.500000 -2.546757
v -0.687237 2.500000 -2.547219
v -0.687237 4.500000 -2.547219
v -0.686635 2.500000 -2.547673
v -0.686635 4.500000 -2.547673
v -0.686028 2.500000 -2.548120
v -0.686028 4.500000 -2.548120
v -0.685415 2.500000 -2.548560
v -0.685415 4.500000 -2.548560
v -0.684797 2.500000 -2.548991
v -0.684797 4.500000 -2.548991
v -0.684174 2.500000 -2.549415
v -0.684174 4.500000 -2.549415
v -0.683545 2.500000 -2.549831
v -0.683545 4.500000 -2.549831
v -0.682911 2.500000 -2.550239
v -0.682911 4.500000 -2.550239
v -0.682272 2.500000 -2.550639
v -0.682272 4.500000 -2.550639
v -0.681627 2.500000 -2.551031
v -0.681627 4.500000 -2.551031
v -0.680978 2.500000 -2.551414
v -0.680978 4.500000 -2.551414
v -0.680325 2.500000 -2.551790
v -0.680325 4.500000 -2.551790
v -0.679666 2.500000 -2.552158
v -0.679666 4.500000 -2.552158
v -0.679003 2.500000 -2.552517
v -0.679003 4.500000 -2.552517
v -0.678336 2.500000 -2.552867
v -0.678336 4.500000 -2.552867
v -0.677664 2.500000 -2.553210
v -0.677664 4.500000 -2.553210
v -0.676988 2.500000 -2.553544
v -0.676988 4.500000 -2.553544
v -0.676308 2.500000 -2.553869
v -0.676308 4.500000 -2.553869
v -0.675624 2.500000 -2.554186
v -0.675624 4.500000 -2.554186
v -0.674935 2.500000 -2.554494
v -0.674935 4.500000 -2.554494
v -0.674244 2.500000 -2.554793
v -0.674244 4.500000 -2.554793
v -0.673548 2.500000 -2.555084
v -0.673548 4.500000 -2.555084
v -0.672849 2.500000 -2.555366
v -0.672849 4.500000 -2.555366
v -0.672146 2.500000 -2.555639
v -0.672146 4.500000 -2.555639
v -0.671440 2.500000 -2.555903
v -0.671440 4.500000 -2.555903
v -0.670730 2.500000 -2.556159
v -0.670730 4.500000 -2.556159
v -0.670018 2.500000 -2.556405
v -0.670018 4.500000 -2.556405
v -0.669302 2.500000 -2.556643
v -0.669302 4.500000 -2.556643
v -0.668584 2.500000 -2.556871
v -0.668584 4.500000 -2.556871
v -0.667862 2.500000 -2.557091
v -0.667862 4.500000 -2.557091
v -0.667138 2.500000 -2.557301
v -0.667138 4.500000 -2.557301
v -0.666412 2.500000 -2.557502
v -0.666412 4.500000 -2.557502
v -0.665682 2.500000 -2.557694
v -0.665682 4.500000 -2.557694
v -0.664951 2.500000 -2.557877
v -0.664951 4.500000 -2.557877
v -0.664217 2.500000 -2.558051
v -0.664217 4.500000 -2.558051
v -0.663481 2.500000 -2.558215
v -0.663481 4.500000 -2.558215
v -0.662744 2.500000 -2.558371
v -0.662744 4.500000 -2.558371
v -0.662004 2.500000 -2.558517
v -0.662004 4.500000 -2.558517
v -0.661262 2.500000 -2.558653
v -0.661262 4.500000 -2.558653
v -0.660519 2.500000 -2.558780
v -0.660519 4.500000 -2.558780
v -0.659775 2.500000 -2.558898
v -0.659775 4.500000 -2.558898
v -0.659028 2.500000 -2.559007
v -0.659028 4.500000 -2.559007
v -0.658281 2.500000 -2.559106
v -0.658281 4.500000 -2.559106
v -0.657532 2.500000 -2.559196
v -0.657532 4.500000 -2.559196
v -0.656783 2.500000 -2.559276
v -0.656783 4.500000 -2.559276
v -0.656032 2.500000 -2.559347
v -0.656032 4.500000 -2.559347
v -0.655281 2.500000 -2.559409
v -0.655281 4.500000 -2.559409
v -0.654528 2.500000 -2.559461
v -0.654528 4.500000 -2.559461
v -0.653776 2.500000 -2.559503
v -0.653776 4.500000 -2.559503
v -0.653022 2.500000 -2.559536
v -0.653022 4.500000 -2.559536
v -0.652269 2.500000 -2.559560
v -0.652269 4.500000 -2.559560
v -0.651515 2.500000 -2.559574
v -0.651515 4.500000 -2.559574
vn 0.0063 -0.0000 -1.0000
vn 0.0188 -0.0000 -0.9998
vn 0.0314 -0.0000 -0.9995
vn 0.0440 -0.0000 -0.9990
vn 0.0565 -0.0000 -0.9984
vn 0.0691 -0.0000 -0.9976
vn 0.0816 -0.0000 -0.9967
vn 0.0941 -0.0000 -0.9956
vn 0.1066 -0.0000 -0.9943
vn 0.1191 -0.0000 -0.9929
vn 0.1316 -0.0000 -0.9913
vn 0.1440 -0.0000 -0.9896
vn 0.1564 -0.0000 -0.9877
vn 0.1688 -0.0000 -0.9856
vn 0.1812 -0.0000 -0.9834
vn 0.1935 -0.0000 -0.9811
vn 0.2059 -0.0000 -0.9786
vn 0.2181 -0.0000 -0.9759
vn 0.2304 -0.0000 -0.9731
vn 0.2426 -0.0000 -0.9701
vn 0.2548 -0.0000 -0.9670
vn 0.2669 -0.0000 -0.9637
vn 0.2790 -0.0000 -0.9603
vn 0.2910 -0.0000 -0.9567
vn 0.3030 -0.0000 -0.9530
vn 0.3150 -0.0000 -0.9491
vn 0.3269 -0.0000 -0.9451
vn 0.3387 -0.0000 -0.9409
vn 0.3505 -0.0000 -0.9366
vn 0.3623 -0.0000 -0.9321
vn 0.3740 -0.0000 -0.9274
vn 0.3856 -0.0000 -0.9227
vn 0.3971 -0.0000 -0.9178
vn 0.4087 -0.0000 -0.9127
vn 0.4201 -0.0000 -0.9075
vn 0.4315 -0.0000 -0.9021
vn 0.4428 -0.0000 -0.8966
vn 0.4540 -0.0000 -0.8910
vn 0.4652 -0.0000 -0.8852
vn 0.4762 -0.0000 -0.8793
vn 0.4873 -0.0000 -0.8733
vn 0.4982 -0.0000 -0.8671
vn 0.5090 -0.0000 -0.8607
vn 0.5198 -0.0000 -0.8543
vn 0.5305 -0.0000 -0.8477
vn 0.5411 -0.0000 -0.8409
vn 0.5516 -0.0000 -0.8341
vn 0.5621 -0.0000 -0.8271
vn 0.5724 -0.0000 -0.8200
vn 0.5827 -0.0000 -0.8127
vn 0.5929 -0.0000 -0.8053
vn 0.6029 -0.0000 -0.7978
vn 0.6129 -0.0000 -0.7902
vn 0.6228 -0.0000 -0.7824
vn 0.6326 -0.0000 -0.7745
vn 0.6423 -0.0000 -0.7665
vn 0.6518 -0.0000 -0.7584
vn 0.6613 -0.0000 -0.7501
vn 0.6707 -0.0000 -0.7417
vn 0.6800 -0.0000 -0.7333
vn 0.6891 -0.0000 -0.7247
vn 0.6982 -0.0000 -0.7159
vn 0.7071 -0.0000 -0.7071
vn 0.7159 -0.0000 -0.6982
vn 0.7247 -0.0000 -0.6891
vn 0.7333 -0.0000 -0.6800
vn 0.7417 -0.0000 -0.6707
vn 0.7501 -0.0000 -0.6613
vn 0.7584 -0.0000 -0.6518
vn 0.7665 -0.0000 -0.6423
vn 0.7745 -0.0000 -0.6326
vn 0.7824 -0.0000 -0.6228
vn 0.7902 -0.0000 -0.6129
vn 0.7978 -0.0000 -0.6029
vn 0.8053 -0.0000 -0.5929
vn 0.8127 -0.0000 -0.5827
vn 0.8200 -0.0000 -0.5724
vn 0.8271 -0.0000 -0.5621
vn 0.8341 -0.0000 -0.5516
vn 0.8409 -0.0000 -0.5411
vn 0.8477 -0.0000 -0.5305
vn 0.8543 -0.0000 -0.5198
vn 0.8607 -0.0000 -0.5090
vn 0.8671 -0.0000 -0.4982
vn 0.8733 -0.0000 -0.4873
vn 0.8793 -0.0000 -0.4762
vn 0.8852 -0.0000 -0.4652
vn 0.8910 -0.0000 -0.4540
vn 0.8966 -0.0000 -0.4428
vn 0.9021 -0.0000 -0.4315
vn 0.9075 -0.0000 -0.4201
vn 0.9127 -0.0000 -0.4087
vn 0.9178 -0.0000 -0.3971
vn 0.9227 -0.0000 -0.3856
vn 0.9274 -0.0000 -0.3740
vn 0.9321 -0.0000 -0.3623
vn 0.9365 -0.0000 -0.3505
vn 0.9409 -0.0000 -0.3387
vn 0.9451 -0.0000 -0.3269
vn 0.9491 -0.0000 -0.3150
vn 0.9530 -0.0000 -0.3030
vn 0.9567 -0.0000 -0.2910
vn 0.9603 -0.0000 -0.2790
vn 0.9637 -0.0000 -0.2669
vn 0.9670 -0.0000 -0.2548
vn 0.9701 -0.0000 -0.2426
vn 0.9731 -0.0000 -0.2304
vn 0.9759 -0.0000 -0.2181
vn 0.9786 -0.0000 -0.2059
vn 0.9811 -0.0000 -0.1935
vn 0.9834 -0.0000 -0.1812
vn 0.9856 -0.0000 -0.1688
vn 0.9877 -0.0000 -0.1564
vn 0.9896 -0.0000 -0.1440
vn 0.9913 -0.0000 -0.1316
vn 0.9929 -0.0000 -0.1191
vn 0.9943 -0.0000 -0.1066
vn 0.9956 -0.0000 -0.0941
vn 0.9967 -0.0000 -0.0816
vn 0.9976 -0.0000 -0.0691
vn 0.9984 -0.0000 -0.0565
vn 0.9990 -0.0000 -0.0440
vn 0.9995 -0.0000 -0.0314
vn 0.9998 -0.0000 -0.0188
vn 1.0000 -0.0000 -0.0063
vn 1.0000 -0.0000 0.0063
vn 0.9998 -0.0000 0.0188
vn 0.9995 -0.0000 0.0314
vn 0.9990 -0.0000 0.0440
vn 0.9984 -0.0000 0.0565
vn 0.9976 -0.0000 0.0691
vn 0.9967 -0.0000 0.0816
vn 0.9956 -0.0000 0.0941
vn 0.9943 -0.0000 0.1066
vn 0.9929 -0.0000 0.1191
vn 0.9913 -0.0000 0.1316
vn 0.9896 -0.0000 0.1440
vn 0.9877 -0.0000 0.1564
vn 0.9856 -0.0000 0.1688
vn 0.9834 -0.0000 0.1812
vn 0.9811 -0.0000 0.1935
vn 0.9786 -0.0000 0.2059
vn 0.9759 -0.0000 0.2181
vn 0.9731 -0.0000 0.2304
vn 0.9701 -0.0000 0.2426
vn 0.9670 -0.0000 0.2548
vn 0.9637 -0.0000 0.2669
vn 0.9603 -0.0000 0.2790
vn 0.9567 -0.0000 0.2910
vn 0.9530 -0.0000 0.3030
vn 0.9491 -0.0000 0.3150
vn 0.9451 -0.0000 0.3269
vn 0.9409 -0.0000 0.3387
vn 0.9365 -0.0000 0.3505
vn 0.9321 -0.0000 0.3623
vn 0.9274 -0.0000 0.3740
vn 0.9227 -0.0000 0.3856
vn 0.9178 -0.0000 0.3971
vn 0.9127 -0.0000 0.4087
vn 0.9075 -0.0000 0.4201
vn 0.9021 -0.0000 0.4315
vn 0.8966 -0.0000 0.4428
vn 0.8910 -0.0000 0.4540
vn 0.8852 -0.0000 0.4652
vn 0.8793 -0.0000 0.4762
vn 0.8733 -0.0000 0.4873
vn 0.8671 -0.0000 0.4982
vn 0.8607 -0.0000 0.5090
vn 0.8543 -0.0000 0.5198
vn 0.8477 -0.0000 0.5305
vn 0.8409 -0.0000 0.5411
vn 0.8341 -0.0000 0.5516
vn 0.8271 -0.0000 0.5621
vn 0.8200 -0.0000 0.5724
vn 0.8127 -0.0000 0.5827
vn 0.8053 -0.0000 0.5929
vn 0.7978 -0.0000 0.6029
vn 0.7902 -0.0000 0.6129
vn 0.7824 -0.0000 0.6228
vn 0.7745 -0.0000 0.6326
vn 0.7665 -0.0000 0.6423
vn 0.7584 -0.0000 0.6518
vn 0.7501 -0.0000 0.6613
vn 0.7417 -0.0000 0.6707
vn 0.7333 -0.0000 0.6800
vn 0.7247 -0.0000 0.6891
vn 0.7159 -0.0000 0.6982
vn 0.7071 -0.0000 0.7071
vn 0.6982 -0.0000 0.7159
vn 0.6891 -0.0000 0.7247
vn 0.6800 -0.0000 0.7333
vn 0.6707 -0.0000 0.7417
vn 0.6613 -0.0000 0.7501
vn 0.6518 -0.0000 0.7584
vn 0.6423 -0.0000 0.7665
vn 0.6326 -0.0000 0.7745
vn 0.6228 -0.0000 0.7824
vn 0.6129 -0.0000 0.7902
vn 0.6029 -0.0000 0.7978
vn 0.5929 -0.0000 0.8053
vn 0.5827 -0.0000 0.8127
vn 0.5724 -0.0000 0.8200
vn 0.5621 -0.0000 0.8271
vn 0.5516 -0.0000 0.8341
vn 0.5411 -0.0000 0.8409
vn 0.5305 -0.0000 0.8477
vn 0.5198 -0.0000 0.8543
vn 0.5090 -0.0000 0.8607
vn 0.4982 -0.0000 0.8671
vn 0.4873 -0.0000 0.8733
vn 0.4762 -0.0000 0.8793
vn 0.4652 -0.0000 0.8852
vn 0.4540 -0.0000 0.8910
vn 0.4428 -0.0000 0.8966
vn 0.4315 -0.0000 0.9021
vn 0.4201 -0.0000 0.9075
vn 0.4087 -0.0000 0.9127
vn 0.3971 -0.0000 0.9178
vn 0.3856 -0.0000 0.9227
vn 0.3740 -0.0000 0.9274
vn 0.3623 -0.0000 0.9321
vn 0.3505 -0.0000 0.9365
vn 0.3387 -0.0000 0.9409
vn 0.3269 -0.0000 0.9451
vn 0.3150 -0.0000 0.9491
vn 0.3030 -0.0000 0.9530
vn 0.2910 -0.0000 0.9567
vn 0.2790 -0.0000 0.9603
vn 0.2669 -0.0000 0.9637
vn 0.2548 -0.0000 0.9670
vn 0.2426 -0.0000 0.9701
vn 0.2304 -0.0000 0.9731
vn 0.2181 -0.0000 0.9759
vn 0.2059 -0.0000 0.9786
vn 0.1935 -0.0000 0.9811
vn 0.1812 -0.0000 0.9834
vn 0.1688 -0.0000 0.9856
vn 0.1564 -0.0000 0.9877
vn 0.1440 -0.0000 0.9896
vn 0.1316 -0.0000 0.9913
vn 0.1191 -0.0000 0.9929
vn 0.1066 -0.0000 0.9943
vn 0.0941 -0.0000 0.9956
vn 0.0816 -0.0000 0.9967
vn 0.0691 -0.0000 0.9976
vn 0.0565 -0.0000 0.9984
vn 0.0440 -0.0000 0.9990
vn 0.0314 -0.0000 0.9995
vn 0.0188 -0.0000 0.9998
vn 0.0063 -0.0000 1.0000
vn -0.0063 -0.0000 1.0000
vn -0.0188 -0.0000 0.9998
vn -0.0314 -0.0000 0.9995
vn -0.0440 -0.0000 0.9990
vn -0.0565 -0.0000 0.9984
vn -0.0691 -0.0000 0.9976
vn -0.0816 -0.0000 0.9967
vn -0.0941 -0.0000 0.9956
vn -0.1066 -0.0000 0.9943
vn -0.1191 -0.0000 0.9929
vn -0.1316 -0.0000 0.9913
vn -0.1440 -0.0000 0.9896
vn -0.1564 -0.0000 0.9877
vn -0.1688 -0.0000 0.9856
vn -0.1812 -0.0000 0.9834
vn -0.1935 -0.0000 0.9811
vn -0.2059 -0.0000 0.9786
vn -0.2181 -0.0000 0.9759
vn -0.2304 -0.0000 0.9731
vn -0.2426 -0.0000 0.9701
vn -0.2548 -0.0000 0.9670
vn -0.2669 -0.0000 0.9637
vn -0.2790 -0.0000 0.9603
vn -0.2910 -0.0000 0.9567
vn -0.3030 -0.0000 0.9530
vn -0.3150 -0.0000 0.9491
vn -0.3269 -0.0000 0.9451
vn -0.3387 -0.0000 0.9409
vn -0.3505 -0.0000 0.9365
vn -0.3623 -0.0000 0.9321
vn -0.3740 -0.0000 0.9274
vn -0.3856 -0.0000 0.9227
vn -0.3971 -0.0000 0.9178
vn -0.4087 -0.0000 0.9127
vn -0.4201 -0.0000 0.9075
vn -0.4315 -0.0000 0.9021
vn -0.4428 -0.0000 0.8966
vn -0.4540 -0.0000 0.8910
vn -0.4652 -0.0000 0.8852
vn -0.4762 -0.0000 0.8793
vn -0.4873 -0.0000 0.8733
vn -0.4982 -0.0000 0.8671
vn -0.5090 -0.0000 0.8607
vn -0.5198 -0.0000 0.8543
vn -0.5305 -0.0000 0.8477
vn -0.5411 -0.0000 0.8409
vn -0.5516 -0.0000 0.8341
vn -0.5621 -0.0000 0.8271
vn -0.5724 -0.0000 0.8200
vn -0.5827 -0.0000 0.8127
vn -0.5929 -0.0000 0.8053
vn -0.6029 -0.0000 0.7978
vn -0.6129 -0.0000 0.7902
vn -0.6228 -0.0000 0.7824
vn -0.6326 -0.0000 0.7745
vn -0.6423 -0.0000 0.7665
vn -0.6518 -0.0000 0.7584
vn -0.6613 -0.0000 0.7501
vn -0.6707 -0.0000 0.7417
vn -0.6800 -0.0000 0.7333
vn -0.6891 -0.0000 0.7247
vn -0.6982 -0.0000 0.7159
vn -0.7071 -0.0000 0.7071
vn -0.7159 -0.0000 0.6982
vn -0.7247 -0.0000 0.6891
vn -0.7333 -0.0000 0.6800
vn -0.7417 -0.0000 0.6707
vn -0.7501 -0.0000 0.6613
vn -0.7584 -0.0000 0.6518
vn -0.7665 -0.0000 0.6423
vn -0.7745 -0.0000 0.6326
vn -0.7824 -0.0000 0.6228
vn -0.7902 -0.0000 0.6129
vn -0.7978 -0.0000 0.6029
vn -0.8053 -0.0000 0.5929
vn -0.8127 -0.0000 0.5827
vn -0.8200 -0.0000 0.5724
vn -0.8271 -0.0000 0.5621
vn -0.8341 -0.0000 0.5516
vn -0.8409 -0.0000 0.5411
vn -0.8477 -0.0000 0.5305
vn -0.8543 -0.0000 0.5198
vn -0.8607 -0.0000 0.5090
vn -0.8671 -0.0000 0.4982
vn -0.8733 -0.0000 0.4873
vn -0.8793 -0.0000 0.4762
vn -0.8852 -0.0000 0.4652
vn -0.8910 -0.0000 0.4540
vn -0.8966 -0.0000 0.4428
vn -0.9021 -0.0000 0.4315
vn -0.9075 -0.0000 0.4201
vn -0.9127 -0.0000 0.4087
vn -0.9178 -0.0000 0.3971
vn -0.9227 -0.0000 0.3856
vn -0.9274 -0.0000 0.3740
vn -0.9321 -0.0000 0.3623
vn -0.9366 -0.0000 0.3505
vn -0.9409 -0.0000 0.3387
vn -0.9451 -0.0000 0.3269
vn -0.9491 -0.0000 0.3150
vn -0.9530 -0.0000 0.3030
vn -0.9567 -0.0000 0.2910
vn -0.9603 -0.0000 0.2790
vn -0.9637 -0.0000 0.2669
vn -0.9670 -0.0000 0.2548
vn -0.9701 -0.0000 0.2426
vn -0.9731 -0.0000 0.2304
vn -0.9759 -0.0000 0.2181
vn -0.9786 -0.0000 0.2059
vn -0.9811 -0.0000 0.1935
vn -0.9834 -0.0000 0.1812
vn -0.9856 -0.0000 0.1688
vn -0.9877 -0.0000 0.1564
vn -0.9896 -0.0000 0.1440
vn -0.9913 -0.0000 0.1316
vn -0.9929 -0.0000 0.1191
vn -0.9943 -0.0000 0.1066
vn -0.9956 -0.0000 0.0941
vn -0.9967 -0.0000 0.0816
vn -0.9976 -0.0000 0.0691
vn -0.9984 -0.0000 0.0565
vn -0.9990 -0.0000 0.0440
vn -0.9995 -0.0000 0.0314
vn -0.9998 -0.0000 0.0188
vn -1.0000 -0.0000 0.0063
vn -1.0000 -0.0000 -0.0063
vn -0.9998 -0.0000 -0.0188
vn -0.9995 -0.0000 -0.0314
vn -0.9990 -0.0000 -0.0440
vn -0.9984 -0.0000 -0.0565
vn -0.9976 -0.0000 -0.0691
vn -0.9967 -0.0000 -0.0816
vn -0.9956 -0.0000 -0.0941
vn -0.9943 -0.0000 -0.1066
vn -0.9929 -0.0000 -0.1191
vn -0.9913 -0.0000 -0.1316
vn -0.9896 -0.0000 -0.1440
vn -0.9877 -0.0000 -0.1564
vn -0.9856 -0.0000 -0.1688
vn -0.9834 -0.0000 -0.1812
vn -0.9811 -0.0000 -0.1935
vn -0.9786 -0.0000 -0.2059
vn -0.9759 -0.0000 -0.2181
vn -0.9731 -0.0000 -0.2304
vn -0.9701 -0.0000 -0.2426
vn -0.9670 -0.0000 -0.2548
vn -0.9637 -0.0000 -0.2669
vn -0.9603 -0.0000 -0.2790
vn -0.9567 -0.0000 -0.2910
vn -0.9530 -0.0000 -0.3030
vn -0.9491 -0.0000 -0.3150
vn -0.9451 -0.0000 -0.3269
vn -0.9409 -0.0000 -0.3387
vn -0.9366 -0.0000 -0.3505
vn -0.9321 -0.0000 -0.3623
vn -0.9274 -0.0000 -0.3740
vn -0.9227 -0.0000 -0.3856
vn -0.9178 -0.0000 -0.3971
vn -0.9127 -0.0000 -0.4087
vn -0.9075 -0.0000 -0.4201
vn -0.9021 -0.0000 -0.4315
vn -0.8966 -0.0000 -0.4428
vn -0.8910 -0.0000 -0.4540
vn -0.8852 -0.0000 -0.4652
vn -0.8793 -0.0000 -0.4762
vn -0.8733 -0.0000 -0.4873
vn -0.8671 -0.0000 -0.4982
vn -0.8607 -0.0000 -0.5090
vn -0.8543 -0.0000 -0.5198
vn -0.8477 -0.0000 -0.5305
vn -0.8409 -0.0000 -0.5411
vn -0.8341 -0.0000 -0.5516
vn -0.8271 -0.0000 -0.5621
vn -0.8200 -0.0000 -0.5724
vn -0.8127 -0.0000 -0.5827
vn -0.8053 -0.0000 -0.5929
vn -0.7978 -0.0000 -0.6029
vn -0.7902 -0.0000 -0.6129
vn -0.7824 -0.0000 -0.6228
vn -0.7745 -0.0000 -0.6326
vn -0.7665 -0.0000 -0.6423
vn -0.7584 -0.0000 -0.6518
vn -0.7501 -0.0000 -0.6613
vn -0.7417 -0.0000 -0.6707
vn -0.7333 -0.0000 -0.6800
vn -0.7247 -0.0000 -0.6891
vn -0.7159 -0.0000 -0.6982
vn -0.7071 -0.0000 -0.7071
vn -0.6982 -0.0000 -0.7159
vn -0.6891 -0.0000 -0.7247
vn -0.6800 -0.0000 -0.7333
vn -0.6707 -0.0000 -0.7417
vn -0.6613 -0.0000 -0.7501
vn -0.6518 -0.0000 -0.7584
vn -0.6423 -0.0000 -0.7665
vn -0.6326 -0.0000 -0.7745
vn -0.6228 -0.0000 -0.7824
vn -0.6129 -0.0000 -0.7902
vn -0.6029 -0.0000 -0.7978
vn -0.5929 -0.0000 -0.8053
vn -0.5827 -0.0000 -0.8127
vn -0.5724 -0.0000 -0.8200
vn -0.5621 -0.0000 -0.8271
vn -0.5516 -0.0000 -0.8341
vn -0.5411 -0.0000 -0.8409
vn -0.5305 -0.0000 -0.8477
vn -0.5198 -0.0000 -0.8543
vn -0.5090 -0.0000 -0.8607
vn -0.4982 -0.0000 -0.8671
vn -0.4873 -0.0000 -0.8733
vn -0.4762 -0.0000 -0.8793
vn -0.4652 -0.0000 -0.8852
vn -0.4540 -0.0000 -0.8910
vn -0.4428 -0.0000 -0.8966
vn -0.4315 -0.0000 -0.9021
vn -0.4201 -0.0000 -0.9075
vn -0.4087 -0.0000 -0.9127
vn -0.3971 -0.0000 -0.9178
vn -0.3856 -0.0000 -0.9227
vn -0.3740 -0.0000 -0.9274
vn -0.3623 -0.0000 -0.9321
vn -0.3505 -0.0000 -0.9366
vn -0.3387 -0.0000 -0.9409
vn -0.3269 -0.0000 -0.9451
vn -0.3150 -0.0000 -0.9491
vn -0.3030 -0.0000 -0.9530
vn -0.2910 -0.0000 -0.9567
vn -0.2790 -0.0000 -0.9603
vn -0.2669 -0.0000 -0.9637
vn -0.2548 -0.0000 -0.9670
vn -0.2426 -0.0000 -0.9701
vn -0.2304 -0.0000 -0.9731
vn -0.2181 -0.0000 -0.9759
vn -0.2059 -0.0000 -0.9786
vn -0.1935 -0.0000 -0.9811
vn -0.1812 -0.0000 -0.9834
vn -0.1688 -0.0000 -0.9856
vn -0.1564 -0.0000 -0.9877
vn -0.1440 -0.0000 -0.9896
vn -0.1316 -0.0000 -0.9913
vn -0.1191 -0.0000 -0.9929
vn -0.1066 -0.0000 -0.9943
vn -0.0941 -0.0000 -0.9956
vn -0.0816 -0.0000 -0.9967
vn -0.0691 -0.0000 -0.9976
vn -0.0565 -0.0000 -0.9984
vn -0.0440 -0.0000 -0.9990
vn -0.0314 -0.0000 -0.9995
vn -0.0000 1.0000 -0.0000
vn -0.0188 -0.0000 -0.9998
vn -0.0063 -0.0000 -1.0000
vn -0.0000 -1.0000 -0.0000
vt 1.000000 0.500000
vt 1.000000 1.000000
vt 0.998000 1.000000
vt 0.998000 0.500000
vt 0.996000 1.000000
vt 0.996000 0.500000
vt 0.994000 1.000000
vt 0.994000 0.500000
vt 0.992000 1.000000
vt 0.992000 0.500000
vt 0.990000 1.000000
vt 0.990000 0.500000
vt 0.988000 1.000000
vt 0.988000 0.500000
vt 0.986000 1.000000
vt 0.986000 0.500000
vt 0.984000 1.000000
vt 0.984000 0.500000
vt 0.982000 1.000000
vt 0.982000 0.500000
vt 0.980000 1.000000
vt 0.980000 0.500000
vt 0.978000 1.000000
vt 0.978000 0.500000
vt 0.976000 1.000000
vt 0.976000 0.500000
vt 0.974000 1.000000
vt 0.974000 0.500000
vt 0.972000 1.000000
vt 0.972000 0.500000
vt 0.970000 1.000000
vt 0.970000 0.500000
vt 0.968000 1.000000
vt 0.968000 0.500000
vt 0.966000 1.000000
vt 0.966000 0.500000
vt 0.964000 1.000000
vt 0.964000 0.500000
vt 0.962000 1.000000
vt 0.962000 0.500000
vt 0.960001 1.000000
vt 0.960001 0.500000
vt 0.958001 1.000000
vt 0.958001 0.500000
vt 0.956001 1.000000
vt 0.956001 0.500000
vt 0.954001 1.000000
vt 0.954001 0.500000
vt 0.952001 1.000000
vt 0.952001 0.500000
vt 0.950001 1.000000
vt 0.950001 0.500000
vt 0.948001 1.000000
vt 0.948001 0.500000
vt 0.946001 1.000000
vt 0.946001 0.500000
vt 0.944001 1.000000
vt 0.944001 0.500000
vt 0.942001 1.000000
vt 0.942001 0.500000
vt 0.940001 1.000000
vt 0.940001 0.500000
vt 0.938001 1.000000
vt 0.938001 0.500000
vt 0.936001 1.000000
vt 0.936001 0.500000
vt 0.934001 1.000000
vt 0.934001 0.500000
vt 0.932001 1.000000
vt 0.932001 0.500000
vt 0.930001 1.000000
vt 0.930001 0.500000
vt 0.928001 1.000000
vt 0.928001 0.500000
vt 0.926001 1.000000
vt 0.926001 0.500000
vt 0.924001 1.000000
vt 0.924001 0.500000
vt 0.922001 1.000000
vt 0.922001 0.500000
vt 0.920001 1.000000
vt 0.920001 0.500000
vt 0.918001 1.000000
vt 0.918001 0.500000
vt 0.916001 1.000000
vt 0.916001 0.500000
vt 0.914001 1.000000
vt 0.914001 0.500000
vt 0.912001 1.000000
vt 0.912001 0.500000
vt 0.910001 1.000000
vt 0.910001 0.500000
vt 0.908001 1.000000
vt 0.908001 0.500000
vt 0.906001 1.000000
vt 0.906001 0.500000
vt 0.904001 1.000000
vt 0.904001 0.500000
vt 0.902001 1.000000
vt 0.902001 0.500000
vt 0.900001 1.000000
vt 0.900001 0.500000
vt 0.898001 1.000000
vt 0.898001 0.500000
vt 0.896001 1.000000
vt 0.896001 0.500000
vt 0.894001 1.000000
vt 0.894001 0.500000
vt 0.892001 1.000000
vt 0.892001 0.500000
vt 0.890001 1.000000
vt 0.890001 0.500000
vt 0.888001 1.000000
vt 0.888001 0.500000
vt 0.886001 1.000000
vt 0.886001 0.500000
vt 0.884001 1.000000
vt 0.884001 0.500000
vt 0.882002 1.000000
vt 0.882002 0.500000
vt 0.880002 1.000000
vt 0.880002 0.500000
vt 0.878002 1.000000
vt 0.878002 0.500000
vt 0.876002 1.000000
vt 0.876002 0.500000
vt 0.874002 1.000000
vt 0.874002 0.500000
vt 0.872002 1.000000
vt 0.872002 0.500000
vt 0.870002 1.000000
vt 0.870002 0.500000
vt 0.868002 1.000000
vt 0.868002 0.500000
vt 0.866002 1.000000
vt 0.866002 0.500000
vt 0.864002 1.000000
vt 0.864002 0.500000
vt 0.862002 1.000000
vt 0.862002 0.500000
vt 0.860002 1.000000
vt 0.860002 0.500000
vt 0.858002 1.000000
vt 0.858002 0.500000
vt 0.856002 1.000000
vt 0.856002 0.500000
vt 0.854002 1.000000
vt 0.854002 0.500000
vt 0.852002 1.000000
vt 0.852002 0.500000
vt 0.850002 1.000000
vt 0.850002 0.500000
vt 0.848002 1.000000
vt 0.848002 0.500000
vt 0.846002 1.000000
vt 0.846002 0.500000
vt 0.844002 1.000000
vt 0.844002 0.500000
vt 0.842002 1.000000
vt 0.842002 0.500000
vt 0.840002 1.000000
vt 0.840002 0.500000
vt 0.838002 1.000000
vt 0.838002 0.500000
vt 0.836002 1.000000
vt 0.836002 0.500000
vt 0.834002 1.000000
vt 0.834002 0.500000
vt 0.832002 1.000000
vt 0.832002 0.500000
vt 0.830002 1.000000
vt 0.830002 0.500000
vt 0.828002 1.000000
vt 0.828002 0.500000
vt 0.826002 1.000000
vt 0.826002 0.500000
vt 0.824002 1.000000
vt 0.824002 0.500000
vt 0.822002 1.000000
vt 0.822002 0.500000
vt 0.820002 1.000000
vt 0.820002 0.500000
vt 0.818002 1.000000
vt 0.818002 0.500000
vt 0.816002 1.000000
vt 0.816002 0.500000
vt 0.814002 1.000000
vt 0.814002 0.500000
vt 0.812002 1.000000
vt 0.812002 0.500000
vt 0.810002 1.000000
vt 0.810002 0.500000
vt 0.808002 1.000000
vt 0.808002 0.500000
vt 0.806002 1.000000
vt 0.806002 0.500000
vt 0.804003 1.000000
vt 0.804003 0.500000
vt 0.802003 1.000000
vt 0.802003 0.500000
vt 0.800003 1.000000
vt 0.800003 0.500000
vt 0.798003 1.000000
vt 0.798003 0.500000
vt 0.796003 1.000000
vt 0.796003 0.500000
vt 0.794003 1.000000
vt 0.794003 0.500000
vt 0.792003 1.000000
vt 0.792003 0.500000
vt 0.790003 1.000000
vt 0.790003 0.500000
vt 0.788003 1.000000
vt 0.788003 0.500000
vt 0.786003 1.000000
vt 0.786003 0.500000
vt 0.784003 1.000000
vt 0.784003 0.500000
vt 0.782003 1.000000
vt 0.782003 0.500000
vt 0.780003 1.000000
vt 0.780003 0.500000
vt 0.778003 1.000000
vt 0.778003 0.500000
vt 0.776003 1.000000
vt 0.776003 0.500000
vt 0.774003 1.000000
vt 0.774003 0.500000
vt 0.772003 1.000000
vt 0.772003 0.500000
vt 0.770003 1.000000
vt 0.770003 0.500000
vt 0.768003 1.000000
vt 0.768003 0.500000
vt 0.766003 1.000000
vt 0.766003 0.500000
vt 0.764003 1.000000
vt 0.764003 0.500000
vt 0.762003 1.000000
vt 0.762003 0.500000
vt 0.760003 1.000000
vt 0.760003 0.500000
vt 0.758003 1.000000
vt 0.758003 0.500000
vt 0.756003 1.000000
vt 0.756003 0.500000
vt 0.754003 1.000000
vt 0.754003 0.500000
vt 0.752003 1.000000
vt 0.752003 0.500000
vt 0.750003 1.000000
vt 0.750003 0.500000
vt 0.748003 1.000000
vt 0.748003 0.500000
vt 0.746003 1.000000
vt 0.746003 0.500000
vt 0.744003 1.000000
vt 0.744003 0.500000
vt 0.742003 1.000000
vt 0.742003 0.500000
vt 0.740003 1.000000
vt 0.740003 0.500000
vt 0.738003 1.000000
vt 0.738003 0.500000
vt 0.736003 1.000000
vt 0.736003 0.500000
vt 0.734003 1.000000
vt 0.734003 0.500000
vt 0.732003 1.000000
vt 0.732003 0.500000
vt 0.730003 1.000000
vt 0.730003 0.500000
vt 0.728004 1.000000
vt 0.728004 0.500000
vt 0.726004 1.000000
vt 0.726004 0.500000
vt 0.724004 1.000000
vt 0.724004 0.500000
vt 0.722004 1.000000
vt 0.722004 0.500000
vt 0.720004 1.000000
vt 0.720004 0.500000
vt 0.718004 1.000000
vt 0.718004 0.500000
vt 0.716004 1.000000
vt 0.716004 0.500000
vt 0.714004 1.000000
vt 0.714004 0.500000
vt 0.712004 1.000000
vt 0.712004 0.500000
vt 0.710004 1.000000
vt 0.710004 0.500000
vt 0.708004 1.000000
vt 0.708004 0.500000
vt 0.706004 1.000000
vt 0.706004 0.500000
vt 0.704004 1.000000
vt 0.704004 0.500000
vt 0.702004 1.000000
vt 0.702004 0.500000
vt 0.700004 1.000000
vt 0.700004 0.500000
vt 0.698004 1.000000
vt 0.698004 0.500000
vt 0.696004 1.000000
vt 0.696004 0.500000
vt 0.694004 1.000000
vt 0.694004 0.500000
vt 0.692004 1.000000
vt 0.692004 0.500000
vt 0.690004 1.000000
vt 0.690004 0.500000
vt 0.688004 1.000000
vt 0.688004 0.500000
vt 0.686004 1.000000
vt 0.686004 0.500000
vt 0.684004 1.000000
vt 0.684004 0.500000
vt 0.682004 1.000000
vt 0.682004 0.500000
vt 0.680004 1.000000
vt 0.680004 0.500000
vt 0.678004 1.000000
vt 0.678004 0.500000
vt 0.676004 1.000000
vt 0.676004 0.500000
vt 0.674004 1.000000
vt 0.674004 0.500000
vt 0.672004 1.000000
vt 0.672004 0.500000
vt 0.670004 1.000000
vt 0.670004 0.500000
vt 0.668004 1.000000
vt 0.668004 0.500000
vt 0.666004 1.000000
vt 0.666004 0.500000
vt 0.664004 1.000000
vt 0.664004 0.500000
vt 0.662004 1.000000
vt 0.662004 0.500000
vt 0.660004 1.000000
vt 0.660004 0.500000
vt 0.658004 1.000000
vt 0.658004 0.500000
vt 0.656004 1.000000
vt 0.656004 0.500000
vt 0.654004 1.000000
vt 0.654004 0.500000
vt 0.652004 1.000000
vt 0.652004 0.500000
vt 0.650005 1.000000
vt 0.650005 0.500000
vt 0.648005 1.000000
vt 0.648005 0.500000
vt 0.646005 1.000000
vt 0.646005 0.500000
vt 0.644005 1.000000
vt 0.644005 0.500000
vt 0.642005 1.000000
vt 0.642005 0.500000
vt 0.640005 1.000000
vt 0.640005 0.500000
vt 0.638005 1.000000
vt 0.638005 0.500000
vt 0.636005 1.000000
vt 0.636005 0.500000
vt 0.634005 1.000000
vt 0.634005 0.500000
vt 0.632005 1.000000
vt 0.632005 0.500000
vt 0.630005 1.000000
vt 0.630005 0.500000
vt 0.628005 1.000000
vt 0.628005 0.500000
vt 0.626005 1.000000
vt 0.626005 0.500000
vt 0.624005 1.000000
vt 0.624005 0.500000
vt 0.622005 1.000000
vt 0.622005 0.500000
vt 0.620005 1.000000
vt 0.620005 0.500000
vt 0.618005 1.000000
vt 0.618005 0.500000
vt 0.616005 1.000000
vt 0.616005 0.500000
vt 0.614005 1.000000
vt 0.614005 0.500000
vt 0.612005 1.000000
vt 0.612005 0.500000
vt 0.610005 1.000000
vt 0.610005 0.500000
vt 0.608005 1.000000
vt 0.608005 0.500000
vt 0.606005 1.000000
vt 0.606005 0.500000
vt 0.604005 1.000000
vt 0.604005 0.500000
vt 0.602005 1.000000
vt 0.602005 0.500000
vt 0.600005 1.000000
vt 0.600005 0.500000
vt 0.598005 1.000000
vt 0.598005 0.500000
vt 0.596005 1.000000
vt 0.596005 0.500000
vt 0.594005 1.000000
vt 0.594005 0.500000
vt 0.592005 1.000000
vt 0.592005 0.500000
vt 0.590005 1.000000
vt 0.590005 0.500000
vt 0.588005 1.000000
vt 0.588005 0.500000
vt 0.586005 1.000000
vt 0.586005 0.500000
vt 0.584005 1.000000
vt 0.584005 0.500000
vt 0.582005 1.000000
vt 0.582005 0.500000
vt 0.580005 1.000000
vt 0.580005 0.500000
vt 0.578005 1.000000
vt 0.578005 0.500000
vt 0.576005 1.000000
vt 0.576005 0.500000
vt 0.574005 1.000000
vt 0.574005 0.500000
vt 0.572006 1.000000
vt 0.572006 0.500000
vt 0.570006 1.000000
vt 0.570006 0.500000
vt 0.568006 1.000000
vt 0.568006 0.500000
vt 0.566006 1.000000
vt 0.566006 0.500000
vt 0.564006 1.000000
vt 0.564006 0.500000
vt 0.562006 1.000000
vt 0.562006 0.500000
vt 0.560006 1.000000
vt 0.560006 0.500000
vt 0.558006 1.000000
vt 0.558006 0.500000
vt 0.556006 1.000000
vt 0.556006 0.500000
vt 0.554006 1.000000
vt 0.554006 0.500000
vt 0.552006 1.000000
vt 0.552006 0.500000
vt 0.550006 1.000000
vt 0.550006 0.500000
vt 0.548006 1.000000
vt 0.548006 0.500000
vt 0.546006 1.000000
vt 0.546006 0.500000
vt 0.544006 1.000000
vt 0.544006 0.500000
vt 0.542006 1.000000
vt 0.542006 0.500000
vt 0.540006 1.000000
vt 0.540006 0.500000
vt 0.538006 1.000000
vt 0.538006 0.500000
vt 0.536006 1.000000
vt 0.536006 0.500000
vt 0.534006 1.000000
vt 0.534006 0.500000
vt 0.532006 1.000000
vt 0.532006 0.500000
vt 0.530006 1.000000
vt 0.530006 0.500000
vt 0.528006 1.000000
vt 0.528006 0.500000
vt 0.526006 1.000000
vt 0.526006 0.500000
vt 0.524006 1.000000
vt 0.524006 0.500000
vt 0.522006 1.000000
vt 0.522006 0.500000
vt 0.520006 1.000000
vt 0.520006 0.500000
vt 0.518006 1.000000
vt 0.518006 0.500000
vt 0.516006 1.000000
vt 0.516006 0.500000
vt 0.514006 1.000000
vt 0.514006 0.500000
vt 0.512006 1.000000
vt 0.512006 0.500000
vt 0.510006 1.000000
vt 0.510006 0.500000
vt 0.508006 1.000000
vt 0.508006 0.500000
vt 0.506006 1.000000
vt 0.506006 0.500000
vt 0.504006 1.000000
vt 0.504006 0.500000
vt 0.502006 1.000000
vt 0.502006 0.500000
vt 0.500006 1.000000
vt 0.500006 0.500000
vt 0.498006 1.000000
vt 0.498006 0.500000
vt 0.496006 1.000000
vt 0.496006 0.500000
vt 0.494006 1.000000
vt 0.494006 0.500000
vt 0.492006 1.000000
vt 0.492006 0.500000
vt 0.490006 1.000000
vt 0.490006 0.500000
vt 0.488006 1.000000
vt 0.488006 0.500000
vt 0.486006 1.000000
vt 0.486006 0.500000
vt 0.484006 1.000000
vt 0.484006 0.500000
vt 0.482006 1.000000
vt 0.482006 0.500000
vt 0.480006 1.000000
vt 0.480006 0.500000
vt 0.478006 1.000000
vt 0.478006 0.500000
vt 0.476006 1.000000
vt 0.476006 0.500000
vt 0.474006 1.000000
vt 0.474006 0.500000
vt 0.472006 1.000000
vt 0.472006 0.500000
vt 0.470006 1.000000
vt 0.470006 0.500000
vt 0.468006 1.000000
vt 0.468006 0.500000
vt 0.466006 1.000000
vt 0.466006 0.500000
vt 0.464006 1.000000
vt 0.464006 0.500000
vt 0.462006 1.000000
vt 0.462006 0.500000
vt 0.460006 1.000000
vt 0.460006 0.500000
vt 0.458006 1.000000
vt 0.458006 0.500000
vt 0.456006 1.000000
vt 0.456006 0.500000
vt 0.454006 1.000000
vt 0.454006 0.500000
vt 0.452006 1.000000
vt 0.452006 0.500000
vt 0.450006 1.000000
vt 0.450006 0.500000
vt 0.448006 1.000000
vt 0.448006 0.500000
vt 0.446006 1.000000
vt 0.446006 0.500000
vt 0.444006 1.000000
vt 0.444006 0.500000
vt 0.442006 1.000000
vt 0.442006 0.500000
vt 0.440006 1.000000
vt 0.440006 0.500000
vt 0.438006 1.000000
vt 0.438006 0.500000
vt 0.436006 1.000000
vt 0.436006 0.500000
vt 0.434006 1.000000
vt 0.434006 0.500000
vt 0.432006 1.000000
vt 0.432006 0.500000
vt 0.430006 1.000000
vt 0.430006 0.500000
vt 0.428006 1.000000
vt 0.428006 0.500000
vt 0.426006 1.000000
vt 0.426006 0.500000
vt 0.424006 1.000000
vt 0.424006 0.500000
vt 0.422006 1.000000
vt 0.422006 0.500000
vt 0.420006 1.000000
vt 0.420006 0.500000
vt 0.418006 1.000000
vt 0.418006 0.500000
vt 0.416006 1.000000
vt 0.416006 0.500000
vt 0.414006 1.000000
vt 0.414006 0.500000
vt 0.412006 1.000000
vt 0.412006 0.500000
vt 0.410006 1.000000
vt 0.410006 0.500000
vt 0.408006 1.000000
vt 0.408006 0.500000
vt 0.406006 1.000000
vt 0.406006 0.500000
vt 0.404006 1.000000
vt 0.404006 0.500000
vt 0.402006 1.000000
vt 0.402006 0.500000
vt 0.400006 1.000000
vt 0.400006 0.500000
vt 0.398006 1.000000
vt 0.398006 0.500000
vt 0.396006 1.000000
vt 0.396006 0.500000
vt 0.394006 1.000000
vt 0.394006 0.500000
vt 0.392006 1.000000
vt 0.392006 0.500000
vt 0.390006 1.000000
vt 0.390006 0.500000
vt 0.388006 1.000000
vt 0.388006 0.500000
vt 0.386006 1.000000
vt 0.386006 0.500000
vt 0.384006 1.000000
vt 0.384006 0.500000
vt 0.382006 1.000000
vt 0.382006 0.500000
vt 0.380006 1.000000
vt 0.380006 0.500000
vt 0.378006 1.000000
vt 0.378006 0.500000
vt 0.376006 1.000000
vt 0.376006 0.500000
vt 0.374006 1.000000
vt 0.374006 0.500000
vt 0.372006 1.000000
vt 0.372006 0.500000
vt 0.370006 1.000000
vt 0.370006 0.500000
vt 0.368006 1.000000
vt 0.368006 0.500000
vt 0.366006 1.000000
vt 0.366006 0.500000
vt 0.364006 1.000000
vt 0.364006 0.500000
vt 0.362006 1.000000
vt 0.362006 0.500000
vt 0.360006 1.000000
vt 0.360006 0.500000
vt 0.358006 1.000000
vt 0.358006 0.500000
vt 0.356006 1.000000
vt 0.356006 0.500000
vt 0.354006 1.000000
vt 0.354006 0.500000
vt 0.352006 1.000000
vt 0.352006 0.500000
vt 0.350006 1.000000
vt 0.350006 0.500000
vt 0.348006 1.000000
vt 0.348006 0.500000
vt 0.346006 1.000000
vt 0.346006 0.500000
vt 0.344006 1.000000
vt 0.344006 0.500000
vt 0.342006 1.000000
vt 0.342006 0.500000
vt 0.340006 1.000000
vt 0.340006 0.500000
vt 0.338006 1.000000
vt 0.338006 0.500000
vt 0.336006 1.000000
vt 0.336006 0.500000
vt 0.334006 1.000000
vt 0.334006 0.500000
vt 0.332006 1.000000
vt 0.332006 0.500000
vt 0.330006 1.000000
vt 0.330006 0.500000
vt 0.328006 1.000000
vt 0.328006 0.500000
vt 0.326006 1.000000
vt 0.326006 0.500000
vt 0.324006 1.000000
vt 0.324006 0.500000
vt 0.322006 1.000000
vt 0.322006 0.500000
vt 0.320006 1.000000
vt 0.320006 0.500000
vt 0.318006 1.000000
vt 0.318006 0.500000
vt 0.316006 1.000000
vt 0.316006 0.500000
vt 0.314006 1.000000
vt 0.314006 0.500000
vt 0.312006 1.000000
vt 0.312006 0.500000
vt 0.310006 1.000000
vt 0.310006 0.500000
vt 0.308006 1.000000
vt 0.308006 0.500000
vt 0.306006 1.000000
vt 0.306006 0.500000
vt 0.304006 1.000000
vt 0.304006 0.500000
vt 0.302006 1.000000
vt 0.302006 0.500000
vt 0.300006 1.000000
vt 0.300006 0.500000
vt 0.298006 1.000000
vt 0.298006 0.500000
vt 0.296006 1.000000
vt 0.296006 0.500000
vt 0.294006 1.000000
vt 0.294006 0.500000
vt 0.292006 1.000000
vt 0.292006 0.500000
vt 0.290006 1.000000
vt 0.290006 0.500000
vt 0.288006 1.000000
vt 0.288006 0.500000
vt 0.286006 1.000000
vt 0.286006 0.500000
vt 0.284006 1.000000
vt 0.284006 0.500000
vt 0.282006 1.000000
vt 0.282006 0.500000
vt 0.280006 1.000000
vt 0.280006 0.500000
vt 0.278006 1.000000
vt 0.278006 0.500000
vt 0.276006 1.000000
vt 0.276006 0.500000
vt 0.274006 1.000000
vt 0.274006 0.500000
vt 0.272006 1.000000
vt 0.272006 0.500000
vt 0.270006 1.000000
vt 0.270006 0.500000
vt 0.268006 1.000000
vt 0.268006 0.500000
vt 0.266006 1.000000
vt 0.266006 0.500000
vt 0.264006 1.000000
vt 0.264006 0.500000
vt 0.262006 1.000000
vt 0.262006 0.500000
vt 0.260006 1.000000
vt 0.260006 0.500000
vt 0.258006 1.000000
vt 0.258006 0.500000
vt 0.256006 1.000000
vt 0.256006 0.500000
vt 0.254006 1.000000
vt 0.254006 0.500000
vt 0.252006 1.000000
vt 0.252006 0.500000
vt 0.250006 1.000000
vt 0.250006 0.500000
vt 0.248006 1.000000
vt 0.248006 0.500000
vt 0.246006 1.000000
vt 0.246006 0.500000
vt 0.244006 1.000000
vt 0.244006 0.500000
vt 0.242006 1.000000
vt 0.242006 0.500000
vt 0.240006 1.000000
vt 0.240006 0.500000
vt 0.238006 1.000000
vt 0.238006 0.500000
vt 0.236006 1.000000
vt 0.236006 0.500000
vt 0.234006 1.000000
vt 0.234006 0.500000
vt 0.232006 1.000000
vt 0.232006 0.500000
vt 0.230006 1.000000
vt 0.230006 0.500000
vt 0.228006 1.000000
vt 0.228006 0.500000
vt 0.226006 1.000000
vt 0.226006 0.500000
vt 0.224006 1.000000
vt 0.224006 0.500000
vt 0.222006 1.000000
vt 0.222006 0.500000
vt 0.220006 1.000000
vt 0.220006 0.500000
vt 0.218006 1.000000
vt 0.218006 0.500000
vt 0.216006 1.000000
vt 0.216006 0.500000
vt 0.214006 1.000000
vt 0.214006 0.500000
vt 0.212006 1.000000
vt 0.212006 0.500000
vt 0.210006 1.000000
vt 0.210006 0.500000
vt 0.208006 1.000000
vt 0.208006 0.500000
vt 0.206006 1.000000
vt 0.206006 0.500000
vt 0.204006 1.000000
vt 0.204006 0.500000
vt 0.202006 1.000000
vt 0.202006 0.500000
vt 0.200006 1.000000
vt 0.200006 0.500000
vt 0.198006 1.000000
vt 0.198006 0.500000
vt 0.196006 1.000000
vt 0.196006 0.500000
vt 0.194006 1.000000
vt 0.194006 0.500000
vt 0.192006 1.000000
vt 0.192006 0.500000
vt 0.190006 1.000000
vt 0.190006 0.500000
vt 0.188006 1.000000
vt 0.188006 0.500000
vt 0.186006 1.000000
vt 0.186006 0.500000
vt 0.184006 1.000000
vt 0.184006 0.500000
vt 0.182006 1.000000
vt 0.182006 0.500000
vt 0.180006 1.000000
vt 0.180006 0.500000
vt 0.178006 1.000000
vt 0.178006 0.500000
vt 0.176006 1.000000
vt 0.176006 0.500000
vt 0.174006 1.000000
vt 0.174006 0.500000
vt 0.172006 1.000000
vt 0.172006 0.500000
vt 0.170006 1.000000
vt 0.170006 0.500000
vt 0.168006 1.000000
vt 0.168006 0.500000
vt 0.166006 1.000000
vt 0.166006 0.500000
vt 0.164006 1.000000
vt 0.164006 0.500000
vt 0.162006 1.000000
vt 0.162006 0.500000
vt 0.160006 1.000000
vt 0.160006 0.500000
vt 0.158006 1.000000
vt 0.158006 0.500000
vt 0.156006 1.000000
vt 0.156006 0.500000
vt 0.154006 1.000000
vt 0.154006 0.500000
vt 0.152006 1.000000
vt 0.152006 0.500000
vt 0.150006 1.000000
vt 0.150006 0.500000
vt 0.148006 1.000000
vt 0.148006 0.500000
vt 0.146006 1.000000
vt 0.146006 0.500000
vt 0.144006 1.000000
vt 0.144006 0.500000
vt 0.142006 1.000000
vt 0.142006 0.500000
vt 0.140006 1.000000
vt 0.140006 0.500000
vt 0.138006 1.000000
vt 0.138006 0.500000
vt 0.136006 1.000000
vt 0.136006 0.500000
vt 0.134006 1.000000
vt 0.134006 0.500000
vt 0.132006 1.000000
vt 0.132006 0.500000
vt 0.130006 1.000000
vt 0.130006 0.500000
vt 0.128006 1.000000
vt 0.128006 0.500000
vt 0.126006 1.000000
vt 0.126006 0.500000
vt 0.124006 1.000000
vt 0.124006 0.500000
vt 0.122006 1.000000
vt 0.122006 0.500000
vt 0.120006 1.000000
vt 0.120006 0.500000
vt 0.118006 1.000000
vt 0.118006 0.500000
vt 0.116006 1.000000
vt 0.116006 0.500000
vt 0.114006 1.000000
vt 0.114006 0.500000
vt 0.112006 1.000000
vt 0.112006 0.500000
vt 0.110006 1.000000
vt 0.110006 0.500000
vt 0.108006 1.000000
vt 0.108006 0.500000
vt 0.106006 1.000000
vt 0.106006 0.500000
vt 0.104006 1.000000
vt 0.104006 0.500000
vt 0.102006 1.000000
vt 0.102006 0.500000
vt 0.100006 1.000000
vt 0.100006 0.500000
vt 0.098006 1.000000
vt 0.098006 0.500000
vt 0.096006 1.000000
vt 0.096006 0.500000
vt 0.094006 1.000000
vt 0.094006 0.500000
vt 0.092006 1.000000
vt 0.092006 0.500000
vt 0.090006 1.000000
vt 0.090006 0.500000
vt 0.088006 1.000000
vt 0.088006 0.500000
vt 0.086006 1.000000
vt 0.086006 0.500000
vt 0.084006 1.000000
vt 0.084006 0.500000
vt 0.082006 1.000000
vt 0.082006 0.500000
vt 0.080006 1.000000
vt 0.080006 0.500000
vt 0.078006 1.000000
vt 0.078006 0.500000
vt 0.076006 1.000000
vt 0.076006 0.500000
vt 0.074006 1.000000
vt 0.074006 0.500000
vt 0.072006 1.000000
vt 0.072006 0.500000
vt 0.070006 1.000000
vt 0.070006 0.500000
vt 0.068006 1.000000
vt 0.068006 0.500000
vt 0.066006 1.000000
vt 0.066006 0.500000
vt 0.064006 1.000000
vt 0.064006 0.500000
vt 0.062006 1.000000
vt 0.062006 0.500000
vt 0.060006 1.000000
vt 0.060006 0.500000
vt 0.058006 1.000000
vt 0.058006 0.500000
vt 0.056006 1.000000
vt 0.056006 0.500000
vt 0.054006 1.000000
vt 0.054006 0.500000
vt 0.052006 1.000000
vt 0.052006 0.500000
vt 0.050006 1.000000
vt 0.050006 0.500000
vt 0.048006 1.000000
vt 0.048006 0.500000
vt 0.046006 1.000000
vt 0.046006 0.500000
vt 0.044006 1.000000
vt 0.044006 0.500000
vt 0.042006 1.000000
vt 0.042006 0.500000
vt 0.040006 1.000000
vt 0.040006 0.500000
vt 0.038006 1.000000
vt 0.038006 0.500000
vt 0.036006 1.000000
vt 0.036006 0.500000
vt 0.034006 1.000000
vt 0.034006 0.500000
vt 0.032006 1.000000
vt 0.032006 0.500000
vt 0.030006 1.000000
vt 0.030006 0.500000
vt 0.028006 1.000000
vt 0.028006 0.500000
vt 0.026006 1.000000
vt 0.026006 0.500000
vt 0.024006 1.000000
vt 0.024006 0.500000
vt 0.022006 1.000000
vt 0.022006 0.500000
vt 0.020006 1.000000
vt 0.020006 0.500000
vt 0.018006 1.000000
vt 0.018006 0.500000
vt 0.016006 1.000000
vt 0.016006 0.500000
vt 0.014006 1.000000
vt 0.014006 0.500000
vt 0.012006 1.000000
vt 0.012006 0.500000
vt 0.010006 1.000000
vt 0.010006 0.500000
vt 0.008006 1.000000
vt 0.008006 0.500000
vt 0.006006 1.000000
vt 0.006006 0.500000
vt 0.004006 1.000000
vt 0.004006 0.500000
vt 0.253016 0.489981
vt 0.250000 0.490000
vt 0.246984 0.489981
vt 0.243969 0.489924
vt 0.240954 0.489829
vt 0.237941 0.489697
vt 0.234930 0.489526
vt 0.231922 0.489318
vt 0.228916 0.489072
vt 0.225913 0.488788
vt 0.222914 0.488467
vt 0.219920 0.488108
vt 0.216930 0.487711
vt 0.213946 0.487276
vt 0.210967 0.486805
vt 0.207994 0.486295
vt 0.205028 0.485749
vt 0.202070 0.485165
vt 0.199118 0.484544
vt 0.196175 0.483886
vt 0.193240 0.483192
vt 0.190314 0.482460
vt 0.187398 0.481692
vt 0.184492 0.480887
vt 0.181595 0.480045
vt 0.178710 0.479167
vt 0.175836 0.478254
vt 0.172974 0.477304
vt 0.170123 0.476318
vt 0.167286 0.475296
vt 0.164461 0.474239
vt 0.161650 0.473146
vt 0.158853 0.472019
vt 0.156070 0.470856
vt 0.153302 0.469658
vt 0.150550 0.468425
vt 0.147813 0.467158
vt 0.145092 0.465857
vt 0.142388 0.464522
vt 0.139701 0.463153
vt 0.137031 0.461750
vt 0.134379 0.460314
vt 0.131745 0.458844
vt 0.129130 0.457342
vt 0.126535 0.455806
vt 0.123958 0.454239
vt 0.121402 0.452639
vt 0.118865 0.451007
vt 0.116350 0.449343
vt 0.113855 0.447648
vt 0.111383 0.445921
vt 0.108932 0.444164
vt 0.106503 0.442376
vt 0.104097 0.440558
vt 0.101714 0.438709
vt 0.099354 0.436831
vt 0.097018 0.434923
vt 0.094707 0.432986
vt 0.092419 0.431020
vt 0.090157 0.429026
vt 0.087920 0.427003
vt 0.085709 0.424952
vt 0.083523 0.422874
vt 0.081364 0.420769
vt 0.079231 0.418636
vt 0.077126 0.416477
vt 0.075048 0.414291
vt 0.072997 0.412080
vt 0.070974 0.409843
vt 0.068980 0.407581
vt 0.067014 0.405293
vt 0.065077 0.402982
vt 0.063169 0.400646
vt 0.061291 0.398286
vt 0.059442 0.395903
vt 0.057624 0.393497
vt 0.055836 0.391068
vt 0.054079 0.388617
vt 0.052352 0.386145
vt 0.050657 0.383650
vt 0.048993 0.381135
vt 0.047361 0.378598
vt 0.045761 0.376042
vt 0.044194 0.373465
vt 0.042658 0.370870
vt 0.041156 0.368255
vt 0.039686 0.365621
vt 0.038250 0.362969
vt 0.036847 0.360299
vt 0.035478 0.357612
vt 0.034143 0.354908
vt 0.032842 0.352187
vt 0.031575 0.349450
vt 0.030342 0.346698
vt 0.029144 0.343930
vt 0.027981 0.341147
vt 0.026854 0.338350
vt 0.025761 0.335539
vt 0.024704 0.332714
vt 0.023682 0.329877
vt 0.022696 0.327026
vt 0.021746 0.324164
vt 0.020833 0.321290
vt 0.019955 0.318405
vt 0.019113 0.315508
vt 0.018308 0.312602
vt 0.017540 0.309686
vt 0.016808 0.306760
vt 0.016114 0.303825
vt 0.015456 0.300882
vt 0.014835 0.297930
vt 0.014251 0.294972
vt 0.013705 0.292006
vt 0.013195 0.289033
vt 0.012724 0.286054
vt 0.012289 0.283070
vt 0.011892 0.280080
vt 0.011533 0.277086
vt 0.011212 0.274087
vt 0.010928 0.271084
vt 0.010682 0.268078
vt 0.010474 0.265070
vt 0.010303 0.262059
vt 0.010171 0.259046
vt 0.010076 0.256031
vt 0.010019 0.253016
vt 0.010000 0.250000
vt 0.010019 0.246984
vt 0.010076 0.243969
vt 0.010171 0.240954
vt 0.010303 0.237941
vt 0.010474 0.234930
vt 0.010682 0.231922
vt 0.010928 0.228916
vt 0.011212 0.225913
vt 0.011533 0.222914
vt 0.011892 0.219920
vt 0.012289 0.216930
vt 0.012724 0.213946
vt 0.013195 0.210967
vt 0.013705 0.207994
vt 0.014251 0.205028
vt 0.014835 0.202070
vt 0.015456 0.199118
vt 0.016114 0.196175
vt 0.016808 0.193240
vt 0.017540 0.190314
vt 0.018308 0.187398
vt 0.019113 0.184492
vt 0.019955 0.181595
vt 0.020833 0.178710
vt 0.021746 0.175836
vt 0.022696 0.172974
vt 0.023682 0.170123
vt 0.024704 0.167286
vt 0.025761 0.164461
vt 0.026854 0.161650
vt 0.027981 0.158853
vt 0.029144 0.156070
vt 0.030342 0.153302
vt 0.031575 0.150550
vt 0.032842 0.147813
vt 0.034143 0.145092
vt 0.035478 0.142388
vt 0.036847 0.139701
vt 0.038250 0.137031
vt 0.039686 0.134379
vt 0.041156 0.131745
vt 0.042658 0.129130
vt 0.044194 0.126535
vt 0.045761 0.123958
vt 0.047361 0.121402
vt 0.048993 0.118865
vt 0.050657 0.116350
vt 0.052352 0.113855
vt 0.054079 0.111383
vt 0.055836 0.108932
vt 0.057624 0.106503
vt 0.059442 0.104097
vt 0.061291 0.101714
vt 0.063169 0.099354
vt 0.065077 0.097018
vt 0.067014 0.094707
vt 0.068980 0.092419
vt 0.070974 0.090157
vt 0.072997 0.087920
vt 0.075048 0.085709
vt 0.077126 0.083523
vt 0.079231 0.081364
vt 0.081364 0.079231
vt 0.083523 0.077126
vt 0.085709 0.075048
vt 0.087920 0.072997
vt 0.090157 0.070974
vt 0.092419 0.068980
vt 0.094707 0.067014
vt 0.097018 0.065077
vt 0.099354 0.063169
vt 0.101714 0.061291
vt 0.104097 0.059442
vt 0.106503 0.057624
vt 0.108932 0.055836
vt 0.111383 0.054079
vt 0.113855 0.052352
vt 0.116350 0.050657
vt 0.118865 0.048993
vt 0.121402 0.047361
vt 0.123958 0.045761
vt 0.126535 0.044194
vt 0.129130 0.042658
vt 0.131745 0.041156
vt 0.134379 0.039686
vt 0.137031 0.038250
vt 0.139701 0.036847
vt 0.142388 0.035478
vt 0.145092 0.034143
vt 0.147813 0.032842
vt 0.150550 0.031575
vt 0.153302 0.030342
vt 0.156070 0.029144
vt 0.158853 0.027981
vt 0.161650 0.026854
vt 0.164461 0.025761
vt 0.167286 0.024704
vt 0.170123 0.023682
vt 0.172974 0.022696
vt 0.175836 0.021746
vt 0.178710 0.020833
vt 0.181595 0.019955
vt 0.184492 0.019113
vt 0.187398 0.018308
vt 0.190314 0.017540
vt 0.193240 0.016808
vt 0.196175 0.016114
vt 0.199118 0.015456
vt 0.202070 0.014835
vt 0.205028 0.014251
vt 0.207994 0.013705
vt 0.210967 0.013195
vt 0.213946 0.012724
vt 0.216930 0.012289
vt 0.219920 0.011892
vt 0.222914 0.011533
vt 0.225913 0.011212
vt 0.228916 0.010928
vt 0.231922 0.010682
vt 0.234930 0.010474
vt 0.237941 0.010303
vt 0.240954 0.010171
vt 0.243969 0.010076
vt 0.246984 0.010019
vt 0.250000 0.010000
vt 0.253016 0.010019
vt 0.256031 0.010076
vt 0.259046 0.010171
vt 0.262059 0.010303
vt 0.265070 0.010474
vt 0.268078 0.010682
vt 0.271084 0.010928
vt 0.274087 0.011212
vt 0.277086 0.011533
vt 0.280080 0.011892
vt 0.283070 0.012289
vt 0.286054 0.012724
vt 0.289033 0.013195
vt 0.292006 0.013705
vt 0.294972 0.014251
vt 0.297930 0.014835
vt 0.300882 0.015456
vt 0.303825 0.016114
vt 0.306760 0.016808
vt 0.309686 0.017540
vt 0.312602 0.018308
vt 0.315508 0.019113
vt 0.318405 0.019955
vt 0.321290 0.020833
vt 0.324164 0.021746
vt 0.327026 0.022696
vt 0.329877 0.023682
vt 0.332714 0.024704
vt 0.335539 0.025761
vt 0.338350 0.026854
vt 0.341147 0.027981
vt 0.343930 0.029144
vt 0.346698 0.030342
vt 0.349450 0.031575
vt 0.352187 0.032842
vt 0.354908 0.034143
vt 0.357612 0.035478
vt 0.360299 0.036847
vt 0.362969 0.038250
vt 0.365621 0.039686
vt 0.368255 0.041156
vt 0.370870 0.042658
vt 0.373465 0.044194
vt 0.376042 0.045761
vt 0.378598 0.047361
vt 0.381135 0.048993
vt 0.383650 0.050657
vt 0.386145 0.052352
vt 0.388617 0.054079
vt 0.391068 0.055836
vt 0.393497 0.057624
vt 0.395903 0.059442
vt 0.398286 0.061291
vt 0.400646 0.063169
vt 0.402982 0.065077
vt 0.405293 0.067014
vt 0.407581 0.068980
vt 0.409843 0.070974
vt 0.412080 0.072997
vt 0.414291 0.075048
vt 0.416477 0.077126
vt 0.418636 0.079231
vt 0.420769 0.081364
vt 0.422874 0.083523
vt 0.424952 0.085709
vt 0.427003 0.087920
vt 0.429026 0.090157
vt 0.431020 0.092419
vt 0.432986 0.094707
vt 0.434923 0.097018
vt 0.436831 0.099354
vt 0.438709 0.101714
vt 0.440558 0.104097
vt 0.442376 0.106503
vt 0.444164 0.108932
vt 0.445921 0.111383
vt 0.447648 0.113855
vt 0.449343 0.116350
vt 0.451007 0.118865
vt 0.452639 0.121402
vt 0.454239 0.123958
vt 0.455806 0.126535
vt 0.457342 0.129130
vt 0.458844 0.131745
vt 0.460314 0.134379
vt 0.461750 0.137031
vt 0.463153 0.139701
vt 0.464522 0.142388
vt 0.465857 0.145092
vt 0.467158 0.147813
vt 0.468425 0.150550
vt 0.469658 0.153302
vt 0.470856 0.156070
vt 0.472019 0.158853
vt 0.473146 0.161650
vt 0.474239 0.164461
vt 0.475296 0.167286
vt 0.476318 0.170123
vt 0.477304 0.172974
vt 0.478254 0.175836
vt 0.479167 0.178710
vt 0.480045 0.181595
vt 0.480887 0.184492
vt 0.481692 0.187398
vt 0.482460 0.190314
vt 0.483192 0.193240
vt 0.483886 0.196175
vt 0.484544 0.199118
vt 0.485165 0.202070
vt 0.485749 0.205028
vt 0.486295 0.207994
vt 0.486805 0.210967
vt 0.487276 0.213946
vt 0.487711 0.216930
vt 0.488108 0.219920
vt 0.488467 0.222914
vt 0.488788 0.225913
vt 0.489072 0.228916
vt 0.489318 0.231922
vt 0.489526 0.234930
vt 0.489697 0.237941
vt 0.489829 0.240954
vt 0.489924 0.243969
vt 0.489981 0.246984
vt 0.490000 0.250000
vt 0.489981 0.253016
vt 0.489924 0.256031
vt 0.489829 0.259046
vt 0.489697 0.262059
vt 0.489526 0.265070
vt 0.489318 0.268078
vt 0.489072 0.271084
vt 0.488788 0.274087
vt 0.488467 0.277086
vt 0.488108 0.280080
vt 0.487711 0.283070
vt 0.487276 0.286054
vt 0.486805 0.289033
vt 0.486295 0.292006
vt 0.485749 0.294972
vt 0.485165 0.297930
vt 0.484544 0.300882
vt 0.483886 0.303825
vt 0.483192 0.306760
vt 0.482460 0.309686
vt 0.481692 0.312602
vt 0.480887 0.315508
vt 0.480045 0.318405
vt 0.479167 0.321290
vt 0.478254 0.324164
vt 0.477304 0.327026
vt 0.476318 0.329877
vt 0.475296 0.332714
vt 0.474239 0.335539
vt 0.473146 0.338350
vt 0.472019 0.341147
vt 0.470856 0.343930
vt 0.469658 0.346698
vt 0.468425 0.349450
vt 0.467158 0.352187
vt 0.465857 0.354908
vt 0.464522 0.357612
vt 0.463153 0.360299
vt 0.461750 0.362969
vt 0.460314 0.365621
vt 0.458844 0.368255
vt 0.457342 0.370870
vt 0.455806 0.373465
vt 0.454239 0.376042
vt 0.452639 0.378598
vt 0.451007 0.381135
vt 0.449343 0.383650
vt 0.447648 0.386145
vt 0.445921 0.388617
vt 0.444164 0.391068
vt 0.442376 0.393497
vt 0.440558 0.395903
vt 0.438709 0.398286
vt 0.436831 0.400646
vt 0.434923 0.402982
vt 0.432986 0.405293
vt 0.431020 0.407581
vt 0.429026 0.409843
vt 0.427003 0.412080
vt 0.424952 0.414291
vt 0.422874 0.416477
vt 0.420769 0.418636
vt 0.418636 0.420769
vt 0.416477 0.422874
vt 0.414291 0.424952
vt 0.412080 0.427003
vt 0.409843 0.429026
vt 0.407581 0.431020
vt 0.405293 0.432986
vt 0.402982 0.434923
vt 0.400646 0.436831
vt 0.398286 0.438709
vt 0.395903 0.440558
vt 0.393497 0.442376
vt 0.391068 0.444164
vt 0.388617 0.445921
vt 0.386145 0.447648
vt 0.383650 0.449343
vt 0.381135 0.451007
vt 0.378598 0.452639
vt 0.376042 0.454239
vt 0.373465 0.455806
vt 0.370870 0.457342
vt 0.368255 0.458844
vt 0.365621 0.460314
vt 0.362969 0.461750
vt 0.360299 0.463153
vt 0.357612 0.464522
vt 0.354908 0.465857
vt 0.352187 0.467158
vt 0.349450 0.468425
vt 0.346698 0.469658
vt 0.343930 0.470856
vt 0.341147 0.472019
vt 0.338350 0.473146
vt 0.335539 0.474239
vt 0.332714 0.475296
vt 0.329877 0.476318
vt 0.327026 0.477304
vt 0.324164 0.478254
vt 0.321290 0.479167
vt 0.318405 0.480045
vt 0.315508 0.480887
vt 0.312602 0.481692
vt 0.309686 0.482460
vt 0.306760 0.483192
vt 0.303825 0.483886
vt 0.300882 0.484544
vt 0.297930 0.485165
vt 0.294972 0.485749
vt 0.292006 0.486295
vt 0.289033 0.486805
vt 0.286054 0.487276
vt 0.283070 0.487711
vt 0.280080 0.488108
vt 0.277086 0.488467
vt 0.274087 0.488788
vt 0.271084 0.489072
vt 0.268078 0.489318
vt 0.265070 0.489526
vt 0.262059 0.489697
vt 0.259046 0.489829
vt 0.256031 0.489924
vt 0.002006 1.000000
vt 0.002006 0.500000
vt 0.000006 1.000000
vt 0.000006 0.500000
vt 0.750000 0.490000
vt 0.753016 0.489981
vt 0.756031 0.489924
vt 0.759046 0.489829
vt 0.762059 0.489697
vt 0.765070 0.489526
vt 0.768078 0.489318
vt 0.771084 0.489072
vt 0.774087 0.488788
vt 0.777086 0.488467
vt 0.780080 0.488108
vt 0.783070 0.487711
vt 0.786054 0.487276
vt 0.789033 0.486805
vt 0.792006 0.486295
vt 0.794972 0.485749
vt 0.797930 0.485165
vt 0.800882 0.484544
vt 0.803825 0.483886
vt 0.806760 0.483192
vt 0.809686 0.482460
vt 0.812602 0.481692
vt 0.815508 0.480887
vt 0.818405 0.480045
vt 0.821290 0.479167
vt 0.824164 0.478254
vt 0.827026 0.477304
vt 0.829877 0.476318
vt 0.832714 0.475296
vt 0.835539 0.474239
vt 0.838350 0.473146
vt 0.841147 0.472019
vt 0.843930 0.470856
vt 0.846698 0.469658
vt 0.849450 0.468425
vt 0.852187 0.467158
vt 0.854908 0.465857
vt 0.857612 0.464522
vt 0.860299 0.463153
vt 0.862969 0.461750
vt 0.865621 0.460314
vt 0.868255 0.458844
vt 0.870870 0.457342
vt 0.873465 0.455806
vt 0.876042 0.454239
vt 0.878598 0.452639
vt 0.881135 0.451007
vt 0.883650 0.449343
vt 0.886145 0.447648
vt 0.888617 0.445921
vt 0.891068 0.444164
vt 0.893497 0.442376
vt 0.895903 0.440558
vt 0.898286 0.438709
vt 0.900646 0.436831
vt 0.902982 0.434923
vt 0.905293 0.432986
vt 0.907581 0.431020
vt 0.909843 0.429026
vt 0.912080 0.427003
vt 0.914291 0.424952
vt 0.916477 0.422874
vt 0.918636 0.420769
vt 0.920769 0.418636
vt 0.922874 0.416477
vt 0.924952 0.414291
vt 0.927003 0.412080
vt 0.929026 0.409843
vt 0.931020 0.407581
vt 0.932986 0.405293
vt 0.934923 0.402982
vt 0.936831 0.400646
vt 0.938709 0.398286
vt 0.940558 0.395903
vt 0.942376 0.393497
vt 0.944164 0.391068
vt 0.945921 0.388617
vt 0.947648 0.386145
vt 0.949343 0.383650
vt 0.951007 0.381135
vt 0.952639 0.378598
vt 0.954239 0.376042
vt 0.955806 0.373465
vt 0.957342 0.370870
vt 0.958844 0.368255
vt 0.960314 0.365621
vt 0.961750 0.362969
vt 0.963153 0.360299
vt 0.964522 0.357612
vt 0.965857 0.354908
vt 0.967158 0.352187
vt 0.968425 0.349450
vt 0.969658 0.346698
vt 0.970856 0.343930
vt 0.972019 0.341147
vt 0.973146 0.338350
vt 0.974239 0.335539
vt 0.975296 0.332714
vt 0.976318 0.329877
vt 0.977304 0.327026
vt 0.978254 0.324164
vt 0.979167 0.321290
vt 0.980045 0.318405
vt 0.980887 0.315508
vt 0.981692 0.312602
vt 0.982460 0.309686
vt 0.983192 0.306760
vt 0.983886 0.303825
vt 0.984544 0.300882
vt 0.985165 0.297930
vt 0.985749 0.294972
vt 0.986295 0.292006
vt 0.986805 0.289033
vt 0.987276 0.286054
vt 0.987711 0.283070
vt 0.988108 0.280080
vt 0.988467 0.277086
vt 0.988788 0.274087
vt 0.989072 0.271084
vt 0.989318 0.268078
vt 0.989526 0.265070
vt 0.989697 0.262059
vt 0.989829 0.259046
vt 0.989924 0.256031
vt 0.989981 0.253016
vt 0.990000 0.250000
vt 0.989981 0.246984
vt 0.989924 0.243969
vt 0.989829 0.240954
vt 0.989697 0.237941
vt 0.989526 0.234930
vt 0.989318 0.231922
vt 0.989072 0.228916
vt 0.988788 0.225913
vt 0.988467 0.222914
vt 0.988108 0.219920
vt 0.987711 0.216930
vt 0.987276 0.213946
vt 0.986805 0.210967
vt 0.986295 0.207994
vt 0.985749 0.205028
vt 0.985165 0.202070
vt 0.984544 0.199118
vt 0.983886 0.196175
vt 0.983192 0.193240
vt 0.982460 0.190314
vt 0.981692 0.187398
vt 0.980887 0.184492
vt 0.980045 0.181595
vt 0.979167 0.178710
vt 0.978254 0.175836
vt 0.977304 0.172974
vt 0.976318 0.170123
vt 0.975296 0.167286
vt 0.974239 0.164461
vt 0.973146 0.161650
vt 0.972019 0.158853
vt 0.970856 0.156070
vt 0.969658 0.153302
vt 0.968425 0.150550
vt 0.967158 0.147813
vt 0.965857 0.145092
vt 0.964522 0.142388
vt 0.963153 0.139701
vt 0.961750 0.137031
vt 0.960314 0.134379
vt 0.958844 0.131745
vt 0.957342 0.129130
vt 0.955806 0.126535
vt 0.954239 0.123958
vt 0.952639 0.121402
vt 0.951007 0.118865
vt 0.949343 0.116350
vt 0.947648 0.113855
vt 0.945921 0.111383
vt 0.944164 0.108932
vt 0.942376 0.106503
vt 0.940558 0.104097
vt 0.938709 0.101714
vt 0.936831 0.099354
vt 0.934923 0.097018
vt 0.932986 0.094707
vt 0.931020 0.092419
vt 0.929026 0.090157
vt 0.927003 0.087920
vt 0.924952 0.085709
vt 0.922874 0.083523
vt 0.920769 0.081364
vt 0.918636 0.079231
vt 0.916477 0.077126
vt 0.914291 0.075048
vt 0.912080 0.072997
vt 0.909843 0.070974
vt 0.907581 0.068980
vt 0.905293 0.067014
vt 0.902982 0.065077
vt 0.900646 0.063169
vt 0.898286 0.061291
vt 0.895903 0.059442
vt 0.893497 0.057624
vt 0.891068 0.055836
vt 0.888617 0.054079
vt 0.886145 0.052352
vt 0.883650 0.050657
vt 0.881135 0.048993
vt 0.878598 0.047361
vt 0.876042 0.045761
vt 0.873465 0.044194
vt 0.870870 0.042658
vt 0.868255 0.041156
vt 0.865621 0.039686
vt 0.862969 0.038250
vt 0.860299 0.036847
vt 0.857612 0.035478
vt 0.854908 0.034143
vt 0.852187 0.032842
vt 0.849450 0.031575
vt 0.846698 0.030342
vt 0.843930 0.029144
vt 0.841147 0.027981
vt 0.838350 0.026854
vt 0.835539 0.025761
vt 0.832714 0.024704
vt 0.829877 0.023682
vt 0.827026 0.022696
vt 0.824164 0.021746
vt 0.821290 0.020833
vt 0.818405 0.019955
vt 0.815508 0.019113
vt 0.812602 0.018308
vt 0.809686 0.017540
vt 0.806760 0.016808
vt 0.803825 0.016114
vt 0.800882 0.015456
vt 0.797930 0.014835
vt 0.794972 0.014251
vt 0.792006 0.013705
vt 0.789033 0.013195
vt 0.786054 0.012724
vt 0.783070 0.012289
vt 0.780080 0.011892
vt 0.777086 0.011533
vt 0.774087 0.011212
vt 0.771084 0.010928
vt 0.768078 0.010682
vt 0.765070 0.010474
vt 0.762059 0.010303
vt 0.759046 0.010171
vt 0.756031 0.010076
vt 0.753016 0.010019
vt 0.750000 0.010000
vt 0.746984 0.010019
vt 0.743969 0.010076
vt 0.740954 0.010171
vt 0.737941 0.010303
vt 0.734930 0.010474
vt 0.731922 0.010682
vt 0.728916 0.010928
vt 0.725913 0.011212
vt 0.722914 0.011533
vt 0.719920 0.011892
vt 0.716930 0.012289
vt 0.713946 0.012724
vt 0.710967 0.013195
vt 0.707994 0.013705
vt 0.705028 0.014251
vt 0.702070 0.014835
vt 0.699118 0.015456
vt 0.696175 0.016114
vt 0.693240 0.016808
vt 0.690314 0.017540
vt 0.687398 0.018308
vt 0.684492 0.019113
vt 0.681595 0.019955
vt 0.678710 0.020833
vt 0.675836 0.021746
vt 0.672974 0.022696
vt 0.670123 0.023682
vt 0.667286 0.024704
vt 0.664461 0.025761
vt 0.661650 0.026854
vt 0.658853 0.027981
vt 0.656070 0.029144
vt 0.653302 0.030342
vt 0.650550 0.031575
vt 0.647813 0.032842
vt 0.645092 0.034143
vt 0.642388 0.035478
vt 0.639701 0.036847
vt 0.637031 0.038250
vt 0.634379 0.039686
vt 0.631745 0.041156
vt 0.629130 0.042658
vt 0.626535 0.044194
vt 0.623958 0.045761
vt 0.621402 0.047361
vt 0.618865 0.048993
vt 0.616350 0.050657
vt 0.613855 0.052352
vt 0.611383 0.054079
vt 0.608932 0.055836
vt 0.606503 0.057624
vt 0.604097 0.059442
vt 0.601714 0.061291
vt 0.599354 0.063169
vt 0.597018 0.065077
vt 0.594707 0.067014
vt 0.592419 0.068980
vt 0.590157 0.070974
vt 0.587920 0.072997
vt 0.585709 0.075048
vt 0.583523 0.077126
vt 0.581364 0.079231
vt 0.579231 0.081364
vt 0.577126 0.083523
vt 0.575048 0.085709
vt 0.572997 0.087920
vt 0.570974 0.090157
vt 0.568980 0.092419
vt 0.567014 0.094707
vt 0.565077 0.097018
vt 0.563169 0.099354
vt 0.561291 0.101714
vt 0.559442 0.104097
vt 0.557624 0.106503
vt 0.555836 0.108932
vt 0.554079 0.111383
vt 0.552352 0.113855
vt 0.550657 0.116350
vt 0.548993 0.118865
vt 0.547361 0.121402
vt 0.545761 0.123958
vt 0.544194 0.126535
vt 0.542658 0.129130
vt 0.541156 0.131745
vt 0.539686 0.134379
vt 0.538250 0.137031
vt 0.536847 0.139701
vt 0.535478 0.142388
vt 0.534143 0.145092
vt 0.532842 0.147813
vt 0.531575 0.150550
vt 0.530342 0.153302
vt 0.529144 0.156070
vt 0.527981 0.158853
vt 0.526854 0.161650
vt 0.525761 0.164461
vt 0.524704 0.167286
vt 0.523682 0.170123
vt 0.522696 0.172974
vt 0.521746 0.175836
vt 0.520833 0.178710
vt 0.519955 0.181595
vt 0.519113 0.184492
vt 0.518308 0.187398
vt 0.517540 0.190314
vt 0.516808 0.193240
vt 0.516114 0.196175
vt 0.515456 0.199118
vt 0.514835 0.202070
vt 0.514251 0.205028
vt 0.513705 0.207994
vt 0.513195 0.210967
vt 0.512724 0.213946
vt 0.512289 0.216930
vt 0.511892 0.219920
vt 0.511533 0.222914
vt 0.511212 0.225913
vt 0.510928 0.228916
vt 0.510682 0.231922
vt 0.510474 0.234930
vt 0.510303 0.237941
vt 0.510171 0.240954
vt 0.510076 0.243969
vt 0.510019 0.246984
vt 0.510000 0.250000
vt 0.510019 0.253016
vt 0.510076 0.256031
vt 0.510171 0.259046
vt 0.510303 0.262059
vt 0.510474 0.265070
vt 0.510682 0.268078
vt 0.510928 0.271084
vt 0.511212 0.274087
vt 0.511533 0.277086
vt 0.511892 0.280080
vt 0.512289 0.283070
vt 0.512724 0.286054
vt 0.513195 0.289033
vt 0.513705 0.292006
vt 0.514251 0.294972
vt 0.514835 0.297930
vt 0.515456 0.300882
vt 0.516114 0.303825
vt 0.516808 0.306760
vt 0.517540 0.309686
vt 0.518308 0.312602
vt 0.519113 0.315508
vt 0.519955 0.318405
vt 0.520833 0.321290
vt 0.521746 0.324164
vt 0.522696 0.327026
vt 0.523682 0.329877
vt 0.524704 0.332714
vt 0.525761 0.335539
vt 0.526854 0.338350
vt 0.527981 0.341147
vt 0.529144 0.343930
vt 0.530342 0.346698
vt 0.531575 0.349450
vt 0.532842 0.352187
vt 0.534143 0.354908
vt 0.535478 0.357612
vt 0.536847 0.360299
vt 0.538250 0.362969
vt 0.539686 0.365621
vt 0.541156 0.368255
vt 0.542658 0.370870
vt 0.544194 0.373465
vt 0.545761 0.376042
vt 0.547361 0.378598
vt 0.548993 0.381135
vt 0.550657 0.383650
vt 0.552352 0.386145
vt 0.554079 0.388617
vt 0.555836 0.391068
vt 0.557624 0.393497
vt 0.559442 0.395903
vt 0.561291 0.398286
vt 0.563169 0.400646
vt 0.565077 0.402982
vt 0.567014 0.405293
vt 0.568980 0.407581
vt 0.570974 0.409843
vt 0.572997 0.412080
vt 0.575048 0.414291
vt 0.577126 0.416477
vt 0.579231 0.418636
vt 0.581364 0.420769
vt 0.583523 0.422874
vt 0.585709 0.424952
vt 0.587920 0.427003
vt 0.590157 0.429026
vt 0.592419 0.431020
vt 0.594707 0.432986
vt 0.597018 0.434923
vt 0.599354 0.436831
vt 0.601714 0.438709
vt 0.604097 0.440558
vt 0.606503 0.442376
vt 0.608932 0.444164
vt 0.611383 0.445921
vt 0.613855 0.447648
vt 0.616350 0.449343
vt 0.618865 0.451007
vt 0.621402 0.452639
vt 0.623958 0.454239
vt 0.626535 0.455806
vt 0.629130 0.457342
vt 0.631745 0.458844
vt 0.634379 0.460314
vt 0.637031 0.461750
vt 0.639701 0.463153
vt 0.642388 0.464522
vt 0.645092 0.465857
vt 0.647813 0.467158
vt 0.650550 0.468425
vt 0.653302 0.469658
vt 0.656070 0.470856
vt 0.658853 0.472019
vt 0.661650 0.473146
vt 0.664461 0.474239
vt 0.667286 0.475296
vt 0.670123 0.476318
vt 0.672974 0.477304
vt 0.675836 0.478254
vt 0.678710 0.479167
vt 0.681595 0.480045
vt 0.684492 0.480887
vt 0.687398 0.481692
vt 0.690314 0.482460
vt 0.693240 0.483192
vt 0.696175 0.483886
vt 0.699118 0.484544
vt 0.702070 0.485165
vt 0.705028 0.485749
vt 0.707994 0.486295
vt 0.710967 0.486805
vt 0.713946 0.487276
vt 0.716930 0.487711
vt 0.719920 0.488108
vt 0.722914 0.488467
vt 0.725913 0.488788
vt 0.728916 0.489072
vt 0.731922 0.489318
vt 0.734930 0.489526
vt 0.737941 0.489697
vt 0.740954 0.489829
vt 0.743969 0.489924
vt 0.746984 0.489981
s 0
f 2871/2702/512 2872/2703/512 2874/2704/512 2873/2705/512
f 2873/2705/513 2874/2704/513 2876/2706/513 2875/2707/513
f 2875/2707/514 2876/2706/514 2878/2708/514 2877/2709/514
f 2877/2709/515 2878/2708/515 2880/2710/515 2879/2711/515
f 2879/2711/516 2880/2710/516 2882/2712/516 2881/2713/516
f 2881/2713/517 2882/2712/517 2884/2714/517 2883/2715/517
f 2883/2715/518 2884/2714/518 2886/2716/518 2885/2717/518
f 2885/2717/519 2886/2716/519 2888/2718/519 2887/2719/519
f 2887/2719/520 2888/2718/520 2890/2720/520 2889/2721/520
f 2889/2721/521 2890/2720/521 2892/2722/521 2891/2723/521
f 2891/2723/522 2892/2722/522 2894/2724/522 2893/2725/522
f 2893/2725/523 2894/2724/523 2896/2726/523 2895/2727/523
f 2895/2727/524 2896/2726/524 2898/2728/524 2897/2729/524
f 2897/2729/525 2898/2728/525 2900/2730/525 2899/2731/525
f 2899/2731/526 2900/2730/526 2902/2732/526 2901/2733/526
f 2901/2733/527 2902/2732/527 2904/2734/527 2903/2735/527
f 2903/2735/528 2904/2734/528 2906/2736/528 2905/2737/528
f 2905/2737/529 2906/2736/529 2908/2738/529 2907/2739/529
f 2907/2739/530 2908/2738/530 2910/2740/530 2909/2741/530
f 2909/2741/531 2910/2740/531 2912/2742/531 2911/2743/531
f 2911/2743/532 2912/2742/532 2914/2744/532 2913/2745/532
f 2913/2745/533 2914/2744/533 2916/2746/533 2915/2747/533
f 2915/2747/534 2916/2746/534 2918/2748/534 2917/2749/534
f 2917/2749/535 2918/2748/535 2920/2750/535 2919/2751/535
f 2919/2751/536 2920/2750/536 2922/2752/536 2921/2753/536
f 2921/2753/537 2922/2752/537 2924/2754/537 2923/2755/537
f 2923/2755/538 2924/2754/538 2926/2756/538 2925/2757/538
f 2925/2757/539 2926/2756/539 2928/2758/539 2927/2759/539
f 2927/2759/540 2928/2758/540 2930/2760/540 2929/2761/540
f 2929/2761/541 2930/2760/541 2932/2762/541 2931/2763/541
f 2931/2763/542 2932/2762/542 2934/2764/542 2933/2765/542
f 2933/2765/543 2934/2764/543 2936/2766/543 2935/2767/543
f 2935/2767/544 2936/2766/544 2938/2768/544 2937/2769/544
f 2937/2769/545 2938/2768/545 2940/2770/545 2939/2771/545
f 2939/2771/546 2940/2770/546 2942/2772/546 2941/2773/546
f 2941/2773/547 2942/2772/547 2944/2774/547 2943/2775/547
f 2943/2775/548 2944/2774/548 2946/2776/548 2945/2777/548
f 2945/2777/549 2946/2776/549 2948/2778/549 2947/2779/549
f 2947/2779/550 2948/2778/550 2950/2780/550 2949/2781/550
f 2949/2781/551 2950/2780/551 2952/2782/551 2951/2783/551
f 2951/2783/552 2952/2782/552 2954/2784/552 2953/2785/552
f 2953/2785/553 2954/2784/553 2956/2786/553 2955/2787/553
f 2955/2787/554 2956/2786/554 2958/2788/554 2957/2789/554
f 2957/2789/555 2958/2788/555 2960/2790/555 2959/2791/555
f 2959/2791/556 2960/2790/556 2962/2792/556 2961/2793/556
f 2961/2793/557 2962/2792/557 2964/2794/557 2963/2795/557
f 2963/2795/558 2964/2794/558 2966/2796/558 2965/2797/558
f 2965/2797/559 2966/2796/559 2968/2798/559 2967/2799/559
f 2967/2799/560 2968/2798/560 2970/2800/560 2969/2801/560
f 2969/2801/561 2970/2800/561 2972/2802/561 2971/2803/561
f 2971/2803/562 2972/2802/562 2974/2804/562 2973/2805/562
f 2973/2805/563 2974/2804/563 2976/2806/563 2975/2807/563
f 2975/2807/564 2976/2806/564 2978/2808/564 2977/2809/564
f 2977/2809/565 2978/2808/565 2980/2810/565 2979/2811/565
f 2979/2811/566 2980/2810/566 2982/2812/566 2981/2813/566
f 2981/2813/567 2982/2812/567 2984/2814/567 2983/2815/567
f 2983/2815/568 2984/2814/568 2986/2816/568 2985/2817/568
f 2985/2817/569 2986/2816/569 2988/2818/569 2987/2819/569
f 2987/2819/570 2988/2818/570 2990/2820/570 2989/2821/570
f 2989/2821/571 2990/2820/571 2992/2822/571 2991/2823/571
f 2991/2823/572 2992/2822/572 2994/2824/572 2993/2825/572
f 2993/2825/573 2994/2824/573 2996/2826/573 2995/2827/573
f 2995/2827/574 2996/2826/574 2998/2828/574 2997/2829/574
f 2997/2829/575 2998/2828/575 3000/2830/575 2999/2831/575
f 2999/2831/576 3000/2830/576 3002/2832/576 3001/2833/576
f 3001/2833/577 3002/2832/577 3004/2834/577 3003/2835/577
f 3003/2835/578 3004/2834/578 3006/2836/578 3005/2837/578
f 3005/2837/579 3006/2836/579 3008/2838/579 3007/2839/579
f 3007/2839/580 3008/2838/580 3010/2840/580 3009/2841/580
f 3009/2841/581 3010/2840/581 3012/2842/581 3011/2843/581
f 3011/2843/582 3012/2842/582 3014/2844/582 3013/2845/582
f 3013/2845/583 3014/2844/583 3016/2846/583 3015/2847/583
f 3015/2847/584 3016/2846/584 3018/2848/584 3017/2849/584
f 3017/2849/585 3018/2848/585 3020/2850/585 3019/2851/585
f 3019/2851/586 3020/2850/586 3022/2852/586 3021/2853/586
f 3021/2853/587 3022/2852/587 3024/2854/587 3023/2855/587
f 3023/2855/588 3024/2854/588 3026/2856/588 3025/2857/588
f 3025/2857/589 3026/2856/589 3028/2858/589 3027/2859/589
f 3027/2859/590 3028/2858/590 3030/2860/590 3029/2861/590
f 3029/2861/591 3030/2860/591 3032/2862/591 3031/2863/591
f 3031/2863/592 3032/2862/592 3034/2864/592 3033/2865/592
f 3033/2865/593 3034/2864/593 3036/2866/593 3035/2867/593
f 3035/2867/594 3036/2866/594 3038/2868/594 3037/2869/594
f 3037/2869/595 3038/2868/595 3040/2870/595 3039/2871/595
f 3039/2871/596 3040/2870/596 3042/2872/596 3041/2873/596
f 3041/2873/597 3042/2872/597 3044/2874/597 3043/2875/597
f 3043/2875/598 3044/2874/598 3046/2876/598 3045/2877/598
f 3045/2877/599 3046/2876/599 3048/2878/599 3047/2879/599
f 3047/2879/600 3048/2878/600 3050/2880/600 3049/2881/600
f 3049/2881/601 3050/2880/601 3052/2882/601 3051/2883/601
f 3051/2883/602 3052/2882/602 3054/2884/602 3053/2885/602
f 3053/2885/603 3054/2884/603 3056/2886/603 3055/2887/603
f 3055/2887/604 3056/2886/604 3058/2888/604 3057/2889/604
f 3057/2889/605 3058/2888/605 3060/2890/605 3059/2891/605
f 3059/2891/606 3060/2890/606 3062/2892/606 3061/2893/606
f 3061/2893/607 3062/2892/607 3064/2894/607 3063/2895/607
f 3063/2895/608 3064/2894/608 3066/2896/608 3065/2897/608
f 3065/2897/609 3066/2896/609 3068/2898/609 3067/2899/609
f 3067/2899/610 3068/2898/610 3070/2900/610 3069/2901/610
f 3069/2901/611 3070/2900/611 3072/2902/611 3071/2903/611
f 3071/2903/612 3072/2902/612 3074/2904/612 3073/2905/612
f 3073/2905/613 3074/2904/613 3076/2906/613 3075/2907/613
f 3075/2907/614 3076/2906/614 3078/2908/614 3077/2909/614
f 3077/2909/615 3078/2908/615 3080/2910/615 3079/2911/615
f 3079/2911/616 3080/2910/616 3082/2912/616 3081/2913/616
f 3081/2913/617 3082/2912/617 3084/2914/617 3083/2915/617
f 3083/2915/618 3084/2914/618 3086/2916/618 3085/2917/618
f 3085/2917/619 3086/2916/619 3088/2918/619 3087/2919/619
f 3087/2919/620 3088/2918/620 3090/2920/620 3089/2921/620
f 3089/2921/621 3090/2920/621 3092/2922/621 3091/2923/621
f 3091/2923/622 3092/2922/622 3094/2924/622 3093/2925/622
f 3093/2925/623 3094/2924/623 3096/2926/623 3095/2927/623
f 3095/2927/624 3096/2926/624 3098/2928/624 3097/2929/624
f 3097/2929/625 3098/2928/625 3100/2930/625 3099/2931/625
f 3099/2931/626 3100/2930/626 3102/2932/626 3101/2933/626
f 3101/2933/627 3102/2932/627 3104/2934/627 3103/2935/627
f 3103/2935/628 3104/2934/628 3106/2936/628 3105/2937/628
f 3105/2937/629 3106/2936/629 3108/2938/629 3107/2939/629
f 3107/2939/630 3108/2938/630 3110/2940/630 3109/2941/630
f 3109/2941/631 3110/2940/631 3112/2942/631 3111/2943/631
f 3111/2943/632 3112/2942/632 3114/2944/632 3113/2945/632
f 3113/2945/633 3114/2944/633 3116/2946/633 3115/2947/633
f 3115/2947/634 3116/2946/634 3118/2948/634 3117/2949/634
f 3117/2949/635 3118/2948/635 3120/2950/635 3119/2951/635
f 3119/2951/636 3120/2950/636 3122/2952/636 3121/2953/636
f 3121/2953/637 3122/2952/637 3124/2954/637 3123/2955/637
f 3123/2955/638 3124/2954/638 3126/2956/638 3125/2957/638
f 3125/2957/639 3126/2956/639 3128/2958/639 3127/2959/639
f 3127/2959/640 3128/2958/640 3130/2960/640 3129/2961/640
f 3129/2961/641 3130/2960/641 3132/2962/641 3131/2963/641
f 3131/2963/642 3132/2962/642 3134/2964/642 3133/2965/642
f 3133/2965/643 3134/2964/643 3136/2966/643 3135/2967/643
f 3135/2967/644 3136/2966/644 3138/2968/644 3137/2969/644
f 3137/2969/645 3138/2968/645 3140/2970/645 3139/2971/645
f 3139/2971/646 3140/2970/646 3142/2972/646 3141/2973/646
f 3141/2973/647 3142/2972/647 3144/2974/647 3143/2975/647
f 3143/2975/648 3144/2974/648 3146/2976/648 3145/2977/648
f 3145/2977/649 3146/2976/649 3148/2978/649 3147/2979/649
f 3147/2979/650 3148/2978/650 3150/2980/650 3149/2981/650
f 3149/2981/651 3150/2980/651 3152/2982/651 3151/2983/651
f 3151/2983/652 3152/2982/652 3154/2984/652 3153/2985/652
f 3153/2985/653 3154/2984/653 3156/2986/653 3155/2987/653
f 3155/2987/654 3156/2986/654 3158/2988/654 3157/2989/654
f 3157/2989/655 3158/2988/655 3160/2990/655 3159/2991/655
f 3159/2991/656 3160/2990/656 3162/2992/656 3161/2993/656
f 3161/2993/657 3162/2992/657 3164/2994/657 3163/2995/657
f 3163/2995/658 3164/2994/658 3166/2996/658 3165/2997/658
f 3165/2997/659 3166/2996/659 3168/2998/659 3167/2999/659
f 3167/2999/660 3168/2998/660 3170/3000/660 3169/3001/660
f 3169/3001/661 3170/3000/661 3172/3002/661 3171/3003/661
f 3171/3003/662 3172/3002/662 3174/3004/662 3173/3005/662
f 3173/3005/663 3174/3004/663 3176/3006/663 3175/3007/663
f 3175/3007/664 3176/3006/664 3178/3008/664 3177/3009/664
f 3177/3009/665 3178/3008/665 3180/3010/665 3179/3011/665
f 3179/3011/666 3180/3010/666 3182/3012/666 3181/3013/666
f 3181/3013/667 3182/3012/667 3184/3014/667 3183/3015/667
f 3183/3015/668 3184/3014/668 3186/3016/668 3185/3017/668
f 3185/3017/669 3186/3016/669 3188/3018/669 3187/3019/669
f 3187/3019/670 3188/3018/670 3190/3020/670 3189/3021/670
f 3189/3021/671 3190/3020/671 3192/3022/671 3191/3023/671
f 3191/3023/672 3192/3022/672 3194/3024/672 3193/3025/672
f 3193/3025/673 3194/3024/673 3196/3026/673 3195/3027/673
f 3195/3027/674 3196/3026/674 3198/3028/674 3197/3029/674
f 3197/3029/675 3198/3028/675 3200/3030/675 3199/3031/675
f 3199/3031/676 3200/3030/676 3202/3032/676 3201/3033/676
f 3201/3033/677 3202/3032/677 3204/3034/677 3203/3035/677
f 3203/3035/678 3204/3034/678 3206/3036/678 3205/3037/678
f 3205/3037/679 3206/3036/679 3208/3038/679 3207/3039/679
f 3207/3039/680 3208/3038/680 3210/3040/680 3209/3041/680
f 3209/3041/681 3210/3040/681 3212/3042/681 3211/3043/681
f 3211/3043/682 3212/3042/682 3214/3044/682 3213/3045/682
f 3213/3045/683 3214/3044/683 3216/3046/683 3215/3047/683
f 3215/3047/684 3216/3046/684 3218/3048/684 3217/3049/684
f 3217/3049/685 3218/3048/685 3220/3050/685 3219/3051/685
f 3219/3051/686 3220/3050/686 3222/3052/686 3221/3053/686
f 3221/3053/687 3222/3052/687 3224/3054/687 3223/3055/687
f 3223/3055/688 3224/3054/688 3226/3056/688 3225/3057/688
f 3225/3057/689 3226/3056/689 3228/3058/689 3227/3059/689
f 3227/3059/690 3228/3058/690 3230/3060/690 3229/3061/690
f 3229/3061/691 3230/3060/691 3232/3062/691 3231/3063/691
f 3231/3063/692 3232/3062/692 3234/3064/692 3233/3065/692
f 3233/3065/693 3234/3064/693 3236/3066/693 3235/3067/693
f 3235/3067/694 3236/3066/694 3238/3068/694 3237/3069/694
f 3237/3069/695 3238/3068/695 3240/3070/695 3239/3071/695
f 3239/3071/696 3240/3070/696 3242/3072/696 3241/3073/696
f 3241/3073/697 3242/3072/697 3244/3074/697 3243/3075/697
f 3243/3075/698 3244/3074/698 3246/3076/698 3245/3077/698
f 3245/3077/699 3246/3076/699 3248/3078/699 3247/3079/699
f 3247/3079/700 3248/3078/700 3250/3080/700 3249/3081/700
f 3249/3081/701 3250/3080/701 3252/3082/701 3251/3083/701
f 3251/3083/702 3252/3082/702 3254/3084/702 3253/3085/702
f 3253/3085/703 3254/3084/703 3256/3086/703 3255/3087/703
f 3255/3087/704 3256/3086/704 3258/3088/704 3257/3089/704
f 3257/3089/705 3258/3088/705 3260/3090/705 3259/3091/705
f 3259/3091/706 3260/3090/706 3262/3092/706 3261/3093/706
f 3261/3093/707 3262/3092/707 3264/3094/707 3263/3095/707
f 3263/3095/708 3264/3094/708 3266/3096/708 3265/3097/708
f 3265/3097/709 3266/3096/709 3268/3098/709 3267/3099/709
f 3267/3099/710 3268/3098/710 3270/3100/710 3269/3101/710
f 3269/3101/711 3270/3100/711 3272/3102/711 3271/3103/711
f 3271/3103/712 3272/3102/712 3274/3104/712 3273/3105/712
f 3273/3105/713 3274/3104/713 3276/3106/713 3275/3107/713
f 3275/3107/714 3276/3106/714 3278/3108/714 3277/3109/714
f 3277/3109/715 3278/3108/715 3280/3110/715 3279/3111/715
f 3279/3111/716 3280/3110/716 3282/3112/716 3281/3113/716
f 3281/3113/717 3282/3112/717 3284/3114/717 3283/3115/717
f 3283/3115/718 3284/3114/718 3286/3116/718 3285/3117/718
f 3285/3117/719 3286/3116/719 3288/3118/719 3287/3119/719
f 3287/3119/720 3288/3118/720 3290/3120/720 3289/3121/720
f 3289/3121/721 3290/3120/721 3292/3122/721 3291/3123/721
f 3291/3123/722 3292/3122/722 3294/3124/722 3293/3125/722
f 3293/3125/723 3294/3124/723 3296/3126/723 3295/3127/723
f 3295/3127/724 3296/3126/724 3298/3128/724 3297/3129/724
f 3297/3129/725 3298/3128/725 3300/3130/725 3299/3131/725
f 3299/3131/726 3300/3130/726 3302/3132/726 3301/3133/726
f 3301/3133/727 3302/3132/727 3304/3134/727 3303/3135/727
f 3303/3135/728 3304/3134/728 3306/3136/728 3305/3137/728
f 3305/3137/729 3306/3136/729 3308/3138/729 3307/3139/729
f 3307/3139/730 3308/3138/730 3310/3140/730 3309/3141/730
f 3309/3141/731 3310/3140/731 3312/3142/731 3311/3143/731
f 3311/3143/732 3312/3142/732 3314/3144/732 3313/3145/732
f 3313/3145/733 3314/3144/733 3316/3146/733 3315/3147/733
f 3315/3147/734 3316/3146/734 3318/3148/734 3317/3149/734
f 3317/3149/735 3318/3148/735 3320/3150/735 3319/3151/735
f 3319/3151/736 3320/3150/736 3322/3152/736 3321/3153/736
f 3321/3153/737 3322/3152/737 3324/3154/737 3323/3155/737
f 3323/3155/738 3324/3154/738 3326/3156/738 3325/3157/738
f 3325/3157/739 3326/3156/739 3328/3158/739 3327/3159/739
f 3327/3159/740 3328/3158/740 3330/3160/740 3329/3161/740
f 3329/3161/741 3330/3160/741 3332/3162/741 3331/3163/741
f 3331/3163/742 3332/3162/742 3334/3164/742 3333/3165/742
f 3333/3165/743 3334/3164/743 3336/3166/743 3335/3167/743
f 3335/3167/744 3336/3166/744 3338/3168/744 3337/3169/744
f 3337/3169/745 3338/3168/745 3340/3170/745 3339/3171/745
f 3339/3171/746 3340/3170/746 3342/3172/746 3341/3173/746
f 3341/3173/747 3342/3172/747 3344/3174/747 3343/3175/747
f 3343/3175/748 3344/3174/748 3346/3176/748 3345/3177/748
f 3345/3177/749 3346/3176/749 3348/3178/749 3347/3179/749
f 3347/3179/750 3348/3178/750 3350/3180/750 3349/3181/750
f 3349/3181/751 3350/3180/751 3352/3182/751 3351/3183/751
f 3351/3183/752 3352/3182/752 3354/3184/752 3353/3185/752
f 3353/3185/753 3354/3184/753 3356/3186/753 3355/3187/753
f 3355/3187/754 3356/3186/754 3358/3188/754 3357/3189/754
f 3357/3189/755 3358/3188/755 3360/3190/755 3359/3191/755
f 3359/3191/756 3360/3190/756 3362/3192/756 3361/3193/756
f 3361/3193/757 3362/3192/757 3364/3194/757 3363/3195/757
f 3363/3195/758 3364/3194/758 3366/3196/758 3365/3197/758
f 3365/3197/759 3366/3196/759 3368/3198/759 3367/3199/759
f 3367/3199/760 3368/3198/760 3370/3200/760 3369/3201/760
f 3369/3201/761 3370/3200/761 3372/3202/761 3371/3203/761
f 3371/3203/762 3372/3202/762 3374/3204/762 3373/3205/762
f 3373/3205/763 3374/3204/763 3376/3206/763 3375/3207/763
f 3375/3207/764 3376/3206/764 3378/3208/764 3377/3209/764
f 3377/3209/765 3378/3208/765 3380/3210/765 3379/3211/765
f 3379/3211/766 3380/3210/766 3382/3212/766 3381/3213/766
f 3381/3213/767 3382/3212/767 3384/3214/767 3383/3215/767
f 3383/3215/768 3384/3214/768 3386/3216/768 3385/3217/768
f 3385/3217/769 3386/3216/769 3388/3218/769 3387/3219/769
f 3387/3219/770 3388/3218/770 3390/3220/770 3389/3221/770
f 3389/3221/771 3390/3220/771 3392/3222/771 3391/3223/771
f 3391/3223/772 3392/3222/772 3394/3224/772 3393/3225/772
f 3393/3225/773 3394/3224/773 3396/3226/773 3395/3227/773
f 3395/3227/774 3396/3226/774 3398/3228/774 3397/3229/774
f 3397/3229/775 3398/3228/775 3400/3230/775 3399/3231/775
f 3399/3231/776 3400/3230/776 3402/3232/776 3401/3233/776
f 3401/3233/777 3402/3232/777 3404/3234/777 3403/3235/777
f 3403/3235/778 3404/3234/778 3406/3236/778 3405/3237/778
f 3405/3237/779 3406/3236/779 3408/3238/779 3407/3239/779
f 3407/3239/780 3408/3238/780 3410/3240/780 3409/3241/780
f 3409/3241/781 3410/3240/781 3412/3242/781 3411/3243/781
f 3411/3243/782 3412/3242/782 3414/3244/782 3413/3245/782
f 3413/3245/783 3414/3244/783 3416/3246/783 3415/3247/783
f 3415/3247/784 3416/3246/784 3418/3248/784 3417/3249/784
f 3417/3249/785 3418/3248/785 3420/3250/785 3419/3251/785
f 3419/3251/786 3420/3250/786 3422/3252/786 3421/3253/786
f 3421/3253/787 3422/3252/787 3424/3254/787 3423/3255/787
f 3423/3255/788 3424/3254/788 3426/3256/788 3425/3257/788
f 3425/3257/789 3426/3256/789 3428/3258/789 3427/3259/789
f 3427/3259/790 3428/3258/790 3430/3260/790 3429/3261/790
f 3429/3261/791 3430/3260/791 3432/3262/791 3431/3263/791
f 3431/3263/792 3432/3262/792 3434/3264/792 3433/3265/792
f 3433/3265/793 3434/3264/793 3436/3266/793 3435/3267/793
f 3435/3267/794 3436/3266/794 3438/3268/794 3437/3269/794
f 3437/3269/795 3438/3268/795 3440/3270/795 3439/3271/795
f 3439/3271/796 3440/3270/796 3442/3272/796 3441/3273/796
f 3441/3273/797 3442/3272/797 3444/3274/797 3443/3275/797
f 3443/3275/798 3444/3274/798 3446/3276/798 3445/3277/798
f 3445/3277/799 3446/3276/799 3448/3278/799 3447/3279/799
f 3447/3279/800 3448/3278/800 3450/3280/800 3449/3281/800
f 3449/3281/801 3450/3280/801 3452/3282/801 3451/3283/801
f 3451/3283/802 3452/3282/802 3454/3284/802 3453/3285/802
f 3453/3285/803 3454/3284/803 3456/3286/803 3455/3287/803
f 3455/3287/804 3456/3286/804 3458/3288/804 3457/3289/804
f 3457/3289/805 3458/3288/805 3460/3290/805 3459/3291/805
f 3459/3291/806 3460/3290/806 3462/3292/806 3461/3293/806
f 3461/3293/807 3462/3292/807 3464/3294/807 3463/3295/807
f 3463/3295/808 3464/3294/808 3466/3296/808 3465/3297/808
f 3465/3297/809 3466/3296/809 3468/3298/809 3467/3299/809
f 3467/3299/810 3468/3298/810 3470/3300/810 3469/3301/810
f 3469/3301/811 3470/3300/811 3472/3302/811 3471/3303/811
f 3471/3303/812 3472/3302/812 3474/3304/812 3473/3305/812
f 3473/3305/813 3474/3304/813 3476/3306/813 3475/3307/813
f 3475/3307/814 3476/3306/814 3478/3308/814 3477/3309/814
f 3477/3309/815 3478/3308/815 3480/3310/815 3479/3311/815
f 3479/3311/816 3480/3310/816 3482/3312/816 3481/3313/816
f 3481/3313/817 3482/3312/817 3484/3314/817 3483/3315/817
f 3483/3315/818 3484/3314/818 3486/3316/818 3485/3317/818
f 3485/3317/819 3486/3316/819 3488/3318/819 3487/3319/819
f 3487/3319/820 3488/3318/820 3490/3320/820 3489/3321/820
f 3489/3321/821 3490/3320/821 3492/3322/821 3491/3323/821
f 3491/3323/822 3492/3322/822 3494/3324/822 3493/3325/822
f 3493/3325/823 3494/3324/823 3496/3326/823 3495/3327/823
f 3495/3327/824 3496/3326/824 3498/3328/824 3497/3329/824
f 3497/3329/825 3498/3328/825 3500/3330/825 3499/3331/825
f 3499/3331/826 3500/3330/826 3502/3332/826 3501/3333/826
f 3501/3333/827 3502/3332/827 3504/3334/827 3503/3335/827
f 3503/3335/828 3504/3334/828 3506/3336/828 3505/3337/828
f 3505/3337/829 3506/3336/829 3508/3338/829 3507/3339/829
f 3507/3339/830 3508/3338/830 3510/3340/830 3509/3341/830
f 3509/3341/831 3510/3340/831 3512/3342/831 3511/3343/831
f 3511/3343/832 3512/3342/832 3514/3344/832 3513/3345/832
f 3513/3345/833 3514/3344/833 3516/3346/833 3515/3347/833
f 3515/3347/834 3516/3346/834 3518/3348/834 3517/3349/834
f 3517/3349/835 3518/3348/835 3520/3350/835 3519/3351/835
f 3519/3351/836 3520/3350/836 3522/3352/836 3521/3353/836
f 3521/3353/837 3522/3352/837 3524/3354/837 3523/3355/837
f 3523/3355/838 3524/3354/838 3526/3356/838 3525/3357/838
f 3525/3357/839 3526/3356/839 3528/3358/839 3527/3359/839
f 3527/3359/840 3528/3358/840 3530/3360/840 3529/3361/840
f 3529/3361/841 3530/3360/841 3532/3362/841 3531/3363/841
f 3531/3363/842 3532/3362/842 3534/3364/842 3533/3365/842
f 3533/3365/843 3534/3364/843 3536/3366/843 3535/3367/843
f 3535/3367/844 3536/3366/844 3538/3368/844 3537/3369/844
f 3537/3369/845 3538/3368/845 3540/3370/845 3539/3371/845
f 3539/3371/846 3540/3370/846 3542/3372/846 3541/3373/846
f 3541/3373/847 3542/3372/847 3544/3374/847 3543/3375/847
f 3543/3375/848 3544/3374/848 3546/3376/848 3545/3377/848
f 3545/3377/849 3546/3376/849 3548/3378/849 3547/3379/849
f 3547/3379/850 3548/3378/850 3550/3380/850 3549/3381/850
f 3549/3381/851 3550/3380/851 3552/3382/851 3551/3383/851
f 3551/3383/852 3552/3382/852 3554/3384/852 3553/3385/852
f 3553/3385/853 3554/3384/853 3556/3386/853 3555/3387/853
f 3555/3387/854 3556/3386/854 3558/3388/854 3557/3389/854
f 3557/3389/855 3558/3388/855 3560/3390/855 3559/3391/855
f 3559/3391/856 3560/3390/856 3562/3392/856 3561/3393/856
f 3561/3393/857 3562/3392/857 3564/3394/857 3563/3395/857
f 3563/3395/858 3564/3394/858 3566/3396/858 3565/3397/858
f 3565/3397/859 3566/3396/859 3568/3398/859 3567/3399/859
f 3567/3399/860 3568/3398/860 3570/3400/860 3569/3401/860
f 3569/3401/861 3570/3400/861 3572/3402/861 3571/3403/861
f 3571/3403/862 3572/3402/862 3574/3404/862 3573/3405/862
f 3573/3405/863 3574/3404/863 3576/3406/863 3575/3407/863
f 3575/3407/864 3576/3406/864 3578/3408/864 3577/3409/864
f 3577/3409/865 3578/3408/865 3580/3410/865 3579/3411/865
f 3579/3411/866 3580/3410/866 3582/3412/866 3581/3413/866
f 3581/3413/867 3582/3412/867 3584/3414/867 3583/3415/867
f 3583/3415/868 3584/3414/868 3586/3416/868 3585/3417/868
f 3585/3417/869 3586/3416/869 3588/3418/869 3587/3419/869
f 3587/3419/870 3588/3418/870 3590/3420/870 3589/3421/870
f 3589/3421/871 3590/3420/871 3592/3422/871 3591/3423/871
f 3591/3423/872 3592/3422/872 3594/3424/872 3593/3425/872
f 3593/3425/873 3594/3424/873 3596/3426/873 3595/3427/873
f 3595/3427/874 3596/3426/874 3598/3428/874 3597/3429/874
f 3597/3429/875 3598/3428/875 3600/3430/875 3599/3431/875
f 3599/3431/876 3600/3430/876 3602/3432/876 3601/3433/876
f 3601/3433/877 3602/3432/877 3604/3434/877 3603/3435/877
f 3603/3435/878 3604/3434/878 3606/3436/878 3605/3437/878
f 3605/3437/879 3606/3436/879 3608/3438/879 3607/3439/879
f 3607/3439/880 3608/3438/880 3610/3440/880 3609/3441/880
f 3609/3441/881 3610/3440/881 3612/3442/881 3611/3443/881
f 3611/3443/882 3612/3442/882 3614/3444/882 3613/3445/882
f 3613/3445/883 3614/3444/883 3616/3446/883 3615/3447/883
f 3615/3447/884 3616/3446/884 3618/3448/884 3617/3449/884
f 3617/3449/885 3618/3448/885 3620/3450/885 3619/3451/885
f 3619/3451/886 3620/3450/886 3622/3452/886 3621/3453/886
f 3621/3453/887 3622/3452/887 3624/3454/887 3623/3455/887
f 3623/3455/888 3624/3454/888 3626/3456/888 3625/3457/888
f 3625/3457/889 3626/3456/889 3628/3458/889 3627/3459/889
f 3627/3459/890 3628/3458/890 3630/3460/890 3629/3461/890
f 3629/3461/891 3630/3460/891 3632/3462/891 3631/3463/891
f 3631/3463/892 3632/3462/892 3634/3464/892 3633/3465/892
f 3633/3465/893 3634/3464/893 3636/3466/893 3635/3467/893
f 3635/3467/894 3636/3466/894 3638/3468/894 3637/3469/894
f 3637/3469/895 3638/3468/895 3640/3470/895 3639/3471/895
f 3639/3471/896 3640/3470/896 3642/3472/896 3641/3473/896
f 3641/3473/897 3642/3472/897 3644/3474/897 3643/3475/897
f 3643/3475/898 3644/3474/898 3646/3476/898 3645/3477/898
f 3645/3477/899 3646/3476/899 3648/3478/899 3647/3479/899
f 3647/3479/900 3648/3478/900 3650/3480/900 3649/3481/900
f 3649/3481/901 3650/3480/901 3652/3482/901 3651/3483/901
f 3651/3483/902 3652/3482/902 3654/3484/902 3653/3485/902
f 3653/3485/903 3654/3484/903 3656/3486/903 3655/3487/903
f 3655/3487/904 3656/3486/904 3658/3488/904 3657/3489/904
f 3657/3489/905 3658/3488/905 3660/3490/905 3659/3491/905
f 3659/3491/906 3660/3490/906 3662/3492/906 3661/3493/906
f 3661/3493/907 3662/3492/907 3664/3494/907 3663/3495/907
f 3663/3495/908 3664/3494/908 3666/3496/908 3665/3497/908
f 3665/3497/909 3666/3496/909 3668/3498/909 3667/3499/909
f 3667/3499/910 3668/3498/910 3670/3500/910 3669/3501/910
f 3669/3501/911 3670/3500/911 3672/3502/911 3671/3503/911
f 3671/3503/912 3672/3502/912 3674/3504/912 3673/3505/912
f 3673/3505/913 3674/3504/913 3676/3506/913 3675/3507/913
f 3675/3507/914 3676/3506/914 3678/3508/914 3677/3509/914
f 3677/3509/915 3678/3508/915 3680/3510/915 3679/3511/915
f 3679/3511/916 3680/3510/916 3682/3512/916 3681/3513/916
f 3681/3513/917 3682/3512/917 3684/3514/917 3683/3515/917
f 3683/3515/918 3684/3514/918 3686/3516/918 3685/3517/918
f 3685/3517/919 3686/3516/919 3688/3518/919 3687/3519/919
f 3687/3519/920 3688/3518/920 3690/3520/920 3689/3521/920
f 3689/3521/921 3690/3520/921 3692/3522/921 3691/3523/921
f 3691/3523/922 3692/3522/922 3694/3524/922 3693/3525/922
f 3693/3525/923 3694/3524/923 3696/3526/923 3695/3527/923
f 3695/3527/924 3696/3526/924 3698/3528/924 3697/3529/924
f 3697/3529/925 3698/3528/925 3700/3530/925 3699/3531/925
f 3699/3531/926 3700/3530/926 3702/3532/926 3701/3533/926
f 3701/3533/927 3702/3532/927 3704/3534/927 3703/3535/927
f 3703/3535/928 3704/3534/928 3706/3536/928 3705/3537/928
f 3705/3537/929 3706/3536/929 3708/3538/929 3707/3539/929
f 3707/3539/930 3708/3538/930 3710/3540/930 3709/3541/930
f 3709/3541/931 3710/3540/931 3712/3542/931 3711/3543/931
f 3711/3543/932 3712/3542/932 3714/3544/932 3713/3545/932
f 3713/3545/933 3714/3544/933 3716/3546/933 3715/3547/933
f 3715/3547/934 3716/3546/934 3718/3548/934 3717/3549/934
f 3717/3549/935 3718/3548/935 3720/3550/935 3719/3551/935
f 3719/3551/936 3720/3550/936 3722/3552/936 3721/3553/936
f 3721/3553/937 3722/3552/937 3724/3554/937 3723/3555/937
f 3723/3555/938 3724/3554/938 3726/3556/938 3725/3557/938
f 3725/3557/939 3726/3556/939 3728/3558/939 3727/3559/939
f 3727/3559/940 3728/3558/940 3730/3560/940 3729/3561/940
f 3729/3561/941 3730/3560/941 3732/3562/941 3731/3563/941
f 3731/3563/942 3732/3562/942 3734/3564/942 3733/3565/942
f 3733/3565/943 3734/3564/943 3736/3566/943 3735/3567/943
f 3735/3567/944 3736/3566/944 3738/3568/944 3737/3569/944
f 3737/3569/945 3738/3568/945 3740/3570/945 3739/3571/945
f 3739/3571/946 3740/3570/946 3742/3572/946 3741/3573/946
f 3741/3573/947 3742/3572/947 3744/3574/947 3743/3575/947
f 3743/3575/948 3744/3574/948 3746/3576/948 3745/3577/948
f 3745/3577/949 3746/3576/949 3748/3578/949 3747/3579/949
f 3747/3579/950 3748/3578/950 3750/3580/950 3749/3581/950
f 3749/3581/951 3750/3580/951 3752/3582/951 3751/3583/951
f 3751/3583/952 3752/3582/952 3754/3584/952 3753/3585/952
f 3753/3585/953 3754/3584/953 3756/3586/953 3755/3587/953
f 3755/3587/954 3756/3586/954 3758/3588/954 3757/3589/954
f 3757/3589/955 3758/3588/955 3760/3590/955 3759/3591/955
f 3759/3591/956 3760/3590/956 3762/3592/956 3761/3593/956
f 3761/3593/957 3762/3592/957 3764/3594/957 3763/3595/957
f 3763/3595/958 3764/3594/958 3766/3596/958 3765/3597/958
f 3765/3597/959 3766/3596/959 3768/3598/959 3767/3599/959
f 3767/3599/960 3768/3598/960 3770/3600/960 3769/3601/960
f 3769/3601/961 3770/3600/961 3772/3602/961 3771/3603/961
f 3771/3603/962 3772/3602/962 3774/3604/962 3773/3605/962
f 3773/3605/963 3774/3604/963 3776/3606/963 3775/3607/963
f 3775/3607/964 3776/3606/964 3778/3608/964 3777/3609/964
f 3777/3609/965 3778/3608/965 3780/3610/965 3779/3611/965
f 3779/3611/966 3780/3610/966 3782/3612/966 3781/3613/966
f 3781/3613/967 3782/3612/967 3784/3614/967 3783/3615/967
f 3783/3615/968 3784/3614/968 3786/3616/968 3785/3617/968
f 3785/3617/969 3786/3616/969 3788/3618/969 3787/3619/969
f 3787/3619/970 3788/3618/970 3790/3620/970 3789/3621/970
f 3789/3621/971 3790/3620/971 3792/3622/971 3791/3623/971
f 3791/3623/972 3792/3622/972 3794/3624/972 3793/3625/972
f 3793/3625/973 3794/3624/973 3796/3626/973 3795/3627/973
f 3795/3627/974 3796/3626/974 3798/3628/974 3797/3629/974
f 3797/3629/975 3798/3628/975 3800/3630/975 3799/3631/975
f 3799/3631/976 3800/3630/976 3802/3632/976 3801/3633/976
f 3801/3633/977 3802/3632/977 3804/3634/977 3803/3635/977
f 3803/3635/978 3804/3634/978 3806/3636/978 3805/3637/978
f 3805/3637/979 3806/3636/979 3808/3638/979 3807/3639/979
f 3807/3639/980 3808/3638/980 3810/3640/980 3809/3641/980
f 3809/3641/981 3810/3640/981 3812/3642/981 3811/3643/981
f 3811/3643/982 3812/3642/982 3814/3644/982 3813/3645/982
f 3813/3645/983 3814/3644/983 3816/3646/983 3815/3647/983
f 3815/3647/984 3816/3646/984 3818/3648/984 3817/3649/984
f 3817/3649/985 3818/3648/985 3820/3650/985 3819/3651/985
f 3819/3651/986 3820/3650/986 3822/3652/986 3821/3653/986
f 3821/3653/987 3822/3652/987 3824/3654/987 3823/3655/987
f 3823/3655/988 3824/3654/988 3826/3656/988 3825/3657/988
f 3825/3657/989 3826/3656/989 3828/3658/989 3827/3659/989
f 3827/3659/990 3828/3658/990 3830/3660/990 3829/3661/990
f 3829/3661/991 3830/3660/991 3832/3662/991 3831/3663/991
f 3831/3663/992 3832/3662/992 3834/3664/992 3833/3665/992
f 3833/3665/993 3834/3664/993 3836/3666/993 3835/3667/993
f 3835/3667/994 3836/3666/994 3838/3668/994 3837/3669/994
f 3837/3669/995 3838/3668/995 3840/3670/995 3839/3671/995
f 3839/3671/996 3840/3670/996 3842/3672/996 3841/3673/996
f 3841/3673/997 3842/3672/997 3844/3674/997 3843/3675/997
f 3843/3675/998 3844/3674/998 3846/3676/998 3845/3677/998
f 3845/3677/999 3846/3676/999 3848/3678/999 3847/3679/999
f 3847/3679/1000 3848/3678/1000 3850/3680/1000 3849/3681/1000
f 3849/3681/1001 3850/3680/1001 3852/3682/1001 3851/3683/1001
f 3851/3683/1002 3852/3682/1002 3854/3684/1002 3853/3685/1002
f 3853/3685/1003 3854/3684/1003 3856/3686/1003 3855/3687/1003
f 3855/3687/1004 3856/3686/1004 3858/3688/1004 3857/3689/1004
f 3857/3689/1005 3858/3688/1005 3860/3690/1005 3859/3691/1005
f 3859/3691/1006 3860/3690/1006 3862/3692/1006 3861/3693/1006
f 3861/3693/1007 3862/3692/1007 3864/3694/1007 3863/3695/1007
f 3863/3695/1008 3864/3694/1008 3866/3696/1008 3865/3697/1008
f 3865/3697/1009 3866/3696/1009 3868/3698/1009 3867/3699/1009
f 2874/3700/1010 2872/3701/1010 3870/3702/1010 3868/3703/1010 3866/3704/1010 3864/3705/1010 3862/3706/1010 3860/3707/1010 3858/3708/1010 3856/3709/1010 3854/3710/1010 3852/3711/1010 3850/3712/1010 3848/3713/1010 3846/3714/1010 3844/3715/1010 3842/3716/1010 3840/3717/1010 3838/3718/1010 3836/3719/1010 3834/3720/1010 3832/3721/1010 3830/3722/1010 3828/3723/1010 3826/3724/1010 3824/3725/1010 3822/3726/1010 3820/3727/1010 3818/3728/1010 3816/3729/1010 3814/3730/1010 3812/3731/1010 3810/3732/1010 3808/3733/1010 3806/3734/1010 3804/3735/1010 3802/3736/1010 3800/3737/1010 3798/3738/1010 3796/3739/1010 3794/3740/1010 3792/3741/1010 3790/3742/1010 3788/3743/1010 3786/3744/1010 3784/3745/1010 3782/3746/1010 3780/3747/1010 3778/3748/1010 3776/3749/1010 3774/3750/1010 3772/3751/1010 3770/3752/1010 3768/3753/1010 3766/3754/1010 3764/3755/1010 3762/3756/1010 3760/3757/1010 3758/3758/1010 3756/3759/1010 3754/3760/1010 3752/3761/1010 3750/3762/1010 3748/3763/1010 3746/3764/1010 3744/3765/1010 3742/3766/1010 3740/3767/1010 3738/3768/1010 3736/3769/1010 3734/3770/1010 3732/3771/1010 3730/3772/1010 3728/3773/1010 3726/3774/1010 3724/3775/1010 3722/3776/1010 3720/3777/1010 3718/3778/1010 3716/3779/1010 3714/3780/1010 3712/3781/1010 3710/3782/1010 3708/3783/1010 3706/3784/1010 3704/3785/1010 3702/3786/1010 3700/3787/1010 3698/3788/1010 3696/3789/1010 3694/3790/1010 3692/3791/1010 3690/3792/1010 3688/3793/1010 3686/3794/1010 3684/3795/1010 3682/3796/1010 3680/3797/1010 3678/3798/1010 3676/3799/1010 3674/3800/1010 3672/3801/1010 3670/3802/1010 3668/3803/1010 3666/3804/1010 3664/3805/1010 3662/3806/1010 3660/3807/1010 3658/3808/1010 3656/3809/1010 3654/3810/1010 3652/3811/1010 3650/3812/1010 3648/3813/1010 3646/3814/1010 3644/3815/1010 3642/3816/1010 3640/3817/1010 3638/3818/1010 3636/3819/1010 3634/3820/1010 3632/3821/1010 3630/3822/1010 3628/3823/1010 3626/3824/1010 3624/3825/1010 3622/3826/1010 3620/3827/1010 3618/3828/1010 3616/3829/1010 3614/3830/1010 3612/3831/1010 3610/3832/1010 3608/3833/1010 3606/3834/1010 3604/3835/1010 3602/3836/1010 3600/3837/1010 3598/3838/1010 3596/3839/1010 3594/3840/1010 3592/3841/1010 3590/3842/1010 3588/3843/1010 3586/3844/1010 3584/3845/1010 3582/3846/1010 3580/3847/1010 3578/3848/1010 3576/3849/1010 3574/3850/1010 3572/3851/1010 3570/3852/1010 3568/3853/1010 3566/3854/1010 3564/3855/1010 3562/3856/1010 3560/3857/1010 3558/3858/1010 3556/3859/1010 3554/3860/1010 3552/3861/1010 3550/3862/1010 3548/3863/1010 3546/3864/1010 3544/3865/1010 3542/3866/1010 3540/3867/1010 3538/3868/1010 3536/3869/1010 3534/3870/1010 3532/3871/1010 3530/3872/1010 3528/3873/1010 3526/3874/1010 3524/3875/1010 3522/3876/1010 3520/3877/1010 3518/3878/1010 3516/3879/1010 3514/3880/1010 3512/3881/1010 3510/3882/1010 3508/3883/1010 3506/3884/1010 3504/3885/1010 3502/3886/1010 3500/3887/1010 3498/3888/1010 3496/3889/1010 3494/3890/1010 3492/3891/1010 3490/3892/1010 3488/3893/1010 3486/3894/1010 3484/3895/1010 3482/3896/1010 3480/3897/1010 3478/3898/1010 3476/3899/1010 3474/3900/1010 3472/3901/1010 3470/3902/1010 3468/3903/1010 3466/3904/1010 3464/3905/1010 3462/3906/1010 3460/3907/1010 3458/3908/1010 3456/3909/1010 3454/3910/1010 3452/3911/1010 3450/3912/1010 3448/3913/1010 3446/3914/1010 3444/3915/1010 3442/3916/1010 3440/3917/1010 3438/3918/1010 3436/3919/1010 3434/3920/1010 3432/3921/1010 3430/3922/1010 3428/3923/1010 3426/3924/1010 3424/3925/1010 3422/3926/1010 3420/3927/1010 3418/3928/1010 3416/3929/1010 3414/3930/1010 3412/3931/1010 3410/3932/1010 3408/3933/1010 3406/3934/1010 3404/3935/1010 3402/3936/1010 3400/3937/1010 3398/3938/1010 3396/3939/1010 3394/3940/1010 3392/3941/1010 3390/3942/1010 3388/3943/1010 3386/3944/1010 3384/3945/1010 3382/3946/1010 3380/3947/1010 3378/3948/1010 3376/3949/1010 3374/3950/1010 3372/3951/1010 3370/3952/1010 3368/3953/1010 3366/3954/1010 3364/3955/1010 3362/3956/1010 3360/3957/1010 3358/3958/1010 3356/3959/1010 3354/3960/1010 3352/3961/1010 3350/3962/1010 3348/3963/1010 3346/3964/1010 3344/3965/1010 3342/3966/1010 3340/3967/1010 3338/3968/1010 3336/3969/1010 3334/3970/1010 3332/3971/1010 3330/3972/1010 3328/3973/1010 3326/3974/1010 3324/3975/1010 3322/3976/1010 3320/3977/1010 3318/3978/1010 3316/3979/1010 3314/3980/1010 3312/3981/1010 3310/3982/1010 3308/3983/1010 3306/3984/1010 3304/3985/1010 3302/3986/1010 3300/3987/1010 3298/3988/1010 3296/3989/1010 3294/3990/1010 3292/3991/1010 3290/3992/1010 3288/3993/1010 3286/3994/1010 3284/3995/1010 3282/3996/1010 3280/3997/1010 3278/3998/1010 3276/3999/1010 3274/4000/1010 3272/4001/1010 3270/4002/1010 3268/4003/1010 3266/4004/1010 3264/4005/1010 3262/4006/1010 3260/4007/1010 3258/4008/1010 3256/4009/1010 3254/4010/1010 3252/4011/1010 3250/4012/1010 3248/4013/1010 3246/4014/1010 3244/4015/1010 3242/4016/1010 3240/4017/1010 3238/4018/1010 3236/4019/1010 3234/4020/1010 3232/4021/1010 3230/4022/1010 3228/4023/1010 3226/4024/1010 3224/4025/1010 3222/4026/1010 3220/4027/1010 3218/4028/1010 3216/4029/1010 3214/4030/1010 3212/4031/1010 3210/4032/1010 3208/4033/1010 3206/4034/1010 3204/4035/1010 3202/4036/1010 3200/4037/1010 3198/4038/1010 3196/4039/1010 3194/4040/1010 3192/4041/1010 3190/4042/1010 3188/4043/1010 3186/4044/1010 3184/4045/1010 3182/4046/1010 3180/4047/1010 3178/4048/1010 3176/4049/1010 3174/4050/1010 3172/4051/1010 3170/4052/1010 3168/4053/1010 3166/4054/1010 3164/4055/1010 3162/4056/1010 3160/4057/1010 3158/4058/1010 3156/4059/1010 3154/4060/1010 3152/4061/1010 3150/4062/1010 3148/4063/1010 3146/4064/1010 3144/4065/1010 3142/4066/1010 3140/4067/1010 3138/4068/1010 3136/4069/1010 3134/4070/1010 3132/4071/1010 3130/4072/1010 3128/4073/1010 3126/4074/1010 3124/4075/1010 3122/4076/1010 3120/4077/1010 3118/4078/1010 3116/4079/1010 3114/4080/1010 3112/4081/1010 3110/4082/1010 3108/4083/1010 3106/4084/1010 3104/4085/1010 3102/4086/1010 3100/4087/1010 3098/4088/1010 3096/4089/1010 3094/4090/1010 3092/4091/1010 3090/4092/1010 3088/4093/1010 3086/4094/1010 3084/4095/1010 3082/4096/1010 3080/4097/1010 3078/4098/1010 3076/4099/1010 3074/4100/1010 3072/4101/1010 3070/4102/1010 3068/4103/1010 3066/4104/1010 3064/4105/1010 3062/4106/1010 3060/4107/1010 3058/4108/1010 3056/4109/1010 3054/4110/1010 3052/4111/1010 3050/4112/1010 3048/4113/1010 3046/4114/1010 3044/4115/1010 3042/4116/1010 3040/4117/1010 3038/4118/1010 3036/4119/1010 3034/4120/1010 3032/4121/1010 3030/4122/1010 3028/4123/1010 3026/4124/1010 3024/4125/1010 3022/4126/1010 3020/4127/1010 3018/4128/1010 3016/4129/1010 3014/4130/1010 3012/4131/1010 3010/4132/1010 3008/4133/1010 3006/4134/1010 3004/4135/1010 3002/4136/1010 3000/4137/1010 2998/4138/1010 2996/4139/1010 2994/4140/1010 2992/4141/1010 2990/4142/1010 2988/4143/1010 2986/4144/1010 2984/4145/1010 2982/4146/1010 2980/4147/1010 2978/4148/1010 2976/4149/1010 2974/4150/1010 2972/4151/1010 2970/4152/1010 2968/4153/1010 2966/4154/1010 2964/4155/1010 2962/4156/1010 2960/4157/1010 2958/4158/1010 2956/4159/1010 2954/4160/1010 2952/4161/1010 2950/4162/1010 2948/4163/1010 2946/4164/1010 2944/4165/1010 2942/4166/1010 2940/4167/1010 2938/4168/1010 2936/4169/1010 2934/4170/1010 2932/4171/1010 2930/4172/1010 2928/4173/1010 2926/4174/1010 2924/4175/1010 2922/4176/1010 2920/4177/1010 2918/4178/1010 2916/4179/1010 2914/4180/1010 2912/4181/1010 2910/4182/1010 2908/4183/1010 2906/4184/1010 2904/4185/1010 2902/4186/1010 2900/4187/1010 2898/4188/1010 2896/4189/1010 2894/4190/1010 2892/4191/1010 2890/4192/1010 2888/4193/1010 2886/4194/1010 2884/4195/1010 2882/4196/1010 2880/4197/1010 2878/4198/1010 2876/4199/1010
f 3867/3699/1011 3868/3698/1011 3870/4200/1011 3869/4201/1011
f 3869/4201/1012 3870/4200/1012 2872/4202/1012 2871/4203/1012
f 2871/4204/1013 2873/4205/1013 2875/4206/1013 2877/4207/1013 2879/4208/1013 2881/4209/1013 2883/4210/1013 2885/4211/1013 2887/4212/1013 2889/4213/1013 2891/4214/1013 2893/4215/1013 2895/4216/1013 2897/4217/1013 2899/4218/1013 2901/4219/1013 2903/4220/1013 2905/4221/1013 2907/4222/1013 2909/4223/1013 2911/4224/1013 2913/4225/1013 2915/4226/1013 2917/4227/1013 2919/4228/1013 2921/4229/1013 2923/4230/1013 2925/4231/1013 2927/4232/1013 2929/4233/1013 2931/4234/1013 2933/4235/1013 2935/4236/1013 2937/4237/1013 2939/4238/1013 2941/4239/1013 2943/4240/1013 2945/4241/1013 2947/4242/1013 2949/4243/1013 2951/4244/1013 2953/4245/1013 2955/4246/1013 2957/4247/1013 2959/4248/1013 2961/4249/1013 2963/4250/1013 2965/4251/1013 2967/4252/1013 2969/4253/1013 2971/4254/1013 2973/4255/1013 2975/4256/1013 2977/4257/1013 2979/4258/1013 2981/4259/1013 2983/4260/1013 2985/4261/1013 2987/4262/1013 2989/4263/1013 2991/4264/1013 2993/4265/1013 2995/4266/1013 2997/4267/1013 2999/4268/1013 3001/4269/1013 3003/4270/1013 3005/4271/1013 3007/4272/1013 3009/4273/1013 3011/4274/1013 3013/4275/1013 3015/4276/1013 3017/4277/1013 3019/4278/1013 3021/4279/1013 3023/4280/1013 3025/4281/1013 3027/4282/1013 3029/4283/1013 3031/4284/1013 3033/4285/1013 3035/4286/1013 3037/4287/1013 3039/4288/1013 3041/4289/1013 3043/4290/1013 3045/4291/1013 3047/4292/1013 3049/4293/1013 3051/4294/1013 3053/4295/1013 3055/4296/1013 3057/4297/1013 3059/4298/1013 3061/4299/1013 3063/4300/1013 3065/4301/1013 3067/4302/1013 3069/4303/1013 3071/4304/1013 3073/4305/1013 3075/4306/1013 3077/4307/1013 3079/4308/1013 3081/4309/1013 3083/4310/1013 3085/4311/1013 3087/4312/1013 3089/4313/1013 3091/4314/1013 3093/4315/1013 3095/4316/1013 3097/4317/1013 3099/4318/1013 3101/4319/1013 3103/4320/1013 3105/4321/1013 3107/4322/1013 3109/4323/1013 3111/4324/1013 3113/4325/1013 3115/4326/1013 3117/4327/1013 3119/4328/1013 3121/4329/1013 3123/4330/1013 3125/4331/1013 3127/4332/1013 3129/4333/1013 3131/4334/1013 3133/4335/1013 3135/4336/1013 3137/4337/1013 3139/4338/1013 3141/4339/1013 3143/4340/1013 3145/4341/1013 3147/4342/1013 3149/4343/1013 3151/4344/1013 3153/4345/1013 3155/4346/1013 3157/4347/1013 3159/4348/1013 3161/4349/1013 3163/4350/1013 3165/4351/1013 3167/4352/1013 3169/4353/1013 3171/4354/1013 3173/4355/1013 3175/4356/1013 3177/4357/1013 3179/4358/1013 3181/4359/1013 3183/4360/1013 3185/4361/1013 3187/4362/1013 3189/4363/1013 3191/4364/1013 3193/4365/1013 3195/4366/1013 3197/4367/1013 3199/4368/1013 3201/4369/1013 3203/4370/1013 3205/4371/1013 3207/4372/1013 3209/4373/1013 3211/4374/1013 3213/4375/1013 3215/4376/1013 3217/4377/1013 3219/4378/1013 3221/4379/1013 3223/4380/1013 3225/4381/1013 3227/4382/1013 3229/4383/1013 3231/4384/1013 3233/4385/1013 3235/4386/1013 3237/4387/1013 3239/4388/1013 3241/4389/1013 3243/4390/1013 3245/4391/1013 3247/4392/1013 3249/4393/1013 3251/4394/1013 3253/4395/1013 3255/4396/1013 3257/4397/1013 3259/4398/1013 3261/4399/1013 3263/4400/1013 3265/4401/1013 3267/4402/1013 3269/4403/1013 3271/4404/1013 3273/4405/1013 3275/4406/1013 3277/4407/1013 3279/4408/1013 3281/4409/1013 3283/4410/1013 3285/4411/1013 3287/4412/1013 3289/4413/1013 3291/4414/1013 3293/4415/1013 3295/4416/1013 3297/4417/1013 3299/4418/1013 3301/4419/1013 3303/4420/1013 3305/4421/1013 3307/4422/1013 3309/4423/1013 3311/4424/1013 3313/4425/1013 3315/4426/1013 3317/4427/1013 3319/4428/1013 3321/4429/1013 3323/4430/1013 3325/4431/1013 3327/4432/1013 3329/4433/1013 3331/4434/1013 3333/4435/1013 3335/4436/1013 3337/4437/1013 3339/4438/1013 3341/4439/1013 3343/4440/1013 3345/4441/1013 3347/4442/1013 3349/4443/1013 3351/4444/1013 3353/4445/1013 3355/4446/1013 3357/4447/1013 3359/4448/1013 3361/4449/1013 3363/4450/1013 3365/4451/1013 3367/4452/1013 3369/4453/1013 3371/4454/1013 3373/4455/1013 3375/4456/1013 3377/4457/1013 3379/4458/1013 3381/4459/1013 3383/4460/1013 3385/4461/1013 3387/4462/1013 3389/4463/1013 3391/4464/1013 3393/4465/1013 3395/4466/1013 3397/4467/1013 3399/4468/1013 3401/4469/1013 3403/4470/1013 3405/4471/1013 3407/4472/1013 3409/4473/1013 3411/4474/1013 3413/4475/1013 3415/4476/1013 3417/4477/1013 3419/4478/1013 3421/4479/1013 3423/4480/1013 3425/4481/1013 3427/4482/1013 3429/4483/1013 3431/4484/1013 3433/4485/1013 3435/4486/1013 3437/4487/1013 3439/4488/1013 3441/4489/1013 3443/4490/1013 3445/4491/1013 3447/4492/1013 3449/4493/1013 3451/4494/1013 3453/4495/1013 3455/4496/1013 3457/4497/1013 3459/4498/1013 3461/4499/1013 3463/4500/1013 3465/4501/1013 3467/4502/1013 3469/4503/1013 3471/4504/1013 3473/4505/1013 3475/4506/1013 3477/4507/1013 3479/4508/1013 3481/4509/1013 3483/4510/1013 3485/4511/1013 3487/4512/1013 3489/4513/1013 3491/4514/1013 3493/4515/1013 3495/4516/1013 3497/4517/1013 3499/4518/1013 3501/4519/1013 3503/4520/1013 3505/4521/1013 3507/4522/1013 3509/4523/1013 3511/4524/1013 3513/4525/1013 3515/4526/1013 3517/4527/1013 3519/4528/1013 3521/4529/1013 3523/4530/1013 3525/4531/1013 3527/4532/1013 3529/4533/1013 3531/4534/1013 3533/4535/1013 3535/4536/1013 3537/4537/1013 3539/4538/1013 3541/4539/1013 3543/4540/1013 3545/4541/1013 3547/4542/1013 3549/4543/1013 3551/4544/1013 3553/4545/1013 3555/4546/1013 3557/4547/1013 3559/4548/1013 3561/4549/1013 3563/4550/1013 3565/4551/1013 3567/4552/1013 3569/4553/1013 3571/4554/1013 3573/4555/1013 3575/4556/1013 3577/4557/1013 3579/4558/1013 3581/4559/1013 3583/4560/1013 3585/4561/1013 3587/4562/1013 3589/4563/1013 3591/4564/1013 3593/4565/1013 3595/4566/1013 3597/4567/1013 3599/4568/1013 3601/4569/1013 3603/4570/1013 3605/4571/1013 3607/4572/1013 3609/4573/1013 3611/4574/1013 3613/4575/1013 3615/4576/1013 3617/4577/1013 3619/4578/1013 3621/4579/1013 3623/4580/1013 3625/4581/1013 3627/4582/1013 3629/4583/1013 3631/4584/1013 3633/4585/1013 3635/4586/1013 3637/4587/1013 3639/4588/1013 3641/4589/1013 3643/4590/1013 3645/4591/1013 3647/4592/1013 3649/4593/1013 3651/4594/1013 3653/4595/1013 3655/4596/1013 3657/4597/1013 3659/4598/1013 3661/4599/1013 3663/4600/1013 3665/4601/1013 3667/4602/1013 3669/4603/1013 3671/4604/1013 3673/4605/1013 3675/4606/1013 3677/4607/1013 3679/4608/1013 3681/4609/1013 3683/4610/1013 3685/4611/1013 3687/4612/1013 3689/4613/1013 3691/4614/1013 3693/4615/1013 3695/4616/1013 3697/4617/1013 3699/4618/1013 3701/4619/1013 3703/4620/1013 3705/4621/1013 3707/4622/1013 3709/4623/1013 3711/4624/1013 3713/4625/1013 3715/4626/1013 3717/4627/1013 3719/4628/1013 3721/4629/1013 3723/4630/1013 3725/4631/1013 3727/4632/1013 3729/4633/1013 3731/4634/1013 3733/4635/1013 3735/4636/1013 3737/4637/1013 3739/4638/1013 3741/4639/1013 3743/4640/1013 3745/4641/1013 3747/4642/1013 3749/4643/1013 3751/4644/1013 3753/4645/1013 3755/4646/1013 3757/4647/1013 3759/4648/1013 3761/4649/1013 3763/4650/1013 3765/4651/1013 3767/4652/1013 3769/4653/1013 3771/4654/1013 3773/4655/1013 3775/4656/1013 3777/4657/1013 3779/4658/1013 3781/4659/1013 3783/4660/1013 3785/4661/1013 3787/4662/1013 3789/4663/1013 3791/4664/1013 3793/4665/1013 3795/4666/1013 3797/4667/1013 3799/4668/1013 3801/4669/1013 3803/4670/1013 3805/4671/1013 3807/4672/1013 3809/4673/1013 3811/4674/1013 3813/4675/1013 3815/4676/1013 3817/4677/1013 3819/4678/1013 3821/4679/1013 3823/4680/1013 3825/4681/1013 3827/4682/1013 3829/4683/1013 3831/4684/1013 3833/4685/1013 3835/4686/1013 3837/4687/1013 3839/4688/1013 3841/4689/1013 3843/4690/1013 3845/4691/1013 3847/4692/1013 3849/4693/1013 3851/4694/1013 3853/4695/1013 3855/4696/1013 3857/4697/1013 3859/4698/1013 3861/4699/1013 3863/4700/1013 3865/4701/1013 3867/4702/1013 3869/4703/1013
o Cylinder.002
v -0.650761 2.500000 -0.854414
v -0.650761 4.500000 -0.854414
v -0.650007 2.500000 -0.854409
v -0.650007 4.500000 -0.854409
v -0.649253 2.500000 -0.854395
v -0.649253 4.500000 -0.854395
v -0.648500 2.500000 -0.854371
v -0.648500 4.500000 -0.854371
v -0.647746 2.500000 -0.854338
v -0.647746 4.500000 -0.854338
v -0.646994 2.500000 -0.854295
v -0.646994 4.500000 -0.854295
v -0.646241 2.500000 -0.854243
v -0.646241 4.500000 -0.854243
v -0.645490 2.500000 -0.854182
v -0.645490 4.500000 -0.854182
v -0.644739 2.500000 -0.854111
v -0.644739 4.500000 -0.854111
v -0.643990 2.500000 -0.854030
v -0.643990 4.500000 -0.854030
v -0.643241 2.500000 -0.853941
v -0.643241 4.500000 -0.853941
v -0.642494 2.500000 -0.853841
v -0.642494 4.500000 -0.853841
v -0.641748 2.500000 -0.853733
v -0.641748 4.500000 -0.853733
v -0.641003 2.500000 -0.853615
v -0.641003 4.500000 -0.853615
v -0.640260 2.500000 -0.853488
v -0.640260 4.500000 -0.853488
v -0.639518 2.500000 -0.853351
v -0.639518 4.500000 -0.853351
v -0.638778 2.500000 -0.853205
v -0.638778 4.500000 -0.853205
v -0.638041 2.500000 -0.853050
v -0.638041 4.500000 -0.853050
v -0.637305 2.500000 -0.852885
v -0.637305 4.500000 -0.852885
v -0.636571 2.500000 -0.852712
v -0.636571 4.500000 -0.852712
v -0.635840 2.500000 -0.852529
v -0.635840 4.500000 -0.852529
v -0.635111 2.500000 -0.852337
v -0.635111 4.500000 -0.852337
v -0.634384 2.500000 -0.852135
v -0.634384 4.500000 -0.852135
v -0.633660 2.500000 -0.851925
v -0.633660 4.500000 -0.851925
v -0.632939 2.500000 -0.851706
v -0.632939 4.500000 -0.851706
v -0.632220 2.500000 -0.851477
v -0.632220 4.500000 -0.851477
v -0.631504 2.500000 -0.851240
v -0.631504 4.500000 -0.851240
v -0.630792 2.500000 -0.850993
v -0.630792 4.500000 -0.850993
v -0.630082 2.500000 -0.850738
v -0.630082 4.500000 -0.850738
v -0.629376 2.500000 -0.850474
v -0.629376 4.500000 -0.850474
v -0.628674 2.500000 -0.850200
v -0.628674 4.500000 -0.850200
v -0.627974 2.500000 -0.849918
v -0.627974 4.500000 -0.849918
v -0.627279 2.500000 -0.849628
v -0.627279 4.500000 -0.849628
v -0.626587 2.500000 -0.849328
v -0.626587 4.500000 -0.849328
v -0.625899 2.500000 -0.849020
v -0.625899 4.500000 -0.849020
v -0.625214 2.500000 -0.848703
v -0.625214 4.500000 -0.848703
v -0.624534 2.500000 -0.848378
v -0.624534 4.500000 -0.848378
v -0.623858 2.500000 -0.848044
v -0.623858 4.500000 -0.848044
v -0.623186 2.500000 -0.847702
v -0.623186 4.500000 -0.847702
v -0.622519 2.500000 -0.847351
v -0.622519 4.500000 -0.847351
v -0.621856 2.500000 -0.846992
v -0.621856 4.500000 -0.846992
v -0.621197 2.500000 -0.846625
v -0.621197 4.500000 -0.846625
v -0.620544 2.500000 -0.846249
v -0.620544 4.500000 -0.846249
v -0.619895 2.500000 -0.845865
v -0.619895 4.500000 -0.845865
v -0.619251 2.500000 -0.845473
v -0.619251 4.500000 -0.845473
v -0.618611 2.500000 -0.845073
v -0.618611 4.500000 -0.845073
v -0.617977 2.500000 -0.844665
v -0.617977 4.500000 -0.844665
v -0.617349 2.500000 -0.844250
v -0.617349 4.500000 -0.844250
v -0.616725 2.500000 -0.843826
v -0.616725 4.500000 -0.843826
v -0.616107 2.500000 -0.843394
v -0.616107 4.500000 -0.843394
v -0.615494 2.500000 -0.842955
v -0.615494 4.500000 -0.842955
v -0.614887 2.500000 -0.842508
v -0.614887 4.500000 -0.842508
v -0.614285 2.500000 -0.842053
v -0.614285 4.500000 -0.842053
v -0.613689 2.500000 -0.841591
v -0.613689 4.500000 -0.841591
v -0.613100 2.500000 -0.841122
v -0.613100 4.500000 -0.841122
v -0.612516 2.500000 -0.840645
v -0.612516 4.500000 -0.840645
v -0.611938 2.500000 -0.840160
v -0.611938 4.500000 -0.840160
v -0.611366 2.500000 -0.839669
v -0.611366 4.500000 -0.839669
v -0.610800 2.500000 -0.839170
v -0.610800 4.500000 -0.839170
v -0.610241 2.500000 -0.838665
v -0.610241 4.500000 -0.838665
v -0.609688 2.500000 -0.838152
v -0.609688 4.500000 -0.838152
v -0.609142 2.500000 -0.837632
v -0.609142 4.500000 -0.837632
v -0.608602 2.500000 -0.837106
v -0.608602 4.500000 -0.837106
v -0.608069 2.500000 -0.836573
v -0.608069 4.500000 -0.836573
v -0.607543 2.500000 -0.836033
v -0.607543 4.500000 -0.836033
v -0.607023 2.500000 -0.835487
v -0.607023 4.500000 -0.835487
v -0.606510 2.500000 -0.834934
v -0.606510 4.500000 -0.834934
v -0.606005 2.500000 -0.834375
v -0.606005 4.500000 -0.834375
v -0.605506 2.500000 -0.833809
v -0.605506 4.500000 -0.833809
v -0.605015 2.500000 -0.833237
v -0.605015 4.500000 -0.833237
v -0.604530 2.500000 -0.832659
v -0.604530 4.500000 -0.832659
v -0.604053 2.500000 -0.832075
v -0.604053 4.500000 -0.832075
v -0.603584 2.500000 -0.831485
v -0.603584 4.500000 -0.831485
v -0.603122 2.500000 -0.830890
v -0.603122 4.500000 -0.830890
v -0.602667 2.500000 -0.830288
v -0.602667 4.500000 -0.830288
v -0.602220 2.500000 -0.829681
v -0.602220 4.500000 -0.829681
v -0.601781 2.500000 -0.829068
v -0.601781 4.500000 -0.829068
v -0.601349 2.500000 -0.828450
v -0.601349 4.500000 -0.828450
v -0.600925 2.500000 -0.827826
v -0.600925 4.500000 -0.827826
v -0.600509 2.500000 -0.827197
v -0.600509 4.500000 -0.827197
v -0.600101 2.500000 -0.826563
v -0.600101 4.500000 -0.826563
v -0.599701 2.500000 -0.825924
v -0.599701 4.500000 -0.825924
v -0.599309 2.500000 -0.825280
v -0.599309 4.500000 -0.825280
v -0.598926 2.500000 -0.824631
v -0.598926 4.500000 -0.824631
v -0.598550 2.500000 -0.823977
v -0.598550 4.500000 -0.823977
v -0.598183 2.500000 -0.823319
v -0.598183 4.500000 -0.823319
v -0.597824 2.500000 -0.822656
v -0.597824 4.500000 -0.822656
v -0.597473 2.500000 -0.821989
v -0.597473 4.500000 -0.821989
v -0.597131 2.500000 -0.821317
v -0.597131 4.500000 -0.821317
v -0.596797 2.500000 -0.820641
v -0.596797 4.500000 -0.820641
v -0.596471 2.500000 -0.819961
v -0.596471 4.500000 -0.819961
v -0.596155 2.500000 -0.819276
v -0.596155 4.500000 -0.819276
v -0.595847 2.500000 -0.818588
v -0.595847 4.500000 -0.818588
v -0.595547 2.500000 -0.817896
v -0.595547 4.500000 -0.817896
v -0.595256 2.500000 -0.817201
v -0.595256 4.500000 -0.817201
v -0.594974 2.500000 -0.816501
v -0.594974 4.500000 -0.816501
v -0.594701 2.500000 -0.815799
v -0.594701 4.500000 -0.815799
v -0.594437 2.500000 -0.815092
v -0.594437 4.500000 -0.815092
v -0.594182 2.500000 -0.814383
v -0.594182 4.500000 -0.814383
v -0.593935 2.500000 -0.813670
v -0.593935 4.500000 -0.813670
v -0.593698 2.500000 -0.812955
v -0.593698 4.500000 -0.812955
v -0.593469 2.500000 -0.812236
v -0.593469 4.500000 -0.812236
v -0.593250 2.500000 -0.811515
v -0.593250 4.500000 -0.811515
v -0.593039 2.500000 -0.810791
v -0.593039 4.500000 -0.810791
v -0.592838 2.500000 -0.810064
v -0.592838 4.500000 -0.810064
v -0.592646 2.500000 -0.809335
v -0.592646 4.500000 -0.809335
v -0.592463 2.500000 -0.808604
v -0.592463 4.500000 -0.808604
v -0.592289 2.500000 -0.807870
v -0.592289 4.500000 -0.807870
v -0.592125 2.500000 -0.807134
v -0.592125 4.500000 -0.807134
v -0.591970 2.500000 -0.806396
v -0.591970 4.500000 -0.806396
v -0.591824 2.500000 -0.805657
v -0.591824 4.500000 -0.805657
v -0.591687 2.500000 -0.804915
v -0.591687 4.500000 -0.804915
v -0.591560 2.500000 -0.804172
v -0.591560 4.500000 -0.804172
v -0.591442 2.500000 -0.803427
v -0.591442 4.500000 -0.803427
v -0.591333 2.500000 -0.802681
v -0.591333 4.500000 -0.802681
v -0.591234 2.500000 -0.801934
v -0.591234 4.500000 -0.801934
v -0.591144 2.500000 -0.801185
v -0.591144 4.500000 -0.801185
v -0.591064 2.500000 -0.800435
v -0.591064 4.500000 -0.800435
v -0.590993 2.500000 -0.799685
v -0.590993 4.500000 -0.799685
v -0.590932 2.500000 -0.798933
v -0.590932 4.500000 -0.798933
v -0.590879 2.500000 -0.798181
v -0.590879 4.500000 -0.798181
v -0.590837 2.500000 -0.797428
v -0.590837 4.500000 -0.797428
v -0.590804 2.500000 -0.796675
v -0.590804 4.500000 -0.796675
v -0.590780 2.500000 -0.795922
v -0.590780 4.500000 -0.795922
v -0.590766 2.500000 -0.795168
v -0.590766 4.500000 -0.795168
v -0.590761 2.500000 -0.794414
v -0.590761 4.500000 -0.794414
v -0.590766 2.500000 -0.793660
v -0.590766 4.500000 -0.793660
v -0.590780 2.500000 -0.792906
v -0.590780 4.500000 -0.792906
v -0.590804 2.500000 -0.792152
v -0.590804 4.500000 -0.792152
v -0.590837 2.500000 -0.791399
v -0.590837 4.500000 -0.791399
v -0.590879 2.500000 -0.790646
v -0.590879 4.500000 -0.790646
v -0.590932 2.500000 -0.789894
v -0.590932 4.500000 -0.789894
v -0.590993 2.500000 -0.789143
v -0.590993 4.500000 -0.789143
v -0.591064 2.500000 -0.788392
v -0.591064 4.500000 -0.788392
v -0.591144 2.500000 -0.787642
v -0.591144 4.500000 -0.787642
v -0.591234 2.500000 -0.786894
v -0.591234 4.500000 -0.786894
v -0.591333 2.500000 -0.786146
v -0.591333 4.500000 -0.786146
v -0.591442 2.500000 -0.785400
v -0.591442 4.500000 -0.785400
v -0.591560 2.500000 -0.784656
v -0.591560 4.500000 -0.784656
v -0.591687 2.500000 -0.783912
v -0.591687 4.500000 -0.783912
v -0.591824 2.500000 -0.783171
v -0.591824 4.500000 -0.783171
v -0.591970 2.500000 -0.782431
v -0.591970 4.500000 -0.782431
v -0.592125 2.500000 -0.781693
v -0.592125 4.500000 -0.781693
v -0.592289 2.500000 -0.780958
v -0.592289 4.500000 -0.780958
v -0.592463 2.500000 -0.780224
v -0.592463 4.500000 -0.780224
v -0.592646 2.500000 -0.779492
v -0.592646 4.500000 -0.779492
v -0.592838 2.500000 -0.778763
v -0.592838 4.500000 -0.778763
v -0.593039 2.500000 -0.778037
v -0.593039 4.500000 -0.778037
v -0.593250 2.500000 -0.777313
v -0.593250 4.500000 -0.777313
v -0.593469 2.500000 -0.776591
v -0.593469 4.500000 -0.776591
v -0.593698 2.500000 -0.775873
v -0.593698 4.500000 -0.775873
v -0.593935 2.500000 -0.775157
v -0.593935 4.500000 -0.775157
v -0.594182 2.500000 -0.774445
v -0.594182 4.500000 -0.774445
v -0.594437 2.500000 -0.773735
v -0.594437 4.500000 -0.773735
v -0.594701 2.500000 -0.773029
v -0.594701 4.500000 -0.773029
v -0.594974 2.500000 -0.772326
v -0.594974 4.500000 -0.772326
v -0.595256 2.500000 -0.771627
v -0.595256 4.500000 -0.771627
v -0.595547 2.500000 -0.770931
v -0.595547 4.500000 -0.770931
v -0.595847 2.500000 -0.770239
v -0.595847 4.500000 -0.770239
v -0.596155 2.500000 -0.769551
v -0.596155 4.500000 -0.769551
v -0.596471 2.500000 -0.768867
v -0.596471 4.500000 -0.768867
v -0.596797 2.500000 -0.768187
v -0.596797 4.500000 -0.768187
v -0.597131 2.500000 -0.767511
v -0.597131 4.500000 -0.767511
v -0.597473 2.500000 -0.766839
v -0.597473 4.500000 -0.766839
v -0.597824 2.500000 -0.766172
v -0.597824 4.500000 -0.766172
v -0.598183 2.500000 -0.765509
v -0.598183 4.500000 -0.765509
v -0.598550 2.500000 -0.764850
v -0.598550 4.500000 -0.764850
v -0.598926 2.500000 -0.764196
v -0.598926 4.500000 -0.764196
v -0.599309 2.500000 -0.763547
v -0.599309 4.500000 -0.763547
v -0.599701 2.500000 -0.762903
v -0.599701 4.500000 -0.762903
v -0.600101 2.500000 -0.762264
v -0.600101 4.500000 -0.762264
v -0.600509 2.500000 -0.761630
v -0.600509 4.500000 -0.761630
v -0.600925 2.500000 -0.761001
v -0.600925 4.500000 -0.761001
v -0.601349 2.500000 -0.760378
v -0.601349 4.500000 -0.760378
v -0.601781 2.500000 -0.759759
v -0.601781 4.500000 -0.759759
v -0.602220 2.500000 -0.759147
v -0.602220 4.500000 -0.759147
v -0.602667 2.500000 -0.758539
v -0.602667 4.500000 -0.758539
v -0.603122 2.500000 -0.757938
v -0.603122 4.500000 -0.757938
v -0.603584 2.500000 -0.757342
v -0.603584 4.500000 -0.757342
v -0.604053 2.500000 -0.756752
v -0.604053 4.500000 -0.756752
v -0.604530 2.500000 -0.756168
v -0.604530 4.500000 -0.756168
v -0.605015 2.500000 -0.755590
v -0.605015 4.500000 -0.755590
v -0.605506 2.500000 -0.755019
v -0.605506 4.500000 -0.755019
v -0.606005 2.500000 -0.754453
v -0.606005 4.500000 -0.754453
v -0.606510 2.500000 -0.753894
v -0.606510 4.500000 -0.753894
v -0.607023 2.500000 -0.753341
v -0.607023 4.500000 -0.753341
v -0.607543 2.500000 -0.752795
v -0.607543 4.500000 -0.752795
v -0.608069 2.500000 -0.752255
v -0.608069 4.500000 -0.752255
v -0.608602 2.500000 -0.751722
v -0.608602 4.500000 -0.751722
v -0.609142 2.500000 -0.751195
v -0.609142 4.500000 -0.751195
v -0.609688 2.500000 -0.750676
v -0.609688 4.500000 -0.750676
v -0.610241 2.500000 -0.750163
v -0.610241 4.500000 -0.750163
v -0.610800 2.500000 -0.749657
v -0.610800 4.500000 -0.749657
v -0.611366 2.500000 -0.749159
v -0.611366 4.500000 -0.749159
v -0.611938 2.500000 -0.748667
v -0.611938 4.500000 -0.748667
v -0.612516 2.500000 -0.748183
v -0.612516 4.500000 -0.748183
v -0.613100 2.500000 -0.747706
v -0.613100 4.500000 -0.747706
v -0.613689 2.500000 -0.747236
v -0.613689 4.500000 -0.747236
v -0.614285 2.500000 -0.746774
v -0.614285 4.500000 -0.746774
v -0.614887 2.500000 -0.746320
v -0.614887 4.500000 -0.746320
v -0.615494 2.500000 -0.745873
v -0.615494 4.500000 -0.745873
v -0.616107 2.500000 -0.745433
v -0.616107 4.500000 -0.745433
v -0.616725 2.500000 -0.745002
v -0.616725 4.500000 -0.745002
v -0.617349 2.500000 -0.744578
v -0.617349 4.500000 -0.744578
v -0.617977 2.500000 -0.744162
v -0.617977 4.500000 -0.744162
v -0.618611 2.500000 -0.743754
v -0.618611 4.500000 -0.743754
v -0.619251 2.500000 -0.743354
v -0.619251 4.500000 -0.743354
v -0.619895 2.500000 -0.742962
v -0.619895 4.500000 -0.742962
v -0.620544 2.500000 -0.742578
v -0.620544 4.500000 -0.742578
v -0.621197 2.500000 -0.742203
v -0.621197 4.500000 -0.742203
v -0.621856 2.500000 -0.741835
v -0.621856 4.500000 -0.741835
v -0.622519 2.500000 -0.741476
v -0.622519 4.500000 -0.741476
v -0.623186 2.500000 -0.741126
v -0.623186 4.500000 -0.741126
v -0.623858 2.500000 -0.740783
v -0.623858 4.500000 -0.740783
v -0.624534 2.500000 -0.740449
v -0.624534 4.500000 -0.740449
v -0.625214 2.500000 -0.740124
v -0.625214 4.500000 -0.740124
v -0.625899 2.500000 -0.739807
v -0.625899 4.500000 -0.739807
v -0.626587 2.500000 -0.739499
v -0.626587 4.500000 -0.739499
v -0.627279 2.500000 -0.739200
v -0.627279 4.500000 -0.739200
v -0.627974 2.500000 -0.738909
v -0.627974 4.500000 -0.738909
v -0.628674 2.500000 -0.738627
v -0.628674 4.500000 -0.738627
v -0.629376 2.500000 -0.738354
v -0.629376 4.500000 -0.738354
v -0.630082 2.500000 -0.738090
v -0.630082 4.500000 -0.738090
v -0.630792 2.500000 -0.737834
v -0.630792 4.500000 -0.737834
v -0.631504 2.500000 -0.737588
v -0.631504 4.500000 -0.737588
v -0.632220 2.500000 -0.737350
v -0.632220 4.500000 -0.737350
v -0.632939 2.500000 -0.737122
v -0.632939 4.500000 -0.737122
v -0.633660 2.500000 -0.736902
v -0.633660 4.500000 -0.736902
v -0.634384 2.500000 -0.736692
v -0.634384 4.500000 -0.736692
v -0.635111 2.500000 -0.736491
v -0.635111 4.500000 -0.736491
v -0.635840 2.500000 -0.736299
v -0.635840 4.500000 -0.736299
v -0.636571 2.500000 -0.736116
v -0.636571 4.500000 -0.736116
v -0.637305 2.500000 -0.735942
v -0.637305 4.500000 -0.735942
v -0.638041 2.500000 -0.735778
v -0.638041 4.500000 -0.735778
v -0.638778 2.500000 -0.735623
v -0.638778 4.500000 -0.735623
v -0.639518 2.500000 -0.735477
v -0.639518 4.500000 -0.735477
v -0.640260 2.500000 -0.735340
v -0.640260 4.500000 -0.735340
v -0.641003 2.500000 -0.735213
v -0.641003 4.500000 -0.735213
v -0.641748 2.500000 -0.735095
v -0.641748 4.500000 -0.735095
v -0.642494 2.500000 -0.734986
v -0.642494 4.500000 -0.734986
v -0.643241 2.500000 -0.734887
v -0.643241 4.500000 -0.734887
v -0.643990 2.500000 -0.734797
v -0.643990 4.500000 -0.734797
v -0.644739 2.500000 -0.734717
v -0.644739 4.500000 -0.734717
v -0.645490 2.500000 -0.734646
v -0.645490 4.500000 -0.734646
v -0.646241 2.500000 -0.734584
v -0.646241 4.500000 -0.734584
v -0.646994 2.500000 -0.734532
v -0.646994 4.500000 -0.734532
v -0.647746 2.500000 -0.734490
v -0.647746 4.500000 -0.734490
v -0.648500 2.500000 -0.734456
v -0.648500 4.500000 -0.734456
v -0.649253 2.500000 -0.734433
v -0.649253 4.500000 -0.734433
v -0.650007 2.500000 -0.734419
v -0.650007 4.500000 -0.734419
v -0.650761 2.500000 -0.734414
v -0.650761 4.500000 -0.734414
v -0.651515 2.500000 -0.734419
v -0.651515 4.500000 -0.734419
v -0.652269 2.500000 -0.734433
v -0.652269 4.500000 -0.734433
v -0.653022 2.500000 -0.734456
v -0.653022 4.500000 -0.734456
v -0.653776 2.500000 -0.734490
v -0.653776 4.500000 -0.734490
v -0.654528 2.500000 -0.734532
v -0.654528 4.500000 -0.734532
v -0.655281 2.500000 -0.734584
v -0.655281 4.500000 -0.734584
v -0.656032 2.500000 -0.734646
v -0.656032 4.500000 -0.734646
v -0.656783 2.500000 -0.734717
v -0.656783 4.500000 -0.734717
v -0.657532 2.500000 -0.734797
v -0.657532 4.500000 -0.734797
v -0.658281 2.500000 -0.734887
v -0.658281 4.500000 -0.734887
v -0.659028 2.500000 -0.734986
v -0.659028 4.500000 -0.734986
v -0.659775 2.500000 -0.735095
v -0.659775 4.500000 -0.735095
v -0.660519 2.500000 -0.735213
v -0.660519 4.500000 -0.735213
v -0.661262 2.500000 -0.735340
v -0.661262 4.500000 -0.735340
v -0.662004 2.500000 -0.735477
v -0.662004 4.500000 -0.735477
v -0.662744 2.500000 -0.735623
v -0.662744 4.500000 -0.735623
v -0.663481 2.500000 -0.735778
v -0.663481 4.500000 -0.735778
v -0.664217 2.500000 -0.735942
v -0.664217 4.500000 -0.735942
v -0.664951 2.500000 -0.736116
v -0.664951 4.500000 -0.736116
v -0.665682 2.500000 -0.736299
v -0.665682 4.500000 -0.736299
v -0.666412 2.500000 -0.736491
v -0.666412 4.500000 -0.736491
v -0.667138 2.500000 -0.736692
v -0.667138 4.500000 -0.736692
v -0.667862 2.500000 -0.736902
v -0.667862 4.500000 -0.736902
v -0.668584 2.500000 -0.737122
v -0.668584 4.500000 -0.737122
v -0.669302 2.500000 -0.737350
v -0.669302 4.500000 -0.737350
v -0.670018 2.500000 -0.737588
v -0.670018 4.500000 -0.737588
v -0.670730 2.500000 -0.737834
v -0.670730 4.500000 -0.737834
v -0.671440 2.500000 -0.738090
v -0.671440 4.500000 -0.738090
v -0.672146 2.500000 -0.738354
v -0.672146 4.500000 -0.738354
v -0.672849 2.500000 -0.738627
v -0.672849 4.500000 -0.738627
v -0.673548 2.500000 -0.738909
v -0.673548 4.500000 -0.738909
v -0.674244 2.500000 -0.739200
v -0.674244 4.500000 -0.739200
v -0.674935 2.500000 -0.739499
v -0.674935 4.500000 -0.739499
v -0.675624 2.500000 -0.739807
v -0.675624 4.500000 -0.739807
v -0.676308 2.500000 -0.740124
v -0.676308 4.500000 -0.740124
v -0.676988 2.500000 -0.740449
v -0.676988 4.500000 -0.740449
v -0.677664 2.500000 -0.740783
v -0.677664 4.500000 -0.740783
v -0.678336 2.500000 -0.741126
v -0.678336 4.500000 -0.741126
v -0.679003 2.500000 -0.741476
v -0.679003 4.500000 -0.741476
v -0.679666 2.500000 -0.741835
v -0.679666 4.500000 -0.741835
v -0.680325 2.500000 -0.742203
v -0.680325 4.500000 -0.742203
v -0.680978 2.500000 -0.742578
v -0.680978 4.500000 -0.742578
v -0.681627 2.500000 -0.742962
v -0.681627 4.500000 -0.742962
v -0.682272 2.500000 -0.743354
v -0.682272 4.500000 -0.743354
v -0.682911 2.500000 -0.743754
v -0.682911 4.500000 -0.743754
v -0.683545 2.500000 -0.744162
v -0.683545 4.500000 -0.744162
v -0.684174 2.500000 -0.744578
v -0.684174 4.500000 -0.744578
v -0.684797 2.500000 -0.745002
v -0.684797 4.500000 -0.745002
v -0.685415 2.500000 -0.745433
v -0.685415 4.500000 -0.745433
v -0.686028 2.500000 -0.745873
v -0.686028 4.500000 -0.745873
v -0.686635 2.500000 -0.746320
v -0.686635 4.500000 -0.746320
v -0.687237 2.500000 -0.746774
v -0.687237 4.500000 -0.746774
v -0.687833 2.500000 -0.747236
v -0.687833 4.500000 -0.747236
v -0.688423 2.500000 -0.747706
v -0.688423 4.500000 -0.747706
v -0.689007 2.500000 -0.748183
v -0.689007 4.500000 -0.748183
v -0.689584 2.500000 -0.748667
v -0.689584 4.500000 -0.748667
v -0.690156 2.500000 -0.749159
v -0.690156 4.500000 -0.749159
v -0.690722 2.500000 -0.749657
v -0.690722 4.500000 -0.749657
v -0.691281 2.500000 -0.750163
v -0.691281 4.500000 -0.750163
v -0.691834 2.500000 -0.750676
v -0.691834 4.500000 -0.750676
v -0.692380 2.500000 -0.751195
v -0.692380 4.500000 -0.751195
v -0.692920 2.500000 -0.751722
v -0.692920 4.500000 -0.751722
v -0.693453 2.500000 -0.752255
v -0.693453 4.500000 -0.752255
v -0.693980 2.500000 -0.752795
v -0.693980 4.500000 -0.752795
v -0.694499 2.500000 -0.753341
v -0.694499 4.500000 -0.753341
v -0.695012 2.500000 -0.753894
v -0.695012 4.500000 -0.753894
v -0.695518 2.500000 -0.754453
v -0.695518 4.500000 -0.754453
v -0.696016 2.500000 -0.755019
v -0.696016 4.500000 -0.755019
v -0.696508 2.500000 -0.755590
v -0.696508 4.500000 -0.755590
v -0.696992 2.500000 -0.756168
v -0.696992 4.500000 -0.756168
v -0.697469 2.500000 -0.756752
v -0.697469 4.500000 -0.756752
v -0.697938 2.500000 -0.757342
v -0.697938 4.500000 -0.757342
v -0.698400 2.500000 -0.757938
v -0.698400 4.500000 -0.757938
v -0.698855 2.500000 -0.758539
v -0.698855 4.500000 -0.758539
v -0.699302 2.500000 -0.759147
v -0.699302 4.500000 -0.759147
v -0.699741 2.500000 -0.759759
v -0.699741 4.500000 -0.759759
v -0.700173 2.500000 -0.760378
v -0.700173 4.500000 -0.760378
v -0.700597 2.500000 -0.761001
v -0.700597 4.500000 -0.761001
v -0.701013 2.500000 -0.761630
v -0.701013 4.500000 -0.761630
v -0.701421 2.500000 -0.762264
v -0.701421 4.500000 -0.762264
v -0.701821 2.500000 -0.762903
v -0.701821 4.500000 -0.762903
v -0.702213 2.500000 -0.763547
v -0.702213 4.500000 -0.763547
v -0.702596 2.500000 -0.764196
v -0.702596 4.500000 -0.764196
v -0.702972 2.500000 -0.764850
v -0.702972 4.500000 -0.764850
v -0.703339 2.500000 -0.765509
v -0.703339 4.500000 -0.765509
v -0.703699 2.500000 -0.766172
v -0.703699 4.500000 -0.766172
v -0.704049 2.500000 -0.766839
v -0.704049 4.500000 -0.766839
v -0.704392 2.500000 -0.767511
v -0.704392 4.500000 -0.767511
v -0.704725 2.500000 -0.768187
v -0.704725 4.500000 -0.768187
v -0.705051 2.500000 -0.768867
v -0.705051 4.500000 -0.768867
v -0.705367 2.500000 -0.769551
v -0.705367 4.500000 -0.769551
v -0.705676 2.500000 -0.770239
v -0.705676 4.500000 -0.770239
v -0.705975 2.500000 -0.770931
v -0.705975 4.500000 -0.770931
v -0.706266 2.500000 -0.771627
v -0.706266 4.500000 -0.771627
v -0.706548 2.500000 -0.772326
v -0.706548 4.500000 -0.772326
v -0.706821 2.500000 -0.773029
v -0.706821 4.500000 -0.773029
v -0.707085 2.500000 -0.773735
v -0.707085 4.500000 -0.773735
v -0.707340 2.500000 -0.774445
v -0.707340 4.500000 -0.774445
v -0.707587 2.500000 -0.775157
v -0.707587 4.500000 -0.775157
v -0.707824 2.500000 -0.775873
v -0.707824 4.500000 -0.775873
v -0.708053 2.500000 -0.776591
v -0.708053 4.500000 -0.776591
v -0.708272 2.500000 -0.777313
v -0.708272 4.500000 -0.777313
v -0.708483 2.500000 -0.778037
v -0.708483 4.500000 -0.778037
v -0.708684 2.500000 -0.778763
v -0.708684 4.500000 -0.778763
v -0.708876 2.500000 -0.779492
v -0.708876 4.500000 -0.779492
v -0.709059 2.500000 -0.780224
v -0.709059 4.500000 -0.780224
v -0.709233 2.500000 -0.780958
v -0.709233 4.500000 -0.780958
v -0.709397 2.500000 -0.781693
v -0.709397 4.500000 -0.781693
v -0.709552 2.500000 -0.782431
v -0.709552 4.500000 -0.782431
v -0.709698 2.500000 -0.783171
v -0.709698 4.500000 -0.783171
v -0.709835 2.500000 -0.783912
v -0.709835 4.500000 -0.783912
v -0.709962 2.500000 -0.784656
v -0.709962 4.500000 -0.784656
v -0.710080 2.500000 -0.785400
v -0.710080 4.500000 -0.785400
v -0.710189 2.500000 -0.786146
v -0.710189 4.500000 -0.786146
v -0.710288 2.500000 -0.786894
v -0.710288 4.500000 -0.786894
v -0.710378 2.500000 -0.787642
v -0.710378 4.500000 -0.787642
v -0.710458 2.500000 -0.788392
v -0.710458 4.500000 -0.788392
v -0.710529 2.500000 -0.789143
v -0.710529 4.500000 -0.789143
v -0.710591 2.500000 -0.789894
v -0.710591 4.500000 -0.789894
v -0.710643 2.500000 -0.790646
v -0.710643 4.500000 -0.790646
v -0.710685 2.500000 -0.791399
v -0.710685 4.500000 -0.791399
v -0.710718 2.500000 -0.792152
v -0.710718 4.500000 -0.792152
v -0.710742 2.500000 -0.792906
v -0.710742 4.500000 -0.792906
v -0.710756 2.500000 -0.793660
v -0.710756 4.500000 -0.793660
v -0.710761 2.500000 -0.794414
v -0.710761 4.500000 -0.794414
v -0.710756 2.500000 -0.795168
v -0.710756 4.500000 -0.795168
v -0.710742 2.500000 -0.795922
v -0.710742 4.500000 -0.795922
v -0.710718 2.500000 -0.796675
v -0.710718 4.500000 -0.796675
v -0.710685 2.500000 -0.797428
v -0.710685 4.500000 -0.797428
v -0.710643 2.500000 -0.798181
v -0.710643 4.500000 -0.798181
v -0.710591 2.500000 -0.798933
v -0.710591 4.500000 -0.798933
v -0.710529 2.500000 -0.799685
v -0.710529 4.500000 -0.799685
v -0.710458 2.500000 -0.800435
v -0.710458 4.500000 -0.800435
v -0.710378 2.500000 -0.801185
v -0.710378 4.500000 -0.801185
v -0.710288 2.500000 -0.801934
v -0.710288 4.500000 -0.801934
v -0.710189 2.500000 -0.802681
v -0.710189 4.500000 -0.802681
v -0.710080 2.500000 -0.803427
v -0.710080 4.500000 -0.803427
v -0.709962 2.500000 -0.804172
v -0.709962 4.500000 -0.804172
v -0.709835 2.500000 -0.804915
v -0.709835 4.500000 -0.804915
v -0.709698 2.500000 -0.805657
v -0.709698 4.500000 -0.805657
v -0.709552 2.500000 -0.806396
v -0.709552 4.500000 -0.806396
v -0.709397 2.500000 -0.807134
v -0.709397 4.500000 -0.807134
v -0.709233 2.500000 -0.807870
v -0.709233 4.500000 -0.807870
v -0.709059 2.500000 -0.808604
v -0.709059 4.500000 -0.808604
v -0.708876 2.500000 -0.809335
v -0.708876 4.500000 -0.809335
v -0.708684 2.500000 -0.810064
v -0.708684 4.500000 -0.810064
v -0.708483 2.500000 -0.810791
v -0.708483 4.500000 -0.810791
v -0.708272 2.500000 -0.811515
v -0.708272 4.500000 -0.811515
v -0.708053 2.500000 -0.812236
v -0.708053 4.500000 -0.812236
v -0.707824 2.500000 -0.812955
v -0.707824 4.500000 -0.812955
v -0.707587 2.500000 -0.813670
v -0.707587 4.500000 -0.813670
v -0.707340 2.500000 -0.814383
v -0.707340 4.500000 -0.814383
v -0.707085 2.500000 -0.815092
v -0.707085 4.500000 -0.815092
v -0.706821 2.500000 -0.815799
v -0.706821 4.500000 -0.815799
v -0.706548 2.500000 -0.816501
v -0.706548 4.500000 -0.816501
v -0.706266 2.500000 -0.817201
v -0.706266 4.500000 -0.817201
v -0.705975 2.500000 -0.817896
v -0.705975 4.500000 -0.817896
v -0.705676 2.500000 -0.818588
v -0.705676 4.500000 -0.818588
v -0.705367 2.500000 -0.819276
v -0.705367 4.500000 -0.819276
v -0.705051 2.500000 -0.819961
v -0.705051 4.500000 -0.819961
v -0.704725 2.500000 -0.820641
v -0.704725 4.500000 -0.820641
v -0.704392 2.500000 -0.821317
v -0.704392 4.500000 -0.821317
v -0.704049 2.500000 -0.821989
v -0.704049 4.500000 -0.821989
v -0.703699 2.500000 -0.822656
v -0.703699 4.500000 -0.822656
v -0.703339 2.500000 -0.823319
v -0.703339 4.500000 -0.823319
v -0.702972 2.500000 -0.823977
v -0.702972 4.500000 -0.823977
v -0.702596 2.500000 -0.824631
v -0.702596 4.500000 -0.824631
v -0.702213 2.500000 -0.825280
v -0.702213 4.500000 -0.825280
v -0.701821 2.500000 -0.825924
v -0.701821 4.500000 -0.825924
v -0.701421 2.500000 -0.826563
v -0.701421 4.500000 -0.826563
v -0.701013 2.500000 -0.827197
v -0.701013 4.500000 -0.827197
v -0.700597 2.500000 -0.827826
v -0.700597 4.500000 -0.827826
v -0.700173 2.500000 -0.828450
v -0.700173 4.500000 -0.828450
v -0.699741 2.500000 -0.829068
v -0.699741 4.500000 -0.829068
v -0.699302 2.500000 -0.829681
v -0.699302 4.500000 -0.829681
v -0.698855 2.500000 -0.830288
v -0.698855 4.500000 -0.830288
v -0.698400 2.500000 -0.830890
v -0.698400 4.500000 -0.830890
v -0.697938 2.500000 -0.831485
v -0.697938 4.500000 -0.831485
v -0.697469 2.500000 -0.832075
v -0.697469 4.500000 -0.832075
v -0.696992 2.500000 -0.832659
v -0.696992 4.500000 -0.832659
v -0.696508 2.500000 -0.833237
v -0.696508 4.500000 -0.833237
v -0.696016 2.500000 -0.833809
v -0.696016 4.500000 -0.833809
v -0.695518 2.500000 -0.834375
v -0.695518 4.500000 -0.834375
v -0.695012 2.500000 -0.834934
v -0.695012 4.500000 -0.834934
v -0.694499 2.500000 -0.835487
v -0.694499 4.500000 -0.835487
v -0.693980 2.500000 -0.836033
v -0.693980 4.500000 -0.836033
v -0.693453 2.500000 -0.836573
v -0.693453 4.500000 -0.836573
v -0.692920 2.500000 -0.837106
v -0.692920 4.500000 -0.837106
v -0.692380 2.500000 -0.837632
v -0.692380 4.500000 -0.837632
v -0.691834 2.500000 -0.838152
v -0.691834 4.500000 -0.838152
v -0.691281 2.500000 -0.838665
v -0.691281 4.500000 -0.838665
v -0.690722 2.500000 -0.839170
v -0.690722 4.500000 -0.839170
v -0.690156 2.500000 -0.839669
v -0.690156 4.500000 -0.839669
v -0.689584 2.500000 -0.840160
v -0.689584 4.500000 -0.840160
v -0.689007 2.500000 -0.840645
v -0.689007 4.500000 -0.840645
v -0.688423 2.500000 -0.841122
v -0.688423 4.500000 -0.841122
v -0.687833 2.500000 -0.841591
v -0.687833 4.500000 -0.841591
v -0.687237 2.500000 -0.842053
v -0.687237 4.500000 -0.842053
v -0.686635 2.500000 -0.842508
v -0.686635 4.500000 -0.842508
v -0.686028 2.500000 -0.842955
v -0.686028 4.500000 -0.842955
v -0.685415 2.500000 -0.843394
v -0.685415 4.500000 -0.843394
v -0.684797 2.500000 -0.843826
v -0.684797 4.500000 -0.843826
v -0.684174 2.500000 -0.844250
v -0.684174 4.500000 -0.844250
v -0.683545 2.500000 -0.844665
v -0.683545 4.500000 -0.844665
v -0.682911 2.500000 -0.845073
v -0.682911 4.500000 -0.845073
v -0.682272 2.500000 -0.845473
v -0.682272 4.500000 -0.845473
v -0.681627 2.500000 -0.845865
v -0.681627 4.500000 -0.845865
v -0.680978 2.500000 -0.846249
v -0.680978 4.500000 -0.846249
v -0.680325 2.500000 -0.846625
v -0.680325 4.500000 -0.846625
v -0.679666 2.500000 -0.846992
v -0.679666 4.500000 -0.846992
v -0.679003 2.500000 -0.847351
v -0.679003 4.500000 -0.847351
v -0.678336 2.500000 -0.847702
v -0.678336 4.500000 -0.847702
v -0.677664 2.500000 -0.848044
v -0.677664 4.500000 -0.848044
v -0.676988 2.500000 -0.848378
v -0.676988 4.500000 -0.848378
v -0.676308 2.500000 -0.848703
v -0.676308 4.500000 -0.848703
v -0.675624 2.500000 -0.849020
v -0.675624 4.500000 -0.849020
v -0.674935 2.500000 -0.849328
v -0.674935 4.500000 -0.849328
v -0.674244 2.500000 -0.849628
v -0.674244 4.500000 -0.849628
v -0.673548 2.500000 -0.849918
v -0.673548 4.500000 -0.849918
v -0.672849 2.500000 -0.850200
v -0.672849 4.500000 -0.850200
v -0.672146 2.500000 -0.850474
v -0.672146 4.500000 -0.850474
v -0.671440 2.500000 -0.850738
v -0.671440 4.500000 -0.850738
v -0.670730 2.500000 -0.850993
v -0.670730 4.500000 -0.850993
v -0.670018 2.500000 -0.851240
v -0.670018 4.500000 -0.851240
v -0.669302 2.500000 -0.851477
v -0.669302 4.500000 -0.851477
v -0.668584 2.500000 -0.851706
v -0.668584 4.500000 -0.851706
v -0.667862 2.500000 -0.851925
v -0.667862 4.500000 -0.851925
v -0.667138 2.500000 -0.852135
v -0.667138 4.500000 -0.852135
v -0.666412 2.500000 -0.852337
v -0.666412 4.500000 -0.852337
v -0.665682 2.500000 -0.852529
v -0.665682 4.500000 -0.852529
v -0.664951 2.500000 -0.852712
v -0.664951 4.500000 -0.852712
v -0.664217 2.500000 -0.852885
v -0.664217 4.500000 -0.852885
v -0.663481 2.500000 -0.853050
v -0.663481 4.500000 -0.853050
v -0.662744 2.500000 -0.853205
v -0.662744 4.500000 -0.853205
v -0.662004 2.500000 -0.853351
v -0.662004 4.500000 -0.853351
v -0.661262 2.500000 -0.853488
v -0.661262 4.500000 -0.853488
v -0.660519 2.500000 -0.853615
v -0.660519 4.500000 -0.853615
v -0.659775 2.500000 -0.853733
v -0.659775 4.500000 -0.853733
v -0.659028 2.500000 -0.853841
v -0.659028 4.500000 -0.853841
v -0.658281 2.500000 -0.853941
v -0.658281 4.500000 -0.853941
v -0.657532 2.500000 -0.854030
v -0.657532 4.500000 -0.854030
v -0.656783 2.500000 -0.854111
v -0.656783 4.500000 -0.854111
v -0.656032 2.500000 -0.854182
v -0.656032 4.500000 -0.854182
v -0.655281 2.500000 -0.854243
v -0.655281 4.500000 -0.854243
v -0.654528 2.500000 -0.854295
v -0.654528 4.500000 -0.854295
v -0.653776 2.500000 -0.854338
v -0.653776 4.500000 -0.854338
v -0.653022 2.500000 -0.854371
v -0.653022 4.500000 -0.854371
v -0.652269 2.500000 -0.854395
v -0.652269 4.500000 -0.854395
v -0.651515 2.500000 -0.854409
v -0.651515 4.500000 -0.854409
vn 0.0063 -0.0000 -1.0000
vn 0.0188 -0.0000 -0.9998
vn 0.0314 -0.0000 -0.9995
vn 0.0440 -0.0000 -0.9990
vn 0.0565 -0.0000 -0.9984
vn 0.0691 -0.0000 -0.9976
vn 0.0816 -0.0000 -0.9967
vn 0.0941 -0.0000 -0.9956
vn 0.1066 -0.0000 -0.9943
vn 0.1191 -0.0000 -0.9929
vn 0.1316 -0.0000 -0.9913
vn 0.1440 -0.0000 -0.9896
vn 0.1564 -0.0000 -0.9877
vn 0.1688 -0.0000 -0.9856
vn 0.1812 -0.0000 -0.9834
vn 0.1935 -0.0000 -0.9811
vn 0.2059 -0.0000 -0.9786
vn 0.2181 -0.0000 -0.9759
vn 0.2304 -0.0000 -0.9731
vn 0.2426 -0.0000 -0.9701
vn 0.2548 -0.0000 -0.9670
vn 0.2669 -0.0000 -0.9637
vn 0.2790 -0.0000 -0.9603
vn 0.2910 -0.0000 -0.9567
vn 0.3030 -0.0000 -0.9530
vn 0.3150 -0.0000 -0.9491
vn 0.3269 -0.0000 -0.9451
vn 0.3387 -0.0000 -0.9409
vn 0.3505 -0.0000 -0.9366
vn 0.3623 -0.0000 -0.9321
vn 0.3740 -0.0000 -0.9274
vn 0.3856 -0.0000 -0.9227
vn 0.3971 -0.0000 -0.9178
vn 0.4087 -0.0000 -0.9127
vn 0.4201 -0.0000 -0.9075
vn 0.4315 -0.0000 -0.9021
vn 0.4428 -0.0000 -0.8966
vn 0.4540 -0.0000 -0.8910
vn 0.4652 -0.0000 -0.8852
vn 0.4762 -0.0000 -0.8793
vn 0.4873 -0.0000 -0.8733
vn 0.4982 -0.0000 -0.8671
vn 0.5090 -0.0000 -0.8607
vn 0.5198 -0.0000 -0.8543
vn 0.5305 -0.0000 -0.8477
vn 0.5411 -0.0000 -0.8409
vn 0.5516 -0.0000 -0.8341
vn 0.5621 -0.0000 -0.8271
vn 0.5724 -0.0000 -0.8200
vn 0.5827 -0.0000 -0.8127
vn 0.5929 -0.0000 -0.8053
vn 0.6029 -0.0000 -0.7978
vn 0.6129 -0.0000 -0.7902
vn 0.6228 -0.0000 -0.7824
vn 0.6326 -0.0000 -0.7745
vn 0.6423 -0.0000 -0.7665
vn 0.6518 -0.0000 -0.7584
vn 0.6613 -0.0000 -0.7501
vn 0.6707 -0.0000 -0.7417
vn 0.6800 -0.0000 -0.7333
vn 0.6891 -0.0000 -0.7247
vn 0.6982 -0.0000 -0.7159
vn 0.7071 -0.0000 -0.7071
vn 0.7159 -0.0000 -0.6982
vn 0.7247 -0.0000 -0.6891
vn 0.7333 -0.0000 -0.6800
vn 0.7417 -0.0000 -0.6707
vn 0.7501 -0.0000 -0.6613
vn 0.7584 -0.0000 -0.6518
vn 0.7665 -0.0000 -0.6423
vn 0.7745 -0.0000 -0.6326
vn 0.7824 -0.0000 -0.6228
vn 0.7902 -0.0000 -0.6129
vn 0.7978 -0.0000 -0.6029
vn 0.8053 -0.0000 -0.5929
vn 0.8127 -0.0000 -0.5827
vn 0.8200 -0.0000 -0.5724
vn 0.8271 -0.0000 -0.5621
vn 0.8341 -0.0000 -0.5516
vn 0.8409 -0.0000 -0.5411
vn 0.8477 -0.0000 -0.5305
vn 0.8543 -0.0000 -0.5198
vn 0.8607 -0.0000 -0.5090
vn 0.8671 -0.0000 -0.4982
vn 0.8733 -0.0000 -0.4873
vn 0.8793 -0.0000 -0.4762
vn 0.8852 -0.0000 -0.4652
vn 0.8910 -0.0000 -0.4540
vn 0.8966 -0.0000 -0.4428
vn 0.9021 -0.0000 -0.4315
vn 0.9075 -0.0000 -0.4201
vn 0.9127 -0.0000 -0.4087
vn 0.9178 -0.0000 -0.3971
vn 0.9227 -0.0000 -0.3856
vn 0.9274 -0.0000 -0.3740
vn 0.9321 -0.0000 -0.3623
vn 0.9365 -0.0000 -0.3505
vn 0.9409 -0.0000 -0.3387
vn 0.9451 -0.0000 -0.3269
vn 0.9491 -0.0000 -0.3150
vn 0.9530 -0.0000 -0.3030
vn 0.9567 -0.0000 -0.2910
vn 0.9603 -0.0000 -0.2790
vn 0.9637 -0.0000 -0.2669
vn 0.9670 -0.0000 -0.2548
vn 0.9701 -0.0000 -0.2426
vn 0.9731 -0.0000 -0.2304
vn 0.9759 -0.0000 -0.2181
vn 0.9786 -0.0000 -0.2059
vn 0.9811 -0.0000 -0.1935
vn 0.9834 -0.0000 -0.1812
vn 0.9856 -0.0000 -0.1688
vn 0.9877 -0.0000 -0.1564
vn 0.9896 -0.0000 -0.1440
vn 0.9913 -0.0000 -0.1316
vn 0.9929 -0.0000 -0.1191
vn 0.9943 -0.0000 -0.1066
vn 0.9956 -0.0000 -0.0941
vn 0.9967 -0.0000 -0.0816
vn 0.9976 -0.0000 -0.0691
vn 0.9984 -0.0000 -0.0565
vn 0.9990 -0.0000 -0.0440
vn 0.9995 -0.0000 -0.0314
vn 0.9998 -0.0000 -0.0188
vn 1.0000 -0.0000 -0.0063
vn 1.0000 -0.0000 0.0063
vn 0.9998 -0.0000 0.0188
vn 0.9995 -0.0000 0.0314
vn 0.9990 -0.0000 0.0440
vn 0.9984 -0.0000 0.0565
vn 0.9976 -0.0000 0.0691
vn 0.9967 -0.0000 0.0816
vn 0.9956 -0.0000 0.0941
vn 0.9943 -0.0000 0.1066
vn 0.9929 -0.0000 0.1191
vn 0.9913 -0.0000 0.1316
vn 0.9896 -0.0000 0.1440
vn 0.9877 -0.0000 0.1564
vn 0.9856 -0.0000 0.1688
vn 0.9834 -0.0000 0.1812
vn 0.9811 -0.0000 0.1935
vn 0.9786 -0.0000 0.2059
vn 0.9759 -0.0000 0.2181
vn 0.9731 -0.0000 0.2304
vn 0.9701 -0.0000 0.2426
vn 0.9670 -0.0000 0.2548
vn 0.9637 -0.0000 0.2669
vn 0.9603 -0.0000 0.2790
vn 0.9567 -0.0000 0.2910
vn 0.9530 -0.0000 0.3030
vn 0.9491 -0.0000 0.3150
vn 0.9451 -0.0000 0.3269
vn 0.9409 -0.0000 0.3387
vn 0.9365 -0.0000 0.3505
vn 0.9321 -0.0000 0.3623
vn 0.9274 -0.0000 0.3740
vn 0.9227 -0.0000 0.3856
vn 0.9178 -0.0000 0.3971
vn 0.9127 -0.0000 0.4087
vn 0.9075 -0.0000 0.4201
vn 0.9021 -0.0000 0.4315
vn 0.8966 -0.0000 0.4428
vn 0.8910 -0.0000 0.4540
vn 0.8852 -0.0000 0.4652
vn 0.8793 -0.0000 0.4762
vn 0.8733 -0.0000 0.4873
vn 0.8671 -0.0000 0.4982
vn 0.8607 -0.0000 0.5090
vn 0.8543 -0.0000 0.5198
vn 0.8477 -0.0000 0.5305
vn 0.8409 -0.0000 0.5411
vn 0.8341 -0.0000 0.5516
vn 0.8271 -0.0000 0.5621
vn 0.8200 -0.0000 0.5724
vn 0.8127 -0.0000 0.5827
vn 0.8053 -0.0000 0.5929
vn 0.7978 -0.0000 0.6029
vn 0.7902 -0.0000 0.6129
vn 0.7824 -0.0000 0.6228
vn 0.7745 -0.0000 0.6326
vn 0.7665 -0.0000 0.6423
vn 0.7584 -0.0000 0.6518
vn 0.7501 -0.0000 0.6613
vn 0.7417 -0.0000 0.6707
vn 0.7333 -0.0000 0.6800
vn 0.7247 -0.0000 0.6891
vn 0.7159 -0.0000 0.6982
vn 0.7071 -0.0000 0.7071
vn 0.6982 -0.0000 0.7159
vn 0.6891 -0.0000 0.7247
vn 0.6800 -0.0000 0.7333
vn 0.6707 -0.0000 0.7417
vn 0.6613 -0.0000 0.7501
vn 0.6518 -0.0000 0.7584
vn 0.6423 -0.0000 0.7665
vn 0.6326 -0.0000 0.7745
vn 0.6228 -0.0000 0.7824
vn 0.6129 -0.0000 0.7902
vn 0.6029 -0.0000 0.7978
vn 0.5929 -0.0000 0.8053
vn 0.5827 -0.0000 0.8127
vn 0.5724 -0.0000 0.8200
vn 0.5621 -0.0000 0.8271
vn 0.5516 -0.0000 0.8341
vn 0.5411 -0.0000 0.8409
vn 0.5305 -0.0000 0.8477
vn 0.5198 -0.0000 0.8543
vn 0.5090 -0.0000 0.8607
vn 0.4982 -0.0000 0.8671
vn 0.4873 -0.0000 0.8733
vn 0.4762 -0.0000 0.8793
vn 0.4652 -0.0000 0.8852
vn 0.4540 -0.0000 0.8910
vn 0.4428 -0.0000 0.8966
vn 0.4315 -0.0000 0.9021
vn 0.4201 -0.0000 0.9075
vn 0.4087 -0.0000 0.9127
vn 0.3971 -0.0000 0.9178
vn 0.3856 -0.0000 0.9227
vn 0.3740 -0.0000 0.9274
vn 0.3623 -0.0000 0.9321
vn 0.3505 -0.0000 0.9365
vn 0.3387 -0.0000 0.9409
vn 0.3269 -0.0000 0.9451
vn 0.3150 -0.0000 0.9491
vn 0.3030 -0.0000 0.9530
vn 0.2910 -0.0000 0.9567
vn 0.2790 -0.0000 0.9603
vn 0.2669 -0.0000 0.9637
vn 0.2548 -0.0000 0.9670
vn 0.2426 -0.0000 0.9701
vn 0.2304 -0.0000 0.9731
vn 0.2181 -0.0000 0.9759
vn 0.2059 -0.0000 0.9786
vn 0.1935 -0.0000 0.9811
vn 0.1812 -0.0000 0.9834
vn 0.1688 -0.0000 0.9856
vn 0.1564 -0.0000 0.9877
vn 0.1440 -0.0000 0.9896
vn 0.1316 -0.0000 0.9913
vn 0.1191 -0.0000 0.9929
vn 0.1066 -0.0000 0.9943
vn 0.0941 -0.0000 0.9956
vn 0.0816 -0.0000 0.9967
vn 0.0691 -0.0000 0.9976
vn 0.0565 -0.0000 0.9984
vn 0.0440 -0.0000 0.9990
vn 0.0314 -0.0000 0.9995
vn 0.0188 -0.0000 0.9998
vn 0.0063 -0.0000 1.0000
vn -0.0063 -0.0000 1.0000
vn -0.0188 -0.0000 0.9998
vn -0.0314 -0.0000 0.9995
vn -0.0440 -0.0000 0.9990
vn -0.0565 -0.0000 0.9984
vn -0.0691 -0.0000 0.9976
vn -0.0816 -0.0000 0.9967
vn -0.0941 -0.0000 0.9956
vn -0.1066 -0.0000 0.9943
vn -0.1191 -0.0000 0.9929
vn -0.1316 -0.0000 0.9913
vn -0.1440 -0.0000 0.9896
vn -0.1564 -0.0000 0.9877
vn -0.1688 -0.0000 0.9856
vn -0.1812 -0.0000 0.9834
vn -0.1935 -0.0000 0.9811
vn -0.2059 -0.0000 0.9786
vn -0.2181 -0.0000 0.9759
vn -0.2304 -0.0000 0.9731
vn -0.2426 -0.0000 0.9701
vn -0.2548 -0.0000 0.9670
vn -0.2669 -0.0000 0.9637
vn -0.2790 -0.0000 0.9603
vn -0.2910 -0.0000 0.9567
vn -0.3030 -0.0000 0.9530
vn -0.3150 -0.0000 0.9491
vn -0.3269 -0.0000 0.9451
vn -0.3387 -0.0000 0.9409
vn -0.3505 -0.0000 0.9365
vn -0.3623 -0.0000 0.9321
vn -0.3740 -0.0000 0.9274
vn -0.3856 -0.0000 0.9227
vn -0.3971 -0.0000 0.9178
vn -0.4087 -0.0000 0.9127
vn -0.4201 -0.0000 0.9075
vn -0.4315 -0.0000 0.9021
vn -0.4428 -0.0000 0.8966
vn -0.4540 -0.0000 0.8910
vn -0.4652 -0.0000 0.8852
vn -0.4762 -0.0000 0.8793
vn -0.4873 -0.0000 0.8733
vn -0.4982 -0.0000 0.8671
vn -0.5090 -0.0000 0.8607
vn -0.5198 -0.0000 0.8543
vn -0.5305 -0.0000 0.8477
vn -0.5411 -0.0000 0.8409
vn -0.5516 -0.0000 0.8341
vn -0.5621 -0.0000 0.8271
vn -0.5724 -0.0000 0.8200
vn -0.5827 -0.0000 0.8127
vn -0.5929 -0.0000 0.8053
vn -0.6029 -0.0000 0.7978
vn -0.6129 -0.0000 0.7902
vn -0.6228 -0.0000 0.7824
vn -0.6326 -0.0000 0.7745
vn -0.6423 -0.0000 0.7665
vn -0.6518 -0.0000 0.7584
vn -0.6613 -0.0000 0.7501
vn -0.6707 -0.0000 0.7417
vn -0.6800 -0.0000 0.7333
vn -0.6891 -0.0000 0.7247
vn -0.6982 -0.0000 0.7159
vn -0.7071 -0.0000 0.7071
vn -0.7159 -0.0000 0.6982
vn -0.7247 -0.0000 0.6891
vn -0.7333 -0.0000 0.6800
vn -0.7417 -0.0000 0.6707
vn -0.7501 -0.0000 0.6613
vn -0.7584 -0.0000 0.6518
vn -0.7665 -0.0000 0.6423
vn -0.7745 -0.0000 0.6326
vn -0.7824 -0.0000 0.6228
vn -0.7902 -0.0000 0.6129
vn -0.7978 -0.0000 0.6029
vn -0.8053 -0.0000 0.5929
vn -0.8127 -0.0000 0.5827
vn -0.8200 -0.0000 0.5724
vn -0.8271 -0.0000 0.5621
vn -0.8341 -0.0000 0.5516
vn -0.8409 -0.0000 0.5411
vn -0.8477 -0.0000 0.5305
vn -0.8543 -0.0000 0.5198
vn -0.8607 -0.0000 0.5090
vn -0.8671 -0.0000 0.4982
vn -0.8733 -0.0000 0.4873
vn -0.8793 -0.0000 0.4762
vn -0.8852 -0.0000 0.4652
vn -0.8910 -0.0000 0.4540
vn -0.8966 -0.0000 0.4428
vn -0.9021 -0.0000 0.4315
vn -0.9075 -0.0000 0.4201
vn -0.9127 -0.0000 0.4087
vn -0.9178 -0.0000 0.3971
vn -0.9227 -0.0000 0.3856
vn -0.9274 -0.0000 0.3740
vn -0.9321 -0.0000 0.3623
vn -0.9366 -0.0000 0.3505
vn -0.9409 -0.0000 0.3387
vn -0.9451 -0.0000 0.3269
vn -0.9491 -0.0000 0.3150
vn -0.9530 -0.0000 0.3030
vn -0.9567 -0.0000 0.2910
vn -0.9603 -0.0000 0.2790
vn -0.9637 -0.0000 0.2669
vn -0.9670 -0.0000 0.2548
vn -0.9701 -0.0000 0.2426
vn -0.9731 -0.0000 0.2304
vn -0.9759 -0.0000 0.2181
vn -0.9786 -0.0000 0.2059
vn -0.9811 -0.0000 0.1935
vn -0.9834 -0.0000 0.1812
vn -0.9856 -0.0000 0.1688
vn -0.9877 -0.0000 0.1564
vn -0.9896 -0.0000 0.1440
vn -0.9913 -0.0000 0.1316
vn -0.9929 -0.0000 0.1191
vn -0.9943 -0.0000 0.1066
vn -0.9956 -0.0000 0.0941
vn -0.9967 -0.0000 0.0816
vn -0.9976 -0.0000 0.0691
vn -0.9984 -0.0000 0.0565
vn -0.9990 -0.0000 0.0440
vn -0.9995 -0.0000 0.0314
vn -0.9998 -0.0000 0.0188
vn -1.0000 -0.0000 0.0063
vn -1.0000 -0.0000 -0.0063
vn -0.9998 -0.0000 -0.0188
vn -0.9995 -0.0000 -0.0314
vn -0.9990 -0.0000 -0.0440
vn -0.9984 -0.0000 -0.0565
vn -0.9976 -0.0000 -0.0691
vn -0.9967 -0.0000 -0.0816
vn -0.9956 -0.0000 -0.0941
vn -0.9943 -0.0000 -0.1066
vn -0.9929 -0.0000 -0.1191
vn -0.9913 -0.0000 -0.1316
vn -0.9896 -0.0000 -0.1440
vn -0.9877 -0.0000 -0.1564
vn -0.9856 -0.0000 -0.1688
vn -0.9834 -0.0000 -0.1812
vn -0.9811 -0.0000 -0.1935
vn -0.9786 -0.0000 -0.2059
vn -0.9759 -0.0000 -0.2181
vn -0.9731 -0.0000 -0.2304
vn -0.9701 -0.0000 -0.2426
vn -0.9670 -0.0000 -0.2548
vn -0.9637 -0.0000 -0.2669
vn -0.9603 -0.0000 -0.2790
vn -0.9567 -0.0000 -0.2910
vn -0.9530 -0.0000 -0.3030
vn -0.9491 -0.0000 -0.3150
vn -0.9451 -0.0000 -0.3269
vn -0.9409 -0.0000 -0.3387
vn -0.9366 -0.0000 -0.3505
vn -0.9321 -0.0000 -0.3623
vn -0.9274 -0.0000 -0.3740
vn -0.9227 -0.0000 -0.3856
vn -0.9178 -0.0000 -0.3971
vn -0.9127 -0.0000 -0.4087
vn -0.9075 -0.0000 -0.4201
vn -0.9021 -0.0000 -0.4315
vn -0.8966 -0.0000 -0.4428
vn -0.8910 -0.0000 -0.4540
vn -0.8852 -0.0000 -0.4652
vn -0.8793 -0.0000 -0.4762
vn -0.8733 -0.0000 -0.4873
vn -0.8671 -0.0000 -0.4982
vn -0.8607 -0.0000 -0.5090
vn -0.8543 -0.0000 -0.5198
vn -0.8477 -0.0000 -0.5305
vn -0.8409 -0.0000 -0.5411
vn -0.8341 -0.0000 -0.5516
vn -0.8271 -0.0000 -0.5621
vn -0.8200 -0.0000 -0.5724
vn -0.8127 -0.0000 -0.5827
vn -0.8053 -0.0000 -0.5929
vn -0.7978 -0.0000 -0.6029
vn -0.7902 -0.0000 -0.6129
vn -0.7824 -0.0000 -0.6228
vn -0.7745 -0.0000 -0.6326
vn -0.7665 -0.0000 -0.6423
vn -0.7584 -0.0000 -0.6518
vn -0.7501 -0.0000 -0.6613
vn -0.7417 -0.0000 -0.6707
vn -0.7333 -0.0000 -0.6800
vn -0.7247 -0.0000 -0.6891
vn -0.7159 -0.0000 -0.6982
vn -0.7071 -0.0000 -0.7071
vn -0.6982 -0.0000 -0.7159
vn -0.6891 -0.0000 -0.7247
vn -0.6800 -0.0000 -0.7333
vn -0.6707 -0.0000 -0.7417
vn -0.6613 -0.0000 -0.7501
vn -0.6518 -0.0000 -0.7584
vn -0.6423 -0.0000 -0.7665
vn -0.6326 -0.0000 -0.7745
vn -0.6228 -0.0000 -0.7824
vn -0.6129 -0.0000 -0.7902
vn -0.6029 -0.0000 -0.7978
vn -0.5929 -0.0000 -0.8053
vn -0.5827 -0.0000 -0.8127
vn -0.5724 -0.0000 -0.8200
vn -0.5621 -0.0000 -0.8271
vn -0.5516 -0.0000 -0.8341
vn -0.5411 -0.0000 -0.8409
vn -0.5305 -0.0000 -0.8477
vn -0.5198 -0.0000 -0.8543
vn -0.5090 -0.0000 -0.8607
vn -0.4982 -0.0000 -0.8671
vn -0.4873 -0.0000 -0.8733
vn -0.4762 -0.0000 -0.8793
vn -0.4652 -0.0000 -0.8852
vn -0.4540 -0.0000 -0.8910
vn -0.4428 -0.0000 -0.8966
vn -0.4315 -0.0000 -0.9021
vn -0.4201 -0.0000 -0.9075
vn -0.4087 -0.0000 -0.9127
vn -0.3971 -0.0000 -0.9178
vn -0.3856 -0.0000 -0.9227
vn -0.3740 -0.0000 -0.9274
vn -0.3623 -0.0000 -0.9321
vn -0.3505 -0.0000 -0.9366
vn -0.3387 -0.0000 -0.9409
vn -0.3269 -0.0000 -0.9451
vn -0.3150 -0.0000 -0.9491
vn -0.3030 -0.0000 -0.9530
vn -0.2910 -0.0000 -0.9567
vn -0.2790 -0.0000 -0.9603
vn -0.2669 -0.0000 -0.9637
vn -0.2548 -0.0000 -0.9670
vn -0.2426 -0.0000 -0.9701
vn -0.2304 -0.0000 -0.9731
vn -0.2181 -0.0000 -0.9759
vn -0.2059 -0.0000 -0.9786
vn -0.1935 -0.0000 -0.9811
vn -0.1812 -0.0000 -0.9834
vn -0.1688 -0.0000 -0.9856
vn -0.1564 -0.0000 -0.9877
vn -0.1440 -0.0000 -0.9896
vn -0.1316 -0.0000 -0.9913
vn -0.1191 -0.0000 -0.9929
vn -0.1066 -0.0000 -0.9943
vn -0.0941 -0.0000 -0.9956
vn -0.0816 -0.0000 -0.9967
vn -0.0691 -0.0000 -0.9976
vn -0.0565 -0.0000 -0.9984
vn -0.0440 -0.0000 -0.9990
vn -0.0314 -0.0000 -0.9995
vn -0.0000 1.0000 -0.0000
vn -0.0188 -0.0000 -0.9998
vn -0.0063 -0.0000 -1.0000
vn -0.0000 -1.0000 -0.0000
vt 1.000000 0.500000
vt 1.000000 1.000000
vt 0.998000 1.000000
vt 0.998000 0.500000
vt 0.996000 1.000000
vt 0.996000 0.500000
vt 0.994000 1.000000
vt 0.994000 0.500000
vt 0.992000 1.000000
vt 0.992000 0.500000
vt 0.990000 1.000000
vt 0.990000 0.500000
vt 0.988000 1.000000
vt 0.988000 0.500000
vt 0.986000 1.000000
vt 0.986000 0.500000
vt 0.984000 1.000000
vt 0.984000 0.500000
vt 0.982000 1.000000
vt 0.982000 0.500000
vt 0.980000 1.000000
vt 0.980000 0.500000
vt 0.978000 1.000000
vt 0.978000 0.500000
vt 0.976000 1.000000
vt 0.976000 0.500000
vt 0.974000 1.000000
vt 0.974000 0.500000
vt 0.972000 1.000000
vt 0.972000 0.500000
vt 0.970000 1.000000
vt 0.970000 0.500000
vt 0.968000 1.000000
vt 0.968000 0.500000
vt 0.966000 1.000000
vt 0.966000 0.500000
vt 0.964000 1.000000
vt 0.964000 0.500000
vt 0.962000 1.000000
vt 0.962000 0.500000
vt 0.960001 1.000000
vt 0.960001 0.500000
vt 0.958001 1.000000
vt 0.958001 0.500000
vt 0.956001 1.000000
vt 0.956001 0.500000
vt 0.954001 1.000000
vt 0.954001 0.500000
vt 0.952001 1.000000
vt 0.952001 0.500000
vt 0.950001 1.000000
vt 0.950001 0.500000
vt 0.948001 1.000000
vt 0.948001 0.500000
vt 0.946001 1.000000
vt 0.946001 0.500000
vt 0.944001 1.000000
vt 0.944001 0.500000
vt 0.942001 1.000000
vt 0.942001 0.500000
vt 0.940001 1.000000
vt 0.940001 0.500000
vt 0.938001 1.000000
vt 0.938001 0.500000
vt 0.936001 1.000000
vt 0.936001 0.500000
vt 0.934001 1.000000
vt 0.934001 0.500000
vt 0.932001 1.000000
vt 0.932001 0.500000
vt 0.930001 1.000000
vt 0.930001 0.500000
vt 0.928001 1.000000
vt 0.928001 0.500000
vt 0.926001 1.000000
vt 0.926001 0.500000
vt 0.924001 1.000000
vt 0.924001 0.500000
vt 0.922001 1.000000
vt 0.922001 0.500000
vt 0.920001 1.000000
vt 0.920001 0.500000
vt 0.918001 1.000000
vt 0.918001 0.500000
vt 0.916001 1.000000
vt 0.916001 0.500000
vt 0.914001 1.000000
vt 0.914001 0.500000
vt 0.912001 1.000000
vt 0.912001 0.500000
vt 0.910001 1.000000
vt 0.910001 0.500000
vt 0.908001 1.000000
vt 0.908001 0.500000
vt 0.906001 1.000000
vt 0.906001 0.500000
vt 0.904001 1.000000
vt 0.904001 0.500000
vt 0.902001 1.000000
vt 0.902001 0.500000
vt 0.900001 1.000000
vt 0.900001 0.500000
vt 0.898001 1.000000
vt 0.898001 0.500000
vt 0.896001 1.000000
vt 0.896001 0.500000
vt 0.894001 1.000000
vt 0.894001 0.500000
vt 0.892001 1.000000
vt 0.892001 0.500000
vt 0.890001 1.000000
vt 0.890001 0.500000
vt 0.888001 1.000000
vt 0.888001 0.500000
vt 0.886001 1.000000
vt 0.886001 0.500000
vt 0.884001 1.000000
vt 0.884001 0.500000
vt 0.882002 1.000000
vt 0.882002 0.500000
vt 0.880002 1.000000
vt 0.880002 0.500000
vt 0.878002 1.000000
vt 0.878002 0.500000
vt 0.876002 1.000000
vt 0.876002 0.500000
vt 0.874002 1.000000
vt 0.874002 0.500000
vt 0.872002 1.000000
vt 0.872002 0.500000
vt 0.870002 1.000000
vt 0.870002 0.500000
vt 0.868002 1.000000
vt 0.868002 0.500000
vt 0.866002 1.000000
vt 0.866002 0.500000
vt 0.864002 1.000000
vt 0.864002 0.500000
vt 0.862002 1.000000
vt 0.862002 0.500000
vt 0.860002 1.000000
vt 0.860002 0.500000
vt 0.858002 1.000000
vt 0.858002 0.500000
vt 0.856002 1.000000
vt 0.856002 0.500000
vt 0.854002 1.000000
vt 0.854002 0.500000
vt 0.852002 1.000000
vt 0.852002 0.500000
vt 0.850002 1.000000
vt 0.850002 0.500000
vt 0.848002 1.000000
vt 0.848002 0.500000
vt 0.846002 1.000000
vt 0.846002 0.500000
vt 0.844002 1.000000
vt 0.844002 0.500000
vt 0.842002 1.000000
vt 0.842002 0.500000
vt 0.840002 1.000000
vt 0.840002 0.500000
vt 0.838002 1.000000
vt 0.838002 0.500000
vt 0.836002 1.000000
vt 0.836002 0.500000
vt 0.834002 1.000000
vt 0.834002 0.500000
vt 0.832002 1.000000
vt 0.832002 0.500000
vt 0.830002 1.000000
vt 0.830002 0.500000
vt 0.828002 1.000000
vt 0.828002 0.500000
vt 0.826002 1.000000
vt 0.826002 0.500000
vt 0.824002 1.000000
vt 0.824002 0.500000
vt 0.822002 1.000000
vt 0.822002 0.500000
vt 0.820002 1.000000
vt 0.820002 0.500000
vt 0.818002 1.000000
vt 0.818002 0.500000
vt 0.816002 1.000000
vt 0.816002 0.500000
vt 0.814002 1.000000
vt 0.814002 0.500000
vt 0.812002 1.000000
vt 0.812002 0.500000
vt 0.810002 1.000000
vt 0.810002 0.500000
vt 0.808002 1.000000
vt 0.808002 0.500000
vt 0.806002 1.000000
vt 0.806002 0.500000
vt 0.804003 1.000000
vt 0.804003 0.500000
vt 0.802003 1.000000
vt 0.802003 0.500000
vt 0.800003 1.000000
vt 0.800003 0.500000
vt 0.798003 1.000000
vt 0.798003 0.500000
vt 0.796003 1.000000
vt 0.796003 0.500000
vt 0.794003 1.000000
vt 0.794003 0.500000
vt 0.792003 1.000000
vt 0.792003 0.500000
vt 0.790003 1.000000
vt 0.790003 0.500000
vt 0.788003 1.000000
vt 0.788003 0.500000
vt 0.786003 1.000000
vt 0.786003 0.500000
vt 0.784003 1.000000
vt 0.784003 0.500000
vt 0.782003 1.000000
vt 0.782003 0.500000
vt 0.780003 1.000000
vt 0.780003 0.500000
vt 0.778003 1.000000
vt 0.778003 0.500000
vt 0.776003 1.000000
vt 0.776003 0.500000
vt 0.774003 1.000000
vt 0.774003 0.500000
vt 0.772003 1.000000
vt 0.772003 0.500000
vt 0.770003 1.000000
vt 0.770003 0.500000
vt 0.768003 1.000000
vt 0.768003 0.500000
vt 0.766003 1.000000
vt 0.766003 0.500000
vt 0.764003 1.000000
vt 0.764003 0.500000
vt 0.762003 1.000000
vt 0.762003 0.500000
vt 0.760003 1.000000
vt 0.760003 0.500000
vt 0.758003 1.000000
vt 0.758003 0.500000
vt 0.756003 1.000000
vt 0.756003 0.500000
vt 0.754003 1.000000
vt 0.754003 0.500000
vt 0.752003 1.000000
vt 0.752003 0.500000
vt 0.750003 1.000000
vt 0.750003 0.500000
vt 0.748003 1.000000
vt 0.748003 0.500000
vt 0.746003 1.000000
vt 0.746003 0.500000
vt 0.744003 1.000000
vt 0.744003 0.500000
vt 0.742003 1.000000
vt 0.742003 0.500000
vt 0.740003 1.000000
vt 0.740003 0.500000
vt 0.738003 1.000000
vt 0.738003 0.500000
vt 0.736003 1.000000
vt 0.736003 0.500000
vt 0.734003 1.000000
vt 0.734003 0.500000
vt 0.732003 1.000000
vt 0.732003 0.500000
vt 0.730003 1.000000
vt 0.730003 0.500000
vt 0.728004 1.000000
vt 0.728004 0.500000
vt 0.726004 1.000000
vt 0.726004 0.500000
vt 0.724004 1.000000
vt 0.724004 0.500000
vt 0.722004 1.000000
vt 0.722004 0.500000
vt 0.720004 1.000000
vt 0.720004 0.500000
vt 0.718004 1.000000
vt 0.718004 0.500000
vt 0.716004 1.000000
vt 0.716004 0.500000
vt 0.714004 1.000000
vt 0.714004 0.500000
vt 0.712004 1.000000
vt 0.712004 0.500000
vt 0.710004 1.000000
vt 0.710004 0.500000
vt 0.708004 1.000000
vt 0.708004 0.500000
vt 0.706004 1.000000
vt 0.706004 0.500000
vt 0.704004 1.000000
vt 0.704004 0.500000
vt 0.702004 1.000000
vt 0.702004 0.500000
vt 0.700004 1.000000
vt 0.700004 0.500000
vt 0.698004 1.000000
vt 0.698004 0.500000
vt 0.696004 1.000000
vt 0.696004 0.500000
vt 0.694004 1.000000
vt 0.694004 0.500000
vt 0.692004 1.000000
vt 0.692004 0.500000
vt 0.690004 1.000000
vt 0.690004 0.500000
vt 0.688004 1.000000
vt 0.688004 0.500000
vt 0.686004 1.000000
vt 0.686004 0.500000
vt 0.684004 1.000000
vt 0.684004 0.500000
vt 0.682004 1.000000
vt 0.682004 0.500000
vt 0.680004 1.000000
vt 0.680004 0.500000
vt 0.678004 1.000000
vt 0.678004 0.500000
vt 0.676004 1.000000
vt 0.676004 0.500000
vt 0.674004 1.000000
vt 0.674004 0.500000
vt 0.672004 1.000000
vt 0.672004 0.500000
vt 0.670004 1.000000
vt 0.670004 0.500000
vt 0.668004 1.000000
vt 0.668004 0.500000
vt 0.666004 1.000000
vt 0.666004 0.500000
vt 0.664004 1.000000
vt 0.664004 0.500000
vt 0.662004 1.000000
vt 0.662004 0.500000
vt 0.660004 1.000000
vt 0.660004 0.500000
vt 0.658004 1.000000
vt 0.658004 0.500000
vt 0.656004 1.000000
vt 0.656004 0.500000
vt 0.654004 1.000000
vt 0.654004 0.500000
vt 0.652004 1.000000
vt 0.652004 0.500000
vt 0.650005 1.000000
vt 0.650005 0.500000
vt 0.648005 1.000000
vt 0.648005 0.500000
vt 0.646005 1.000000
vt 0.646005 0.500000
vt 0.644005 1.000000
vt 0.644005 0.500000
vt 0.642005 1.000000
vt 0.642005 0.500000
vt 0.640005 1.000000
vt 0.640005 0.500000
vt 0.638005 1.000000
vt 0.638005 0.500000
vt 0.636005 1.000000
vt 0.636005 0.500000
vt 0.634005 1.000000
vt 0.634005 0.500000
vt 0.632005 1.000000
vt 0.632005 0.500000
vt 0.630005 1.000000
vt 0.630005 0.500000
vt 0.628005 1.000000
vt 0.628005 0.500000
vt 0.626005 1.000000
vt 0.626005 0.500000
vt 0.624005 1.000000
vt 0.624005 0.500000
vt 0.622005 1.000000
vt 0.622005 0.500000
vt 0.620005 1.000000
vt 0.620005 0.500000
vt 0.618005 1.000000
vt 0.618005 0.500000
vt 0.616005 1.000000
vt 0.616005 0.500000
vt 0.614005 1.000000
vt 0.614005 0.500000
vt 0.612005 1.000000
vt 0.612005 0.500000
vt 0.610005 1.000000
vt 0.610005 0.500000
vt 0.608005 1.000000
vt 0.608005 0.500000
vt 0.606005 1.000000
vt 0.606005 0.500000
vt 0.604005 1.000000
vt 0.604005 0.500000
vt 0.602005 1.000000
vt 0.602005 0.500000
vt 0.600005 1.000000
vt 0.600005 0.500000
vt 0.598005 1.000000
vt 0.598005 0.500000
vt 0.596005 1.000000
vt 0.596005 0.500000
vt 0.594005 1.000000
vt 0.594005 0.500000
vt 0.592005 1.000000
vt 0.592005 0.500000
vt 0.590005 1.000000
vt 0.590005 0.500000
vt 0.588005 1.000000
vt 0.588005 0.500000
vt 0.586005 1.000000
vt 0.586005 0.500000
vt 0.584005 1.000000
vt 0.584005 0.500000
vt 0.582005 1.000000
vt 0.582005 0.500000
vt 0.580005 1.000000
vt 0.580005 0.500000
vt 0.578005 1.000000
vt 0.578005 0.500000
vt 0.576005 1.000000
vt 0.576005 0.500000
vt 0.574005 1.000000
vt 0.574005 0.500000
vt 0.572006 1.000000
vt 0.572006 0.500000
vt 0.570006 1.000000
vt 0.570006 0.500000
vt 0.568006 1.000000
vt 0.568006 0.500000
vt 0.566006 1.000000
vt 0.566006 0.500000
vt 0.564006 1.000000
vt 0.564006 0.500000
vt 0.562006 1.000000
vt 0.562006 0.500000
vt 0.560006 1.000000
vt 0.560006 0.500000
vt 0.558006 1.000000
vt 0.558006 0.500000
vt 0.556006 1.000000
vt 0.556006 0.500000
vt 0.554006 1.000000
vt 0.554006 0.500000
vt 0.552006 1.000000
vt 0.552006 0.500000
vt 0.550006 1.000000
vt 0.550006 0.500000
vt 0.548006 1.000000
vt 0.548006 0.500000
vt 0.546006 1.000000
vt 0.546006 0.500000
vt 0.544006 1.000000
vt 0.544006 0.500000
vt 0.542006 1.000000
vt 0.542006 0.500000
vt 0.540006 1.000000
vt 0.540006 0.500000
vt 0.538006 1.000000
vt 0.538006 0.500000
vt 0.536006 1.000000
vt 0.536006 0.500000
vt 0.534006 1.000000
vt 0.534006 0.500000
vt 0.532006 1.000000
vt 0.532006 0.500000
vt 0.530006 1.000000
vt 0.530006 0.500000
vt 0.528006 1.000000
vt 0.528006 0.500000
vt 0.526006 1.000000
vt 0.526006 0.500000
vt 0.524006 1.000000
vt 0.524006 0.500000
vt 0.522006 1.000000
vt 0.522006 0.500000
vt 0.520006 1.000000
vt 0.520006 0.500000
vt 0.518006 1.000000
vt 0.518006 0.500000
vt 0.516006 1.000000
vt 0.516006 0.500000
vt 0.514006 1.000000
vt 0.514006 0.500000
vt 0.512006 1.000000
vt 0.512006 0.500000
vt 0.510006 1.000000
vt 0.510006 0.500000
vt 0.508006 1.000000
vt 0.508006 0.500000
vt 0.506006 1.000000
vt 0.506006 0.500000
vt 0.504006 1.000000
vt 0.504006 0.500000
vt 0.502006 1.000000
vt 0.502006 0.500000
vt 0.500006 1.000000
vt 0.500006 0.500000
vt 0.498006 1.000000
vt 0.498006 0.500000
vt 0.496006 1.000000
vt 0.496006 0.500000
vt 0.494006 1.000000
vt 0.494006 0.500000
vt 0.492006 1.000000
vt 0.492006 0.500000
vt 0.490006 1.000000
vt 0.490006 0.500000
vt 0.488006 1.000000
vt 0.488006 0.500000
vt 0.486006 1.000000
vt 0.486006 0.500000
vt 0.484006 1.000000
vt 0.484006 0.500000
vt 0.482006 1.000000
vt 0.482006 0.500000
vt 0.480006 1.000000
vt 0.480006 0.500000
vt 0.478006 1.000000
vt 0.478006 0.500000
vt 0.476006 1.000000
vt 0.476006 0.500000
vt 0.474006 1.000000
vt 0.474006 0.500000
vt 0.472006 1.000000
vt 0.472006 0.500000
vt 0.470006 1.000000
vt 0.470006 0.500000
vt 0.468006 1.000000
vt 0.468006 0.500000
vt 0.466006 1.000000
vt 0.466006 0.500000
vt 0.464006 1.000000
vt 0.464006 0.500000
vt 0.462006 1.000000
vt 0.462006 0.500000
vt 0.460006 1.000000
vt 0.460006 0.500000
vt 0.458006 1.000000
vt 0.458006 0.500000
vt 0.456006 1.000000
vt 0.456006 0.500000
vt 0.454006 1.000000
vt 0.454006 0.500000
vt 0.452006 1.000000
vt 0.452006 0.500000
vt 0.450006 1.000000
vt 0.450006 0.500000
vt 0.448006 1.000000
vt 0.448006 0.500000
vt 0.446006 1.000000
vt 0.446006 0.500000
vt 0.444006 1.000000
vt 0.444006 0.500000
vt 0.442006 1.000000
vt 0.442006 0.500000
vt 0.440006 1.000000
vt 0.440006 0.500000
vt 0.438006 1.000000
vt 0.438006 0.500000
vt 0.436006 1.000000
vt 0.436006 0.500000
vt 0.434006 1.000000
vt 0.434006 0.500000
vt 0.432006 1.000000
vt 0.432006 0.500000
vt 0.430006 1.000000
vt 0.430006 0.500000
vt 0.428006 1.000000
vt 0.428006 0.500000
vt 0.426006 1.000000
vt 0.426006 0.500000
vt 0.424006 1.000000
vt 0.424006 0.500000
vt 0.422006 1.000000
vt 0.422006 0.500000
vt 0.420006 1.000000
vt 0.420006 0.500000
vt 0.418006 1.000000
vt 0.418006 0.500000
vt 0.416006 1.000000
vt 0.416006 0.500000
vt 0.414006 1.000000
vt 0.414006 0.500000
vt 0.412006 1.000000
vt 0.412006 0.500000
vt 0.410006 1.000000
vt 0.410006 0.500000
vt 0.408006 1.000000
vt 0.408006 0.500000
vt 0.406006 1.000000
vt 0.406006 0.500000
vt 0.404006 1.000000
vt 0.404006 0.500000
vt 0.402006 1.000000
vt 0.402006 0.500000
vt 0.400006 1.000000
vt 0.400006 0.500000
vt 0.398006 1.000000
vt 0.398006 0.500000
vt 0.396006 1.000000
vt 0.396006 0.500000
vt 0.394006 1.000000
vt 0.394006 0.500000
vt 0.392006 1.000000
vt 0.392006 0.500000
vt 0.390006 1.000000
vt 0.390006 0.500000
vt 0.388006 1.000000
vt 0.388006 0.500000
vt 0.386006 1.000000
vt 0.386006 0.500000
vt 0.384006 1.000000
vt 0.384006 0.500000
vt 0.382006 1.000000
vt 0.382006 0.500000
vt 0.380006 1.000000
vt 0.380006 0.500000
vt 0.378006 1.000000
vt 0.378006 0.500000
vt 0.376006 1.000000
vt 0.376006 0.500000
vt 0.374006 1.000000
vt 0.374006 0.500000
vt 0.372006 1.000000
vt 0.372006 0.500000
vt 0.370006 1.000000
vt 0.370006 0.500000
vt 0.368006 1.000000
vt 0.368006 0.500000
vt 0.366006 1.000000
vt 0.366006 0.500000
vt 0.364006 1.000000
vt 0.364006 0.500000
vt 0.362006 1.000000
vt 0.362006 0.500000
vt 0.360006 1.000000
vt 0.360006 0.500000
vt 0.358006 1.000000
vt 0.358006 0.500000
vt 0.356006 1.000000
vt 0.356006 0.500000
vt 0.354006 1.000000
vt 0.354006 0.500000
vt 0.352006 1.000000
vt 0.352006 0.500000
vt 0.350006 1.000000
vt 0.350006 0.500000
vt 0.348006 1.000000
vt 0.348006 0.500000
vt 0.346006 1.000000
vt 0.346006 0.500000
vt 0.344006 1.000000
vt 0.344006 0.500000
vt 0.342006 1.000000
vt 0.342006 0.500000
vt 0.340006 1.000000
vt 0.340006 0.500000
vt 0.338006 1.000000
vt 0.338006 0.500000
vt 0.336006 1.000000
vt 0.336006 0.500000
vt 0.334006 1.000000
vt 0.334006 0.500000
vt 0.332006 1.000000
vt 0.332006 0.500000
vt 0.330006 1.000000
vt 0.330006 0.500000
vt 0.328006 1.000000
vt 0.328006 0.500000
vt 0.326006 1.000000
vt 0.326006 0.500000
vt 0.324006 1.000000
vt 0.324006 0.500000
vt 0.322006 1.000000
vt 0.322006 0.500000
vt 0.320006 1.000000
vt 0.320006 0.500000
vt 0.318006 1.000000
vt 0.318006 0.500000
vt 0.316006 1.000000
vt 0.316006 0.500000
vt 0.314006 1.000000
vt 0.314006 0.500000
vt 0.312006 1.000000
vt 0.312006 0.500000
vt 0.310006 1.000000
vt 0.310006 0.500000
vt 0.308006 1.000000
vt 0.308006 0.500000
vt 0.306006 1.000000
vt 0.306006 0.500000
vt 0.304006 1.000000
vt 0.304006 0.500000
vt 0.302006 1.000000
vt 0.302006 0.500000
vt 0.300006 1.000000
vt 0.300006 0.500000
vt 0.298006 1.000000
vt 0.298006 0.500000
vt 0.296006 1.000000
vt 0.296006 0.500000
vt 0.294006 1.000000
vt 0.294006 0.500000
vt 0.292006 1.000000
vt 0.292006 0.500000
vt 0.290006 1.000000
vt 0.290006 0.500000
vt 0.288006 1.000000
vt 0.288006 0.500000
vt 0.286006 1.000000
vt 0.286006 0.500000
vt 0.284006 1.000000
vt 0.284006 0.500000
vt 0.282006 1.000000
vt 0.282006 0.500000
vt 0.280006 1.000000
vt 0.280006 0.500000
vt 0.278006 1.000000
vt 0.278006 0.500000
vt 0.276006 1.000000
vt 0.276006 0.500000
vt 0.274006 1.000000
vt 0.274006 0.500000
vt 0.272006 1.000000
vt 0.272006 0.500000
vt 0.270006 1.000000
vt 0.270006 0.500000
vt 0.268006 1.000000
vt 0.268006 0.500000
vt 0.266006 1.000000
vt 0.266006 0.500000
vt 0.264006 1.000000
vt 0.264006 0.500000
vt 0.262006 1.000000
vt 0.262006 0.500000
vt 0.260006 1.000000
vt 0.260006 0.500000
vt 0.258006 1.000000
vt 0.258006 0.500000
vt 0.256006 1.000000
vt 0.256006 0.500000
vt 0.254006 1.000000
vt 0.254006 0.500000
vt 0.252006 1.000000
vt 0.252006 0.500000
vt 0.250006 1.000000
vt 0.250006 0.500000
vt 0.248006 1.000000
vt 0.248006 0.500000
vt 0.246006 1.000000
vt 0.246006 0.500000
vt 0.244006 1.000000
vt 0.244006 0.500000
vt 0.242006 1.000000
vt 0.242006 0.500000
vt 0.240006 1.000000
vt 0.240006 0.500000
vt 0.238006 1.000000
vt 0.238006 0.500000
vt 0.236006 1.000000
vt 0.236006 0.500000
vt 0.234006 1.000000
vt 0.234006 0.500000
vt 0.232006 1.000000
vt 0.232006 0.500000
vt 0.230006 1.000000
vt 0.230006 0.500000
vt 0.228006 1.000000
vt 0.228006 0.500000
vt 0.226006 1.000000
vt 0.226006 0.500000
vt 0.224006 1.000000
vt 0.224006 0.500000
vt 0.222006 1.000000
vt 0.222006 0.500000
vt 0.220006 1.000000
vt 0.220006 0.500000
vt 0.218006 1.000000
vt 0.218006 0.500000
vt 0.216006 1.000000
vt 0.216006 0.500000
vt 0.214006 1.000000
vt 0.214006 0.500000
vt 0.212006 1.000000
vt 0.212006 0.500000
vt 0.210006 1.000000
vt 0.210006 0.500000
vt 0.208006 1.000000
vt 0.208006 0.500000
vt 0.206006 1.000000
vt 0.206006 0.500000
vt 0.204006 1.000000
vt 0.204006 0.500000
vt 0.202006 1.000000
vt 0.202006 0.500000
vt 0.200006 1.000000
vt 0.200006 0.500000
vt 0.198006 1.000000
vt 0.198006 0.500000
vt 0.196006 1.000000
vt 0.196006 0.500000
vt 0.194006 1.000000
vt 0.194006 0.500000
vt 0.192006 1.000000
vt 0.192006 0.500000
vt 0.190006 1.000000
vt 0.190006 0.500000
vt 0.188006 1.000000
vt 0.188006 0.500000
vt 0.186006 1.000000
vt 0.186006 0.500000
vt 0.184006 1.000000
vt 0.184006 0.500000
vt 0.182006 1.000000
vt 0.182006 0.500000
vt 0.180006 1.000000
vt 0.180006 0.500000
vt 0.178006 1.000000
vt 0.178006 0.500000
vt 0.176006 1.000000
vt 0.176006 0.500000
vt 0.174006 1.000000
vt 0.174006 0.500000
vt 0.172006 1.000000
vt 0.172006 0.500000
vt 0.170006 1.000000
vt 0.170006 0.500000
vt 0.168006 1.000000
vt 0.168006 0.500000
vt 0.166006 1.000000
vt 0.166006 0.500000
vt 0.164006 1.000000
vt 0.164006 0.500000
vt 0.162006 1.000000
vt 0.162006 0.500000
vt 0.160006 1.000000
vt 0.160006 0.500000
vt 0.158006 1.000000
vt 0.158006 0.500000
vt 0.156006 1.000000
vt 0.156006 0.500000
vt 0.154006 1.000000
vt 0.154006 0.500000
vt 0.152006 1.000000
vt 0.152006 0.500000
vt 0.150006 1.000000
vt 0.150006 0.500000
vt 0.148006 1.000000
vt 0.148006 0.500000
vt 0.146006 1.000000
vt 0.146006 0.500000
vt 0.144006 1.000000
vt 0.144006 0.500000
vt 0.142006 1.000000
vt 0.142006 0.500000
vt 0.140006 1.000000
vt 0.140006 0.500000
vt 0.138006 1.000000
vt 0.138006 0.500000
vt 0.136006 1.000000
vt 0.136006 0.500000
vt 0.134006 1.000000
vt 0.134006 0.500000
vt 0.132006 1.000000
vt 0.132006 0.500000
vt 0.130006 1.000000
vt 0.130006 0.500000
vt 0.128006 1.000000
vt 0.128006 0.500000
vt 0.126006 1.000000
vt 0.126006 0.500000
vt 0.124006 1.000000
vt 0.124006 0.500000
vt 0.122006 1.000000
vt 0.122006 0.500000
vt 0.120006 1.000000
vt 0.120006 0.500000
vt 0.118006 1.000000
vt 0.118006 0.500000
vt 0.116006 1.000000
vt 0.116006 0.500000
vt 0.114006 1.000000
vt 0.114006 0.500000
vt 0.112006 1.000000
vt 0.112006 0.500000
vt 0.110006 1.000000
vt 0.110006 0.500000
vt 0.108006 1.000000
vt 0.108006 0.500000
vt 0.106006 1.000000
vt 0.106006 0.500000
vt 0.104006 1.000000
vt 0.104006 0.500000
vt 0.102006 1.000000
vt 0.102006 0.500000
vt 0.100006 1.000000
vt 0.100006 0.500000
vt 0.098006 1.000000
vt 0.098006 0.500000
vt 0.096006 1.000000
vt 0.096006 0.500000
vt 0.094006 1.000000
vt 0.094006 0.500000
vt 0.092006 1.000000
vt 0.092006 0.500000
vt 0.090006 1.000000
vt 0.090006 0.500000
vt 0.088006 1.000000
vt 0.088006 0.500000
vt 0.086006 1.000000
vt 0.086006 0.500000
vt 0.084006 1.000000
vt 0.084006 0.500000
vt 0.082006 1.000000
vt 0.082006 0.500000
vt 0.080006 1.000000
vt 0.080006 0.500000
vt 0.078006 1.000000
vt 0.078006 0.500000
vt 0.076006 1.000000
vt 0.076006 0.500000
vt 0.074006 1.000000
vt 0.074006 0.500000
vt 0.072006 1.000000
vt 0.072006 0.500000
vt 0.070006 1.000000
vt 0.070006 0.500000
vt 0.068006 1.000000
vt 0.068006 0.500000
vt 0.066006 1.000000
vt 0.066006 0.500000
vt 0.064006 1.000000
vt 0.064006 0.500000
vt 0.062006 1.000000
vt 0.062006 0.500000
vt 0.060006 1.000000
vt 0.060006 0.500000
vt 0.058006 1.000000
vt 0.058006 0.500000
vt 0.056006 1.000000
vt 0.056006 0.500000
vt 0.054006 1.000000
vt 0.054006 0.500000
vt 0.052006 1.000000
vt 0.052006 0.500000
vt 0.050006 1.000000
vt 0.050006 0.500000
vt 0.048006 1.000000
vt 0.048006 0.500000
vt 0.046006 1.000000
vt 0.046006 0.500000
vt 0.044006 1.000000
vt 0.044006 0.500000
vt 0.042006 1.000000
vt 0.042006 0.500000
vt 0.040006 1.000000
vt 0.040006 0.500000
vt 0.038006 1.000000
vt 0.038006 0.500000
vt 0.036006 1.000000
vt 0.036006 0.500000
vt 0.034006 1.000000
vt 0.034006 0.500000
vt 0.032006 1.000000
vt 0.032006 0.500000
vt 0.030006 1.000000
vt 0.030006 0.500000
vt 0.028006 1.000000
vt 0.028006 0.500000
vt 0.026006 1.000000
vt 0.026006 0.500000
vt 0.024006 1.000000
vt 0.024006 0.500000
vt 0.022006 1.000000
vt 0.022006 0.500000
vt 0.020006 1.000000
vt 0.020006 0.500000
vt 0.018006 1.000000
vt 0.018006 0.500000
vt 0.016006 1.000000
vt 0.016006 0.500000
vt 0.014006 1.000000
vt 0.014006 0.500000
vt 0.012006 1.000000
vt 0.012006 0.500000
vt 0.010006 1.000000
vt 0.010006 0.500000
vt 0.008006 1.000000
vt 0.008006 0.500000
vt 0.006006 1.000000
vt 0.006006 0.500000
vt 0.004006 1.000000
vt 0.004006 0.500000
vt 0.253016 0.489981
vt 0.250000 0.490000
vt 0.246984 0.489981
vt 0.243969 0.489924
vt 0.240954 0.489829
vt 0.237941 0.489697
vt 0.234930 0.489526
vt 0.231922 0.489318
vt 0.228916 0.489072
vt 0.225913 0.488788
vt 0.222914 0.488467
vt 0.219920 0.488108
vt 0.216930 0.487711
vt 0.213946 0.487276
vt 0.210967 0.486805
vt 0.207994 0.486295
vt 0.205028 0.485749
vt 0.202070 0.485165
vt 0.199118 0.484544
vt 0.196175 0.483886
vt 0.193240 0.483192
vt 0.190314 0.482460
vt 0.187398 0.481692
vt 0.184492 0.480887
vt 0.181595 0.480045
vt 0.178710 0.479167
vt 0.175836 0.478254
vt 0.172974 0.477304
vt 0.170123 0.476318
vt 0.167286 0.475296
vt 0.164461 0.474239
vt 0.161650 0.473146
vt 0.158853 0.472019
vt 0.156070 0.470856
vt 0.153302 0.469658
vt 0.150550 0.468425
vt 0.147813 0.467158
vt 0.145092 0.465857
vt 0.142388 0.464522
vt 0.139701 0.463153
vt 0.137031 0.461750
vt 0.134379 0.460314
vt 0.131745 0.458844
vt 0.129130 0.457342
vt 0.126535 0.455806
vt 0.123958 0.454239
vt 0.121402 0.452639
vt 0.118865 0.451007
vt 0.116350 0.449343
vt 0.113855 0.447648
vt 0.111383 0.445921
vt 0.108932 0.444164
vt 0.106503 0.442376
vt 0.104097 0.440558
vt 0.101714 0.438709
vt 0.099354 0.436831
vt 0.097018 0.434923
vt 0.094707 0.432986
vt 0.092419 0.431020
vt 0.090157 0.429026
vt 0.087920 0.427003
vt 0.085709 0.424952
vt 0.083523 0.422874
vt 0.081364 0.420769
vt 0.079231 0.418636
vt 0.077126 0.416477
vt 0.075048 0.414291
vt 0.072997 0.412080
vt 0.070974 0.409843
vt 0.068980 0.407581
vt 0.067014 0.405293
vt 0.065077 0.402982
vt 0.063169 0.400646
vt 0.061291 0.398286
vt 0.059442 0.395903
vt 0.057624 0.393497
vt 0.055836 0.391068
vt 0.054079 0.388617
vt 0.052352 0.386145
vt 0.050657 0.383650
vt 0.048993 0.381135
vt 0.047361 0.378598
vt 0.045761 0.376042
vt 0.044194 0.373465
vt 0.042658 0.370870
vt 0.041156 0.368255
vt 0.039686 0.365621
vt 0.038250 0.362969
vt 0.036847 0.360299
vt 0.035478 0.357612
vt 0.034143 0.354908
vt 0.032842 0.352187
vt 0.031575 0.349450
vt 0.030342 0.346698
vt 0.029144 0.343930
vt 0.027981 0.341147
vt 0.026854 0.338350
vt 0.025761 0.335539
vt 0.024704 0.332714
vt 0.023682 0.329877
vt 0.022696 0.327026
vt 0.021746 0.324164
vt 0.020833 0.321290
vt 0.019955 0.318405
vt 0.019113 0.315508
vt 0.018308 0.312602
vt 0.017540 0.309686
vt 0.016808 0.306760
vt 0.016114 0.303825
vt 0.015456 0.300882
vt 0.014835 0.297930
vt 0.014251 0.294972
vt 0.013705 0.292006
vt 0.013195 0.289033
vt 0.012724 0.286054
vt 0.012289 0.283070
vt 0.011892 0.280080
vt 0.011533 0.277086
vt 0.011212 0.274087
vt 0.010928 0.271084
vt 0.010682 0.268078
vt 0.010474 0.265070
vt 0.010303 0.262059
vt 0.010171 0.259046
vt 0.010076 0.256031
vt 0.010019 0.253016
vt 0.010000 0.250000
vt 0.010019 0.246984
vt 0.010076 0.243969
vt 0.010171 0.240954
vt 0.010303 0.237941
vt 0.010474 0.234930
vt 0.010682 0.231922
vt 0.010928 0.228916
vt 0.011212 0.225913
vt 0.011533 0.222914
vt 0.011892 0.219920
vt 0.012289 0.216930
vt 0.012724 0.213946
vt 0.013195 0.210967
vt 0.013705 0.207994
vt 0.014251 0.205028
vt 0.014835 0.202070
vt 0.015456 0.199118
vt 0.016114 0.196175
vt 0.016808 0.193240
vt 0.017540 0.190314
vt 0.018308 0.187398
vt 0.019113 0.184492
vt 0.019955 0.181595
vt 0.020833 0.178710
vt 0.021746 0.175836
vt 0.022696 0.172974
vt 0.023682 0.170123
vt 0.024704 0.167286
vt 0.025761 0.164461
vt 0.026854 0.161650
vt 0.027981 0.158853
vt 0.029144 0.156070
vt 0.030342 0.153302
vt 0.031575 0.150550
vt 0.032842 0.147813
vt 0.034143 0.145092
vt 0.035478 0.142388
vt 0.036847 0.139701
vt 0.038250 0.137031
vt 0.039686 0.134379
vt 0.041156 0.131745
vt 0.042658 0.129130
vt 0.044194 0.126535
vt 0.045761 0.123958
vt 0.047361 0.121402
vt 0.048993 0.118865
vt 0.050657 0.116350
vt 0.052352 0.113855
vt 0.054079 0.111383
vt 0.055836 0.108932
vt 0.057624 0.106503
vt 0.059442 0.104097
vt 0.061291 0.101714
vt 0.063169 0.099354
vt 0.065077 0.097018
vt 0.067014 0.094707
vt 0.068980 0.092419
vt 0.070974 0.090157
vt 0.072997 0.087920
vt 0.075048 0.085709
vt 0.077126 0.083523
vt 0.079231 0.081364
vt 0.081364 0.079231
vt 0.083523 0.077126
vt 0.085709 0.075048
vt 0.087920 0.072997
vt 0.090157 0.070974
vt 0.092419 0.068980
vt 0.094707 0.067014
vt 0.097018 0.065077
vt 0.099354 0.063169
vt 0.101714 0.061291
vt 0.104097 0.059442
vt 0.106503 0.057624
vt 0.108932 0.055836
vt 0.111383 0.054079
vt 0.113855 0.052352
vt 0.116350 0.050657
vt 0.118865 0.048993
vt 0.121402 0.047361
vt 0.123958 0.045761
vt 0.126535 0.044194
vt 0.129130 0.042658
vt 0.131745 0.041156
vt 0.134379 0.039686
vt 0.137031 0.038250
vt 0.139701 0.036847
vt 0.142388 0.035478
vt 0.145092 0.034143
vt 0.147813 0.032842
vt 0.150550 0.031575
vt 0.153302 0.030342
vt 0.156070 0.029144
vt 0.158853 0.027981
vt 0.161650 0.026854
vt 0.164461 0.025761
vt 0.167286 0.024704
vt 0.170123 0.023682
vt 0.172974 0.022696
vt 0.175836 0.021746
vt 0.178710 0.020833
vt 0.181595 0.019955
vt 0.184492 0.019113
vt 0.187398 0.018308
vt 0.190314 0.017540
vt 0.193240 0.016808
vt 0.196175 0.016114
vt 0.199118 0.015456
vt 0.202070 0.014835
vt 0.205028 0.014251
vt 0.207994 0.013705
vt 0.210967 0.013195
vt 0.213946 0.012724
vt 0.216930 0.012289
vt 0.219920 0.011892
vt 0.222914 0.011533
vt 0.225913 0.011212
vt 0.228916 0.010928
vt 0.231922 0.010682
vt 0.234930 0.010474
vt 0.237941 0.010303
vt 0.240954 0.010171
vt 0.243969 0.010076
vt 0.246984 0.010019
vt 0.250000 0.010000
vt 0.253016 0.010019
vt 0.256031 0.010076
vt 0.259046 0.010171
vt 0.262059 0.010303
vt 0.265070 0.010474
vt 0.268078 0.010682
vt 0.271084 0.010928
vt 0.274087 0.011212
vt 0.277086 0.011533
vt 0.280080 0.011892
vt 0.283070 0.012289
vt 0.286054 0.012724
vt 0.289033 0.013195
vt 0.292006 0.013705
vt 0.294972 0.014251
vt 0.297930 0.014835
vt 0.300882 0.015456
vt 0.303825 0.016114
vt 0.306760 0.016808
vt 0.309686 0.017540
vt 0.312602 0.018308
vt 0.315508 0.019113
vt 0.318405 0.019955
vt 0.321290 0.020833
vt 0.324164 0.021746
vt 0.327026 0.022696
vt 0.329877 0.023682
vt 0.332714 0.024704
vt 0.335539 0.025761
vt 0.338350 0.026854
vt 0.341147 0.027981
vt 0.343930 0.029144
vt 0.346698 0.030342
vt 0.349450 0.031575
vt 0.352187 0.032842
vt 0.354908 0.034143
vt 0.357612 0.035478
vt 0.360299 0.036847
vt 0.362969 0.038250
vt 0.365621 0.039686
vt 0.368255 0.041156
vt 0.370870 0.042658
vt 0.373465 0.044194
vt 0.376042 0.045761
vt 0.378598 0.047361
vt 0.381135 0.048993
vt 0.383650 0.050657
vt 0.386145 0.052352
vt 0.388617 0.054079
vt 0.391068 0.055836
vt 0.393497 0.057624
vt 0.395903 0.059442
vt 0.398286 0.061291
vt 0.400646 0.063169
vt 0.402982 0.065077
vt 0.405293 0.067014
vt 0.407581 0.068980
vt 0.409843 0.070974
vt 0.412080 0.072997
vt 0.414291 0.075048
vt 0.416477 0.077126
vt 0.418636 0.079231
vt 0.420769 0.081364
vt 0.422874 0.083523
vt 0.424952 0.085709
vt 0.427003 0.087920
vt 0.429026 0.090157
vt 0.431020 0.092419
vt 0.432986 0.094707
vt 0.434923 0.097018
vt 0.436831 0.099354
vt 0.438709 0.101714
vt 0.440558 0.104097
vt 0.442376 0.106503
vt 0.444164 0.108932
vt 0.445921 0.111383
vt 0.447648 0.113855
vt 0.449343 0.116350
vt 0.451007 0.118865
vt 0.452639 0.121402
vt 0.454239 0.123958
vt 0.455806 0.126535
vt 0.457342 0.129130
vt 0.458844 0.131745
vt 0.460314 0.134379
vt 0.461750 0.137031
vt 0.463153 0.139701
vt 0.464522 0.142388
vt 0.465857 0.145092
vt 0.467158 0.147813
vt 0.468425 0.150550
vt 0.469658 0.153302
vt 0.470856 0.156070
vt 0.472019 0.158853
vt 0.473146 0.161650
vt 0.474239 0.164461
vt 0.475296 0.167286
vt 0.476318 0.170123
vt 0.477304 0.172974
vt 0.478254 0.175836
vt 0.479167 0.178710
vt 0.480045 0.181595
vt 0.480887 0.184492
vt 0.481692 0.187398
vt 0.482460 0.190314
vt 0.483192 0.193240
vt 0.483886 0.196175
vt 0.484544 0.199118
vt 0.485165 0.202070
vt 0.485749 0.205028
vt 0.486295 0.207994
vt 0.486805 0.210967
vt 0.487276 0.213946
vt 0.487711 0.216930
vt 0.488108 0.219920
vt 0.488467 0.222914
vt 0.488788 0.225913
vt 0.489072 0.228916
vt 0.489318 0.231922
vt 0.489526 0.234930
vt 0.489697 0.237941
vt 0.489829 0.240954
vt 0.489924 0.243969
vt 0.489981 0.246984
vt 0.490000 0.250000
vt 0.489981 0.253016
vt 0.489924 0.256031
vt 0.489829 0.259046
vt 0.489697 0.262059
vt 0.489526 0.265070
vt 0.489318 0.268078
vt 0.489072 0.271084
vt 0.488788 0.274087
vt 0.488467 0.277086
vt 0.488108 0.280080
vt 0.487711 0.283070
vt 0.487276 0.286054
vt 0.486805 0.289033
vt 0.486295 0.292006
vt 0.485749 0.294972
vt 0.485165 0.297930
vt 0.484544 0.300882
vt 0.483886 0.303825
vt 0.483192 0.306760
vt 0.482460 0.309686
vt 0.481692 0.312602
vt 0.480887 0.315508
vt 0.480045 0.318405
vt 0.479167 0.321290
vt 0.478254 0.324164
vt 0.477304 0.327026
vt 0.476318 0.329877
vt 0.475296 0.332714
vt 0.474239 0.335539
vt 0.473146 0.338350
vt 0.472019 0.341147
vt 0.470856 0.343930
vt 0.469658 0.346698
vt 0.468425 0.349450
vt 0.467158 0.352187
vt 0.465857 0.354908
vt 0.464522 0.357612
vt 0.463153 0.360299
vt 0.461750 0.362969
vt 0.460314 0.365621
vt 0.458844 0.368255
vt 0.457342 0.370870
vt 0.455806 0.373465
vt 0.454239 0.376042
vt 0.452639 0.378598
vt 0.451007 0.381135
vt 0.449343 0.383650
vt 0.447648 0.386145
vt 0.445921 0.388617
vt 0.444164 0.391068
vt 0.442376 0.393497
vt 0.440558 0.395903
vt 0.438709 0.398286
vt 0.436831 0.400646
vt 0.434923 0.402982
vt 0.432986 0.405293
vt 0.431020 0.407581
vt 0.429026 0.409843
vt 0.427003 0.412080
vt 0.424952 0.414291
vt 0.422874 0.416477
vt 0.420769 0.418636
vt 0.418636 0.420769
vt 0.416477 0.422874
vt 0.414291 0.424952
vt 0.412080 0.427003
vt 0.409843 0.429026
vt 0.407581 0.431020
vt 0.405293 0.432986
vt 0.402982 0.434923
vt 0.400646 0.436831
vt 0.398286 0.438709
vt 0.395903 0.440558
vt 0.393497 0.442376
vt 0.391068 0.444164
vt 0.388617 0.445921
vt 0.386145 0.447648
vt 0.383650 0.449343
vt 0.381135 0.451007
vt 0.378598 0.452639
vt 0.376042 0.454239
vt 0.373465 0.455806
vt 0.370870 0.457342
vt 0.368255 0.458844
vt 0.365621 0.460314
vt 0.362969 0.461750
vt 0.360299 0.463153
vt 0.357612 0.464522
vt 0.354908 0.465857
vt 0.352187 0.467158
vt 0.349450 0.468425
vt 0.346698 0.469658
vt 0.343930 0.470856
vt 0.341147 0.472019
vt 0.338350 0.473146
vt 0.335539 0.474239
vt 0.332714 0.475296
vt 0.329877 0.476318
vt 0.327026 0.477304
vt 0.324164 0.478254
vt 0.321290 0.479167
vt 0.318405 0.480045
vt 0.315508 0.480887
vt 0.312602 0.481692
vt 0.309686 0.482460
vt 0.306760 0.483192
vt 0.303825 0.483886
vt 0.300882 0.484544
vt 0.297930 0.485165
vt 0.294972 0.485749
vt 0.292006 0.486295
vt 0.289033 0.486805
vt 0.286054 0.487276
vt 0.283070 0.487711
vt 0.280080 0.488108
vt 0.277086 0.488467
vt 0.274087 0.488788
vt 0.271084 0.489072
vt 0.268078 0.489318
vt 0.265070 0.489526
vt 0.262059 0.489697
vt 0.259046 0.489829
vt 0.256031 0.489924
vt 0.002006 1.000000
vt 0.002006 0.500000
vt 0.000006 1.000000
vt 0.000006 0.500000
vt 0.750000 0.490000
vt 0.753016 0.489981
vt 0.756031 0.489924
vt 0.759046 0.489829
vt 0.762059 0.489697
vt 0.765070 0.489526
vt 0.768078 0.489318
vt 0.771084 0.489072
vt 0.774087 0.488788
vt 0.777086 0.488467
vt 0.780080 0.488108
vt 0.783070 0.487711
vt 0.786054 0.487276
vt 0.789033 0.486805
vt 0.792006 0.486295
vt 0.794972 0.485749
vt 0.797930 0.485165
vt 0.800882 0.484544
vt 0.803825 0.483886
vt 0.806760 0.483192
vt 0.809686 0.482460
vt 0.812602 0.481692
vt 0.815508 0.480887
vt 0.818405 0.480045
vt 0.821290 0.479167
vt 0.824164 0.478254
vt 0.827026 0.477304
vt 0.829877 0.476318
vt 0.832714 0.475296
vt 0.835539 0.474239
vt 0.838350 0.473146
vt 0.841147 0.472019
vt 0.843930 0.470856
vt 0.846698 0.469658
vt 0.849450 0.468425
vt 0.852187 0.467158
vt 0.854908 0.465857
vt 0.857612 0.464522
vt 0.860299 0.463153
vt 0.862969 0.461750
vt 0.865621 0.460314
vt 0.868255 0.458844
vt 0.870870 0.457342
vt 0.873465 0.455806
vt 0.876042 0.454239
vt 0.878598 0.452639
vt 0.881135 0.451007
vt 0.883650 0.449343
vt 0.886145 0.447648
vt 0.888617 0.445921
vt 0.891068 0.444164
vt 0.893497 0.442376
vt 0.895903 0.440558
vt 0.898286 0.438709
vt 0.900646 0.436831
vt 0.902982 0.434923
vt 0.905293 0.432986
vt 0.907581 0.431020
vt 0.909843 0.429026
vt 0.912080 0.427003
vt 0.914291 0.424952
vt 0.916477 0.422874
vt 0.918636 0.420769
vt 0.920769 0.418636
vt 0.922874 0.416477
vt 0.924952 0.414291
vt 0.927003 0.412080
vt 0.929026 0.409843
vt 0.931020 0.407581
vt 0.932986 0.405293
vt 0.934923 0.402982
vt 0.936831 0.400646
vt 0.938709 0.398286
vt 0.940558 0.395903
vt 0.942376 0.393497
vt 0.944164 0.391068
vt 0.945921 0.388617
vt 0.947648 0.386145
vt 0.949343 0.383650
vt 0.951007 0.381135
vt 0.952639 0.378598
vt 0.954239 0.376042
vt 0.955806 0.373465
vt 0.957342 0.370870
vt 0.958844 0.368255
vt 0.960314 0.365621
vt 0.961750 0.362969
vt 0.963153 0.360299
vt 0.964522 0.357612
vt 0.965857 0.354908
vt 0.967158 0.352187
vt 0.968425 0.349450
vt 0.969658 0.346698
vt 0.970856 0.343930
vt 0.972019 0.341147
vt 0.973146 0.338350
vt 0.974239 0.335539
vt 0.975296 0.332714
vt 0.976318 0.329877
vt 0.977304 0.327026
vt 0.978254 0.324164
vt 0.979167 0.321290
vt 0.980045 0.318405
vt 0.980887 0.315508
vt 0.981692 0.312602
vt 0.982460 0.309686
vt 0.983192 0.306760
vt 0.983886 0.303825
vt 0.984544 0.300882
vt 0.985165 0.297930
vt 0.985749 0.294972
vt 0.986295 0.292006
vt 0.986805 0.289033
vt 0.987276 0.286054
vt 0.987711 0.283070
vt 0.988108 0.280080
vt 0.988467 0.277086
vt 0.988788 0.274087
vt 0.989072 0.271084
vt 0.989318 0.268078
vt 0.989526 0.265070
vt 0.989697 0.262059
vt 0.989829 0.259046
vt 0.989924 0.256031
vt 0.989981 0.253016
vt 0.990000 0.250000
vt 0.989981 0.246984
vt 0.989924 0.243969
vt 0.989829 0.240954
vt 0.989697 0.237941
vt 0.989526 0.234930
vt 0.989318 0.231922
vt 0.989072 0.228916
vt 0.988788 0.225913
vt 0.988467 0.222914
vt 0.988108 0.219920
vt 0.987711 0.216930
vt 0.987276 0.213946
vt 0.986805 0.210967
vt 0.986295 0.207994
vt 0.985749 0.205028
vt 0.985165 0.202070
vt 0.984544 0.199118
vt 0.983886 0.196175
vt 0.983192 0.193240
vt 0.982460 0.190314
vt 0.981692 0.187398
vt 0.980887 0.184492
vt 0.980045 0.181595
vt 0.979167 0.178710
vt 0.978254 0.175836
vt 0.977304 0.172974
vt 0.976318 0.170123
vt 0.975296 0.167286
vt 0.974239 0.164461
vt 0.973146 0.161650
vt 0.972019 0.158853
vt 0.970856 0.156070
vt 0.969658 0.153302
vt 0.968425 0.150550
vt 0.967158 0.147813
vt 0.965857 0.145092
vt 0.964522 0.142388
vt 0.963153 0.139701
vt 0.961750 0.137031
vt 0.960314 0.134379
vt 0.958844 0.131745
vt 0.957342 0.129130
vt 0.955806 0.126535
vt 0.954239 0.123958
vt 0.952639 0.121402
vt 0.951007 0.118865
vt 0.949343 0.116350
vt 0.947648 0.113855
vt 0.945921 0.111383
vt 0.944164 0.108932
vt 0.942376 0.106503
vt 0.940558 0.104097
vt 0.938709 0.101714
vt 0.936831 0.099354
vt 0.934923 0.097018
vt 0.932986 0.094707
vt 0.931020 0.092419
vt 0.929026 0.090157
vt 0.927003 0.087920
vt 0.924952 0.085709
vt 0.922874 0.083523
vt 0.920769 0.081364
vt 0.918636 0.079231
vt 0.916477 0.077126
vt 0.914291 0.075048
vt 0.912080 0.072997
vt 0.909843 0.070974
vt 0.907581 0.068980
vt 0.905293 0.067014
vt 0.902982 0.065077
vt 0.900646 0.063169
vt 0.898286 0.061291
vt 0.895903 0.059442
vt 0.893497 0.057624
vt 0.891068 0.055836
vt 0.888617 0.054079
vt 0.886145 0.052352
vt 0.883650 0.050657
vt 0.881135 0.048993
vt 0.878598 0.047361
vt 0.876042 0.045761
vt 0.873465 0.044194
vt 0.870870 0.042658
vt 0.868255 0.041156
vt 0.865621 0.039686
vt 0.862969 0.038250
vt 0.860299 0.036847
vt 0.857612 0.035478
vt 0.854908 0.034143
vt 0.852187 0.032842
vt 0.849450 0.031575
vt 0.846698 0.030342
vt 0.843930 0.029144
vt 0.841147 0.027981
vt 0.838350 0.026854
vt 0.835539 0.025761
vt 0.832714 0.024704
vt 0.829877 0.023682
vt 0.827026 0.022696
vt 0.824164 0.021746
vt 0.821290 0.020833
vt 0.818405 0.019955
vt 0.815508 0.019113
vt 0.812602 0.018308
vt 0.809686 0.017540
vt 0.806760 0.016808
vt 0.803825 0.016114
vt 0.800882 0.015456
vt 0.797930 0.014835
vt 0.794972 0.014251
vt 0.792006 0.013705
vt 0.789033 0.013195
vt 0.786054 0.012724
vt 0.783070 0.012289
vt 0.780080 0.011892
vt 0.777086 0.011533
vt 0.774087 0.011212
vt 0.771084 0.010928
vt 0.768078 0.010682
vt 0.765070 0.010474
vt 0.762059 0.010303
vt 0.759046 0.010171
vt 0.756031 0.010076
vt 0.753016 0.010019
vt 0.750000 0.010000
vt 0.746984 0.010019
vt 0.743969 0.010076
vt 0.740954 0.010171
vt 0.737941 0.010303
vt 0.734930 0.010474
vt 0.731922 0.010682
vt 0.728916 0.010928
vt 0.725913 0.011212
vt 0.722914 0.011533
vt 0.719920 0.011892
vt 0.716930 0.012289
vt 0.713946 0.012724
vt 0.710967 0.013195
vt 0.707994 0.013705
vt 0.705028 0.014251
vt 0.702070 0.014835
vt 0.699118 0.015456
vt 0.696175 0.016114
vt 0.693240 0.016808
vt 0.690314 0.017540
vt 0.687398 0.018308
vt 0.684492 0.019113
vt 0.681595 0.019955
vt 0.678710 0.020833
vt 0.675836 0.021746
vt 0.672974 0.022696
vt 0.670123 0.023682
vt 0.667286 0.024704
vt 0.664461 0.025761
vt 0.661650 0.026854
vt 0.658853 0.027981
vt 0.656070 0.029144
vt 0.653302 0.030342
vt 0.650550 0.031575
vt 0.647813 0.032842
vt 0.645092 0.034143
vt 0.642388 0.035478
vt 0.639701 0.036847
vt 0.637031 0.038250
vt 0.634379 0.039686
vt 0.631745 0.041156
vt 0.629130 0.042658
vt 0.626535 0.044194
vt 0.623958 0.045761
vt 0.621402 0.047361
vt 0.618865 0.048993
vt 0.616350 0.050657
vt 0.613855 0.052352
vt 0.611383 0.054079
vt 0.608932 0.055836
vt 0.606503 0.057624
vt 0.604097 0.059442
vt 0.601714 0.061291
vt 0.599354 0.063169
vt 0.597018 0.065077
vt 0.594707 0.067014
vt 0.592419 0.068980
vt 0.590157 0.070974
vt 0.587920 0.072997
vt 0.585709 0.075048
vt 0.583523 0.077126
vt 0.581364 0.079231
vt 0.579231 0.081364
vt 0.577126 0.083523
vt 0.575048 0.085709
vt 0.572997 0.087920
vt 0.570974 0.090157
vt 0.568980 0.092419
vt 0.567014 0.094707
vt 0.565077 0.097018
vt 0.563169 0.099354
vt 0.561291 0.101714
vt 0.559442 0.104097
vt 0.557624 0.106503
vt 0.555836 0.108932
vt 0.554079 0.111383
vt 0.552352 0.113855
vt 0.550657 0.116350
vt 0.548993 0.118865
vt 0.547361 0.121402
vt 0.545761 0.123958
vt 0.544194 0.126535
vt 0.542658 0.129130
vt 0.541156 0.131745
vt 0.539686 0.134379
vt 0.538250 0.137031
vt 0.536847 0.139701
vt 0.535478 0.142388
vt 0.534143 0.145092
vt 0.532842 0.147813
vt 0.531575 0.150550
vt 0.530342 0.153302
vt 0.529144 0.156070
vt 0.527981 0.158853
vt 0.526854 0.161650
vt 0.525761 0.164461
vt 0.524704 0.167286
vt 0.523682 0.170123
vt 0.522696 0.172974
vt 0.521746 0.175836
vt 0.520833 0.178710
vt 0.519955 0.181595
vt 0.519113 0.184492
vt 0.518308 0.187398
vt 0.517540 0.190314
vt 0.516808 0.193240
vt 0.516114 0.196175
vt 0.515456 0.199118
vt 0.514835 0.202070
vt 0.514251 0.205028
vt 0.513705 0.207994
vt 0.513195 0.210967
vt 0.512724 0.213946
vt 0.512289 0.216930
vt 0.511892 0.219920
vt 0.511533 0.222914
vt 0.511212 0.225913
vt 0.510928 0.228916
vt 0.510682 0.231922
vt 0.510474 0.234930
vt 0.510303 0.237941
vt 0.510171 0.240954
vt 0.510076 0.243969
vt 0.510019 0.246984
vt 0.510000 0.250000
vt 0.510019 0.253016
vt 0.510076 0.256031
vt 0.510171 0.259046
vt 0.510303 0.262059
vt 0.510474 0.265070
vt 0.510682 0.268078
vt 0.510928 0.271084
vt 0.511212 0.274087
vt 0.511533 0.277086
vt 0.511892 0.280080
vt 0.512289 0.283070
vt 0.512724 0.286054
vt 0.513195 0.289033
vt 0.513705 0.292006
vt 0.514251 0.294972
vt 0.514835 0.297930
vt 0.515456 0.300882
vt 0.516114 0.303825
vt 0.516808 0.306760
vt 0.517540 0.309686
vt 0.518308 0.312602
vt 0.519113 0.315508
vt 0.519955 0.318405
vt 0.520833 0.321290
vt 0.521746 0.324164
vt 0.522696 0.327026
vt 0.523682 0.329877
vt 0.524704 0.332714
vt 0.525761 0.335539
vt 0.526854 0.338350
vt 0.527981 0.341147
vt 0.529144 0.343930
vt 0.530342 0.346698
vt 0.531575 0.349450
vt 0.532842 0.352187
vt 0.534143 0.354908
vt 0.535478 0.357612
vt 0.536847 0.360299
vt 0.538250 0.362969
vt 0.539686 0.365621
vt 0.541156 0.368255
vt 0.542658 0.370870
vt 0.544194 0.373465
vt 0.545761 0.376042
vt 0.547361 0.378598
vt 0.548993 0.381135
vt 0.550657 0.383650
vt 0.552352 0.386145
vt 0.554079 0.388617
vt 0.555836 0.391068
vt 0.557624 0.393497
vt 0.559442 0.395903
vt 0.561291 0.398286
vt 0.563169 0.400646
vt 0.565077 0.402982
vt 0.567014 0.405293
vt 0.568980 0.407581
vt 0.570974 0.409843
vt 0.572997 0.412080
vt 0.575048 0.414291
vt 0.577126 0.416477
vt 0.579231 0.418636
vt 0.581364 0.420769
vt 0.583523 0.422874
vt 0.585709 0.424952
vt 0.587920 0.427003
vt 0.590157 0.429026
vt 0.592419 0.431020
vt 0.594707 0.432986
vt 0.597018 0.434923
vt 0.599354 0.436831
vt 0.601714 0.438709
vt 0.604097 0.440558
vt 0.606503 0.442376
vt 0.608932 0.444164
vt 0.611383 0.445921
vt 0.613855 0.447648
vt 0.616350 0.449343
vt 0.618865 0.451007
vt 0.621402 0.452639
vt 0.623958 0.454239
vt 0.626535 0.455806
vt 0.629130 0.457342
vt 0.631745 0.458844
vt 0.634379 0.460314
vt 0.637031 0.461750
vt 0.639701 0.463153
vt 0.642388 0.464522
vt 0.645092 0.465857
vt 0.647813 0.467158
vt 0.650550 0.468425
vt 0.653302 0.469658
vt 0.656070 0.470856
vt 0.658853 0.472019
vt 0.661650 0.473146
vt 0.664461 0.474239
vt 0.667286 0.475296
vt 0.670123 0.476318
vt 0.672974 0.477304
vt 0.675836 0.478254
vt 0.678710 0.479167
vt 0.681595 0.480045
vt 0.684492 0.480887
vt 0.687398 0.481692
vt 0.690314 0.482460
vt 0.693240 0.483192
vt 0.696175 0.483886
vt 0.699118 0.484544
vt 0.702070 0.485165
vt 0.705028 0.485749
vt 0.707994 0.486295
vt 0.710967 0.486805
vt 0.713946 0.487276
vt 0.716930 0.487711
vt 0.719920 0.488108
vt 0.722914 0.488467
vt 0.725913 0.488788
vt 0.728916 0.489072
vt 0.731922 0.489318
vt 0.734930 0.489526
vt 0.737941 0.489697
vt 0.740954 0.489829
vt 0.743969 0.489924
vt 0.746984 0.489981
s 0
f 3871/4704/1014 3872/4705/1014 3874/4706/1014 3873/4707/1014
f 3873/4707/1015 3874/4706/1015 3876/4708/1015 3875/4709/1015
f 3875/4709/1016 3876/4708/1016 3878/4710/1016 3877/4711/1016
f 3877/4711/1017 3878/4710/1017 3880/4712/1017 3879/4713/1017
f 3879/4713/1018 3880/4712/1018 3882/4714/1018 3881/4715/1018
f 3881/4715/1019 3882/4714/1019 3884/4716/1019 3883/4717/1019
f 3883/4717/1020 3884/4716/1020 3886/4718/1020 3885/4719/1020
f 3885/4719/1021 3886/4718/1021 3888/4720/1021 3887/4721/1021
f 3887/4721/1022 3888/4720/1022 3890/4722/1022 3889/4723/1022
f 3889/4723/1023 3890/4722/1023 3892/4724/1023 3891/4725/1023
f 3891/4725/1024 3892/4724/1024 3894/4726/1024 3893/4727/1024
f 3893/4727/1025 3894/4726/1025 3896/4728/1025 3895/4729/1025
f 3895/4729/1026 3896/4728/1026 3898/4730/1026 3897/4731/1026
f 3897/4731/1027 3898/4730/1027 3900/4732/1027 3899/4733/1027
f 3899/4733/1028 3900/4732/1028 3902/4734/1028 3901/4735/1028
f 3901/4735/1029 3902/4734/1029 3904/4736/1029 3903/4737/1029
f 3903/4737/1030 3904/4736/1030 3906/4738/1030 3905/4739/1030
f 3905/4739/1031 3906/4738/1031 3908/4740/1031 3907/4741/1031
f 3907/4741/1032 3908/4740/1032 3910/4742/1032 3909/4743/1032
f 3909/4743/1033 3910/4742/1033 3912/4744/1033 3911/4745/1033
f 3911/4745/1034 3912/4744/1034 3914/4746/1034 3913/4747/1034
f 3913/4747/1035 3914/4746/1035 3916/4748/1035 3915/4749/1035
f 3915/4749/1036 3916/4748/1036 3918/4750/1036 3917/4751/1036
f 3917/4751/1037 3918/4750/1037 3920/4752/1037 3919/4753/1037
f 3919/4753/1038 3920/4752/1038 3922/4754/1038 3921/4755/1038
f 3921/4755/1039 3922/4754/1039 3924/4756/1039 3923/4757/1039
f 3923/4757/1040 3924/4756/1040 3926/4758/1040 3925/4759/1040
f 3925/4759/1041 3926/4758/1041 3928/4760/1041 3927/4761/1041
f 3927/4761/1042 3928/4760/1042 3930/4762/1042 3929/4763/1042
f 3929/4763/1043 3930/4762/1043 3932/4764/1043 3931/4765/1043
f 3931/4765/1044 3932/4764/1044 3934/4766/1044 3933/4767/1044
f 3933/4767/1045 3934/4766/1045 3936/4768/1045 3935/4769/1045
f 3935/4769/1046 3936/4768/1046 3938/4770/1046 3937/4771/1046
f 3937/4771/1047 3938/4770/1047 3940/4772/1047 3939/4773/1047
f 3939/4773/1048 3940/4772/1048 3942/4774/1048 3941/4775/1048
f 3941/4775/1049 3942/4774/1049 3944/4776/1049 3943/4777/1049
f 3943/4777/1050 3944/4776/1050 3946/4778/1050 3945/4779/1050
f 3945/4779/1051 3946/4778/1051 3948/4780/1051 3947/4781/1051
f 3947/4781/1052 3948/4780/1052 3950/4782/1052 3949/4783/1052
f 3949/4783/1053 3950/4782/1053 3952/4784/1053 3951/4785/1053
f 3951/4785/1054 3952/4784/1054 3954/4786/1054 3953/4787/1054
f 3953/4787/1055 3954/4786/1055 3956/4788/1055 3955/4789/1055
f 3955/4789/1056 3956/4788/1056 3958/4790/1056 3957/4791/1056
f 3957/4791/1057 3958/4790/1057 3960/4792/1057 3959/4793/1057
f 3959/4793/1058 3960/4792/1058 3962/4794/1058 3961/4795/1058
f 3961/4795/1059 3962/4794/1059 3964/4796/1059 3963/4797/1059
f 3963/4797/1060 3964/4796/1060 3966/4798/1060 3965/4799/1060
f 3965/4799/1061 3966/4798/1061 3968/4800/1061 3967/4801/1061
f 3967/4801/1062 3968/4800/1062 3970/4802/1062 3969/4803/1062
f 3969/4803/1063 3970/4802/1063 3972/4804/1063 3971/4805/1063
f 3971/4805/1064 3972/4804/1064 3974/4806/1064 3973/4807/1064
f 3973/4807/1065 3974/4806/1065 3976/4808/1065 3975/4809/1065
f 3975/4809/1066 3976/4808/1066 3978/4810/1066 3977/4811/1066
f 3977/4811/1067 3978/4810/1067 3980/4812/1067 3979/4813/1067
f 3979/4813/1068 3980/4812/1068 3982/4814/1068 3981/4815/1068
f 3981/4815/1069 3982/4814/1069 3984/4816/1069 3983/4817/1069
f 3983/4817/1070 3984/4816/1070 3986/4818/1070 3985/4819/1070
f 3985/4819/1071 3986/4818/1071 3988/4820/1071 3987/4821/1071
f 3987/4821/1072 3988/4820/1072 3990/4822/1072 3989/4823/1072
f 3989/4823/1073 3990/4822/1073 3992/4824/1073 3991/4825/1073
f 3991/4825/1074 3992/4824/1074 3994/4826/1074 3993/4827/1074
f 3993/4827/1075 3994/4826/1075 3996/4828/1075 3995/4829/1075
f 3995/4829/1076 3996/4828/1076 3998/4830/1076 3997/4831/1076
f 3997/4831/1077 3998/4830/1077 4000/4832/1077 3999/4833/1077
f 3999/4833/1078 4000/4832/1078 4002/4834/1078 4001/4835/1078
f 4001/4835/1079 4002/4834/1079 4004/4836/1079 4003/4837/1079
f 4003/4837/1080 4004/4836/1080 4006/4838/1080 4005/4839/1080
f 4005/4839/1081 4006/4838/1081 4008/4840/1081 4007/4841/1081
f 4007/4841/1082 4008/4840/1082 4010/4842/1082 4009/4843/1082
f 4009/4843/1083 4010/4842/1083 4012/4844/1083 4011/4845/1083
f 4011/4845/1084 4012/4844/1084 4014/4846/1084 4013/4847/1084
f 4013/4847/1085 4014/4846/1085 4016/4848/1085 4015/4849/1085
f 4015/4849/1086 4016/4848/1086 4018/4850/1086 4017/4851/1086
f 4017/4851/1087 4018/4850/1087 4020/4852/1087 4019/4853/1087
f 4019/4853/1088 4020/4852/1088 4022/4854/1088 4021/4855/1088
f 4021/4855/1089 4022/4854/1089 4024/4856/1089 4023/4857/1089
f 4023/4857/1090 4024/4856/1090 4026/4858/1090 4025/4859/1090
f 4025/4859/1091 4026/4858/1091 4028/4860/1091 4027/4861/1091
f 4027/4861/1092 4028/4860/1092 4030/4862/1092 4029/4863/1092
f 4029/4863/1093 4030/4862/1093 4032/4864/1093 4031/4865/1093
f 4031/4865/1094 4032/4864/1094 4034/4866/1094 4033/4867/1094
f 4033/4867/1095 4034/4866/1095 4036/4868/1095 4035/4869/1095
f 4035/4869/1096 4036/4868/1096 4038/4870/1096 4037/4871/1096
f 4037/4871/1097 4038/4870/1097 4040/4872/1097 4039/4873/1097
f 4039/4873/1098 4040/4872/1098 4042/4874/1098 4041/4875/1098
f 4041/4875/1099 4042/4874/1099 4044/4876/1099 4043/4877/1099
f 4043/4877/1100 4044/4876/1100 4046/4878/1100 4045/4879/1100
f 4045/4879/1101 4046/4878/1101 4048/4880/1101 4047/4881/1101
f 4047/4881/1102 4048/4880/1102 4050/4882/1102 4049/4883/1102
f 4049/4883/1103 4050/4882/1103 4052/4884/1103 4051/4885/1103
f 4051/4885/1104 4052/4884/1104 4054/4886/1104 4053/4887/1104
f 4053/4887/1105 4054/4886/1105 4056/4888/1105 4055/4889/1105
f 4055/4889/1106 4056/4888/1106 4058/4890/1106 4057/4891/1106
f 4057/4891/1107 4058/4890/1107 4060/4892/1107 4059/4893/1107
f 4059/4893/1108 4060/4892/1108 4062/4894/1108 4061/4895/1108
f 4061/4895/1109 4062/4894/1109 4064/4896/1109 4063/4897/1109
f 4063/4897/1110 4064/4896/1110 4066/4898/1110 4065/4899/1110
f 4065/4899/1111 4066/4898/1111 4068/4900/1111 4067/4901/1111
f 4067/4901/1112 4068/4900/1112 4070/4902/1112 4069/4903/1112
f 4069/4903/1113 4070/4902/1113 4072/4904/1113 4071/4905/1113
f 4071/4905/1114 4072/4904/1114 4074/4906/1114 4073/4907/1114
f 4073/4907/1115 4074/4906/1115 4076/4908/1115 4075/4909/1115
f 4075/4909/1116 4076/4908/1116 4078/4910/1116 4077/4911/1116
f 4077/4911/1117 4078/4910/1117 4080/4912/1117 4079/4913/1117
f 4079/4913/1118 4080/4912/1118 4082/4914/1118 4081/4915/1118
f 4081/4915/1119 4082/4914/1119 4084/4916/1119 4083/4917/1119
f 4083/4917/1120 4084/4916/1120 4086/4918/1120 4085/4919/1120
f 4085/4919/1121 4086/4918/1121 4088/4920/1121 4087/4921/1121
f 4087/4921/1122 4088/4920/1122 4090/4922/1122 4089/4923/1122
f 4089/4923/1123 4090/4922/1123 4092/4924/1123 4091/4925/1123
f 4091/4925/1124 4092/4924/1124 4094/4926/1124 4093/4927/1124
f 4093/4927/1125 4094/4926/1125 4096/4928/1125 4095/4929/1125
f 4095/4929/1126 4096/4928/1126 4098/4930/1126 4097/4931/1126
f 4097/4931/1127 4098/4930/1127 4100/4932/1127 4099/4933/1127
f 4099/4933/1128 4100/4932/1128 4102/4934/1128 4101/4935/1128
f 4101/4935/1129 4102/4934/1129 4104/4936/1129 4103/4937/1129
f 4103/4937/1130 4104/4936/1130 4106/4938/1130 4105/4939/1130
f 4105/4939/1131 4106/4938/1131 4108/4940/1131 4107/4941/1131
f 4107/4941/1132 4108/4940/1132 4110/4942/1132 4109/4943/1132
f 4109/4943/1133 4110/4942/1133 4112/4944/1133 4111/4945/1133
f 4111/4945/1134 4112/4944/1134 4114/4946/1134 4113/4947/1134
f 4113/4947/1135 4114/4946/1135 4116/4948/1135 4115/4949/1135
f 4115/4949/1136 4116/4948/1136 4118/4950/1136 4117/4951/1136
f 4117/4951/1137 4118/4950/1137 4120/4952/1137 4119/4953/1137
f 4119/4953/1138 4120/4952/1138 4122/4954/1138 4121/4955/1138
f 4121/4955/1139 4122/4954/1139 4124/4956/1139 4123/4957/1139
f 4123/4957/1140 4124/4956/1140 4126/4958/1140 4125/4959/1140
f 4125/4959/1141 4126/4958/1141 4128/4960/1141 4127/4961/1141
f 4127/4961/1142 4128/4960/1142 4130/4962/1142 4129/4963/1142
f 4129/4963/1143 4130/4962/1143 4132/4964/1143 4131/4965/1143
f 4131/4965/1144 4132/4964/1144 4134/4966/1144 4133/4967/1144
f 4133/4967/1145 4134/4966/1145 4136/4968/1145 4135/4969/1145
f 4135/4969/1146 4136/4968/1146 4138/4970/1146 4137/4971/1146
f 4137/4971/1147 4138/4970/1147 4140/4972/1147 4139/4973/1147
f 4139/4973/1148 4140/4972/1148 4142/4974/1148 4141/4975/1148
f 4141/4975/1149 4142/4974/1149 4144/4976/1149 4143/4977/1149
f 4143/4977/1150 4144/4976/1150 4146/4978/1150 4145/4979/1150
f 4145/4979/1151 4146/4978/1151 4148/4980/1151 4147/4981/1151
f 4147/4981/1152 4148/4980/1152 4150/4982/1152 4149/4983/1152
f 4149/4983/1153 4150/4982/1153 4152/4984/1153 4151/4985/1153
f 4151/4985/1154 4152/4984/1154 4154/4986/1154 4153/4987/1154
f 4153/4987/1155 4154/4986/1155 4156/4988/1155 4155/4989/1155
f 4155/4989/1156 4156/4988/1156 4158/4990/1156 4157/4991/1156
f 4157/4991/1157 4158/4990/1157 4160/4992/1157 4159/4993/1157
f 4159/4993/1158 4160/4992/1158 4162/4994/1158 4161/4995/1158
f 4161/4995/1159 4162/4994/1159 4164/4996/1159 4163/4997/1159
f 4163/4997/1160 4164/4996/1160 4166/4998/1160 4165/4999/1160
f 4165/4999/1161 4166/4998/1161 4168/5000/1161 4167/5001/1161
f 4167/5001/1162 4168/5000/1162 4170/5002/1162 4169/5003/1162
f 4169/5003/1163 4170/5002/1163 4172/5004/1163 4171/5005/1163
f 4171/5005/1164 4172/5004/1164 4174/5006/1164 4173/5007/1164
f 4173/5007/1165 4174/5006/1165 4176/5008/1165 4175/5009/1165
f 4175/5009/1166 4176/5008/1166 4178/5010/1166 4177/5011/1166
f 4177/5011/1167 4178/5010/1167 4180/5012/1167 4179/5013/1167
f 4179/5013/1168 4180/5012/1168 4182/5014/1168 4181/5015/1168
f 4181/5015/1169 4182/5014/1169 4184/5016/1169 4183/5017/1169
f 4183/5017/1170 4184/5016/1170 4186/5018/1170 4185/5019/1170
f 4185/5019/1171 4186/5018/1171 4188/5020/1171 4187/5021/1171
f 4187/5021/1172 4188/5020/1172 4190/5022/1172 4189/5023/1172
f 4189/5023/1173 4190/5022/1173 4192/5024/1173 4191/5025/1173
f 4191/5025/1174 4192/5024/1174 4194/5026/1174 4193/5027/1174
f 4193/5027/1175 4194/5026/1175 4196/5028/1175 4195/5029/1175
f 4195/5029/1176 4196/5028/1176 4198/5030/1176 4197/5031/1176
f 4197/5031/1177 4198/5030/1177 4200/5032/1177 4199/5033/1177
f 4199/5033/1178 4200/5032/1178 4202/5034/1178 4201/5035/1178
f 4201/5035/1179 4202/5034/1179 4204/5036/1179 4203/5037/1179
f 4203/5037/1180 4204/5036/1180 4206/5038/1180 4205/5039/1180
f 4205/5039/1181 4206/5038/1181 4208/5040/1181 4207/5041/1181
f 4207/5041/1182 4208/5040/1182 4210/5042/1182 4209/5043/1182
f 4209/5043/1183 4210/5042/1183 4212/5044/1183 4211/5045/1183
f 4211/5045/1184 4212/5044/1184 4214/5046/1184 4213/5047/1184
f 4213/5047/1185 4214/5046/1185 4216/5048/1185 4215/5049/1185
f 4215/5049/1186 4216/5048/1186 4218/5050/1186 4217/5051/1186
f 4217/5051/1187 4218/5050/1187 4220/5052/1187 4219/5053/1187
f 4219/5053/1188 4220/5052/1188 4222/5054/1188 4221/5055/1188
f 4221/5055/1189 4222/5054/1189 4224/5056/1189 4223/5057/1189
f 4223/5057/1190 4224/5056/1190 4226/5058/1190 4225/5059/1190
f 4225/5059/1191 4226/5058/1191 4228/5060/1191 4227/5061/1191
f 4227/5061/1192 4228/5060/1192 4230/5062/1192 4229/5063/1192
f 4229/5063/1193 4230/5062/1193 4232/5064/1193 4231/5065/1193
f 4231/5065/1194 4232/5064/1194 4234/5066/1194 4233/5067/1194
f 4233/5067/1195 4234/5066/1195 4236/5068/1195 4235/5069/1195
f 4235/5069/1196 4236/5068/1196 4238/5070/1196 4237/5071/1196
f 4237/5071/1197 4238/5070/1197 4240/5072/1197 4239/5073/1197
f 4239/5073/1198 4240/5072/1198 4242/5074/1198 4241/5075/1198
f 4241/5075/1199 4242/5074/1199 4244/5076/1199 4243/5077/1199
f 4243/5077/1200 4244/5076/1200 4246/5078/1200 4245/5079/1200
f 4245/5079/1201 4246/5078/1201 4248/5080/1201 4247/5081/1201
f 4247/5081/1202 4248/5080/1202 4250/5082/1202 4249/5083/1202
f 4249/5083/1203 4250/5082/1203 4252/5084/1203 4251/5085/1203
f 4251/5085/1204 4252/5084/1204 4254/5086/1204 4253/5087/1204
f 4253/5087/1205 4254/5086/1205 4256/5088/1205 4255/5089/1205
f 4255/5089/1206 4256/5088/1206 4258/5090/1206 4257/5091/1206
f 4257/5091/1207 4258/5090/1207 4260/5092/1207 4259/5093/1207
f 4259/5093/1208 4260/5092/1208 4262/5094/1208 4261/5095/1208
f 4261/5095/1209 4262/5094/1209 4264/5096/1209 4263/5097/1209
f 4263/5097/1210 4264/5096/1210 4266/5098/1210 4265/5099/1210
f 4265/5099/1211 4266/5098/1211 4268/5100/1211 4267/5101/1211
f 4267/5101/1212 4268/5100/1212 4270/5102/1212 4269/5103/1212
f 4269/5103/1213 4270/5102/1213 4272/5104/1213 4271/5105/1213
f 4271/5105/1214 4272/5104/1214 4274/5106/1214 4273/5107/1214
f 4273/5107/1215 4274/5106/1215 4276/5108/1215 4275/5109/1215
f 4275/5109/1216 4276/5108/1216 4278/5110/1216 4277/5111/1216
f 4277/5111/1217 4278/5110/1217 4280/5112/1217 4279/5113/1217
f 4279/5113/1218 4280/5112/1218 4282/5114/1218 4281/5115/1218
f 4281/5115/1219 4282/5114/1219 4284/5116/1219 4283/5117/1219
f 4283/5117/1220 4284/5116/1220 4286/5118/1220 4285/5119/1220
f 4285/5119/1221 4286/5118/1221 4288/5120/1221 4287/5121/1221
f 4287/5121/1222 4288/5120/1222 4290/5122/1222 4289/5123/1222
f 4289/5123/1223 4290/5122/1223 4292/5124/1223 4291/5125/1223
f 4291/5125/1224 4292/5124/1224 4294/5126/1224 4293/5127/1224
f 4293/5127/1225 4294/5126/1225 4296/5128/1225 4295/5129/1225
f 4295/5129/1226 4296/5128/1226 4298/5130/1226 4297/5131/1226
f 4297/5131/1227 4298/5130/1227 4300/5132/1227 4299/5133/1227
f 4299/5133/1228 4300/5132/1228 4302/5134/1228 4301/5135/1228
f 4301/5135/1229 4302/5134/1229 4304/5136/1229 4303/5137/1229
f 4303/5137/1230 4304/5136/1230 4306/5138/1230 4305/5139/1230
f 4305/5139/1231 4306/5138/1231 4308/5140/1231 4307/5141/1231
f 4307/5141/1232 4308/5140/1232 4310/5142/1232 4309/5143/1232
f 4309/5143/1233 4310/5142/1233 4312/5144/1233 4311/5145/1233
f 4311/5145/1234 4312/5144/1234 4314/5146/1234 4313/5147/1234
f 4313/5147/1235 4314/5146/1235 4316/5148/1235 4315/5149/1235
f 4315/5149/1236 4316/5148/1236 4318/5150/1236 4317/5151/1236
f 4317/5151/1237 4318/5150/1237 4320/5152/1237 4319/5153/1237
f 4319/5153/1238 4320/5152/1238 4322/5154/1238 4321/5155/1238
f 4321/5155/1239 4322/5154/1239 4324/5156/1239 4323/5157/1239
f 4323/5157/1240 4324/5156/1240 4326/5158/1240 4325/5159/1240
f 4325/5159/1241 4326/5158/1241 4328/5160/1241 4327/5161/1241
f 4327/5161/1242 4328/5160/1242 4330/5162/1242 4329/5163/1242
f 4329/5163/1243 4330/5162/1243 4332/5164/1243 4331/5165/1243
f 4331/5165/1244 4332/5164/1244 4334/5166/1244 4333/5167/1244
f 4333/5167/1245 4334/5166/1245 4336/5168/1245 4335/5169/1245
f 4335/5169/1246 4336/5168/1246 4338/5170/1246 4337/5171/1246
f 4337/5171/1247 4338/5170/1247 4340/5172/1247 4339/5173/1247
f 4339/5173/1248 4340/5172/1248 4342/5174/1248 4341/5175/1248
f 4341/5175/1249 4342/5174/1249 4344/5176/1249 4343/5177/1249
f 4343/5177/1250 4344/5176/1250 4346/5178/1250 4345/5179/1250
f 4345/5179/1251 4346/5178/1251 4348/5180/1251 4347/5181/1251
f 4347/5181/1252 4348/5180/1252 4350/5182/1252 4349/5183/1252
f 4349/5183/1253 4350/5182/1253 4352/5184/1253 4351/5185/1253
f 4351/5185/1254 4352/5184/1254 4354/5186/1254 4353/5187/1254
f 4353/5187/1255 4354/5186/1255 4356/5188/1255 4355/5189/1255
f 4355/5189/1256 4356/5188/1256 4358/5190/1256 4357/5191/1256
f 4357/5191/1257 4358/5190/1257 4360/5192/1257 4359/5193/1257
f 4359/5193/1258 4360/5192/1258 4362/5194/1258 4361/5195/1258
f 4361/5195/1259 4362/5194/1259 4364/5196/1259 4363/5197/1259
f 4363/5197/1260 4364/5196/1260 4366/5198/1260 4365/5199/1260
f 4365/5199/1261 4366/5198/1261 4368/5200/1261 4367/5201/1261
f 4367/5201/1262 4368/5200/1262 4370/5202/1262 4369/5203/1262
f 4369/5203/1263 4370/5202/1263 4372/5204/1263 4371/5205/1263
f 4371/5205/1264 4372/5204/1264 4374/5206/1264 4373/5207/1264
f 4373/5207/1265 4374/5206/1265 4376/5208/1265 4375/5209/1265
f 4375/5209/1266 4376/5208/1266 4378/5210/1266 4377/5211/1266
f 4377/5211/1267 4378/5210/1267 4380/5212/1267 4379/5213/1267
f 4379/5213/1268 4380/5212/1268 4382/5214/1268 4381/5215/1268
f 4381/5215/1269 4382/5214/1269 4384/5216/1269 4383/5217/1269
f 4383/5217/1270 4384/5216/1270 4386/5218/1270 4385/5219/1270
f 4385/5219/1271 4386/5218/1271 4388/5220/1271 4387/5221/1271
f 4387/5221/1272 4388/5220/1272 4390/5222/1272 4389/5223/1272
f 4389/5223/1273 4390/5222/1273 4392/5224/1273 4391/5225/1273
f 4391/5225/1274 4392/5224/1274 4394/5226/1274 4393/5227/1274
f 4393/5227/1275 4394/5226/1275 4396/5228/1275 4395/5229/1275
f 4395/5229/1276 4396/5228/1276 4398/5230/1276 4397/5231/1276
f 4397/5231/1277 4398/5230/1277 4400/5232/1277 4399/5233/1277
f 4399/5233/1278 4400/5232/1278 4402/5234/1278 4401/5235/1278
f 4401/5235/1279 4402/5234/1279 4404/5236/1279 4403/5237/1279
f 4403/5237/1280 4404/5236/1280 4406/5238/1280 4405/5239/1280
f 4405/5239/1281 4406/5238/1281 4408/5240/1281 4407/5241/1281
f 4407/5241/1282 4408/5240/1282 4410/5242/1282 4409/5243/1282
f 4409/5243/1283 4410/5242/1283 4412/5244/1283 4411/5245/1283
f 4411/5245/1284 4412/5244/1284 4414/5246/1284 4413/5247/1284
f 4413/5247/1285 4414/5246/1285 4416/5248/1285 4415/5249/1285
f 4415/5249/1286 4416/5248/1286 4418/5250/1286 4417/5251/1286
f 4417/5251/1287 4418/5250/1287 4420/5252/1287 4419/5253/1287
f 4419/5253/1288 4420/5252/1288 4422/5254/1288 4421/5255/1288
f 4421/5255/1289 4422/5254/1289 4424/5256/1289 4423/5257/1289
f 4423/5257/1290 4424/5256/1290 4426/5258/1290 4425/5259/1290
f 4425/5259/1291 4426/5258/1291 4428/5260/1291 4427/5261/1291
f 4427/5261/1292 4428/5260/1292 4430/5262/1292 4429/5263/1292
f 4429/5263/1293 4430/5262/1293 4432/5264/1293 4431/5265/1293
f 4431/5265/1294 4432/5264/1294 4434/5266/1294 4433/5267/1294
f 4433/5267/1295 4434/5266/1295 4436/5268/1295 4435/5269/1295
f 4435/5269/1296 4436/5268/1296 4438/5270/1296 4437/5271/1296
f 4437/5271/1297 4438/5270/1297 4440/5272/1297 4439/5273/1297
f 4439/5273/1298 4440/5272/1298 4442/5274/1298 4441/5275/1298
f 4441/5275/1299 4442/5274/1299 4444/5276/1299 4443/5277/1299
f 4443/5277/1300 4444/5276/1300 4446/5278/1300 4445/5279/1300
f 4445/5279/1301 4446/5278/1301 4448/5280/1301 4447/5281/1301
f 4447/5281/1302 4448/5280/1302 4450/5282/1302 4449/5283/1302
f 4449/5283/1303 4450/5282/1303 4452/5284/1303 4451/5285/1303
f 4451/5285/1304 4452/5284/1304 4454/5286/1304 4453/5287/1304
f 4453/5287/1305 4454/5286/1305 4456/5288/1305 4455/5289/1305
f 4455/5289/1306 4456/5288/1306 4458/5290/1306 4457/5291/1306
f 4457/5291/1307 4458/5290/1307 4460/5292/1307 4459/5293/1307
f 4459/5293/1308 4460/5292/1308 4462/5294/1308 4461/5295/1308
f 4461/5295/1309 4462/5294/1309 4464/5296/1309 4463/5297/1309
f 4463/5297/1310 4464/5296/1310 4466/5298/1310 4465/5299/1310
f 4465/5299/1311 4466/5298/1311 4468/5300/1311 4467/5301/1311
f 4467/5301/1312 4468/5300/1312 4470/5302/1312 4469/5303/1312
f 4469/5303/1313 4470/5302/1313 4472/5304/1313 4471/5305/1313
f 4471/5305/1314 4472/5304/1314 4474/5306/1314 4473/5307/1314
f 4473/5307/1315 4474/5306/1315 4476/5308/1315 4475/5309/1315
f 4475/5309/1316 4476/5308/1316 4478/5310/1316 4477/5311/1316
f 4477/5311/1317 4478/5310/1317 4480/5312/1317 4479/5313/1317
f 4479/5313/1318 4480/5312/1318 4482/5314/1318 4481/5315/1318
f 4481/5315/1319 4482/5314/1319 4484/5316/1319 4483/5317/1319
f 4483/5317/1320 4484/5316/1320 4486/5318/1320 4485/5319/1320
f 4485/5319/1321 4486/5318/1321 4488/5320/1321 4487/5321/1321
f 4487/5321/1322 4488/5320/1322 4490/5322/1322 4489/5323/1322
f 4489/5323/1323 4490/5322/1323 4492/5324/1323 4491/5325/1323
f 4491/5325/1324 4492/5324/1324 4494/5326/1324 4493/5327/1324
f 4493/5327/1325 4494/5326/1325 4496/5328/1325 4495/5329/1325
f 4495/5329/1326 4496/5328/1326 4498/5330/1326 4497/5331/1326
f 4497/5331/1327 4498/5330/1327 4500/5332/1327 4499/5333/1327
f 4499/5333/1328 4500/5332/1328 4502/5334/1328 4501/5335/1328
f 4501/5335/1329 4502/5334/1329 4504/5336/1329 4503/5337/1329
f 4503/5337/1330 4504/5336/1330 4506/5338/1330 4505/5339/1330
f 4505/5339/1331 4506/5338/1331 4508/5340/1331 4507/5341/1331
f 4507/5341/1332 4508/5340/1332 4510/5342/1332 4509/5343/1332
f 4509/5343/1333 4510/5342/1333 4512/5344/1333 4511/5345/1333
f 4511/5345/1334 4512/5344/1334 4514/5346/1334 4513/5347/1334
f 4513/5347/1335 4514/5346/1335 4516/5348/1335 4515/5349/1335
f 4515/5349/1336 4516/5348/1336 4518/5350/1336 4517/5351/1336
f 4517/5351/1337 4518/5350/1337 4520/5352/1337 4519/5353/1337
f 4519/5353/1338 4520/5352/1338 4522/5354/1338 4521/5355/1338
f 4521/5355/1339 4522/5354/1339 4524/5356/1339 4523/5357/1339
f 4523/5357/1340 4524/5356/1340 4526/5358/1340 4525/5359/1340
f 4525/5359/1341 4526/5358/1341 4528/5360/1341 4527/5361/1341
f 4527/5361/1342 4528/5360/1342 4530/5362/1342 4529/5363/1342
f 4529/5363/1343 4530/5362/1343 4532/5364/1343 4531/5365/1343
f 4531/5365/1344 4532/5364/1344 4534/5366/1344 4533/5367/1344
f 4533/5367/1345 4534/5366/1345 4536/5368/1345 4535/5369/1345
f 4535/5369/1346 4536/5368/1346 4538/5370/1346 4537/5371/1346
f 4537/5371/1347 4538/5370/1347 4540/5372/1347 4539/5373/1347
f 4539/5373/1348 4540/5372/1348 4542/5374/1348 4541/5375/1348
f 4541/5375/1349 4542/5374/1349 4544/5376/1349 4543/5377/1349
f 4543/5377/1350 4544/5376/1350 4546/5378/1350 4545/5379/1350
f 4545/5379/1351 4546/5378/1351 4548/5380/1351 4547/5381/1351
f 4547/5381/1352 4548/5380/1352 4550/5382/1352 4549/5383/1352
f 4549/5383/1353 4550/5382/1353 4552/5384/1353 4551/5385/1353
f 4551/5385/1354 4552/5384/1354 4554/5386/1354 4553/5387/1354
f 4553/5387/1355 4554/5386/1355 4556/5388/1355 4555/5389/1355
f 4555/5389/1356 4556/5388/1356 4558/5390/1356 4557/5391/1356
f 4557/5391/1357 4558/5390/1357 4560/5392/1357 4559/5393/1357
f 4559/5393/1358 4560/5392/1358 4562/5394/1358 4561/5395/1358
f 4561/5395/1359 4562/5394/1359 4564/5396/1359 4563/5397/1359
f 4563/5397/1360 4564/5396/1360 4566/5398/1360 4565/5399/1360
f 4565/5399/1361 4566/5398/1361 4568/5400/1361 4567/5401/1361
f 4567/5401/1362 4568/5400/1362 4570/5402/1362 4569/5403/1362
f 4569/5403/1363 4570/5402/1363 4572/5404/1363 4571/5405/1363
f 4571/5405/1364 4572/5404/1364 4574/5406/1364 4573/5407/1364
f 4573/5407/1365 4574/5406/1365 4576/5408/1365 4575/5409/1365
f 4575/5409/1366 4576/5408/1366 4578/5410/1366 4577/5411/1366
f 4577/5411/1367 4578/5410/1367 4580/5412/1367 4579/5413/1367
f 4579/5413/1368 4580/5412/1368 4582/5414/1368 4581/5415/1368
f 4581/5415/1369 4582/5414/1369 4584/5416/1369 4583/5417/1369
f 4583/5417/1370 4584/5416/1370 4586/5418/1370 4585/5419/1370
f 4585/5419/1371 4586/5418/1371 4588/5420/1371 4587/5421/1371
f 4587/5421/1372 4588/5420/1372 4590/5422/1372 4589/5423/1372
f 4589/5423/1373 4590/5422/1373 4592/5424/1373 4591/5425/1373
f 4591/5425/1374 4592/5424/1374 4594/5426/1374 4593/5427/1374
f 4593/5427/1375 4594/5426/1375 4596/5428/1375 4595/5429/1375
f 4595/5429/1376 4596/5428/1376 4598/5430/1376 4597/5431/1376
f 4597/5431/1377 4598/5430/1377 4600/5432/1377 4599/5433/1377
f 4599/5433/1378 4600/5432/1378 4602/5434/1378 4601/5435/1378
f 4601/5435/1379 4602/5434/1379 4604/5436/1379 4603/5437/1379
f 4603/5437/1380 4604/5436/1380 4606/5438/1380 4605/5439/1380
f 4605/5439/1381 4606/5438/1381 4608/5440/1381 4607/5441/1381
f 4607/5441/1382 4608/5440/1382 4610/5442/1382 4609/5443/1382
f 4609/5443/1383 4610/5442/1383 4612/5444/1383 4611/5445/1383
f 4611/5445/1384 4612/5444/1384 4614/5446/1384 4613/5447/1384
f 4613/5447/1385 4614/5446/1385 4616/5448/1385 4615/5449/1385
f 4615/5449/1386 4616/5448/1386 4618/5450/1386 4617/5451/1386
f 4617/5451/1387 4618/5450/1387 4620/5452/1387 4619/5453/1387
f 4619/5453/1388 4620/5452/1388 4622/5454/1388 4621/5455/1388
f 4621/5455/1389 4622/5454/1389 4624/5456/1389 4623/5457/1389
f 4623/5457/1390 4624/5456/1390 4626/5458/1390 4625/5459/1390
f 4625/5459/1391 4626/5458/1391 4628/5460/1391 4627/5461/1391
f 4627/5461/1392 4628/5460/1392 4630/5462/1392 4629/5463/1392
f 4629/5463/1393 4630/5462/1393 4632/5464/1393 4631/5465/1393
f 4631/5465/1394 4632/5464/1394 4634/5466/1394 4633/5467/1394
f 4633/5467/1395 4634/5466/1395 4636/5468/1395 4635/5469/1395
f 4635/5469/1396 4636/5468/1396 4638/5470/1396 4637/5471/1396
f 4637/5471/1397 4638/5470/1397 4640/5472/1397 4639/5473/1397
f 4639/5473/1398 4640/5472/1398 4642/5474/1398 4641/5475/1398
f 4641/5475/1399 4642/5474/1399 4644/5476/1399 4643/5477/1399
f 4643/5477/1400 4644/5476/1400 4646/5478/1400 4645/5479/1400
f 4645/5479/1401 4646/5478/1401 4648/5480/1401 4647/5481/1401
f 4647/5481/1402 4648/5480/1402 4650/5482/1402 4649/5483/1402
f 4649/5483/1403 4650/5482/1403 4652/5484/1403 4651/5485/1403
f 4651/5485/1404 4652/5484/1404 4654/5486/1404 4653/5487/1404
f 4653/5487/1405 4654/5486/1405 4656/5488/1405 4655/5489/1405
f 4655/5489/1406 4656/5488/1406 4658/5490/1406 4657/5491/1406
f 4657/5491/1407 4658/5490/1407 4660/5492/1407 4659/5493/1407
f 4659/5493/1408 4660/5492/1408 4662/5494/1408 4661/5495/1408
f 4661/5495/1409 4662/5494/1409 4664/5496/1409 4663/5497/1409
f 4663/5497/1410 4664/5496/1410 4666/5498/1410 4665/5499/1410
f 4665/5499/1411 4666/5498/1411 4668/5500/1411 4667/5501/1411
f 4667/5501/1412 4668/5500/1412 4670/5502/1412 4669/5503/1412
f 4669/5503/1413 4670/5502/1413 4672/5504/1413 4671/5505/1413
f 4671/5505/1414 4672/5504/1414 4674/5506/1414 4673/5507/1414
f 4673/5507/1415 4674/5506/1415 4676/5508/1415 4675/5509/1415
f 4675/5509/1416 4676/5508/1416 4678/5510/1416 4677/5511/1416
f 4677/5511/1417 4678/5510/1417 4680/5512/1417 4679/5513/1417
f 4679/5513/1418 4680/5512/1418 4682/5514/1418 4681/5515/1418
f 4681/5515/1419 4682/5514/1419 4684/5516/1419 4683/5517/1419
f 4683/5517/1420 4684/5516/1420 4686/5518/1420 4685/5519/1420
f 4685/5519/1421 4686/5518/1421 4688/5520/1421 4687/5521/1421
f 4687/5521/1422 4688/5520/1422 4690/5522/1422 4689/5523/1422
f 4689/5523/1423 4690/5522/1423 4692/5524/1423 4691/5525/1423
f 4691/5525/1424 4692/5524/1424 4694/5526/1424 4693/5527/1424
f 4693/5527/1425 4694/5526/1425 4696/5528/1425 4695/5529/1425
f 4695/5529/1426 4696/5528/1426 4698/5530/1426 4697/5531/1426
f 4697/5531/1427 4698/5530/1427 4700/5532/1427 4699/5533/1427
f 4699/5533/1428 4700/5532/1428 4702/5534/1428 4701/5535/1428
f 4701/5535/1429 4702/5534/1429 4704/5536/1429 4703/5537/1429
f 4703/5537/1430 4704/5536/1430 4706/5538/1430 4705/5539/1430
f 4705/5539/1431 4706/5538/1431 4708/5540/1431 4707/5541/1431
f 4707/5541/1432 4708/5540/1432 4710/5542/1432 4709/5543/1432
f 4709/5543/1433 4710/5542/1433 4712/5544/1433 4711/5545/1433
f 4711/5545/1434 4712/5544/1434 4714/5546/1434 4713/5547/1434
f 4713/5547/1435 4714/5546/1435 4716/5548/1435 4715/5549/1435
f 4715/5549/1436 4716/5548/1436 4718/5550/1436 4717/5551/1436
f 4717/5551/1437 4718/5550/1437 4720/5552/1437 4719/5553/1437
f 4719/5553/1438 4720/5552/1438 4722/5554/1438 4721/5555/1438
f 4721/5555/1439 4722/5554/1439 4724/5556/1439 4723/5557/1439
f 4723/5557/1440 4724/5556/1440 4726/5558/1440 4725/5559/1440
f 4725/5559/1441 4726/5558/1441 4728/5560/1441 4727/5561/1441
f 4727/5561/1442 4728/5560/1442 4730/5562/1442 4729/5563/1442
f 4729/5563/1443 4730/5562/1443 4732/5564/1443 4731/5565/1443
f 4731/5565/1444 4732/5564/1444 4734/5566/1444 4733/5567/1444
f 4733/5567/1445 4734/5566/1445 4736/5568/1445 4735/5569/1445
f 4735/5569/1446 4736/5568/1446 4738/5570/1446 4737/5571/1446
f 4737/5571/1447 4738/5570/1447 4740/5572/1447 4739/5573/1447
f 4739/5573/1448 4740/5572/1448 4742/5574/1448 4741/5575/1448
f 4741/5575/1449 4742/5574/1449 4744/5576/1449 4743/5577/1449
f 4743/5577/1450 4744/5576/1450 4746/5578/1450 4745/5579/1450
f 4745/5579/1451 4746/5578/1451 4748/5580/1451 4747/5581/1451
f 4747/5581/1452 4748/5580/1452 4750/5582/1452 4749/5583/1452
f 4749/5583/1453 4750/5582/1453 4752/5584/1453 4751/5585/1453
f 4751/5585/1454 4752/5584/1454 4754/5586/1454 4753/5587/1454
f 4753/5587/1455 4754/5586/1455 4756/5588/1455 4755/5589/1455
f 4755/5589/1456 4756/5588/1456 4758/5590/1456 4757/5591/1456
f 4757/5591/1457 4758/5590/1457 4760/5592/1457 4759/5593/1457
f 4759/5593/1458 4760/5592/1458 4762/5594/1458 4761/5595/1458
f 4761/5595/1459 4762/5594/1459 4764/5596/1459 4763/5597/1459
f 4763/5597/1460 4764/5596/1460 4766/5598/1460 4765/5599/1460
f 4765/5599/1461 4766/5598/1461 4768/5600/1461 4767/5601/1461
f 4767/5601/1462 4768/5600/1462 4770/5602/1462 4769/5603/1462
f 4769/5603/1463 4770/5602/1463 4772/5604/1463 4771/5605/1463
f 4771/5605/1464 4772/5604/1464 4774/5606/1464 4773/5607/1464
f 4773/5607/1465 4774/5606/1465 4776/5608/1465 4775/5609/1465
f 4775/5609/1466 4776/5608/1466 4778/5610/1466 4777/5611/1466
f 4777/5611/1467 4778/5610/1467 4780/5612/1467 4779/5613/1467
f 4779/5613/1468 4780/5612/1468 4782/5614/1468 4781/5615/1468
f 4781/5615/1469 4782/5614/1469 4784/5616/1469 4783/5617/1469
f 4783/5617/1470 4784/5616/1470 4786/5618/1470 4785/5619/1470
f 4785/5619/1471 4786/5618/1471 4788/5620/1471 4787/5621/1471
f 4787/5621/1472 4788/5620/1472 4790/5622/1472 4789/5623/1472
f 4789/5623/1473 4790/5622/1473 4792/5624/1473 4791/5625/1473
f 4791/5625/1474 4792/5624/1474 4794/5626/1474 4793/5627/1474
f 4793/5627/1475 4794/5626/1475 4796/5628/1475 4795/5629/1475
f 4795/5629/1476 4796/5628/1476 4798/5630/1476 4797/5631/1476
f 4797/5631/1477 4798/5630/1477 4800/5632/1477 4799/5633/1477
f 4799/5633/1478 4800/5632/1478 4802/5634/1478 4801/5635/1478
f 4801/5635/1479 4802/5634/1479 4804/5636/1479 4803/5637/1479
f 4803/5637/1480 4804/5636/1480 4806/5638/1480 4805/5639/1480
f 4805/5639/1481 4806/5638/1481 4808/5640/1481 4807/5641/1481
f 4807/5641/1482 4808/5640/1482 4810/5642/1482 4809/5643/1482
f 4809/5643/1483 4810/5642/1483 4812/5644/1483 4811/5645/1483
f 4811/5645/1484 4812/5644/1484 4814/5646/1484 4813/5647/1484
f 4813/5647/1485 4814/5646/1485 4816/5648/1485 4815/5649/1485
f 4815/5649/1486 4816/5648/1486 4818/5650/1486 4817/5651/1486
f 4817/5651/1487 4818/5650/1487 4820/5652/1487 4819/5653/1487
f 4819/5653/1488 4820/5652/1488 4822/5654/1488 4821/5655/1488
f 4821/5655/1489 4822/5654/1489 4824/5656/1489 4823/5657/1489
f 4823/5657/1490 4824/5656/1490 4826/5658/1490 4825/5659/1490
f 4825/5659/1491 4826/5658/1491 4828/5660/1491 4827/5661/1491
f 4827/5661/1492 4828/5660/1492 4830/5662/1492 4829/5663/1492
f 4829/5663/1493 4830/5662/1493 4832/5664/1493 4831/5665/1493
f 4831/5665/1494 4832/5664/1494 4834/5666/1494 4833/5667/1494
f 4833/5667/1495 4834/5666/1495 4836/5668/1495 4835/5669/1495
f 4835/5669/1496 4836/5668/1496 4838/5670/1496 4837/5671/1496
f 4837/5671/1497 4838/5670/1497 4840/5672/1497 4839/5673/1497
f 4839/5673/1498 4840/5672/1498 4842/5674/1498 4841/5675/1498
f 4841/5675/1499 4842/5674/1499 4844/5676/1499 4843/5677/1499
f 4843/5677/1500 4844/5676/1500 4846/5678/1500 4845/5679/1500
f 4845/5679/1501 4846/5678/1501 4848/5680/1501 4847/5681/1501
f 4847/5681/1502 4848/5680/1502 4850/5682/1502 4849/5683/1502
f 4849/5683/1503 4850/5682/1503 4852/5684/1503 4851/5685/1503
f 4851/5685/1504 4852/5684/1504 4854/5686/1504 4853/5687/1504
f 4853/5687/1505 4854/5686/1505 4856/5688/1505 4855/5689/1505
f 4855/5689/1506 4856/5688/1506 4858/5690/1506 4857/5691/1506
f 4857/5691/1507 4858/5690/1507 4860/5692/1507 4859/5693/1507
f 4859/5693/1508 4860/5692/1508 4862/5694/1508 4861/5695/1508
f 4861/5695/1509 4862/5694/1509 4864/5696/1509 4863/5697/1509
f 4863/5697/1510 4864/5696/1510 4866/5698/1510 4865/5699/1510
f 4865/5699/1511 4866/5698/1511 4868/5700/1511 4867/5701/1511
f 3874/5702/1512 3872/5703/1512 4870/5704/1512 4868/5705/1512 4866/5706/1512 4864/5707/1512 4862/5708/1512 4860/5709/1512 4858/5710/1512 4856/5711/1512 4854/5712/1512 4852/5713/1512 4850/5714/1512 4848/5715/1512 4846/5716/1512 4844/5717/1512 4842/5718/1512 4840/5719/1512 4838/5720/1512 4836/5721/1512 4834/5722/1512 4832/5723/1512 4830/5724/1512 4828/5725/1512 4826/5726/1512 4824/5727/1512 4822/5728/1512 4820/5729/1512 4818/5730/1512 4816/5731/1512 4814/5732/1512 4812/5733/1512 4810/5734/1512 4808/5735/1512 4806/5736/1512 4804/5737/1512 4802/5738/1512 4800/5739/1512 4798/5740/1512 4796/5741/1512 4794/5742/1512 4792/5743/1512 4790/5744/1512 4788/5745/1512 4786/5746/1512 4784/5747/1512 4782/5748/1512 4780/5749/1512 4778/5750/1512 4776/5751/1512 4774/5752/1512 4772/5753/1512 4770/5754/1512 4768/5755/1512 4766/5756/1512 4764/5757/1512 4762/5758/1512 4760/5759/1512 4758/5760/1512 4756/5761/1512 4754/5762/1512 4752/5763/1512 4750/5764/1512 4748/5765/1512 4746/5766/1512 4744/5767/1512 4742/5768/1512 4740/5769/1512 4738/5770/1512 4736/5771/1512 4734/5772/1512 4732/5773/1512 4730/5774/1512 4728/5775/1512 4726/5776/1512 4724/5777/1512 4722/5778/1512 4720/5779/1512 4718/5780/1512 4716/5781/1512 4714/5782/1512 4712/5783/1512 4710/5784/1512 4708/5785/1512 4706/5786/1512 4704/5787/1512 4702/5788/1512 4700/5789/1512 4698/5790/1512 4696/5791/1512 4694/5792/1512 4692/5793/1512 4690/5794/1512 4688/5795/1512 4686/5796/1512 4684/5797/1512 4682/5798/1512 4680/5799/1512 4678/5800/1512 4676/5801/1512 4674/5802/1512 4672/5803/1512 4670/5804/1512 4668/5805/1512 4666/5806/1512 4664/5807/1512 4662/5808/1512 4660/5809/1512 4658/5810/1512 4656/5811/1512 4654/5812/1512 4652/5813/1512 4650/5814/1512 4648/5815/1512 4646/5816/1512 4644/5817/1512 4642/5818/1512 4640/5819/1512 4638/5820/1512 4636/5821/1512 4634/5822/1512 4632/5823/1512 4630/5824/1512 4628/5825/1512 4626/5826/1512 4624/5827/1512 4622/5828/1512 4620/5829/1512 4618/5830/1512 4616/5831/1512 4614/5832/1512 4612/5833/1512 4610/5834/1512 4608/5835/1512 4606/5836/1512 4604/5837/1512 4602/5838/1512 4600/5839/1512 4598/5840/1512 4596/5841/1512 4594/5842/1512 4592/5843/1512 4590/5844/1512 4588/5845/1512 4586/5846/1512 4584/5847/1512 4582/5848/1512 4580/5849/1512 4578/5850/1512 4576/5851/1512 4574/5852/1512 4572/5853/1512 4570/5854/1512 4568/5855/1512 4566/5856/1512 4564/5857/1512 4562/5858/1512 4560/5859/1512 4558/5860/1512 4556/5861/1512 4554/5862/1512 4552/5863/1512 4550/5864/1512 4548/5865/1512 4546/5866/1512 4544/5867/1512 4542/5868/1512 4540/5869/1512 4538/5870/1512 4536/5871/1512 4534/5872/1512 4532/5873/1512 4530/5874/1512 4528/5875/1512 4526/5876/1512 4524/5877/1512 4522/5878/1512 4520/5879/1512 4518/5880/1512 4516/5881/1512 4514/5882/1512 4512/5883/1512 4510/5884/1512 4508/5885/1512 4506/5886/1512 4504/5887/1512 4502/5888/1512 4500/5889/1512 4498/5890/1512 4496/5891/1512 4494/5892/1512 4492/5893/1512 4490/5894/1512 4488/5895/1512 4486/5896/1512 4484/5897/1512 4482/5898/1512 4480/5899/1512 4478/5900/1512 4476/5901/1512 4474/5902/1512 4472/5903/1512 4470/5904/1512 4468/5905/1512 4466/5906/1512 4464/5907/1512 4462/5908/1512 4460/5909/1512 4458/5910/1512 4456/5911/1512 4454/5912/1512 4452/5913/1512 4450/5914/1512 4448/5915/1512 4446/5916/1512 4444/5917/1512 4442/5918/1512 4440/5919/1512 4438/5920/1512 4436/5921/1512 4434/5922/1512 4432/5923/1512 4430/5924/1512 4428/5925/1512 4426/5926/1512 4424/5927/1512 4422/5928/1512 4420/5929/1512 4418/5930/1512 4416/5931/1512 4414/5932/1512 4412/5933/1512 4410/5934/1512 4408/5935/1512 4406/5936/1512 4404/5937/1512 4402/5938/1512 4400/5939/1512 4398/5940/1512 4396/5941/1512 4394/5942/1512 4392/5943/1512 4390/5944/1512 4388/5945/1512 4386/5946/1512 4384/5947/1512 4382/5948/1512 4380/5949/1512 4378/5950/1512 4376/5951/1512 4374/5952/1512 4372/5953/1512 4370/5954/1512 4368/5955/1512 4366/5956/1512 4364/5957/1512 4362/5958/1512 4360/5959/1512 4358/5960/1512 4356/5961/1512 4354/5962/1512 4352/5963/1512 4350/5964/1512 4348/5965/1512 4346/5966/1512 4344/5967/1512 4342/5968/1512 4340/5969/1512 4338/5970/1512 4336/5971/1512 4334/5972/1512 4332/5973/1512 4330/5974/1512 4328/5975/1512 4326/5976/1512 4324/5977/1512 4322/5978/1512 4320/5979/1512 4318/5980/1512 4316/5981/1512 4314/5982/1512 4312/5983/1512 4310/5984/1512 4308/5985/1512 4306/5986/1512 4304/5987/1512 4302/5988/1512 4300/5989/1512 4298/5990/1512 4296/5991/1512 4294/5992/1512 4292/5993/1512 4290/5994/1512 4288/5995/1512 4286/5996/1512 4284/5997/1512 4282/5998/1512 4280/5999/1512 4278/6000/1512 4276/6001/1512 4274/6002/1512 4272/6003/1512 4270/6004/1512 4268/6005/1512 4266/6006/1512 4264/6007/1512 4262/6008/1512 4260/6009/1512 4258/6010/1512 4256/6011/1512 4254/6012/1512 4252/6013/1512 4250/6014/1512 4248/6015/1512 4246/6016/1512 4244/6017/1512 4242/6018/1512 4240/6019/1512 4238/6020/1512 4236/6021/1512 4234/6022/1512 4232/6023/1512 4230/6024/1512 4228/6025/1512 4226/6026/1512 4224/6027/1512 4222/6028/1512 4220/6029/1512 4218/6030/1512 4216/6031/1512 4214/6032/1512 4212/6033/1512 4210/6034/1512 4208/6035/1512 4206/6036/1512 4204/6037/1512 4202/6038/1512 4200/6039/1512 4198/6040/1512 4196/6041/1512 4194/6042/1512 4192/6043/1512 4190/6044/1512 4188/6045/1512 4186/6046/1512 4184/6047/1512 4182/6048/1512 4180/6049/1512 4178/6050/1512 4176/6051/1512 4174/6052/1512 4172/6053/1512 4170/6054/1512 4168/6055/1512 4166/6056/1512 4164/6057/1512 4162/6058/1512 4160/6059/1512 4158/6060/1512 4156/6061/1512 4154/6062/1512 4152/6063/1512 4150/6064/1512 4148/6065/1512 4146/6066/1512 4144/6067/1512 4142/6068/1512 4140/6069/1512 4138/6070/1512 4136/6071/1512 4134/6072/1512 4132/6073/1512 4130/6074/1512 4128/6075/1512 4126/6076/1512 4124/6077/1512 4122/6078/1512 4120/6079/1512 4118/6080/1512 4116/6081/1512 4114/6082/1512 4112/6083/1512 4110/6084/1512 4108/6085/1512 4106/6086/1512 4104/6087/1512 4102/6088/1512 4100/6089/1512 4098/6090/1512 4096/6091/1512 4094/6092/1512 4092/6093/1512 4090/6094/1512 4088/6095/1512 4086/6096/1512 4084/6097/1512 4082/6098/1512 4080/6099/1512 4078/6100/1512 4076/6101/1512 4074/6102/1512 4072/6103/1512 4070/6104/1512 4068/6105/1512 4066/6106/1512 4064/6107/1512 4062/6108/1512 4060/6109/1512 4058/6110/1512 4056/6111/1512 4054/6112/1512 4052/6113/1512 4050/6114/1512 4048/6115/1512 4046/6116/1512 4044/6117/1512 4042/6118/1512 4040/6119/1512 4038/6120/1512 4036/6121/1512 4034/6122/1512 4032/6123/1512 4030/6124/1512 4028/6125/1512 4026/6126/1512 4024/6127/1512 4022/6128/1512 4020/6129/1512 4018/6130/1512 4016/6131/1512 4014/6132/1512 4012/6133/1512 4010/6134/1512 4008/6135/1512 4006/6136/1512 4004/6137/1512 4002/6138/1512 4000/6139/1512 3998/6140/1512 3996/6141/1512 3994/6142/1512 3992/6143/1512 3990/6144/1512 3988/6145/1512 3986/6146/1512 3984/6147/1512 3982/6148/1512 3980/6149/1512 3978/6150/1512 3976/6151/1512 3974/6152/1512 3972/6153/1512 3970/6154/1512 3968/6155/1512 3966/6156/1512 3964/6157/1512 3962/6158/1512 3960/6159/1512 3958/6160/1512 3956/6161/1512 3954/6162/1512 3952/6163/1512 3950/6164/1512 3948/6165/1512 3946/6166/1512 3944/6167/1512 3942/6168/1512 3940/6169/1512 3938/6170/1512 3936/6171/1512 3934/6172/1512 3932/6173/1512 3930/6174/1512 3928/6175/1512 3926/6176/1512 3924/6177/1512 3922/6178/1512 3920/6179/1512 3918/6180/1512 3916/6181/1512 3914/6182/1512 3912/6183/1512 3910/6184/1512 3908/6185/1512 3906/6186/1512 3904/6187/1512 3902/6188/1512 3900/6189/1512 3898/6190/1512 3896/6191/1512 3894/6192/1512 3892/6193/1512 3890/6194/1512 3888/6195/1512 3886/6196/1512 3884/6197/1512 3882/6198/1512 3880/6199/1512 3878/6200/1512 3876/6201/1512
f 4867/5701/1513 4868/5700/1513 4870/6202/1513 4869/6203/1513
f 4869/6203/1514 4870/6202/1514 3872/6204/1514 3871/6205/1514
f 3871/6206/1515 3873/6207/1515 3875/6208/1515 3877/6209/1515 3879/6210/1515 3881/6211/1515 3883/6212/1515 3885/6213/1515 3887/6214/1515 3889/6215/1515 3891/6216/1515 3893/6217/1515 3895/6218/1515 3897/6219/1515 3899/6220/1515 3901/6221/1515 3903/6222/1515 3905/6223/1515 3907/6224/1515 3909/6225/1515 3911/6226/1515 3913/6227/1515 3915/6228/1515 3917/6229/1515 3919/6230/1515 3921/6231/1515 3923/6232/1515 3925/6233/1515 3927/6234/1515 3929/6235/1515 3931/6236/1515 3933/6237/1515 3935/6238/1515 3937/6239/1515 3939/6240/1515 3941/6241/1515 3943/6242/1515 3945/6243/1515 3947/6244/1515 3949/6245/1515 3951/6246/1515 3953/6247/1515 3955/6248/1515 3957/6249/1515 3959/6250/1515 3961/6251/1515 3963/6252/1515 3965/6253/1515 3967/6254/1515 3969/6255/1515 3971/6256/1515 3973/6257/1515 3975/6258/1515 3977/6259/1515 3979/6260/1515 3981/6261/1515 3983/6262/1515 3985/6263/1515 3987/6264/1515 3989/6265/1515 3991/6266/1515 3993/6267/1515 3995/6268/1515 3997/6269/1515 3999/6270/1515 4001/6271/1515 4003/6272/1515 4005/6273/1515 4007/6274/1515 4009/6275/1515 4011/6276/1515 4013/6277/1515 4015/6278/1515 4017/6279/1515 4019/6280/1515 4021/6281/1515 4023/6282/1515 4025/6283/1515 4027/6284/1515 4029/6285/1515 4031/6286/1515 4033/6287/1515 4035/6288/1515 4037/6289/1515 4039/6290/1515 4041/6291/1515 4043/6292/1515 4045/6293/1515 4047/6294/1515 4049/6295/1515 4051/6296/1515 4053/6297/1515 4055/6298/1515 4057/6299/1515 4059/6300/1515 4061/6301/1515 4063/6302/1515 4065/6303/1515 4067/6304/1515 4069/6305/1515 4071/6306/1515 4073/6307/1515 4075/6308/1515 4077/6309/1515 4079/6310/1515 4081/6311/1515 4083/6312/1515 4085/6313/1515 4087/6314/1515 4089/6315/1515 4091/6316/1515 4093/6317/1515 4095/6318/1515 4097/6319/1515 4099/6320/1515 4101/6321/1515 4103/6322/1515 4105/6323/1515 4107/6324/1515 4109/6325/1515 4111/6326/1515 4113/6327/1515 4115/6328/1515 4117/6329/1515 4119/6330/1515 4121/6331/1515 4123/6332/1515 4125/6333/1515 4127/6334/1515 4129/6335/1515 4131/6336/1515 4133/6337/1515 4135/6338/1515 4137/6339/1515 4139/6340/1515 4141/6341/1515 4143/6342/1515 4145/6343/1515 4147/6344/1515 4149/6345/1515 4151/6346/1515 4153/6347/1515 4155/6348/1515 4157/6349/1515 4159/6350/1515 4161/6351/1515 4163/6352/1515 4165/6353/1515 4167/6354/1515 4169/6355/1515 4171/6356/1515 4173/6357/1515 4175/6358/1515 4177/6359/1515 4179/6360/1515 4181/6361/1515 4183/6362/1515 4185/6363/1515 4187/6364/1515 4189/6365/1515 4191/6366/1515 4193/6367/1515 4195/6368/1515 4197/6369/1515 4199/6370/1515 4201/6371/1515 4203/6372/1515 4205/6373/1515 4207/6374/1515 4209/6375/1515 4211/6376/1515 4213/6377/1515 4215/6378/1515 4217/6379/1515 4219/6380/1515 4221/6381/1515 4223/6382/1515 4225/6383/1515 4227/6384/1515 4229/6385/1515 4231/6386/1515 4233/6387/1515 4235/6388/1515 4237/6389/1515 4239/6390/1515 4241/6391/1515 4243/6392/1515 4245/6393/1515 4247/6394/1515 4249/6395/1515 4251/6396/1515 4253/6397/1515 4255/6398/1515 4257/6399/1515 4259/6400/1515 4261/6401/1515 4263/6402/1515 4265/6403/1515 4267/6404/1515 4269/6405/1515 4271/6406/1515 4273/6407/1515 4275/6408/1515 4277/6409/1515 4279/6410/1515 4281/6411/1515 4283/6412/1515 4285/6413/1515 4287/6414/1515 4289/6415/1515 4291/6416/1515 4293/6417/1515 4295/6418/1515 4297/6419/1515 4299/6420/1515 4301/6421/1515 4303/6422/1515 4305/6423/1515 4307/6424/1515 4309/6425/1515 4311/6426/1515 4313/6427/1515 4315/6428/1515 4317/6429/1515 4319/6430/1515 4321/6431/1515 4323/6432/1515 4325/6433/1515 4327/6434/1515 4329/6435/1515 4331/6436/1515 4333/6437/1515 4335/6438/1515 4337/6439/1515 4339/6440/1515 4341/6441/1515 4343/6442/1515 4345/6443/1515 4347/6444/1515 4349/6445/1515 4351/6446/1515 4353/6447/1515 4355/6448/1515 4357/6449/1515 4359/6450/1515 4361/6451/1515 4363/6452/1515 4365/6453/1515 4367/6454/1515 4369/6455/1515 4371/6456/1515 4373/6457/1515 4375/6458/1515 4377/6459/1515 4379/6460/1515 4381/6461/1515 4383/6462/1515 4385/6463/1515 4387/6464/1515 4389/6465/1515 4391/6466/1515 4393/6467/1515 4395/6468/1515 4397/6469/1515 4399/6470/1515 4401/6471/1515 4403/6472/1515 4405/6473/1515 4407/6474/1515 4409/6475/1515 4411/6476/1515 4413/6477/1515 4415/6478/1515 4417/6479/1515 4419/6480/1515 4421/6481/1515 4423/6482/1515 4425/6483/1515 4427/6484/1515 4429/6485/1515 4431/6486/1515 4433/6487/1515 4435/6488/1515 4437/6489/1515 4439/6490/1515 4441/6491/1515 4443/6492/1515 4445/6493/1515 4447/6494/1515 4449/6495/1515 4451/6496/1515 4453/6497/1515 4455/6498/1515 4457/6499/1515 4459/6500/1515 4461/6501/1515 4463/6502/1515 4465/6503/1515 4467/6504/1515 4469/6505/1515 4471/6506/1515 4473/6507/1515 4475/6508/1515 4477/6509/1515 4479/6510/1515 4481/6511/1515 4483/6512/1515 4485/6513/1515 4487/6514/1515 4489/6515/1515 4491/6516/1515 4493/6517/1515 4495/6518/1515 4497/6519/1515 4499/6520/1515 4501/6521/1515 4503/6522/1515 4505/6523/1515 4507/6524/1515 4509/6525/1515 4511/6526/1515 4513/6527/1515 4515/6528/1515 4517/6529/1515 4519/6530/1515 4521/6531/1515 4523/6532/1515 4525/6533/1515 4527/6534/1515 4529/6535/1515 4531/6536/1515 4533/6537/1515 4535/6538/1515 4537/6539/1515 4539/6540/1515 4541/6541/1515 4543/6542/1515 4545/6543/1515 4547/6544/1515 4549/6545/1515 4551/6546/1515 4553/6547/1515 4555/6548/1515 4557/6549/1515 4559/6550/1515 4561/6551/1515 4563/6552/1515 4565/6553/1515 4567/6554/1515 4569/6555/1515 4571/6556/1515 4573/6557/1515 4575/6558/1515 4577/6559/1515 4579/6560/1515 4581/6561/1515 4583/6562/1515 4585/6563/1515 4587/6564/1515 4589/6565/1515 4591/6566/1515 4593/6567/1515 4595/6568/1515 4597/6569/1515 4599/6570/1515 4601/6571/1515 4603/6572/1515 4605/6573/1515 4607/6574/1515 4609/6575/1515 4611/6576/1515 4613/6577/1515 4615/6578/1515 4617/6579/1515 4619/6580/1515 4621/6581/1515 4623/6582/1515 4625/6583/1515 4627/6584/1515 4629/6585/1515 4631/6586/1515 4633/6587/1515 4635/6588/1515 4637/6589/1515 4639/6590/1515 4641/6591/1515 4643/6592/1515 4645/6593/1515 4647/6594/1515 4649/6595/1515 4651/6596/1515 4653/6597/1515 4655/6598/1515 4657/6599/1515 4659/6600/1515 4661/6601/1515 4663/6602/1515 4665/6603/1515 4667/6604/1515 4669/6605/1515 4671/6606/1515 4673/6607/1515 4675/6608/1515 4677/6609/1515 4679/6610/1515 4681/6611/1515 4683/6612/1515 4685/6613/1515 4687/6614/1515 4689/6615/1515 4691/6616/1515 4693/6617/1515 4695/6618/1515 4697/6619/1515 4699/6620/1515 4701/6621/1515 4703/6622/1515 4705/6623/1515 4707/6624/1515 4709/6625/1515 4711/6626/1515 4713/6627/1515 4715/6628/1515 4717/6629/1515 4719/6630/1515 4721/6631/1515 4723/6632/1515 4725/6633/1515 4727/6634/1515 4729/6635/1515 4731/6636/1515 4733/6637/1515 4735/6638/1515 4737/6639/1515 4739/6640/1515 4741/6641/1515 4743/6642/1515 4745/6643/1515 4747/6644/1515 4749/6645/1515 4751/6646/1515 4753/6647/1515 4755/6648/1515 4757/6649/1515 4759/6650/1515 4761/6651/1515 4763/6652/1515 4765/6653/1515 4767/6654/1515 4769/6655/1515 4771/6656/1515 4773/6657/1515 4775/6658/1515 4777/6659/1515 4779/6660/1515 4781/6661/1515 4783/6662/1515 4785/6663/1515 4787/6664/1515 4789/6665/1515 4791/6666/1515 4793/6667/1515 4795/6668/1515 4797/6669/1515 4799/6670/1515 4801/6671/1515 4803/6672/1515 4805/6673/1515 4807/6674/1515 4809/6675/1515 4811/6676/1515 4813/6677/1515 4815/6678/1515 4817/6679/1515 4819/6680/1515 4821/6681/1515 4823/6682/1515 4825/6683/1515 4827/6684/1515 4829/6685/1515 4831/6686/1515 4833/6687/1515 4835/6688/1515 4837/6689/1515 4839/6690/1515 4841/6691/1515 4843/6692/1515 4845/6693/1515 4847/6694/1515 4849/6695/1515 4851/6696/1515 4853/6697/1515 4855/6698/1515 4857/6699/1515 4859/6700/1515 4861/6701/1515 4863/6702/1515 4865/6703/1515 4867/6704/1515 4869/6705/1515
o Cylinder.003
v 0.035093 3.385778 -3.242964
v -1.252869 3.236761 -1.720155
v 0.035326 3.385073 -3.242836
v -1.252636 3.236055 -1.720027
v 0.035553 3.384364 -3.242714
v -1.252409 3.235347 -1.719905
v 0.035772 3.383652 -3.242598
v -1.252190 3.234635 -1.719789
v 0.035985 3.382937 -3.242488
v -1.251977 3.233920 -1.719679
v 0.036191 3.382220 -3.242384
v -1.251771 3.233202 -1.719575
v 0.036391 3.381499 -3.242285
v -1.251571 3.232481 -1.719476
v 0.036583 3.380776 -3.242193
v -1.251379 3.231759 -1.719384
v 0.036769 3.380051 -3.242107
v -1.251193 3.231033 -1.719298
v 0.036948 3.379323 -3.242027
v -1.251014 3.230305 -1.719218
v 0.037120 3.378592 -3.241953
v -1.250842 3.229574 -1.719144
v 0.037285 3.377860 -3.241885
v -1.250677 3.228842 -1.719076
v 0.037443 3.377125 -3.241824
v -1.250519 3.228107 -1.719014
v 0.037594 3.376388 -3.241768
v -1.250368 3.227371 -1.718959
v 0.037738 3.375650 -3.241718
v -1.250224 3.226632 -1.718909
v 0.037875 3.374910 -3.241675
v -1.250087 3.225892 -1.718866
v 0.038005 3.374168 -3.241637
v -1.249957 3.225150 -1.718828
v 0.038128 3.373425 -3.241606
v -1.249834 3.224407 -1.718797
v 0.038244 3.372680 -3.241581
v -1.249718 3.223663 -1.718772
v 0.038353 3.371934 -3.241562
v -1.249609 3.222917 -1.718753
v 0.038455 3.371187 -3.241549
v -1.249507 3.222170 -1.718740
v 0.038549 3.370440 -3.241542
v -1.249413 3.221422 -1.718733
v 0.038636 3.369690 -3.241542
v -1.249326 3.220673 -1.718733
v 0.038716 3.368941 -3.241548
v -1.249246 3.219923 -1.718738
v 0.038789 3.368191 -3.241559
v -1.249173 3.219173 -1.718750
v 0.038855 3.367440 -3.241577
v -1.249107 3.218422 -1.718768
v 0.038914 3.366688 -3.241601
v -1.249048 3.217670 -1.718792
v 0.038965 3.365937 -3.241631
v -1.248997 3.216919 -1.718822
v 0.039009 3.365185 -3.241668
v -1.248953 3.216167 -1.718858
v 0.039046 3.364433 -3.241710
v -1.248916 3.215415 -1.718901
v 0.039076 3.363681 -3.241758
v -1.248886 3.214663 -1.718949
v 0.039098 3.362929 -3.241813
v -1.248864 3.213912 -1.719004
v 0.039113 3.362178 -3.241874
v -1.248849 3.213160 -1.719064
v 0.039121 3.361427 -3.241940
v -1.248841 3.212409 -1.719131
v 0.039122 3.360677 -3.242013
v -1.248840 3.211659 -1.719204
v 0.039115 3.359927 -3.242092
v -1.248847 3.210909 -1.719283
v 0.039101 3.359178 -3.242177
v -1.248861 3.210160 -1.719368
v 0.039080 3.358430 -3.242268
v -1.248882 3.209412 -1.719459
v 0.039052 3.357682 -3.242365
v -1.248910 3.208665 -1.719556
v 0.039016 3.356936 -3.242468
v -1.248945 3.207919 -1.719659
v 0.038974 3.356192 -3.242578
v -1.248988 3.207174 -1.719768
v 0.038924 3.355448 -3.242692
v -1.249038 3.206430 -1.719883
v 0.038866 3.354706 -3.242814
v -1.249096 3.205688 -1.720004
v 0.038802 3.353966 -3.242940
v -1.249160 3.204948 -1.720131
v 0.038730 3.353227 -3.243073
v -1.249232 3.204209 -1.720264
v 0.038651 3.352490 -3.243212
v -1.249310 3.203472 -1.720403
v 0.038565 3.351755 -3.243357
v -1.249397 3.202737 -1.720548
v 0.038472 3.351022 -3.243507
v -1.249490 3.202004 -1.720698
v 0.038372 3.350291 -3.243664
v -1.249590 3.201274 -1.720855
v 0.038265 3.349563 -3.243826
v -1.249697 3.200545 -1.721017
v 0.038150 3.348837 -3.243994
v -1.249812 3.199819 -1.721185
v 0.038028 3.348114 -3.244168
v -1.249933 3.199096 -1.721358
v 0.037900 3.347393 -3.244347
v -1.250062 3.198375 -1.721538
v 0.037764 3.346674 -3.244532
v -1.250198 3.197657 -1.721723
v 0.037621 3.345959 -3.244723
v -1.250341 3.196941 -1.721914
v 0.037471 3.345247 -3.244919
v -1.250491 3.196229 -1.722110
v 0.037314 3.344537 -3.245121
v -1.250648 3.195520 -1.722312
v 0.037151 3.343831 -3.245329
v -1.250811 3.194813 -1.722520
v 0.036980 3.343128 -3.245542
v -1.250982 3.194111 -1.722733
v 0.036802 3.342429 -3.245761
v -1.251160 3.193411 -1.722952
v 0.036618 3.341733 -3.245985
v -1.251344 3.192716 -1.723176
v 0.036427 3.341041 -3.246214
v -1.251535 3.192023 -1.723405
v 0.036228 3.340353 -3.246449
v -1.251734 3.191335 -1.723640
v 0.036023 3.339668 -3.246690
v -1.251939 3.190650 -1.723881
v 0.035812 3.338987 -3.246935
v -1.252150 3.189970 -1.724126
v 0.035593 3.338311 -3.247186
v -1.252369 3.189293 -1.724377
v 0.035368 3.337638 -3.247443
v -1.252594 3.188621 -1.724633
v 0.035136 3.336970 -3.247704
v -1.252826 3.187953 -1.724895
v 0.034898 3.336307 -3.247971
v -1.253064 3.187289 -1.725162
v 0.034653 3.335647 -3.248242
v -1.253309 3.186630 -1.725433
v 0.034401 3.334993 -3.248519
v -1.253561 3.185975 -1.725710
v 0.034143 3.334343 -3.248801
v -1.253819 3.185325 -1.725992
v 0.033879 3.333697 -3.249088
v -1.254083 3.184680 -1.726279
v 0.033608 3.333057 -3.249380
v -1.254354 3.184039 -1.726571
v 0.033331 3.332422 -3.249676
v -1.254632 3.183404 -1.726867
v 0.033047 3.331792 -3.249978
v -1.254915 3.182774 -1.727169
v 0.032757 3.331167 -3.250284
v -1.255205 3.182149 -1.727475
v 0.032461 3.330547 -3.250596
v -1.255501 3.181530 -1.727786
v 0.032158 3.329933 -3.250911
v -1.255804 3.180915 -1.728102
v 0.031850 3.329324 -3.251232
v -1.256112 3.180306 -1.728423
v 0.031535 3.328721 -3.251557
v -1.256427 3.179703 -1.728748
v 0.031215 3.328124 -3.251887
v -1.256747 3.179106 -1.729078
v 0.030888 3.327532 -3.252221
v -1.257074 3.178514 -1.729412
v 0.030555 3.326946 -3.252559
v -1.257407 3.177928 -1.729750
v 0.030217 3.326366 -3.252903
v -1.257745 3.177349 -1.730093
v 0.029872 3.325793 -3.253250
v -1.258090 3.176775 -1.730441
v 0.029522 3.325225 -3.253602
v -1.258440 3.176207 -1.730793
v 0.029166 3.324663 -3.253958
v -1.258795 3.175646 -1.731148
v 0.028805 3.324108 -3.254318
v -1.259157 3.175091 -1.731508
v 0.028438 3.323560 -3.254682
v -1.259524 3.174542 -1.731873
v 0.028065 3.323018 -3.255050
v -1.259897 3.174000 -1.732241
v 0.027687 3.322482 -3.255423
v -1.260275 3.173464 -1.732613
v 0.027303 3.321953 -3.255799
v -1.260659 3.172935 -1.732990
v 0.026914 3.321431 -3.256179
v -1.261048 3.172413 -1.733370
v 0.026520 3.320916 -3.256563
v -1.261442 3.171898 -1.733754
v 0.026120 3.320407 -3.256951
v -1.261842 3.171390 -1.734141
v 0.025715 3.319906 -3.257342
v -1.262247 3.170888 -1.734533
v 0.025305 3.319412 -3.257737
v -1.262657 3.170394 -1.734928
v 0.024890 3.318925 -3.258136
v -1.263072 3.169907 -1.735327
v 0.024470 3.318445 -3.258538
v -1.263492 3.169427 -1.735729
v 0.024045 3.317972 -3.258944
v -1.263917 3.168955 -1.736135
v 0.023615 3.317507 -3.259353
v -1.264347 3.168489 -1.736544
v 0.023181 3.317050 -3.259765
v -1.264781 3.168032 -1.736956
v 0.022741 3.316599 -3.260181
v -1.265221 3.167582 -1.737372
v 0.022297 3.316157 -3.260600
v -1.265665 3.167139 -1.737791
v 0.021849 3.315722 -3.261022
v -1.266113 3.166704 -1.738213
v 0.021396 3.315295 -3.261447
v -1.266567 3.166277 -1.738638
v 0.020938 3.314875 -3.261875
v -1.267024 3.165858 -1.739066
v 0.020476 3.314464 -3.262306
v -1.267486 3.165446 -1.739497
v 0.020010 3.314060 -3.262740
v -1.267952 3.165042 -1.739931
v 0.019539 3.313665 -3.263176
v -1.268423 3.164647 -1.740367
v 0.019065 3.313277 -3.263616
v -1.268897 3.164259 -1.740807
v 0.018586 3.312898 -3.264058
v -1.269376 3.163880 -1.741249
v 0.018103 3.312527 -3.264503
v -1.269859 3.163509 -1.741693
v 0.017616 3.312164 -3.264950
v -1.270346 3.163146 -1.742140
v 0.017126 3.311809 -3.265399
v -1.270836 3.162791 -1.742590
v 0.016632 3.311463 -3.265851
v -1.271330 3.162445 -1.743042
v 0.016134 3.311125 -3.266305
v -1.271828 3.162107 -1.743496
v 0.015632 3.310796 -3.266762
v -1.272330 3.161778 -1.743953
v 0.015127 3.310475 -3.267220
v -1.272835 3.161457 -1.744411
v 0.014618 3.310163 -3.267681
v -1.273344 3.161145 -1.744872
v 0.014106 3.309859 -3.268144
v -1.273856 3.160841 -1.745335
v 0.013591 3.309564 -3.268609
v -1.274371 3.160546 -1.745800
v 0.013072 3.309278 -3.269075
v -1.274890 3.160260 -1.746266
v 0.012551 3.309000 -3.269544
v -1.275411 3.159982 -1.746734
v 0.012026 3.308732 -3.270014
v -1.275936 3.159714 -1.747204
v 0.011498 3.308472 -3.270485
v -1.276464 3.159454 -1.747676
v 0.010968 3.308221 -3.270959
v -1.276994 3.159203 -1.748149
v 0.010435 3.307979 -3.271433
v -1.277527 3.158961 -1.748624
v 0.009898 3.307745 -3.271910
v -1.278064 3.158728 -1.749100
v 0.009360 3.307521 -3.272387
v -1.278602 3.158504 -1.749578
v 0.008818 3.307306 -3.272866
v -1.279144 3.158288 -1.750057
v 0.008275 3.307100 -3.273346
v -1.279687 3.158082 -1.750537
v 0.007729 3.306903 -3.273827
v -1.280233 3.157886 -1.751018
v 0.007180 3.306716 -3.274309
v -1.280782 3.157698 -1.751500
v 0.006630 3.306537 -3.274792
v -1.281332 3.157519 -1.751983
v 0.006077 3.306368 -3.275277
v -1.281885 3.157350 -1.752467
v 0.005522 3.306208 -3.275761
v -1.282440 3.157190 -1.752952
v 0.004966 3.306057 -3.276247
v -1.282996 3.157039 -1.753438
v 0.004407 3.305915 -3.276733
v -1.283555 3.156897 -1.753924
v 0.003847 3.305783 -3.277220
v -1.284115 3.156765 -1.754411
v 0.003285 3.305660 -3.277708
v -1.284677 3.156642 -1.754898
v 0.002721 3.305546 -3.278195
v -1.285241 3.156528 -1.755386
v 0.002156 3.305441 -3.278683
v -1.285806 3.156424 -1.755874
v 0.001590 3.305346 -3.279172
v -1.286372 3.156329 -1.756363
v 0.001022 3.305261 -3.279660
v -1.286940 3.156243 -1.756851
v 0.000453 3.305185 -3.280149
v -1.287509 3.156167 -1.757340
v -0.000117 3.305118 -3.280638
v -1.288079 3.156100 -1.757829
v -0.000689 3.305060 -3.281127
v -1.288651 3.156043 -1.758317
v -0.001261 3.305012 -3.281615
v -1.289223 3.155994 -1.758806
v -0.001834 3.304974 -3.282104
v -1.289796 3.155956 -1.759295
v -0.002408 3.304945 -3.282592
v -1.290370 3.155927 -1.759783
v -0.002982 3.304925 -3.283080
v -1.290944 3.155907 -1.760271
v -0.003557 3.304915 -3.283567
v -1.291519 3.155897 -1.760758
v -0.004133 3.304914 -3.284054
v -1.292095 3.155896 -1.761245
v -0.004709 3.304923 -3.284541
v -1.292671 3.155905 -1.761731
v -0.005286 3.304941 -3.285026
v -1.293247 3.155923 -1.762217
v -0.005862 3.304968 -3.285511
v -1.293824 3.155951 -1.762702
v -0.006439 3.305005 -3.285995
v -1.294401 3.155988 -1.763186
v -0.007016 3.305052 -3.286479
v -1.294978 3.156034 -1.763670
v -0.007593 3.305108 -3.286961
v -1.295555 3.156090 -1.764152
v -0.008169 3.305173 -3.287443
v -1.296131 3.156155 -1.764633
v -0.008746 3.305248 -3.287923
v -1.296708 3.156230 -1.765114
v -0.009322 3.305331 -3.288402
v -1.297284 3.156314 -1.765593
v -0.009897 3.305425 -3.288880
v -1.297859 3.156407 -1.766070
v -0.010473 3.305528 -3.289356
v -1.298435 3.156510 -1.766547
v -0.011047 3.305640 -3.289831
v -1.299009 3.156622 -1.767022
v -0.011621 3.305762 -3.290305
v -1.299583 3.156744 -1.767496
v -0.012195 3.305892 -3.290777
v -1.300157 3.156875 -1.767968
v -0.012767 3.306032 -3.291247
v -1.300729 3.157015 -1.768438
v -0.013338 3.306182 -3.291716
v -1.301300 3.157164 -1.768907
v -0.013909 3.306340 -3.292183
v -1.301871 3.157323 -1.769374
v -0.014478 3.306508 -3.292648
v -1.302440 3.157490 -1.769839
v -0.015046 3.306685 -3.293111
v -1.303008 3.157668 -1.770302
v -0.015613 3.306872 -3.293572
v -1.303575 3.157854 -1.770763
v -0.016178 3.307067 -3.294031
v -1.304140 3.158049 -1.771222
v -0.016742 3.307271 -3.294488
v -1.304704 3.158254 -1.771679
v -0.017304 3.307485 -3.294942
v -1.305266 3.158467 -1.772133
v -0.017865 3.307708 -3.295395
v -1.305827 3.158690 -1.772586
v -0.018424 3.307939 -3.295845
v -1.306386 3.158921 -1.773036
v -0.018981 3.308180 -3.296293
v -1.306943 3.159162 -1.773483
v -0.019536 3.308429 -3.296738
v -1.307498 3.159411 -1.773928
v -0.020089 3.308688 -3.297180
v -1.308051 3.159670 -1.774371
v -0.020640 3.308955 -3.297620
v -1.308602 3.159937 -1.774811
v -0.021189 3.309231 -3.298057
v -1.309151 3.160213 -1.775248
v -0.021735 3.309516 -3.298491
v -1.309697 3.160498 -1.775682
v -0.022279 3.309809 -3.298923
v -1.310241 3.160791 -1.776114
v -0.022821 3.310112 -3.299352
v -1.310783 3.161094 -1.776542
v -0.023360 3.310422 -3.299777
v -1.311322 3.161405 -1.776968
v -0.023897 3.310742 -3.300200
v -1.311859 3.161724 -1.777391
v -0.024431 3.311070 -3.300619
v -1.312393 3.162052 -1.777810
v -0.024962 3.311406 -3.301035
v -1.312924 3.162388 -1.778226
v -0.025490 3.311751 -3.301448
v -1.313452 3.162733 -1.778639
v -0.026015 3.312104 -3.301858
v -1.313977 3.163086 -1.779049
v -0.026537 3.312466 -3.302264
v -1.314499 3.163448 -1.779455
v -0.027056 3.312835 -3.302667
v -1.315018 3.163818 -1.779858
v -0.027572 3.313214 -3.303066
v -1.315534 3.164196 -1.780257
v -0.028085 3.313600 -3.303462
v -1.316047 3.164582 -1.780653
v -0.028594 3.313994 -3.303854
v -1.316556 3.164976 -1.781045
v -0.029100 3.314396 -3.304243
v -1.317062 3.165378 -1.781434
v -0.029602 3.314806 -3.304627
v -1.317564 3.165788 -1.781818
v -0.030101 3.315224 -3.305008
v -1.318063 3.166207 -1.782199
v -0.030596 3.315650 -3.305385
v -1.318558 3.166632 -1.782576
v -0.031087 3.316084 -3.305758
v -1.319049 3.167066 -1.782949
v -0.031575 3.316525 -3.306128
v -1.319536 3.167507 -1.783318
v -0.032058 3.316974 -3.306492
v -1.320020 3.167956 -1.783683
v -0.032537 3.317430 -3.306853
v -1.320499 3.168413 -1.784044
v -0.033013 3.317894 -3.307210
v -1.320975 3.168877 -1.784401
v -0.033484 3.318366 -3.307562
v -1.321446 3.169348 -1.784753
v -0.033951 3.318844 -3.307911
v -1.321913 3.169827 -1.785101
v -0.034414 3.319330 -3.308254
v -1.322376 3.170313 -1.785445
v -0.034872 3.319823 -3.308594
v -1.322834 3.170806 -1.785785
v -0.035326 3.320323 -3.308929
v -1.323288 3.171306 -1.786120
v -0.035776 3.320831 -3.309259
v -1.323738 3.171813 -1.786450
v -0.036221 3.321345 -3.309585
v -1.324183 3.172327 -1.786776
v -0.036661 3.321866 -3.309907
v -1.324623 3.172848 -1.787098
v -0.037096 3.322394 -3.310223
v -1.325058 3.173376 -1.787414
v -0.037527 3.322928 -3.310535
v -1.325489 3.173910 -1.787726
v -0.037953 3.323469 -3.310843
v -1.325915 3.174451 -1.788033
v -0.038374 3.324017 -3.311145
v -1.326336 3.174999 -1.788336
v -0.038790 3.324571 -3.311443
v -1.326752 3.175553 -1.788634
v -0.039201 3.325131 -3.311735
v -1.327163 3.176113 -1.788926
v -0.039607 3.325697 -3.312023
v -1.327569 3.176680 -1.789214
v -0.040007 3.326270 -3.312306
v -1.327969 3.177253 -1.789497
v -0.040402 3.326849 -3.312584
v -1.328364 3.177831 -1.789774
v -0.040792 3.327434 -3.312856
v -1.328754 3.178416 -1.790047
v -0.041177 3.328025 -3.313124
v -1.329139 3.179007 -1.790315
v -0.041556 3.328621 -3.313386
v -1.329518 3.179603 -1.790577
v -0.041930 3.329223 -3.313643
v -1.329892 3.180206 -1.790834
v -0.042298 3.329831 -3.313895
v -1.330260 3.180814 -1.791086
v -0.042661 3.330445 -3.314142
v -1.330623 3.181427 -1.791333
v -0.043018 3.331063 -3.314383
v -1.330980 3.182045 -1.791574
v -0.043369 3.331687 -3.314619
v -1.331331 3.182670 -1.791810
v -0.043714 3.332317 -3.314850
v -1.331676 3.183299 -1.792041
v -0.044054 3.332951 -3.315075
v -1.332016 3.183933 -1.792266
v -0.044388 3.333591 -3.315295
v -1.332350 3.184573 -1.792485
v -0.044715 3.334235 -3.315509
v -1.332677 3.185217 -1.792700
v -0.045037 3.334884 -3.315717
v -1.332999 3.185866 -1.792908
v -0.045353 3.335538 -3.315920
v -1.333315 3.186520 -1.793111
v -0.045663 3.336196 -3.316118
v -1.333625 3.187179 -1.793309
v -0.045966 3.336859 -3.316310
v -1.333928 3.187842 -1.793501
v -0.046263 3.337527 -3.316496
v -1.334225 3.188509 -1.793687
v -0.046555 3.338198 -3.316676
v -1.334517 3.189181 -1.793867
v -0.046839 3.338874 -3.316851
v -1.334801 3.189857 -1.794042
v -0.047118 3.339554 -3.317020
v -1.335080 3.190537 -1.794211
v -0.047390 3.340238 -3.317183
v -1.335352 3.191221 -1.794374
v -0.047656 3.340926 -3.317341
v -1.335618 3.191909 -1.794531
v -0.047915 3.341618 -3.317492
v -1.335877 3.192600 -1.794683
v -0.048168 3.342313 -3.317638
v -1.336129 3.193295 -1.794829
v -0.048414 3.343012 -3.317778
v -1.336376 3.193994 -1.794969
v -0.048653 3.343714 -3.317912
v -1.336615 3.194696 -1.795103
v -0.048886 3.344420 -3.318040
v -1.336848 3.195402 -1.795231
v -0.049113 3.345128 -3.318162
v -1.337075 3.196111 -1.795353
v -0.049332 3.345840 -3.318278
v -1.337294 3.196822 -1.795469
v -0.049545 3.346555 -3.318388
v -1.337507 3.197537 -1.795579
v -0.049752 3.347273 -3.318492
v -1.337713 3.198255 -1.795683
v -0.049951 3.347993 -3.318590
v -1.337913 3.198976 -1.795781
v -0.050144 3.348716 -3.318683
v -1.338105 3.199699 -1.795873
v -0.050329 3.349442 -3.318769
v -1.338291 3.200424 -1.795960
v -0.050508 3.350170 -3.318849
v -1.338470 3.201152 -1.796040
v -0.050680 3.350900 -3.318923
v -1.338642 3.201883 -1.796114
v -0.050845 3.351633 -3.318991
v -1.338807 3.202615 -1.796181
v -0.051003 3.352368 -3.319052
v -1.338965 3.203350 -1.796243
v -0.051154 3.353104 -3.319108
v -1.339116 3.204087 -1.796299
v -0.051298 3.353843 -3.319158
v -1.339260 3.204825 -1.796349
v -0.051436 3.354583 -3.319201
v -1.339397 3.205565 -1.796392
v -0.051566 3.355325 -3.319239
v -1.339528 3.206307 -1.796430
v -0.051688 3.356068 -3.319270
v -1.339650 3.207050 -1.796461
v -0.051804 3.356812 -3.319295
v -1.339766 3.207795 -1.796486
v -0.051913 3.357558 -3.319314
v -1.339875 3.208540 -1.796505
v -0.052015 3.358305 -3.319327
v -1.339977 3.209287 -1.796518
v -0.052109 3.359053 -3.319334
v -1.340071 3.210035 -1.796524
v -0.052196 3.359802 -3.319334
v -1.340158 3.210784 -1.796525
v -0.052277 3.360552 -3.319329
v -1.340239 3.211534 -1.796519
v -0.052350 3.361302 -3.319317
v -1.340312 3.212284 -1.796508
v -0.052415 3.362053 -3.319299
v -1.340377 3.213035 -1.796490
v -0.052474 3.362804 -3.319275
v -1.340436 3.213787 -1.796466
v -0.052525 3.363556 -3.319245
v -1.340487 3.214538 -1.796436
v -0.052569 3.364308 -3.319209
v -1.340531 3.215290 -1.796399
v -0.052606 3.365060 -3.319166
v -1.340568 3.216042 -1.796357
v -0.052636 3.365812 -3.319118
v -1.340598 3.216794 -1.796309
v -0.052658 3.366563 -3.319063
v -1.340620 3.217546 -1.796254
v -0.052673 3.367315 -3.319002
v -1.340635 3.218297 -1.796193
v -0.052681 3.368066 -3.318936
v -1.340643 3.219048 -1.796126
v -0.052682 3.368816 -3.318863
v -1.340644 3.219798 -1.796054
v -0.052675 3.369566 -3.318784
v -1.340637 3.220548 -1.795975
v -0.052662 3.370315 -3.318699
v -1.340623 3.221297 -1.795890
v -0.052640 3.371063 -3.318608
v -1.340602 3.222045 -1.795799
v -0.052612 3.371810 -3.318511
v -1.340574 3.222792 -1.795702
v -0.052577 3.372556 -3.318408
v -1.340539 3.223538 -1.795598
v -0.052534 3.373301 -3.318298
v -1.340496 3.224283 -1.795489
v -0.052484 3.374044 -3.318183
v -1.340446 3.225027 -1.795374
v -0.052427 3.374786 -3.318062
v -1.340389 3.225769 -1.795253
v -0.052362 3.375527 -3.317935
v -1.340324 3.226509 -1.795126
v -0.052290 3.376266 -3.317802
v -1.340252 3.227248 -1.794993
v -0.052212 3.377002 -3.317664
v -1.340174 3.227985 -1.794855
v -0.052126 3.377738 -3.317519
v -1.340088 3.228720 -1.794710
v -0.052033 3.378470 -3.317369
v -1.339994 3.229453 -1.794559
v -0.051932 3.379201 -3.317212
v -1.339894 3.230183 -1.794403
v -0.051825 3.379930 -3.317050
v -1.339787 3.230912 -1.794241
v -0.051710 3.380656 -3.316882
v -1.339672 3.231638 -1.794073
v -0.051589 3.381379 -3.316709
v -1.339550 3.232361 -1.793899
v -0.051460 3.382100 -3.316529
v -1.339422 3.233082 -1.793720
v -0.051324 3.382818 -3.316344
v -1.339286 3.233800 -1.793535
v -0.051181 3.383533 -3.316153
v -1.339143 3.234516 -1.793344
v -0.051031 3.384246 -3.315957
v -1.338993 3.235228 -1.793148
v -0.050875 3.384955 -3.315755
v -1.338837 3.235937 -1.792946
v -0.050711 3.385661 -3.315547
v -1.338673 3.236644 -1.792738
v -0.050540 3.386364 -3.315334
v -1.338502 3.237346 -1.792525
v -0.050363 3.387064 -3.315115
v -1.338325 3.238046 -1.792306
v -0.050178 3.387759 -3.314891
v -1.338140 3.238742 -1.792082
v -0.049987 3.388452 -3.314662
v -1.337949 3.239434 -1.791852
v -0.049789 3.389140 -3.314427
v -1.337750 3.240122 -1.791617
v -0.049584 3.389825 -3.314186
v -1.337546 3.240807 -1.791377
v -0.049372 3.390505 -3.313941
v -1.337334 3.241488 -1.791131
v -0.049153 3.391182 -3.313690
v -1.337115 3.242164 -1.790880
v -0.048928 3.391854 -3.313433
v -1.336890 3.242836 -1.790624
v -0.048696 3.392522 -3.313172
v -1.336658 3.243505 -1.790363
v -0.048458 3.393186 -3.312905
v -1.336420 3.244168 -1.790096
v -0.048213 3.393845 -3.312634
v -1.336175 3.244828 -1.789824
v -0.047961 3.394500 -3.312357
v -1.335923 3.245482 -1.789548
v -0.047703 3.395150 -3.312075
v -1.335665 3.246132 -1.789266
v -0.047439 3.395795 -3.311788
v -1.335401 3.246778 -1.788979
v -0.047168 3.396435 -3.311496
v -1.335130 3.247418 -1.788687
v -0.046891 3.397071 -3.311200
v -1.334853 3.248053 -1.788390
v -0.046607 3.397701 -3.310898
v -1.334569 3.248683 -1.788089
v -0.046317 3.398326 -3.310592
v -1.334279 3.249308 -1.787782
v -0.046021 3.398945 -3.310281
v -1.333983 3.249928 -1.787471
v -0.045719 3.399560 -3.309965
v -1.333681 3.250542 -1.787156
v -0.045410 3.400168 -3.309644
v -1.333372 3.251151 -1.786835
v -0.045095 3.400772 -3.309319
v -1.333057 3.251754 -1.786510
v -0.044775 3.401369 -3.308989
v -1.332737 3.252351 -1.786180
v -0.044448 3.401961 -3.308655
v -1.332410 3.252943 -1.785846
v -0.044115 3.402546 -3.308316
v -1.332078 3.253529 -1.785507
v -0.043777 3.403126 -3.307973
v -1.331739 3.254109 -1.785164
v -0.043433 3.403700 -3.307626
v -1.331395 3.254682 -1.784817
v -0.043082 3.404268 -3.307274
v -1.331044 3.255250 -1.784465
v -0.042727 3.404829 -3.306919
v -1.330688 3.255811 -1.784109
v -0.042365 3.405384 -3.306558
v -1.330327 3.256366 -1.783749
v -0.041998 3.405933 -3.306194
v -1.329960 3.256915 -1.783385
v -0.041625 3.406475 -3.305826
v -1.329587 3.257457 -1.783017
v -0.041247 3.407011 -3.305454
v -1.329209 3.257993 -1.782644
v -0.040863 3.407539 -3.305077
v -1.328825 3.258522 -1.782268
v -0.040474 3.408062 -3.304697
v -1.328436 3.259044 -1.781888
v -0.040080 3.408577 -3.304313
v -1.328042 3.259559 -1.781504
v -0.039680 3.409085 -3.303926
v -1.327642 3.260067 -1.781116
v -0.039275 3.409586 -3.303534
v -1.327237 3.260569 -1.780725
v -0.038865 3.410081 -3.303139
v -1.326827 3.261063 -1.780330
v -0.038450 3.410568 -3.302740
v -1.326412 3.261550 -1.779931
v -0.038030 3.411048 -3.302338
v -1.325992 3.262030 -1.779529
v -0.037605 3.411520 -3.301932
v -1.325567 3.262502 -1.779123
v -0.037175 3.411985 -3.301523
v -1.325137 3.262968 -1.778714
v -0.036741 3.412443 -3.301111
v -1.324703 3.263425 -1.778302
v -0.036301 3.412893 -3.300695
v -1.324263 3.263875 -1.777886
v -0.035857 3.413336 -3.300276
v -1.323819 3.264318 -1.777467
v -0.035409 3.413771 -3.299854
v -1.323371 3.264753 -1.777045
v -0.034956 3.414198 -3.299429
v -1.322918 3.265180 -1.776620
v -0.034498 3.414617 -3.299001
v -1.322460 3.265599 -1.776192
v -0.034036 3.415029 -3.298570
v -1.321998 3.266011 -1.775761
v -0.033570 3.415432 -3.298136
v -1.321532 3.266415 -1.775327
v -0.033099 3.415828 -3.297700
v -1.321061 3.266810 -1.774890
v -0.032625 3.416215 -3.297260
v -1.320587 3.267198 -1.774451
v -0.032146 3.416595 -3.296818
v -1.320108 3.267577 -1.774009
v -0.031663 3.416966 -3.296374
v -1.319625 3.267948 -1.773564
v -0.031177 3.417329 -3.295927
v -1.319139 3.268311 -1.773117
v -0.030686 3.417683 -3.295477
v -1.318648 3.268666 -1.772668
v -0.030192 3.418030 -3.295025
v -1.318154 3.269012 -1.772216
v -0.029694 3.418367 -3.294571
v -1.317656 3.269350 -1.771762
v -0.029192 3.418697 -3.294114
v -1.317154 3.269679 -1.771305
v -0.028687 3.419018 -3.293656
v -1.316649 3.270000 -1.770846
v -0.028178 3.419330 -3.293195
v -1.316140 3.270312 -1.770386
v -0.027666 3.419634 -3.292732
v -1.315628 3.270616 -1.769923
v -0.027151 3.419929 -3.292267
v -1.315113 3.270911 -1.769458
v -0.026633 3.420215 -3.291801
v -1.314595 3.271197 -1.768992
v -0.026111 3.420492 -3.291332
v -1.314073 3.271475 -1.768523
v -0.025586 3.420761 -3.290863
v -1.313548 3.271743 -1.768053
v -0.025059 3.421021 -3.290391
v -1.313020 3.272003 -1.767582
v -0.024528 3.421272 -3.289917
v -1.312490 3.272254 -1.767108
v -0.023995 3.421514 -3.289443
v -1.311957 3.272496 -1.766634
v -0.023459 3.421747 -3.288966
v -1.311421 3.272729 -1.766157
v -0.022920 3.421971 -3.288489
v -1.310882 3.272954 -1.765680
v -0.022379 3.422186 -3.288010
v -1.310341 3.273169 -1.765201
v -0.021835 3.422392 -3.287530
v -1.309797 3.273375 -1.764721
v -0.021289 3.422589 -3.287049
v -1.309251 3.273571 -1.764240
v -0.020740 3.422777 -3.286567
v -1.308702 3.273759 -1.763757
v -0.020190 3.422956 -3.286083
v -1.308152 3.273938 -1.763274
v -0.019637 3.423125 -3.285599
v -1.307599 3.274107 -1.762790
v -0.019082 3.423285 -3.285115
v -1.307044 3.274267 -1.762305
v -0.018526 3.423436 -3.284629
v -1.306488 3.274418 -1.761820
v -0.017967 3.423578 -3.284143
v -1.305929 3.274560 -1.761334
v -0.017407 3.423710 -3.283656
v -1.305369 3.274692 -1.760847
v -0.016845 3.423833 -3.283169
v -1.304807 3.274815 -1.760359
v -0.016281 3.423947 -3.282681
v -1.304243 3.274929 -1.759872
v -0.015716 3.424051 -3.282193
v -1.303678 3.275033 -1.759383
v -0.015150 3.424146 -3.281704
v -1.303112 3.275128 -1.758895
v -0.014582 3.424232 -3.281216
v -1.302544 3.275214 -1.758406
v -0.014013 3.424308 -3.280727
v -1.301975 3.275290 -1.757918
v -0.013443 3.424375 -3.280238
v -1.301405 3.275357 -1.757429
v -0.012872 3.424432 -3.279749
v -1.300833 3.275414 -1.756940
v -0.012299 3.424480 -3.279261
v -1.300261 3.275463 -1.756451
v -0.011726 3.424519 -3.278772
v -1.299688 3.275501 -1.755963
v -0.011152 3.424548 -3.278284
v -1.299114 3.275530 -1.755475
v -0.010578 3.424568 -3.277796
v -1.298540 3.275550 -1.754987
v -0.010003 3.424578 -3.277309
v -1.297965 3.275560 -1.754500
v -0.009427 3.424579 -3.276822
v -1.297389 3.275561 -1.754013
v -0.008851 3.424570 -3.276335
v -1.296813 3.275552 -1.753526
v -0.008275 3.424552 -3.275850
v -1.296237 3.275534 -1.753041
v -0.007698 3.424524 -3.275365
v -1.295660 3.275507 -1.752555
v -0.007121 3.424487 -3.274880
v -1.295083 3.275470 -1.752071
v -0.006544 3.424441 -3.274397
v -1.294506 3.275423 -1.751588
v -0.005968 3.424385 -3.273915
v -1.293930 3.275367 -1.751106
v -0.005391 3.424320 -3.273433
v -1.293353 3.275302 -1.750624
v -0.004815 3.424245 -3.272953
v -1.292777 3.275227 -1.750144
v -0.004238 3.424161 -3.272474
v -1.292200 3.275143 -1.749665
v -0.003663 3.424068 -3.271996
v -1.291625 3.275050 -1.749187
v -0.003087 3.423965 -3.271520
v -1.291049 3.274947 -1.748711
v -0.002513 3.423853 -3.271045
v -1.290475 3.274835 -1.748236
v -0.001939 3.423731 -3.270571
v -1.289901 3.274713 -1.747762
v -0.001366 3.423600 -3.270099
v -1.289328 3.274583 -1.747290
v -0.000793 3.423460 -3.269629
v -1.288755 3.274442 -1.746820
v -0.000222 3.423311 -3.269160
v -1.288184 3.274293 -1.746351
v 0.000349 3.423152 -3.268693
v -1.287613 3.274134 -1.745884
v 0.000918 3.422984 -3.268228
v -1.287044 3.273967 -1.745419
v 0.001486 3.422807 -3.267765
v -1.286476 3.273789 -1.744956
v 0.002053 3.422621 -3.267304
v -1.285909 3.273603 -1.744495
v 0.002618 3.422426 -3.266845
v -1.285344 3.273408 -1.744036
v 0.003182 3.422221 -3.266388
v -1.284780 3.273203 -1.743579
v 0.003744 3.422008 -3.265934
v -1.284218 3.272990 -1.743124
v 0.004305 3.421785 -3.265481
v -1.283657 3.272767 -1.742672
v 0.004864 3.421553 -3.265031
v -1.283098 3.272536 -1.742222
v 0.005421 3.421313 -3.264584
v -1.282542 3.272295 -1.741774
v 0.005976 3.421063 -3.264138
v -1.281986 3.272046 -1.741329
v 0.006529 3.420805 -3.263696
v -1.281433 3.271787 -1.740887
v 0.007080 3.420538 -3.263256
v -1.280882 3.271520 -1.740447
v 0.007629 3.420262 -3.262819
v -1.280334 3.271244 -1.740010
v 0.008175 3.419977 -3.262384
v -1.279787 3.270959 -1.739575
v 0.008719 3.419683 -3.261953
v -1.279243 3.270666 -1.739144
v 0.009261 3.419381 -3.261524
v -1.278701 3.270363 -1.738715
v 0.009800 3.419070 -3.261099
v -1.278162 3.270052 -1.738290
v 0.010337 3.418751 -3.260676
v -1.277625 3.269733 -1.737867
v 0.010871 3.418423 -3.260257
v -1.277092 3.269405 -1.737448
v 0.011402 3.418087 -3.259840
v -1.276560 3.269069 -1.737031
v 0.011930 3.417742 -3.259428
v -1.276032 3.268724 -1.736619
v 0.012455 3.417388 -3.259018
v -1.275507 3.268371 -1.736209
v 0.012977 3.417027 -3.258612
v -1.274985 3.268009 -1.735802
v 0.013496 3.416657 -3.258209
v -1.274466 3.267639 -1.735400
v 0.014012 3.416279 -3.257809
v -1.273950 3.267261 -1.735000
v 0.014525 3.415893 -3.257414
v -1.273437 3.266875 -1.734605
v 0.015034 3.415499 -3.257021
v -1.272928 3.266481 -1.734212
v 0.015540 3.415097 -3.256633
v -1.272422 3.266079 -1.733824
v 0.016042 3.414686 -3.256248
v -1.271920 3.265669 -1.733439
v 0.016541 3.414268 -3.255867
v -1.271421 3.265251 -1.733058
v 0.017036 3.413842 -3.255491
v -1.270926 3.264825 -1.732682
v 0.017527 3.413409 -3.255118
v -1.270435 3.264391 -1.732308
v 0.018014 3.412967 -3.254749
v -1.269948 3.263950 -1.731939
v 0.018498 3.412519 -3.254384
v -1.269464 3.263501 -1.731574
v 0.018977 3.412062 -3.254023
v -1.268985 3.263044 -1.731214
v 0.019453 3.411598 -3.253666
v -1.268509 3.262580 -1.730857
v 0.019924 3.411127 -3.253314
v -1.268038 3.262109 -1.730504
v 0.020391 3.410648 -3.252965
v -1.267571 3.261631 -1.730156
v 0.020854 3.410162 -3.252622
v -1.267108 3.261145 -1.729812
v 0.021312 3.409669 -3.252282
v -1.266650 3.260652 -1.729473
v 0.021766 3.409169 -3.251947
v -1.266196 3.260151 -1.729138
v 0.022216 3.408662 -3.251616
v -1.265746 3.259644 -1.728807
v 0.022660 3.408148 -3.251291
v -1.265301 3.259130 -1.728482
v 0.023101 3.407627 -3.250969
v -1.264861 3.258609 -1.728160
v 0.023536 3.407099 -3.250653
v -1.264426 3.258081 -1.727844
v 0.023967 3.406564 -3.250340
v -1.263995 3.257547 -1.727531
v 0.024393 3.406024 -3.250033
v -1.263569 3.257006 -1.727224
v 0.024814 3.405476 -3.249731
v -1.263148 3.256458 -1.726922
v 0.025230 3.404922 -3.249433
v -1.262732 3.255904 -1.726624
v 0.025641 3.404362 -3.249141
v -1.262321 3.255344 -1.726331
v 0.026046 3.403795 -3.248853
v -1.261916 3.254777 -1.726044
v 0.026447 3.403222 -3.248570
v -1.261515 3.254205 -1.725761
v 0.026842 3.402643 -3.248292
v -1.261120 3.253626 -1.725483
v 0.027232 3.402059 -3.248020
v -1.260730 3.253041 -1.725211
v 0.027617 3.401468 -3.247752
v -1.260345 3.252450 -1.724943
v 0.027996 3.400872 -3.247490
v -1.259966 3.251854 -1.724681
v 0.028370 3.400269 -3.247233
v -1.259592 3.251251 -1.724423
v 0.028738 3.399661 -3.246981
v -1.259224 3.250644 -1.724172
v 0.029101 3.399048 -3.246734
v -1.258861 3.250030 -1.723925
v 0.029458 3.398429 -3.246493
v -1.258504 3.249412 -1.723684
v 0.029809 3.397805 -3.246257
v -1.258153 3.248787 -1.723448
v 0.030154 3.397176 -3.246026
v -1.257808 3.248158 -1.723217
v 0.030494 3.396542 -3.245801
v -1.257468 3.247524 -1.722992
v 0.030828 3.395902 -3.245581
v -1.257134 3.246884 -1.722772
v 0.031155 3.395258 -3.245367
v -1.256807 3.246240 -1.722558
v 0.031477 3.394608 -3.245159
v -1.256485 3.245591 -1.722349
v 0.031793 3.393955 -3.244956
v -1.256169 3.244937 -1.722147
v 0.032102 3.393296 -3.244758
v -1.255860 3.244278 -1.721949
v 0.032406 3.392633 -3.244566
v -1.255556 3.243615 -1.721757
v 0.032703 3.391966 -3.244380
v -1.255259 3.242948 -1.721571
v 0.032994 3.391294 -3.244200
v -1.254968 3.242276 -1.721390
v 0.033279 3.390618 -3.244025
v -1.254683 3.241601 -1.721216
v 0.033558 3.389938 -3.243856
v -1.254404 3.240921 -1.721047
v 0.033830 3.389254 -3.243693
v -1.254132 3.240237 -1.720884
v 0.034095 3.388566 -3.243536
v -1.253867 3.239549 -1.720726
v 0.034355 3.387875 -3.243384
v -1.253607 3.238857 -1.720575
v 0.034607 3.387180 -3.243238
v -1.253355 3.238162 -1.720429
v 0.034854 3.386481 -3.243098
v -1.253109 3.237463 -1.720289
vn 0.6998 0.3447 0.6256
vn 0.7037 0.3329 0.6277
vn 0.7074 0.3210 0.6297
vn 0.7110 0.3092 0.6316
vn 0.7145 0.2972 0.6334
vn 0.7179 0.2852 0.6351
vn 0.7211 0.2732 0.6367
vn 0.7243 0.2611 0.6381
vn 0.7273 0.2490 0.6395
vn 0.7302 0.2369 0.6408
vn 0.7331 0.2247 0.6420
vn 0.7357 0.2124 0.6431
vn 0.7383 0.2002 0.6441
vn 0.7408 0.1879 0.6449
vn 0.7431 0.1756 0.6457
vn 0.7454 0.1632 0.6464
vn 0.7475 0.1508 0.6470
vn 0.7495 0.1384 0.6474
vn 0.7513 0.1260 0.6478
vn 0.7531 0.1136 0.6481
vn 0.7547 0.1011 0.6482
vn 0.7562 0.0886 0.6483
vn 0.7576 0.0762 0.6482
vn 0.7589 0.0637 0.6481
vn 0.7601 0.0511 0.6478
vn 0.7611 0.0386 0.6475
vn 0.7620 0.0261 0.6470
vn 0.7628 0.0136 0.6465
vn 0.7635 0.0010 0.6458
vn 0.7640 -0.0115 0.6451
vn 0.7645 -0.0240 0.6442
vn 0.7648 -0.0365 0.6433
vn 0.7650 -0.0491 0.6422
vn 0.7650 -0.0616 0.6410
vn 0.7650 -0.0741 0.6398
vn 0.7648 -0.0866 0.6384
vn 0.7645 -0.0990 0.6369
vn 0.7641 -0.1115 0.6354
vn 0.7636 -0.1240 0.6337
vn 0.7629 -0.1364 0.6319
vn 0.7622 -0.1488 0.6301
vn 0.7613 -0.1612 0.6281
vn 0.7603 -0.1735 0.6260
vn 0.7591 -0.1858 0.6239
vn 0.7579 -0.1981 0.6216
vn 0.7565 -0.2104 0.6192
vn 0.7550 -0.2226 0.6168
vn 0.7534 -0.2348 0.6142
vn 0.7517 -0.2470 0.6116
vn 0.7498 -0.2591 0.6088
vn 0.7478 -0.2712 0.6060
vn 0.7458 -0.2832 0.6030
vn 0.7435 -0.2952 0.6000
vn 0.7412 -0.3072 0.5969
vn 0.7388 -0.3191 0.5936
vn 0.7362 -0.3309 0.5903
vn 0.7336 -0.3427 0.5869
vn 0.7308 -0.3544 0.5834
vn 0.7279 -0.3661 0.5798
vn 0.7249 -0.3778 0.5761
vn 0.7217 -0.3893 0.5723
vn 0.7185 -0.4008 0.5684
vn 0.7151 -0.4123 0.5645
vn 0.7116 -0.4236 0.5604
vn 0.7081 -0.4350 0.5563
vn 0.7044 -0.4462 0.5521
vn 0.7006 -0.4574 0.5478
vn 0.6966 -0.4685 0.5434
vn 0.6926 -0.4795 0.5389
vn 0.6885 -0.4904 0.5343
vn 0.6842 -0.5013 0.5296
vn 0.6799 -0.5121 0.5249
vn 0.6754 -0.5228 0.5201
vn 0.6708 -0.5335 0.5152
vn 0.6662 -0.5440 0.5102
vn 0.6614 -0.5545 0.5051
vn 0.6565 -0.5648 0.5000
vn 0.6515 -0.5751 0.4948
vn 0.6464 -0.5853 0.4894
vn 0.6412 -0.5954 0.4841
vn 0.6359 -0.6054 0.4786
vn 0.6305 -0.6153 0.4731
vn 0.6250 -0.6251 0.4675
vn 0.6194 -0.6348 0.4618
vn 0.6138 -0.6445 0.4560
vn 0.6080 -0.6540 0.4502
vn 0.6021 -0.6634 0.4443
vn 0.5961 -0.6727 0.4384
vn 0.5900 -0.6819 0.4323
vn 0.5839 -0.6910 0.4262
vn 0.5776 -0.7000 0.4200
vn 0.5713 -0.7088 0.4138
vn 0.5648 -0.7176 0.4075
vn 0.5583 -0.7262 0.4011
vn 0.5517 -0.7348 0.3947
vn 0.5450 -0.7432 0.3882
vn 0.5382 -0.7515 0.3816
vn 0.5313 -0.7596 0.3750
vn 0.5243 -0.7677 0.3684
vn 0.5173 -0.7756 0.3616
vn 0.5102 -0.7835 0.3548
vn 0.5030 -0.7911 0.3480
vn 0.4957 -0.7987 0.3411
vn 0.4883 -0.8062 0.3341
vn 0.4809 -0.8135 0.3271
vn 0.4734 -0.8207 0.3201
vn 0.4658 -0.8277 0.3130
vn 0.4581 -0.8346 0.3058
vn 0.4504 -0.8414 0.2986
vn 0.4426 -0.8481 0.2913
vn 0.4347 -0.8546 0.2840
vn 0.4268 -0.8610 0.2767
vn 0.4188 -0.8672 0.2693
vn 0.4107 -0.8734 0.2619
vn 0.4025 -0.8793 0.2544
vn 0.3943 -0.8852 0.2469
vn 0.3861 -0.8909 0.2393
vn 0.3777 -0.8964 0.2317
vn 0.3693 -0.9019 0.2241
vn 0.3609 -0.9071 0.2165
vn 0.3524 -0.9123 0.2088
vn 0.3438 -0.9173 0.2010
vn 0.3352 -0.9221 0.1933
vn 0.3265 -0.9268 0.1855
vn 0.3178 -0.9314 0.1777
vn 0.3090 -0.9358 0.1698
vn 0.3002 -0.9400 0.1619
vn 0.2914 -0.9441 0.1540
vn 0.2825 -0.9481 0.1461
vn 0.2735 -0.9519 0.1382
vn 0.2645 -0.9556 0.1302
vn 0.2555 -0.9591 0.1222
vn 0.2464 -0.9624 0.1142
vn 0.2372 -0.9656 0.1062
vn 0.2281 -0.9687 0.0981
vn 0.2189 -0.9716 0.0901
vn 0.2097 -0.9743 0.0820
vn 0.2004 -0.9769 0.0739
vn 0.1911 -0.9794 0.0658
vn 0.1818 -0.9816 0.0577
vn 0.1724 -0.9838 0.0496
vn 0.1631 -0.9857 0.0414
vn 0.1537 -0.9876 0.0333
vn 0.1442 -0.9892 0.0252
vn 0.1348 -0.9907 0.0170
vn 0.1253 -0.9921 0.0089
vn 0.1158 -0.9933 0.0007
vn 0.1063 -0.9943 -0.0074
vn 0.0968 -0.9952 -0.0156
vn 0.0872 -0.9959 -0.0237
vn 0.0777 -0.9965 -0.0318
vn 0.0681 -0.9969 -0.0400
vn 0.0585 -0.9971 -0.0481
vn 0.0489 -0.9972 -0.0562
vn 0.0393 -0.9972 -0.0643
vn 0.0297 -0.9969 -0.0724
vn 0.0201 -0.9966 -0.0805
vn 0.0105 -0.9960 -0.0886
vn 0.0009 -0.9953 -0.0967
vn -0.0087 -0.9945 -0.1047
vn -0.0183 -0.9935 -0.1127
vn -0.0280 -0.9923 -0.1207
vn -0.0376 -0.9910 -0.1287
vn -0.0472 -0.9895 -0.1367
vn -0.0568 -0.9879 -0.1447
vn -0.0663 -0.9861 -0.1526
vn -0.0759 -0.9841 -0.1605
vn -0.0855 -0.9820 -0.1684
vn -0.0950 -0.9798 -0.1762
vn -0.1045 -0.9773 -0.1841
vn -0.1141 -0.9748 -0.1919
vn -0.1236 -0.9721 -0.1996
vn -0.1330 -0.9692 -0.2074
vn -0.1425 -0.9662 -0.2151
vn -0.1519 -0.9630 -0.2227
vn -0.1613 -0.9596 -0.2304
vn -0.1707 -0.9562 -0.2380
vn -0.1801 -0.9525 -0.2455
vn -0.1894 -0.9487 -0.2530
vn -0.1987 -0.9448 -0.2605
vn -0.2080 -0.9407 -0.2680
vn -0.2172 -0.9365 -0.2754
vn -0.2264 -0.9321 -0.2827
vn -0.2356 -0.9276 -0.2900
vn -0.2447 -0.9229 -0.2973
vn -0.2538 -0.9181 -0.3045
vn -0.2628 -0.9131 -0.3117
vn -0.2718 -0.9080 -0.3188
vn -0.2808 -0.9028 -0.3258
vn -0.2897 -0.8974 -0.3329
vn -0.2986 -0.8918 -0.3398
vn -0.3074 -0.8861 -0.3467
vn -0.3162 -0.8803 -0.3536
vn -0.3249 -0.8744 -0.3604
vn -0.3336 -0.8683 -0.3671
vn -0.3422 -0.8620 -0.3738
vn -0.3508 -0.8557 -0.3804
vn -0.3593 -0.8492 -0.3870
vn -0.3678 -0.8425 -0.3935
vn -0.3762 -0.8358 -0.4000
vn -0.3845 -0.8289 -0.4063
vn -0.3928 -0.8218 -0.4127
vn -0.4010 -0.8147 -0.4189
vn -0.4092 -0.8074 -0.4251
vn -0.4173 -0.8000 -0.4312
vn -0.4253 -0.7924 -0.4373
vn -0.4333 -0.7847 -0.4432
vn -0.4411 -0.7770 -0.4491
vn -0.4490 -0.7690 -0.4550
vn -0.4567 -0.7610 -0.4608
vn -0.4644 -0.7528 -0.4664
vn -0.4720 -0.7446 -0.4721
vn -0.4795 -0.7362 -0.4776
vn -0.4870 -0.7277 -0.4831
vn -0.4944 -0.7190 -0.4885
vn -0.5017 -0.7103 -0.4938
vn -0.5089 -0.7014 -0.4990
vn -0.5160 -0.6925 -0.5042
vn -0.5231 -0.6834 -0.5093
vn -0.5300 -0.6742 -0.5143
vn -0.5369 -0.6649 -0.5192
vn -0.5437 -0.6555 -0.5240
vn -0.5505 -0.6461 -0.5288
vn -0.5571 -0.6365 -0.5335
vn -0.5636 -0.6268 -0.5380
vn -0.5701 -0.6170 -0.5425
vn -0.5765 -0.6071 -0.5470
vn -0.5827 -0.5971 -0.5513
vn -0.5889 -0.5870 -0.5555
vn -0.5950 -0.5768 -0.5597
vn -0.6010 -0.5666 -0.5638
vn -0.6069 -0.5562 -0.5677
vn -0.6127 -0.5457 -0.5716
vn -0.6184 -0.5352 -0.5754
vn -0.6240 -0.5246 -0.5791
vn -0.6295 -0.5139 -0.5827
vn -0.6350 -0.5031 -0.5863
vn -0.6403 -0.4923 -0.5897
vn -0.6455 -0.4813 -0.5930
vn -0.6506 -0.4703 -0.5963
vn -0.6556 -0.4592 -0.5994
vn -0.6605 -0.4481 -0.6025
vn -0.6653 -0.4368 -0.6054
vn -0.6700 -0.4255 -0.6083
vn -0.6746 -0.4142 -0.6111
vn -0.6791 -0.4027 -0.6137
vn -0.6834 -0.3912 -0.6163
vn -0.6877 -0.3797 -0.6188
vn -0.6919 -0.3681 -0.6212
vn -0.6959 -0.3564 -0.6235
vn -0.6998 -0.3447 -0.6256
vn -0.7037 -0.3329 -0.6277
vn -0.7074 -0.3210 -0.6297
vn -0.7110 -0.3092 -0.6316
vn -0.7145 -0.2972 -0.6334
vn -0.7179 -0.2852 -0.6351
vn -0.7211 -0.2732 -0.6367
vn -0.7243 -0.2611 -0.6381
vn -0.7273 -0.2490 -0.6395
vn -0.7302 -0.2369 -0.6408
vn -0.7331 -0.2247 -0.6420
vn -0.7357 -0.2124 -0.6431
vn -0.7383 -0.2002 -0.6441
vn -0.7408 -0.1879 -0.6449
vn -0.7431 -0.1756 -0.6457
vn -0.7454 -0.1632 -0.6464
vn -0.7475 -0.1508 -0.6470
vn -0.7495 -0.1384 -0.6474
vn -0.7513 -0.1260 -0.6478
vn -0.7531 -0.1136 -0.6481
vn -0.7547 -0.1011 -0.6482
vn -0.7562 -0.0886 -0.6483
vn -0.7576 -0.0762 -0.6482
vn -0.7589 -0.0637 -0.6481
vn -0.7601 -0.0511 -0.6478
vn -0.7611 -0.0386 -0.6475
vn -0.7620 -0.0261 -0.6470
vn -0.7628 -0.0136 -0.6465
vn -0.7635 -0.0010 -0.6458
vn -0.7640 0.0115 -0.6451
vn -0.7645 0.0240 -0.6442
vn -0.7648 0.0365 -0.6433
vn -0.7650 0.0491 -0.6422
vn -0.7650 0.0616 -0.6410
vn -0.7650 0.0741 -0.6398
vn -0.7648 0.0866 -0.6384
vn -0.7645 0.0990 -0.6369
vn -0.7641 0.1115 -0.6354
vn -0.7636 0.1240 -0.6337
vn -0.7629 0.1364 -0.6319
vn -0.7622 0.1488 -0.6301
vn -0.7613 0.1612 -0.6281
vn -0.7603 0.1735 -0.6260
vn -0.7591 0.1858 -0.6239
vn -0.7579 0.1981 -0.6216
vn -0.7565 0.2104 -0.6192
vn -0.7550 0.2226 -0.6168
vn -0.7534 0.2348 -0.6142
vn -0.7517 0.2470 -0.6116
vn -0.7498 0.2591 -0.6088
vn -0.7478 0.2712 -0.6060
vn -0.7458 0.2832 -0.6030
vn -0.7435 0.2952 -0.6000
vn -0.7412 0.3072 -0.5969
vn -0.7388 0.3191 -0.5936
vn -0.7362 0.3309 -0.5903
vn -0.7336 0.3427 -0.5869
vn -0.7308 0.3544 -0.5834
vn -0.7279 0.3661 -0.5798
vn -0.7249 0.3778 -0.5761
vn -0.7217 0.3893 -0.5723
vn -0.7185 0.4008 -0.5684
vn -0.7151 0.4123 -0.5645
vn -0.7116 0.4236 -0.5604
vn -0.7081 0.4350 -0.5563
vn -0.7044 0.4462 -0.5521
vn -0.7006 0.4574 -0.5478
vn -0.6966 0.4685 -0.5434
vn -0.6926 0.4795 -0.5389
vn -0.6885 0.4904 -0.5343
vn -0.6842 0.5013 -0.5296
vn -0.6799 0.5121 -0.5249
vn -0.6754 0.5228 -0.5201
vn -0.6708 0.5335 -0.5152
vn -0.6662 0.5440 -0.5102
vn -0.6614 0.5545 -0.5051
vn -0.6565 0.5648 -0.5000
vn -0.6515 0.5751 -0.4948
vn -0.6464 0.5853 -0.4894
vn -0.6412 0.5954 -0.4841
vn -0.6359 0.6054 -0.4786
vn -0.6305 0.6153 -0.4731
vn -0.6250 0.6251 -0.4675
vn -0.6194 0.6348 -0.4618
vn -0.6138 0.6445 -0.4560
vn -0.6080 0.6540 -0.4502
vn -0.6021 0.6634 -0.4443
vn -0.5961 0.6727 -0.4384
vn -0.5900 0.6819 -0.4323
vn -0.5839 0.6910 -0.4262
vn -0.5776 0.7000 -0.4200
vn -0.5713 0.7088 -0.4138
vn -0.5648 0.7176 -0.4075
vn -0.5583 0.7262 -0.4011
vn -0.5517 0.7348 -0.3947
vn -0.5450 0.7432 -0.3882
vn -0.5382 0.7515 -0.3816
vn -0.5313 0.7596 -0.3750
vn -0.5243 0.7677 -0.3684
vn -0.5173 0.7756 -0.3616
vn -0.5102 0.7835 -0.3548
vn -0.5030 0.7911 -0.3480
vn -0.4957 0.7987 -0.3411
vn -0.4883 0.8062 -0.3341
vn -0.4809 0.8135 -0.3271
vn -0.4734 0.8207 -0.3201
vn -0.4658 0.8277 -0.3130
vn -0.4581 0.8346 -0.3058
vn -0.4504 0.8414 -0.2986
vn -0.4426 0.8481 -0.2913
vn -0.4347 0.8546 -0.2840
vn -0.4268 0.8610 -0.2767
vn -0.4188 0.8672 -0.2693
vn -0.4107 0.8734 -0.2619
vn -0.4025 0.8793 -0.2544
vn -0.3943 0.8852 -0.2469
vn -0.3861 0.8909 -0.2393
vn -0.3777 0.8964 -0.2317
vn -0.3693 0.9019 -0.2241
vn -0.3609 0.9071 -0.2165
vn -0.3524 0.9123 -0.2088
vn -0.3438 0.9173 -0.2010
vn -0.3352 0.9221 -0.1933
vn -0.3265 0.9268 -0.1855
vn -0.3178 0.9314 -0.1777
vn -0.3090 0.9358 -0.1698
vn -0.3002 0.9400 -0.1619
vn -0.2914 0.9441 -0.1540
vn -0.2825 0.9481 -0.1461
vn -0.2735 0.9519 -0.1382
vn -0.2645 0.9556 -0.1302
vn -0.2555 0.9591 -0.1222
vn -0.2464 0.9624 -0.1142
vn -0.2372 0.9656 -0.1062
vn -0.2281 0.9687 -0.0981
vn -0.2189 0.9716 -0.0901
vn -0.2097 0.9743 -0.0820
vn -0.2004 0.9769 -0.0739
vn -0.1911 0.9794 -0.0658
vn -0.1818 0.9816 -0.0577
vn -0.1724 0.9838 -0.0496
vn -0.1631 0.9857 -0.0414
vn -0.1537 0.9876 -0.0333
vn -0.1442 0.9892 -0.0252
vn -0.1348 0.9907 -0.0170
vn -0.1253 0.9921 -0.0089
vn -0.1158 0.9933 -0.0007
vn -0.1063 0.9943 0.0074
vn -0.0968 0.9952 0.0156
vn -0.0872 0.9959 0.0237
vn -0.0777 0.9965 0.0318
vn -0.0681 0.9969 0.0400
vn -0.0585 0.9971 0.0481
vn -0.0489 0.9972 0.0562
vn -0.0393 0.9972 0.0643
vn -0.0297 0.9969 0.0724
vn -0.0201 0.9966 0.0805
vn -0.0105 0.9960 0.0886
vn -0.0009 0.9953 0.0967
vn 0.0087 0.9945 0.1047
vn 0.0183 0.9935 0.1127
vn 0.0280 0.9923 0.1207
vn 0.0376 0.9910 0.1287
vn 0.0472 0.9895 0.1367
vn 0.0568 0.9879 0.1447
vn 0.0663 0.9861 0.1526
vn 0.0759 0.9841 0.1605
vn 0.0855 0.9820 0.1684
vn 0.0950 0.9798 0.1762
vn 0.1045 0.9773 0.1841
vn 0.1141 0.9748 0.1919
vn 0.1236 0.9721 0.1996
vn 0.1330 0.9692 0.2074
vn 0.1425 0.9662 0.2151
vn 0.1519 0.9630 0.2227
vn 0.1613 0.9596 0.2304
vn 0.1707 0.9562 0.2380
vn 0.1801 0.9525 0.2455
vn 0.1894 0.9487 0.2530
vn 0.1987 0.9448 0.2605
vn 0.2080 0.9407 0.2680
vn 0.2172 0.9365 0.2754
vn 0.2264 0.9321 0.2827
vn 0.2356 0.9276 0.2900
vn 0.2447 0.9229 0.2973
vn 0.2538 0.9181 0.3045
vn 0.2628 0.9131 0.3117
vn 0.2718 0.9080 0.3188
vn 0.2808 0.9028 0.3258
vn 0.2897 0.8974 0.3329
vn 0.2986 0.8918 0.3398
vn 0.3074 0.8861 0.3467
vn 0.3162 0.8803 0.3536
vn 0.3249 0.8744 0.3604
vn 0.3336 0.8683 0.3671
vn 0.3422 0.8620 0.3738
vn 0.3508 0.8557 0.3804
vn 0.3593 0.8492 0.3870
vn 0.3678 0.8425 0.3935
vn 0.3762 0.8358 0.4000
vn 0.3845 0.8289 0.4063
vn 0.3928 0.8218 0.4127
vn 0.4010 0.8147 0.4189
vn 0.4092 0.8074 0.4251
vn 0.4173 0.8000 0.4312
vn 0.4253 0.7924 0.4373
vn 0.4333 0.7847 0.4432
vn 0.4411 0.7770 0.4491
vn 0.4490 0.7690 0.4550
vn 0.4567 0.7610 0.4608
vn 0.4644 0.7528 0.4664
vn 0.4720 0.7446 0.4721
vn 0.4795 0.7362 0.4776
vn 0.4870 0.7277 0.4831
vn 0.4944 0.7190 0.4885
vn 0.5017 0.7103 0.4938
vn 0.5089 0.7014 0.4990
vn 0.5160 0.6925 0.5042
vn 0.5231 0.6834 0.5093
vn 0.5300 0.6742 0.5143
vn 0.5369 0.6649 0.5192
vn 0.5437 0.6555 0.5240
vn 0.5505 0.6461 0.5288
vn 0.5571 0.6365 0.5335
vn 0.5636 0.6268 0.5380
vn 0.5701 0.6170 0.5425
vn 0.5765 0.6071 0.5470
vn 0.5827 0.5971 0.5513
vn 0.5889 0.5870 0.5555
vn 0.5950 0.5768 0.5597
vn 0.6010 0.5666 0.5638
vn 0.6069 0.5562 0.5677
vn 0.6127 0.5457 0.5716
vn 0.6184 0.5352 0.5754
vn 0.6240 0.5246 0.5791
vn 0.6295 0.5139 0.5827
vn 0.6350 0.5031 0.5863
vn 0.6403 0.4923 0.5897
vn 0.6455 0.4813 0.5930
vn 0.6506 0.4703 0.5963
vn 0.6556 0.4592 0.5994
vn 0.6605 0.4481 0.6025
vn 0.6653 0.4368 0.6054
vn 0.6700 0.4255 0.6083
vn 0.6746 0.4142 0.6111
vn 0.6791 0.4027 0.6137
vn 0.6834 0.3912 0.6163
vn 0.6877 0.3797 0.6188
vn -0.6440 -0.0745 0.7614
vn 0.6919 0.3681 0.6212
vn 0.6959 0.3564 0.6235
vn 0.6440 0.0745 -0.7614
vt 1.000000 0.500000
vt 1.000000 1.000000
vt 0.998000 1.000000
vt 0.998000 0.500000
vt 0.996000 1.000000
vt 0.996000 0.500000
vt 0.994000 1.000000
vt 0.994000 0.500000
vt 0.992000 1.000000
vt 0.992000 0.500000
vt 0.990000 1.000000
vt 0.990000 0.500000
vt 0.988000 1.000000
vt 0.988000 0.500000
vt 0.986000 1.000000
vt 0.986000 0.500000
vt 0.984000 1.000000
vt 0.984000 0.500000
vt 0.982000 1.000000
vt 0.982000 0.500000
vt 0.980000 1.000000
vt 0.980000 0.500000
vt 0.978000 1.000000
vt 0.978000 0.500000
vt 0.976000 1.000000
vt 0.976000 0.500000
vt 0.974000 1.000000
vt 0.974000 0.500000
vt 0.972000 1.000000
vt 0.972000 0.500000
vt 0.970000 1.000000
vt 0.970000 0.500000
vt 0.968000 1.000000
vt 0.968000 0.500000
vt 0.966000 1.000000
vt 0.966000 0.500000
vt 0.964000 1.000000
vt 0.964000 0.500000
vt 0.962000 1.000000
vt 0.962000 0.500000
vt 0.960001 1.000000
vt 0.960001 0.500000
vt 0.958001 1.000000
vt 0.958001 0.500000
vt 0.956001 1.000000
vt 0.956001 0.500000
vt 0.954001 1.000000
vt 0.954001 0.500000
vt 0.952001 1.000000
vt 0.952001 0.500000
vt 0.950001 1.000000
vt 0.950001 0.500000
vt 0.948001 1.000000
vt 0.948001 0.500000
vt 0.946001 1.000000
vt 0.946001 0.500000
vt 0.944001 1.000000
vt 0.944001 0.500000
vt 0.942001 1.000000
vt 0.942001 0.500000
vt 0.940001 1.000000
vt 0.940001 0.500000
vt 0.938001 1.000000
vt 0.938001 0.500000
vt 0.936001 1.000000
vt 0.936001 0.500000
vt 0.934001 1.000000
vt 0.934001 0.500000
vt 0.932001 1.000000
vt 0.932001 0.500000
vt 0.930001 1.000000
vt 0.930001 0.500000
vt 0.928001 1.000000
vt 0.928001 0.500000
vt 0.926001 1.000000
vt 0.926001 0.500000
vt 0.924001 1.000000
vt 0.924001 0.500000
vt 0.922001 1.000000
vt 0.922001 0.500000
vt 0.920001 1.000000
vt 0.920001 0.500000
vt 0.918001 1.000000
vt 0.918001 0.500000
vt 0.916001 1.000000
vt 0.916001 0.500000
vt 0.914001 1.000000
vt 0.914001 0.500000
vt 0.912001 1.000000
vt 0.912001 0.500000
vt 0.910001 1.000000
vt 0.910001 0.500000
vt 0.908001 1.000000
vt 0.908001 0.500000
vt 0.906001 1.000000
vt 0.906001 0.500000
vt 0.904001 1.000000
vt 0.904001 0.500000
vt 0.902001 1.000000
vt 0.902001 0.500000
vt 0.900001 1.000000
vt 0.900001 0.500000
vt 0.898001 1.000000
vt 0.898001 0.500000
vt 0.896001 1.000000
vt 0.896001 0.500000
vt 0.894001 1.000000
vt 0.894001 0.500000
vt 0.892001 1.000000
vt 0.892001 0.500000
vt 0.890001 1.000000
vt 0.890001 0.500000
vt 0.888001 1.000000
vt 0.888001 0.500000
vt 0.886001 1.000000
vt 0.886001 0.500000
vt 0.884001 1.000000
vt 0.884001 0.500000
vt 0.882002 1.000000
vt 0.882002 0.500000
vt 0.880002 1.000000
vt 0.880002 0.500000
vt 0.878002 1.000000
vt 0.878002 0.500000
vt 0.876002 1.000000
vt 0.876002 0.500000
vt 0.874002 1.000000
vt 0.874002 0.500000
vt 0.872002 1.000000
vt 0.872002 0.500000
vt 0.870002 1.000000
vt 0.870002 0.500000
vt 0.868002 1.000000
vt 0.868002 0.500000
vt 0.866002 1.000000
vt 0.866002 0.500000
vt 0.864002 1.000000
vt 0.864002 0.500000
vt 0.862002 1.000000
vt 0.862002 0.500000
vt 0.860002 1.000000
vt 0.860002 0.500000
vt 0.858002 1.000000
vt 0.858002 0.500000
vt 0.856002 1.000000
vt 0.856002 0.500000
vt 0.854002 1.000000
vt 0.854002 0.500000
vt 0.852002 1.000000
vt 0.852002 0.500000
vt 0.850002 1.000000
vt 0.850002 0.500000
vt 0.848002 1.000000
vt 0.848002 0.500000
vt 0.846002 1.000000
vt 0.846002 0.500000
vt 0.844002 1.000000
vt 0.844002 0.500000
vt 0.842002 1.000000
vt 0.842002 0.500000
vt 0.840002 1.000000
vt 0.840002 0.500000
vt 0.838002 1.000000
vt 0.838002 0.500000
vt 0.836002 1.000000
vt 0.836002 0.500000
vt 0.834002 1.000000
vt 0.834002 0.500000
vt 0.832002 1.000000
vt 0.832002 0.500000
vt 0.830002 1.000000
vt 0.830002 0.500000
vt 0.828002 1.000000
vt 0.828002 0.500000
vt 0.826002 1.000000
vt 0.826002 0.500000
vt 0.824002 1.000000
vt 0.824002 0.500000
vt 0.822002 1.000000
vt 0.822002 0.500000
vt 0.820002 1.000000
vt 0.820002 0.500000
vt 0.818002 1.000000
vt 0.818002 0.500000
vt 0.816002 1.000000
vt 0.816002 0.500000
vt 0.814002 1.000000
vt 0.814002 0.500000
vt 0.812002 1.000000
vt 0.812002 0.500000
vt 0.810002 1.000000
vt 0.810002 0.500000
vt 0.808002 1.000000
vt 0.808002 0.500000
vt 0.806002 1.000000
vt 0.806002 0.500000
vt 0.804003 1.000000
vt 0.804003 0.500000
vt 0.802003 1.000000
vt 0.802003 0.500000
vt 0.800003 1.000000
vt 0.800003 0.500000
vt 0.798003 1.000000
vt 0.798003 0.500000
vt 0.796003 1.000000
vt 0.796003 0.500000
vt 0.794003 1.000000
vt 0.794003 0.500000
vt 0.792003 1.000000
vt 0.792003 0.500000
vt 0.790003 1.000000
vt 0.790003 0.500000
vt 0.788003 1.000000
vt 0.788003 0.500000
vt 0.786003 1.000000
vt 0.786003 0.500000
vt 0.784003 1.000000
vt 0.784003 0.500000
vt 0.782003 1.000000
vt 0.782003 0.500000
vt 0.780003 1.000000
vt 0.780003 0.500000
vt 0.778003 1.000000
vt 0.778003 0.500000
vt 0.776003 1.000000
vt 0.776003 0.500000
vt 0.774003 1.000000
vt 0.774003 0.500000
vt 0.772003 1.000000
vt 0.772003 0.500000
vt 0.770003 1.000000
vt 0.770003 0.500000
vt 0.768003 1.000000
vt 0.768003 0.500000
vt 0.766003 1.000000
vt 0.766003 0.500000
vt 0.764003 1.000000
vt 0.764003 0.500000
vt 0.762003 1.000000
vt 0.762003 0.500000
vt 0.760003 1.000000
vt 0.760003 0.500000
vt 0.758003 1.000000
vt 0.758003 0.500000
vt 0.756003 1.000000
vt 0.756003 0.500000
vt 0.754003 1.000000
vt 0.754003 0.500000
vt 0.752003 1.000000
vt 0.752003 0.500000
vt 0.750003 1.000000
vt 0.750003 0.500000
vt 0.748003 1.000000
vt 0.748003 0.500000
vt 0.746003 1.000000
vt 0.746003 0.500000
vt 0.744003 1.000000
vt 0.744003 0.500000
vt 0.742003 1.000000
vt 0.742003 0.500000
vt 0.740003 1.000000
vt 0.740003 0.500000
vt 0.738003 1.000000
vt 0.738003 0.500000
vt 0.736003 1.000000
vt 0.736003 0.500000
vt 0.734003 1.000000
vt 0.734003 0.500000
vt 0.732003 1.000000
vt 0.732003 0.500000
vt 0.730003 1.000000
vt 0.730003 0.500000
vt 0.728004 1.000000
vt 0.728004 0.500000
vt 0.726004 1.000000
vt 0.726004 0.500000
vt 0.724004 1.000000
vt 0.724004 0.500000
vt 0.722004 1.000000
vt 0.722004 0.500000
vt 0.720004 1.000000
vt 0.720004 0.500000
vt 0.718004 1.000000
vt 0.718004 0.500000
vt 0.716004 1.000000
vt 0.716004 0.500000
vt 0.714004 1.000000
vt 0.714004 0.500000
vt 0.712004 1.000000
vt 0.712004 0.500000
vt 0.710004 1.000000
vt 0.710004 0.500000
vt 0.708004 1.000000
vt 0.708004 0.500000
vt 0.706004 1.000000
vt 0.706004 0.500000
vt 0.704004 1.000000
vt 0.704004 0.500000
vt 0.702004 1.000000
vt 0.702004 0.500000
vt 0.700004 1.000000
vt 0.700004 0.500000
vt 0.698004 1.000000
vt 0.698004 0.500000
vt 0.696004 1.000000
vt 0.696004 0.500000
vt 0.694004 1.000000
vt 0.694004 0.500000
vt 0.692004 1.000000
vt 0.692004 0.500000
vt 0.690004 1.000000
vt 0.690004 0.500000
vt 0.688004 1.000000
vt 0.688004 0.500000
vt 0.686004 1.000000
vt 0.686004 0.500000
vt 0.684004 1.000000
vt 0.684004 0.500000
vt 0.682004 1.000000
vt 0.682004 0.500000
vt 0.680004 1.000000
vt 0.680004 0.500000
vt 0.678004 1.000000
vt 0.678004 0.500000
vt 0.676004 1.000000
vt 0.676004 0.500000
vt 0.674004 1.000000
vt 0.674004 0.500000
vt 0.672004 1.000000
vt 0.672004 0.500000
vt 0.670004 1.000000
vt 0.670004 0.500000
vt 0.668004 1.000000
vt 0.668004 0.500000
vt 0.666004 1.000000
vt 0.666004 0.500000
vt 0.664004 1.000000
vt 0.664004 0.500000
vt 0.662004 1.000000
vt 0.662004 0.500000
vt 0.660004 1.000000
vt 0.660004 0.500000
vt 0.658004 1.000000
vt 0.658004 0.500000
vt 0.656004 1.000000
vt 0.656004 0.500000
vt 0.654004 1.000000
vt 0.654004 0.500000
vt 0.652004 1.000000
vt 0.652004 0.500000
vt 0.650005 1.000000
vt 0.650005 0.500000
vt 0.648005 1.000000
vt 0.648005 0.500000
vt 0.646005 1.000000
vt 0.646005 0.500000
vt 0.644005 1.000000
vt 0.644005 0.500000
vt 0.642005 1.000000
vt 0.642005 0.500000
vt 0.640005 1.000000
vt 0.640005 0.500000
vt 0.638005 1.000000
vt 0.638005 0.500000
vt 0.636005 1.000000
vt 0.636005 0.500000
vt 0.634005 1.000000
vt 0.634005 0.500000
vt 0.632005 1.000000
vt 0.632005 0.500000
vt 0.630005 1.000000
vt 0.630005 0.500000
vt 0.628005 1.000000
vt 0.628005 0.500000
vt 0.626005 1.000000
vt 0.626005 0.500000
vt 0.624005 1.000000
vt 0.624005 0.500000
vt 0.622005 1.000000
vt 0.622005 0.500000
vt 0.620005 1.000000
vt 0.620005 0.500000
vt 0.618005 1.000000
vt 0.618005 0.500000
vt 0.616005 1.000000
vt 0.616005 0.500000
vt 0.614005 1.000000
vt 0.614005 0.500000
vt 0.612005 1.000000
vt 0.612005 0.500000
vt 0.610005 1.000000
vt 0.610005 0.500000
vt 0.608005 1.000000
vt 0.608005 0.500000
vt 0.606005 1.000000
vt 0.606005 0.500000
vt 0.604005 1.000000
vt 0.604005 0.500000
vt 0.602005 1.000000
vt 0.602005 0.500000
vt 0.600005 1.000000
vt 0.600005 0.500000
vt 0.598005 1.000000
vt 0.598005 0.500000
vt 0.596005 1.000000
vt 0.596005 0.500000
vt 0.594005 1.000000
vt 0.594005 0.500000
vt 0.592005 1.000000
vt 0.592005 0.500000
vt 0.590005 1.000000
vt 0.590005 0.500000
vt 0.588005 1.000000
vt 0.588005 0.500000
vt 0.586005 1.000000
vt 0.586005 0.500000
vt 0.584005 1.000000
vt 0.584005 0.500000
vt 0.582005 1.000000
vt 0.582005 0.500000
vt 0.580005 1.000000
vt 0.580005 0.500000
vt 0.578005 1.000000
vt 0.578005 0.500000
vt 0.576005 1.000000
vt 0.576005 0.500000
vt 0.574005 1.000000
vt 0.574005 0.500000
vt 0.572006 1.000000
vt 0.572006 0.500000
vt 0.570006 1.000000
vt 0.570006 0.500000
vt 0.568006 1.000000
vt 0.568006 0.500000
vt 0.566006 1.000000
vt 0.566006 0.500000
vt 0.564006 1.000000
vt 0.564006 0.500000
vt 0.562006 1.000000
vt 0.562006 0.500000
vt 0.560006 1.000000
vt 0.560006 0.500000
vt 0.558006 1.000000
vt 0.558006 0.500000
vt 0.556006 1.000000
vt 0.556006 0.500000
vt 0.554006 1.000000
vt 0.554006 0.500000
vt 0.552006 1.000000
vt 0.552006 0.500000
vt 0.550006 1.000000
vt 0.550006 0.500000
vt 0.548006 1.000000
vt 0.548006 0.500000
vt 0.546006 1.000000
vt 0.546006 0.500000
vt 0.544006 1.000000
vt 0.544006 0.500000
vt 0.542006 1.000000
vt 0.542006 0.500000
vt 0.540006 1.000000
vt 0.540006 0.500000
vt 0.538006 1.000000
vt 0.538006 0.500000
vt 0.536006 1.000000
vt 0.536006 0.500000
vt 0.534006 1.000000
vt 0.534006 0.500000
vt 0.532006 1.000000
vt 0.532006 0.500000
vt 0.530006 1.000000
vt 0.530006 0.500000
vt 0.528006 1.000000
vt 0.528006 0.500000
vt 0.526006 1.000000
vt 0.526006 0.500000
vt 0.524006 1.000000
vt 0.524006 0.500000
vt 0.522006 1.000000
vt 0.522006 0.500000
vt 0.520006 1.000000
vt 0.520006 0.500000
vt 0.518006 1.000000
vt 0.518006 0.500000
vt 0.516006 1.000000
vt 0.516006 0.500000
vt 0.514006 1.000000
vt 0.514006 0.500000
vt 0.512006 1.000000
vt 0.512006 0.500000
vt 0.510006 1.000000
vt 0.510006 0.500000
vt 0.508006 1.000000
vt 0.508006 0.500000
vt 0.506006 1.000000
vt 0.506006 0.500000
vt 0.504006 1.000000
vt 0.504006 0.500000
vt 0.502006 1.000000
vt 0.502006 0.500000
vt 0.500006 1.000000
vt 0.500006 0.500000
vt 0.498006 1.000000
vt 0.498006 0.500000
vt 0.496006 1.000000
vt 0.496006 0.500000
vt 0.494006 1.000000
vt 0.494006 0.500000
vt 0.492006 1.000000
vt 0.492006 0.500000
vt 0.490006 1.000000
vt 0.490006 0.500000
vt 0.488006 1.000000
vt 0.488006 0.500000
vt 0.486006 1.000000
vt 0.486006 0.500000
vt 0.484006 1.000000
vt 0.484006 0.500000
vt 0.482006 1.000000
vt 0.482006 0.500000
vt 0.480006 1.000000
vt 0.480006 0.500000
vt 0.478006 1.000000
vt 0.478006 0.500000
vt 0.476006 1.000000
vt 0.476006 0.500000
vt 0.474006 1.000000
vt 0.474006 0.500000
vt 0.472006 1.000000
vt 0.472006 0.500000
vt 0.470006 1.000000
vt 0.470006 0.500000
vt 0.468006 1.000000
vt 0.468006 0.500000
vt 0.466006 1.000000
vt 0.466006 0.500000
vt 0.464006 1.000000
vt 0.464006 0.500000
vt 0.462006 1.000000
vt 0.462006 0.500000
vt 0.460006 1.000000
vt 0.460006 0.500000
vt 0.458006 1.000000
vt 0.458006 0.500000
vt 0.456006 1.000000
vt 0.456006 0.500000
vt 0.454006 1.000000
vt 0.454006 0.500000
vt 0.452006 1.000000
vt 0.452006 0.500000
vt 0.450006 1.000000
vt 0.450006 0.500000
vt 0.448006 1.000000
vt 0.448006 0.500000
vt 0.446006 1.000000
vt 0.446006 0.500000
vt 0.444006 1.000000
vt 0.444006 0.500000
vt 0.442006 1.000000
vt 0.442006 0.500000
vt 0.440006 1.000000
vt 0.440006 0.500000
vt 0.438006 1.000000
vt 0.438006 0.500000
vt 0.436006 1.000000
vt 0.436006 0.500000
vt 0.434006 1.000000
vt 0.434006 0.500000
vt 0.432006 1.000000
vt 0.432006 0.500000
vt 0.430006 1.000000
vt 0.430006 0.500000
vt 0.428006 1.000000
vt 0.428006 0.500000
vt 0.426006 1.000000
vt 0.426006 0.500000
vt 0.424006 1.000000
vt 0.424006 0.500000
vt 0.422006 1.000000
vt 0.422006 0.500000
vt 0.420006 1.000000
vt 0.420006 0.500000
vt 0.418006 1.000000
vt 0.418006 0.500000
vt 0.416006 1.000000
vt 0.416006 0.500000
vt 0.414006 1.000000
vt 0.414006 0.500000
vt 0.412006 1.000000
vt 0.412006 0.500000
vt 0.410006 1.000000
vt 0.410006 0.500000
vt 0.408006 1.000000
vt 0.408006 0.500000
vt 0.406006 1.000000
vt 0.406006 0.500000
vt 0.404006 1.000000
vt 0.404006 0.500000
vt 0.402006 1.000000
vt 0.402006 0.500000
vt 0.400006 1.000000
vt 0.400006 0.500000
vt 0.398006 1.000000
vt 0.398006 0.500000
vt 0.396006 1.000000
vt 0.396006 0.500000
vt 0.394006 1.000000
vt 0.394006 0.500000
vt 0.392006 1.000000
vt 0.392006 0.500000
vt 0.390006 1.000000
vt 0.390006 0.500000
vt 0.388006 1.000000
vt 0.388006 0.500000
vt 0.386006 1.000000
vt 0.386006 0.500000
vt 0.384006 1.000000
vt 0.384006 0.500000
vt 0.382006 1.000000
vt 0.382006 0.500000
vt 0.380006 1.000000
vt 0.380006 0.500000
vt 0.378006 1.000000
vt 0.378006 0.500000
vt 0.376006 1.000000
vt 0.376006 0.500000
vt 0.374006 1.000000
vt 0.374006 0.500000
vt 0.372006 1.000000
vt 0.372006 0.500000
vt 0.370006 1.000000
vt 0.370006 0.500000
vt 0.368006 1.000000
vt 0.368006 0.500000
vt 0.366006 1.000000
vt 0.366006 0.500000
vt 0.364006 1.000000
vt 0.364006 0.500000
vt 0.362006 1.000000
vt 0.362006 0.500000
vt 0.360006 1.000000
vt 0.360006 0.500000
vt 0.358006 1.000000
vt 0.358006 0.500000
vt 0.356006 1.000000
vt 0.356006 0.500000
vt 0.354006 1.000000
vt 0.354006 0.500000
vt 0.352006 1.000000
vt 0.352006 0.500000
vt 0.350006 1.000000
vt 0.350006 0.500000
vt 0.348006 1.000000
vt 0.348006 0.500000
vt 0.346006 1.000000
vt 0.346006 0.500000
vt 0.344006 1.000000
vt 0.344006 0.500000
vt 0.342006 1.000000
vt 0.342006 0.500000
vt 0.340006 1.000000
vt 0.340006 0.500000
vt 0.338006 1.000000
vt 0.338006 0.500000
vt 0.336006 1.000000
vt 0.336006 0.500000
vt 0.334006 1.000000
vt 0.334006 0.500000
vt 0.332006 1.000000
vt 0.332006 0.500000
vt 0.330006 1.000000
vt 0.330006 0.500000
vt 0.328006 1.000000
vt 0.328006 0.500000
vt 0.326006 1.000000
vt 0.326006 0.500000
vt 0.324006 1.000000
vt 0.324006 0.500000
vt 0.322006 1.000000
vt 0.322006 0.500000
vt 0.320006 1.000000
vt 0.320006 0.500000
vt 0.318006 1.000000
vt 0.318006 0.500000
vt 0.316006 1.000000
vt 0.316006 0.500000
vt 0.314006 1.000000
vt 0.314006 0.500000
vt 0.312006 1.000000
vt 0.312006 0.500000
vt 0.310006 1.000000
vt 0.310006 0.500000
vt 0.308006 1.000000
vt 0.308006 0.500000
vt 0.306006 1.000000
vt 0.306006 0.500000
vt 0.304006 1.000000
vt 0.304006 0.500000
vt 0.302006 1.000000
vt 0.302006 0.500000
vt 0.300006 1.000000
vt 0.300006 0.500000
vt 0.298006 1.000000
vt 0.298006 0.500000
vt 0.296006 1.000000
vt 0.296006 0.500000
vt 0.294006 1.000000
vt 0.294006 0.500000
vt 0.292006 1.000000
vt 0.292006 0.500000
vt 0.290006 1.000000
vt 0.290006 0.500000
vt 0.288006 1.000000
vt 0.288006 0.500000
vt 0.286006 1.000000
vt 0.286006 0.500000
vt 0.284006 1.000000
vt 0.284006 0.500000
vt 0.282006 1.000000
vt 0.282006 0.500000
vt 0.280006 1.000000
vt 0.280006 0.500000
vt 0.278006 1.000000
vt 0.278006 0.500000
vt 0.276006 1.000000
vt 0.276006 0.500000
vt 0.274006 1.000000
vt 0.274006 0.500000
vt 0.272006 1.000000
vt 0.272006 0.500000
vt 0.270006 1.000000
vt 0.270006 0.500000
vt 0.268006 1.000000
vt 0.268006 0.500000
vt 0.266006 1.000000
vt 0.266006 0.500000
vt 0.264006 1.000000
vt 0.264006 0.500000
vt 0.262006 1.000000
vt 0.262006 0.500000
vt 0.260006 1.000000
vt 0.260006 0.500000
vt 0.258006 1.000000
vt 0.258006 0.500000
vt 0.256006 1.000000
vt 0.256006 0.500000
vt 0.254006 1.000000
vt 0.254006 0.500000
vt 0.252006 1.000000
vt 0.252006 0.500000
vt 0.250006 1.000000
vt 0.250006 0.500000
vt 0.248006 1.000000
vt 0.248006 0.500000
vt 0.246006 1.000000
vt 0.246006 0.500000
vt 0.244006 1.000000
vt 0.244006 0.500000
vt 0.242006 1.000000
vt 0.242006 0.500000
vt 0.240006 1.000000
vt 0.240006 0.500000
vt 0.238006 1.000000
vt 0.238006 0.500000
vt 0.236006 1.000000
vt 0.236006 0.500000
vt 0.234006 1.000000
vt 0.234006 0.500000
vt 0.232006 1.000000
vt 0.232006 0.500000
vt 0.230006 1.000000
vt 0.230006 0.500000
vt 0.228006 1.000000
vt 0.228006 0.500000
vt 0.226006 1.000000
vt 0.226006 0.500000
vt 0.224006 1.000000
vt 0.224006 0.500000
vt 0.222006 1.000000
vt 0.222006 0.500000
vt 0.220006 1.000000
vt 0.220006 0.500000
vt 0.218006 1.000000
vt 0.218006 0.500000
vt 0.216006 1.000000
vt 0.216006 0.500000
vt 0.214006 1.000000
vt 0.214006 0.500000
vt 0.212006 1.000000
vt 0.212006 0.500000
vt 0.210006 1.000000
vt 0.210006 0.500000
vt 0.208006 1.000000
vt 0.208006 0.500000
vt 0.206006 1.000000
vt 0.206006 0.500000
vt 0.204006 1.000000
vt 0.204006 0.500000
vt 0.202006 1.000000
vt 0.202006 0.500000
vt 0.200006 1.000000
vt 0.200006 0.500000
vt 0.198006 1.000000
vt 0.198006 0.500000
vt 0.196006 1.000000
vt 0.196006 0.500000
vt 0.194006 1.000000
vt 0.194006 0.500000
vt 0.192006 1.000000
vt 0.192006 0.500000
vt 0.190006 1.000000
vt 0.190006 0.500000
vt 0.188006 1.000000
vt 0.188006 0.500000
vt 0.186006 1.000000
vt 0.186006 0.500000
vt 0.184006 1.000000
vt 0.184006 0.500000
vt 0.182006 1.000000
vt 0.182006 0.500000
vt 0.180006 1.000000
vt 0.180006 0.500000
vt 0.178006 1.000000
vt 0.178006 0.500000
vt 0.176006 1.000000
vt 0.176006 0.500000
vt 0.174006 1.000000
vt 0.174006 0.500000
vt 0.172006 1.000000
vt 0.172006 0.500000
vt 0.170006 1.000000
vt 0.170006 0.500000
vt 0.168006 1.000000
vt 0.168006 0.500000
vt 0.166006 1.000000
vt 0.166006 0.500000
vt 0.164006 1.000000
vt 0.164006 0.500000
vt 0.162006 1.000000
vt 0.162006 0.500000
vt 0.160006 1.000000
vt 0.160006 0.500000
vt 0.158006 1.000000
vt 0.158006 0.500000
vt 0.156006 1.000000
vt 0.156006 0.500000
vt 0.154006 1.000000
vt 0.154006 0.500000
vt 0.152006 1.000000
vt 0.152006 0.500000
vt 0.150006 1.000000
vt 0.150006 0.500000
vt 0.148006 1.000000
vt 0.148006 0.500000
vt 0.146006 1.000000
vt 0.146006 0.500000
vt 0.144006 1.000000
vt 0.144006 0.500000
vt 0.142006 1.000000
vt 0.142006 0.500000
vt 0.140006 1.000000
vt 0.140006 0.500000
vt 0.138006 1.000000
vt 0.138006 0.500000
vt 0.136006 1.000000
vt 0.136006 0.500000
vt 0.134006 1.000000
vt 0.134006 0.500000
vt 0.132006 1.000000
vt 0.132006 0.500000
vt 0.130006 1.000000
vt 0.130006 0.500000
vt 0.128006 1.000000
vt 0.128006 0.500000
vt 0.126006 1.000000
vt 0.126006 0.500000
vt 0.124006 1.000000
vt 0.124006 0.500000
vt 0.122006 1.000000
vt 0.122006 0.500000
vt 0.120006 1.000000
vt 0.120006 0.500000
vt 0.118006 1.000000
vt 0.118006 0.500000
vt 0.116006 1.000000
vt 0.116006 0.500000
vt 0.114006 1.000000
vt 0.114006 0.500000
vt 0.112006 1.000000
vt 0.112006 0.500000
vt 0.110006 1.000000
vt 0.110006 0.500000
vt 0.108006 1.000000
vt 0.108006 0.500000
vt 0.106006 1.000000
vt 0.106006 0.500000
vt 0.104006 1.000000
vt 0.104006 0.500000
vt 0.102006 1.000000
vt 0.102006 0.500000
vt 0.100006 1.000000
vt 0.100006 0.500000
vt 0.098006 1.000000
vt 0.098006 0.500000
vt 0.096006 1.000000
vt 0.096006 0.500000
vt 0.094006 1.000000
vt 0.094006 0.500000
vt 0.092006 1.000000
vt 0.092006 0.500000
vt 0.090006 1.000000
vt 0.090006 0.500000
vt 0.088006 1.000000
vt 0.088006 0.500000
vt 0.086006 1.000000
vt 0.086006 0.500000
vt 0.084006 1.000000
vt 0.084006 0.500000
vt 0.082006 1.000000
vt 0.082006 0.500000
vt 0.080006 1.000000
vt 0.080006 0.500000
vt 0.078006 1.000000
vt 0.078006 0.500000
vt 0.076006 1.000000
vt 0.076006 0.500000
vt 0.074006 1.000000
vt 0.074006 0.500000
vt 0.072006 1.000000
vt 0.072006 0.500000
vt 0.070006 1.000000
vt 0.070006 0.500000
vt 0.068006 1.000000
vt 0.068006 0.500000
vt 0.066006 1.000000
vt 0.066006 0.500000
vt 0.064006 1.000000
vt 0.064006 0.500000
vt 0.062006 1.000000
vt 0.062006 0.500000
vt 0.060006 1.000000
vt 0.060006 0.500000
vt 0.058006 1.000000
vt 0.058006 0.500000
vt 0.056006 1.000000
vt 0.056006 0.500000
vt 0.054006 1.000000
vt 0.054006 0.500000
vt 0.052006 1.000000
vt 0.052006 0.500000
vt 0.050006 1.000000
vt 0.050006 0.500000
vt 0.048006 1.000000
vt 0.048006 0.500000
vt 0.046006 1.000000
vt 0.046006 0.500000
vt 0.044006 1.000000
vt 0.044006 0.500000
vt 0.042006 1.000000
vt 0.042006 0.500000
vt 0.040006 1.000000
vt 0.040006 0.500000
vt 0.038006 1.000000
vt 0.038006 0.500000
vt 0.036006 1.000000
vt 0.036006 0.500000
vt 0.034006 1.000000
vt 0.034006 0.500000
vt 0.032006 1.000000
vt 0.032006 0.500000
vt 0.030006 1.000000
vt 0.030006 0.500000
vt 0.028006 1.000000
vt 0.028006 0.500000
vt 0.026006 1.000000
vt 0.026006 0.500000
vt 0.024006 1.000000
vt 0.024006 0.500000
vt 0.022006 1.000000
vt 0.022006 0.500000
vt 0.020006 1.000000
vt 0.020006 0.500000
vt 0.018006 1.000000
vt 0.018006 0.500000
vt 0.016006 1.000000
vt 0.016006 0.500000
vt 0.014006 1.000000
vt 0.014006 0.500000
vt 0.012006 1.000000
vt 0.012006 0.500000
vt 0.010006 1.000000
vt 0.010006 0.500000
vt 0.008006 1.000000
vt 0.008006 0.500000
vt 0.006006 1.000000
vt 0.006006 0.500000
vt 0.004006 1.000000
vt 0.004006 0.500000
vt 0.253016 0.489981
vt 0.250000 0.490000
vt 0.246984 0.489981
vt 0.243969 0.489924
vt 0.240954 0.489829
vt 0.237941 0.489697
vt 0.234930 0.489526
vt 0.231922 0.489318
vt 0.228916 0.489072
vt 0.225913 0.488788
vt 0.222914 0.488467
vt 0.219920 0.488108
vt 0.216930 0.487711
vt 0.213946 0.487276
vt 0.210967 0.486805
vt 0.207994 0.486295
vt 0.205028 0.485749
vt 0.202070 0.485165
vt 0.199118 0.484544
vt 0.196175 0.483886
vt 0.193240 0.483192
vt 0.190314 0.482460
vt 0.187398 0.481692
vt 0.184492 0.480887
vt 0.181595 0.480045
vt 0.178710 0.479167
vt 0.175836 0.478254
vt 0.172974 0.477304
vt 0.170123 0.476318
vt 0.167286 0.475296
vt 0.164461 0.474239
vt 0.161650 0.473146
vt 0.158853 0.472019
vt 0.156070 0.470856
vt 0.153302 0.469658
vt 0.150550 0.468425
vt 0.147813 0.467158
vt 0.145092 0.465857
vt 0.142388 0.464522
vt 0.139701 0.463153
vt 0.137031 0.461750
vt 0.134379 0.460314
vt 0.131745 0.458844
vt 0.129130 0.457342
vt 0.126535 0.455806
vt 0.123958 0.454239
vt 0.121402 0.452639
vt 0.118865 0.451007
vt 0.116350 0.449343
vt 0.113855 0.447648
vt 0.111383 0.445921
vt 0.108932 0.444164
vt 0.106503 0.442376
vt 0.104097 0.440558
vt 0.101714 0.438709
vt 0.099354 0.436831
vt 0.097018 0.434923
vt 0.094707 0.432986
vt 0.092419 0.431020
vt 0.090157 0.429026
vt 0.087920 0.427003
vt 0.085709 0.424952
vt 0.083523 0.422874
vt 0.081364 0.420769
vt 0.079231 0.418636
vt 0.077126 0.416477
vt 0.075048 0.414291
vt 0.072997 0.412080
vt 0.070974 0.409843
vt 0.068980 0.407581
vt 0.067014 0.405293
vt 0.065077 0.402982
vt 0.063169 0.400646
vt 0.061291 0.398286
vt 0.059442 0.395903
vt 0.057624 0.393497
vt 0.055836 0.391068
vt 0.054079 0.388617
vt 0.052352 0.386145
vt 0.050657 0.383650
vt 0.048993 0.381135
vt 0.047361 0.378598
vt 0.045761 0.376042
vt 0.044194 0.373465
vt 0.042658 0.370870
vt 0.041156 0.368255
vt 0.039686 0.365621
vt 0.038250 0.362969
vt 0.036847 0.360299
vt 0.035478 0.357612
vt 0.034143 0.354908
vt 0.032842 0.352187
vt 0.031575 0.349450
vt 0.030342 0.346698
vt 0.029144 0.343930
vt 0.027981 0.341147
vt 0.026854 0.338350
vt 0.025761 0.335539
vt 0.024704 0.332714
vt 0.023682 0.329877
vt 0.022696 0.327026
vt 0.021746 0.324164
vt 0.020833 0.321290
vt 0.019955 0.318405
vt 0.019113 0.315508
vt 0.018308 0.312602
vt 0.017540 0.309686
vt 0.016808 0.306760
vt 0.016114 0.303825
vt 0.015456 0.300882
vt 0.014835 0.297930
vt 0.014251 0.294972
vt 0.013705 0.292006
vt 0.013195 0.289033
vt 0.012724 0.286054
vt 0.012289 0.283070
vt 0.011892 0.280080
vt 0.011533 0.277086
vt 0.011212 0.274087
vt 0.010928 0.271084
vt 0.010682 0.268078
vt 0.010474 0.265070
vt 0.010303 0.262059
vt 0.010171 0.259046
vt 0.010076 0.256031
vt 0.010019 0.253016
vt 0.010000 0.250000
vt 0.010019 0.246984
vt 0.010076 0.243969
vt 0.010171 0.240954
vt 0.010303 0.237941
vt 0.010474 0.234930
vt 0.010682 0.231922
vt 0.010928 0.228916
vt 0.011212 0.225913
vt 0.011533 0.222914
vt 0.011892 0.219920
vt 0.012289 0.216930
vt 0.012724 0.213946
vt 0.013195 0.210967
vt 0.013705 0.207994
vt 0.014251 0.205028
vt 0.014835 0.202070
vt 0.015456 0.199118
vt 0.016114 0.196175
vt 0.016808 0.193240
vt 0.017540 0.190314
vt 0.018308 0.187398
vt 0.019113 0.184492
vt 0.019955 0.181595
vt 0.020833 0.178710
vt 0.021746 0.175836
vt 0.022696 0.172974
vt 0.023682 0.170123
vt 0.024704 0.167286
vt 0.025761 0.164461
vt 0.026854 0.161650
vt 0.027981 0.158853
vt 0.029144 0.156070
vt 0.030342 0.153302
vt 0.031575 0.150550
vt 0.032842 0.147813
vt 0.034143 0.145092
vt 0.035478 0.142388
vt 0.036847 0.139701
vt 0.038250 0.137031
vt 0.039686 0.134379
vt 0.041156 0.131745
vt 0.042658 0.129130
vt 0.044194 0.126535
vt 0.045761 0.123958
vt 0.047361 0.121402
vt 0.048993 0.118865
vt 0.050657 0.116350
vt 0.052352 0.113855
vt 0.054079 0.111383
vt 0.055836 0.108932
vt 0.057624 0.106503
vt 0.059442 0.104097
vt 0.061291 0.101714
vt 0.063169 0.099354
vt 0.065077 0.097018
vt 0.067014 0.094707
vt 0.068980 0.092419
vt 0.070974 0.090157
vt 0.072997 0.087920
vt 0.075048 0.085709
vt 0.077126 0.083523
vt 0.079231 0.081364
vt 0.081364 0.079231
vt 0.083523 0.077126
vt 0.085709 0.075048
vt 0.087920 0.072997
vt 0.090157 0.070974
vt 0.092419 0.068980
vt 0.094707 0.067014
vt 0.097018 0.065077
vt 0.099354 0.063169
vt 0.101714 0.061291
vt 0.104097 0.059442
vt 0.106503 0.057624
vt 0.108932 0.055836
vt 0.111383 0.054079
vt 0.113855 0.052352
vt 0.116350 0.050657
vt 0.118865 0.048993
vt 0.121402 0.047361
vt 0.123958 0.045761
vt 0.126535 0.044194
vt 0.129130 0.042658
vt 0.131745 0.041156
vt 0.134379 0.039686
vt 0.137031 0.038250
vt 0.139701 0.036847
vt 0.142388 0.035478
vt 0.145092 0.034143
vt 0.147813 0.032842
vt 0.150550 0.031575
vt 0.153302 0.030342
vt 0.156070 0.029144
vt 0.158853 0.027981
vt 0.161650 0.026854
vt 0.164461 0.025761
vt 0.167286 0.024704
vt 0.170123 0.023682
vt 0.172974 0.022696
vt 0.175836 0.021746
vt 0.178710 0.020833
vt 0.181595 0.019955
vt 0.184492 0.019113
vt 0.187398 0.018308
vt 0.190314 0.017540
vt 0.193240 0.016808
vt 0.196175 0.016114
vt 0.199118 0.015456
vt 0.202070 0.014835
vt 0.205028 0.014251
vt 0.207994 0.013705
vt 0.210967 0.013195
vt 0.213946 0.012724
vt 0.216930 0.012289
vt 0.219920 0.011892
vt 0.222914 0.011533
vt 0.225913 0.011212
vt 0.228916 0.010928
vt 0.231922 0.010682
vt 0.234930 0.010474
vt 0.237941 0.010303
vt 0.240954 0.010171
vt 0.243969 0.010076
vt 0.246984 0.010019
vt 0.250000 0.010000
vt 0.253016 0.010019
vt 0.256031 0.010076
vt 0.259046 0.010171
vt 0.262059 0.010303
vt 0.265070 0.010474
vt 0.268078 0.010682
vt 0.271084 0.010928
vt 0.274087 0.011212
vt 0.277086 0.011533
vt 0.280080 0.011892
vt 0.283070 0.012289
vt 0.286054 0.012724
vt 0.289033 0.013195
vt 0.292006 0.013705
vt 0.294972 0.014251
vt 0.297930 0.014835
vt 0.300882 0.015456
vt 0.303825 0.016114
vt 0.306760 0.016808
vt 0.309686 0.017540
vt 0.312602 0.018308
vt 0.315508 0.019113
vt 0.318405 0.019955
vt 0.321290 0.020833
vt 0.324164 0.021746
vt 0.327026 0.022696
vt 0.329877 0.023682
vt 0.332714 0.024704
vt 0.335539 0.025761
vt 0.338350 0.026854
vt 0.341147 0.027981
vt 0.343930 0.029144
vt 0.346698 0.030342
vt 0.349450 0.031575
vt 0.352187 0.032842
vt 0.354908 0.034143
vt 0.357612 0.035478
vt 0.360299 0.036847
vt 0.362969 0.038250
vt 0.365621 0.039686
vt 0.368255 0.041156
vt 0.370870 0.042658
vt 0.373465 0.044194
vt 0.376042 0.045761
vt 0.378598 0.047361
vt 0.381135 0.048993
vt 0.383650 0.050657
vt 0.386145 0.052352
vt 0.388617 0.054079
vt 0.391068 0.055836
vt 0.393497 0.057624
vt 0.395903 0.059442
vt 0.398286 0.061291
vt 0.400646 0.063169
vt 0.402982 0.065077
vt 0.405293 0.067014
vt 0.407581 0.068980
vt 0.409843 0.070974
vt 0.412080 0.072997
vt 0.414291 0.075048
vt 0.416477 0.077126
vt 0.418636 0.079231
vt 0.420769 0.081364
vt 0.422874 0.083523
vt 0.424952 0.085709
vt 0.427003 0.087920
vt 0.429026 0.090157
vt 0.431020 0.092419
vt 0.432986 0.094707
vt 0.434923 0.097018
vt 0.436831 0.099354
vt 0.438709 0.101714
vt 0.440558 0.104097
vt 0.442376 0.106503
vt 0.444164 0.108932
vt 0.445921 0.111383
vt 0.447648 0.113855
vt 0.449343 0.116350
vt 0.451007 0.118865
vt 0.452639 0.121402
vt 0.454239 0.123958
vt 0.455806 0.126535
vt 0.457342 0.129130
vt 0.458844 0.131745
vt 0.460314 0.134379
vt 0.461750 0.137031
vt 0.463153 0.139701
vt 0.464522 0.142388
vt 0.465857 0.145092
vt 0.467158 0.147813
vt 0.468425 0.150550
vt 0.469658 0.153302
vt 0.470856 0.156070
vt 0.472019 0.158853
vt 0.473146 0.161650
vt 0.474239 0.164461
vt 0.475296 0.167286
vt 0.476318 0.170123
vt 0.477304 0.172974
vt 0.478254 0.175836
vt 0.479167 0.178710
vt 0.480045 0.181595
vt 0.480887 0.184492
vt 0.481692 0.187398
vt 0.482460 0.190314
vt 0.483192 0.193240
vt 0.483886 0.196175
vt 0.484544 0.199118
vt 0.485165 0.202070
vt 0.485749 0.205028
vt 0.486295 0.207994
vt 0.486805 0.210967
vt 0.487276 0.213946
vt 0.487711 0.216930
vt 0.488108 0.219920
vt 0.488467 0.222914
vt 0.488788 0.225913
vt 0.489072 0.228916
vt 0.489318 0.231922
vt 0.489526 0.234930
vt 0.489697 0.237941
vt 0.489829 0.240954
vt 0.489924 0.243969
vt 0.489981 0.246984
vt 0.490000 0.250000
vt 0.489981 0.253016
vt 0.489924 0.256031
vt 0.489829 0.259046
vt 0.489697 0.262059
vt 0.489526 0.265070
vt 0.489318 0.268078
vt 0.489072 0.271084
vt 0.488788 0.274087
vt 0.488467 0.277086
vt 0.488108 0.280080
vt 0.487711 0.283070
vt 0.487276 0.286054
vt 0.486805 0.289033
vt 0.486295 0.292006
vt 0.485749 0.294972
vt 0.485165 0.297930
vt 0.484544 0.300882
vt 0.483886 0.303825
vt 0.483192 0.306760
vt 0.482460 0.309686
vt 0.481692 0.312602
vt 0.480887 0.315508
vt 0.480045 0.318405
vt 0.479167 0.321290
vt 0.478254 0.324164
vt 0.477304 0.327026
vt 0.476318 0.329877
vt 0.475296 0.332714
vt 0.474239 0.335539
vt 0.473146 0.338350
vt 0.472019 0.341147
vt 0.470856 0.343930
vt 0.469658 0.346698
vt 0.468425 0.349450
vt 0.467158 0.352187
vt 0.465857 0.354908
vt 0.464522 0.357612
vt 0.463153 0.360299
vt 0.461750 0.362969
vt 0.460314 0.365621
vt 0.458844 0.368255
vt 0.457342 0.370870
vt 0.455806 0.373465
vt 0.454239 0.376042
vt 0.452639 0.378598
vt 0.451007 0.381135
vt 0.449343 0.383650
vt 0.447648 0.386145
vt 0.445921 0.388617
vt 0.444164 0.391068
vt 0.442376 0.393497
vt 0.440558 0.395903
vt 0.438709 0.398286
vt 0.436831 0.400646
vt 0.434923 0.402982
vt 0.432986 0.405293
vt 0.431020 0.407581
vt 0.429026 0.409843
vt 0.427003 0.412080
vt 0.424952 0.414291
vt 0.422874 0.416477
vt 0.420769 0.418636
vt 0.418636 0.420769
vt 0.416477 0.422874
vt 0.414291 0.424952
vt 0.412080 0.427003
vt 0.409843 0.429026
vt 0.407581 0.431020
vt 0.405293 0.432986
vt 0.402982 0.434923
vt 0.400646 0.436831
vt 0.398286 0.438709
vt 0.395903 0.440558
vt 0.393497 0.442376
vt 0.391068 0.444164
vt 0.388617 0.445921
vt 0.386145 0.447648
vt 0.383650 0.449343
vt 0.381135 0.451007
vt 0.378598 0.452639
vt 0.376042 0.454239
vt 0.373465 0.455806
vt 0.370870 0.457342
vt 0.368255 0.458844
vt 0.365621 0.460314
vt 0.362969 0.461750
vt 0.360299 0.463153
vt 0.357612 0.464522
vt 0.354908 0.465857
vt 0.352187 0.467158
vt 0.349450 0.468425
vt 0.346698 0.469658
vt 0.343930 0.470856
vt 0.341147 0.472019
vt 0.338350 0.473146
vt 0.335539 0.474239
vt 0.332714 0.475296
vt 0.329877 0.476318
vt 0.327026 0.477304
vt 0.324164 0.478254
vt 0.321290 0.479167
vt 0.318405 0.480045
vt 0.315508 0.480887
vt 0.312602 0.481692
vt 0.309686 0.482460
vt 0.306760 0.483192
vt 0.303825 0.483886
vt 0.300882 0.484544
vt 0.297930 0.485165
vt 0.294972 0.485749
vt 0.292006 0.486295
vt 0.289033 0.486805
vt 0.286054 0.487276
vt 0.283070 0.487711
vt 0.280080 0.488108
vt 0.277086 0.488467
vt 0.274087 0.488788
vt 0.271084 0.489072
vt 0.268078 0.489318
vt 0.265070 0.489526
vt 0.262059 0.489697
vt 0.259046 0.489829
vt 0.256031 0.489924
vt 0.002006 1.000000
vt 0.002006 0.500000
vt 0.000006 1.000000
vt 0.000006 0.500000
vt 0.750000 0.490000
vt 0.753016 0.489981
vt 0.756031 0.489924
vt 0.759046 0.489829
vt 0.762059 0.489697
vt 0.765070 0.489526
vt 0.768078 0.489318
vt 0.771084 0.489072
vt 0.774087 0.488788
vt 0.777086 0.488467
vt 0.780080 0.488108
vt 0.783070 0.487711
vt 0.786054 0.487276
vt 0.789033 0.486805
vt 0.792006 0.486295
vt 0.794972 0.485749
vt 0.797930 0.485165
vt 0.800882 0.484544
vt 0.803825 0.483886
vt 0.806760 0.483192
vt 0.809686 0.482460
vt 0.812602 0.481692
vt 0.815508 0.480887
vt 0.818405 0.480045
vt 0.821290 0.479167
vt 0.824164 0.478254
vt 0.827026 0.477304
vt 0.829877 0.476318
vt 0.832714 0.475296
vt 0.835539 0.474239
vt 0.838350 0.473146
vt 0.841147 0.472019
vt 0.843930 0.470856
vt 0.846698 0.469658
vt 0.849450 0.468425
vt 0.852187 0.467158
vt 0.854908 0.465857
vt 0.857612 0.464522
vt 0.860299 0.463153
vt 0.862969 0.461750
vt 0.865621 0.460314
vt 0.868255 0.458844
vt 0.870870 0.457342
vt 0.873465 0.455806
vt 0.876042 0.454239
vt 0.878598 0.452639
vt 0.881135 0.451007
vt 0.883650 0.449343
vt 0.886145 0.447648
vt 0.888617 0.445921
vt 0.891068 0.444164
vt 0.893497 0.442376
vt 0.895903 0.440558
vt 0.898286 0.438709
vt 0.900646 0.436831
vt 0.902982 0.434923
vt 0.905293 0.432986
vt 0.907581 0.431020
vt 0.909843 0.429026
vt 0.912080 0.427003
vt 0.914291 0.424952
vt 0.916477 0.422874
vt 0.918636 0.420769
vt 0.920769 0.418636
vt 0.922874 0.416477
vt 0.924952 0.414291
vt 0.927003 0.412080
vt 0.929026 0.409843
vt 0.931020 0.407581
vt 0.932986 0.405293
vt 0.934923 0.402982
vt 0.936831 0.400646
vt 0.938709 0.398286
vt 0.940558 0.395903
vt 0.942376 0.393497
vt 0.944164 0.391068
vt 0.945921 0.388617
vt 0.947648 0.386145
vt 0.949343 0.383650
vt 0.951007 0.381135
vt 0.952639 0.378598
vt 0.954239 0.376042
vt 0.955806 0.373465
vt 0.957342 0.370870
vt 0.958844 0.368255
vt 0.960314 0.365621
vt 0.961750 0.362969
vt 0.963153 0.360299
vt 0.964522 0.357612
vt 0.965857 0.354908
vt 0.967158 0.352187
vt 0.968425 0.349450
vt 0.969658 0.346698
vt 0.970856 0.343930
vt 0.972019 0.341147
vt 0.973146 0.338350
vt 0.974239 0.335539
vt 0.975296 0.332714
vt 0.976318 0.329877
vt 0.977304 0.327026
vt 0.978254 0.324164
vt 0.979167 0.321290
vt 0.980045 0.318405
vt 0.980887 0.315508
vt 0.981692 0.312602
vt 0.982460 0.309686
vt 0.983192 0.306760
vt 0.983886 0.303825
vt 0.984544 0.300882
vt 0.985165 0.297930
vt 0.985749 0.294972
vt 0.986295 0.292006
vt 0.986805 0.289033
vt 0.987276 0.286054
vt 0.987711 0.283070
vt 0.988108 0.280080
vt 0.988467 0.277086
vt 0.988788 0.274087
vt 0.989072 0.271084
vt 0.989318 0.268078
vt 0.989526 0.265070
vt 0.989697 0.262059
vt 0.989829 0.259046
vt 0.989924 0.256031
vt 0.989981 0.253016
vt 0.990000 0.250000
vt 0.989981 0.246984
vt 0.989924 0.243969
vt 0.989829 0.240954
vt 0.989697 0.237941
vt 0.989526 0.234930
vt 0.989318 0.231922
vt 0.989072 0.228916
vt 0.988788 0.225913
vt 0.988467 0.222914
vt 0.988108 0.219920
vt 0.987711 0.216930
vt 0.987276 0.213946
vt 0.986805 0.210967
vt 0.986295 0.207994
vt 0.985749 0.205028
vt 0.985165 0.202070
vt 0.984544 0.199118
vt 0.983886 0.196175
vt 0.983192 0.193240
vt 0.982460 0.190314
vt 0.981692 0.187398
vt 0.980887 0.184492
vt 0.980045 0.181595
vt 0.979167 0.178710
vt 0.978254 0.175836
vt 0.977304 0.172974
vt 0.976318 0.170123
vt 0.975296 0.167286
vt 0.974239 0.164461
vt 0.973146 0.161650
vt 0.972019 0.158853
vt 0.970856 0.156070
vt 0.969658 0.153302
vt 0.968425 0.150550
vt 0.967158 0.147813
vt 0.965857 0.145092
vt 0.964522 0.142388
vt 0.963153 0.139701
vt 0.961750 0.137031
vt 0.960314 0.134379
vt 0.958844 0.131745
vt 0.957342 0.129130
vt 0.955806 0.126535
vt 0.954239 0.123958
vt 0.952639 0.121402
vt 0.951007 0.118865
vt 0.949343 0.116350
vt 0.947648 0.113855
vt 0.945921 0.111383
vt 0.944164 0.108932
vt 0.942376 0.106503
vt 0.940558 0.104097
vt 0.938709 0.101714
vt 0.936831 0.099354
vt 0.934923 0.097018
vt 0.932986 0.094707
vt 0.931020 0.092419
vt 0.929026 0.090157
vt 0.927003 0.087920
vt 0.924952 0.085709
vt 0.922874 0.083523
vt 0.920769 0.081364
vt 0.918636 0.079231
vt 0.916477 0.077126
vt 0.914291 0.075048
vt 0.912080 0.072997
vt 0.909843 0.070974
vt 0.907581 0.068980
vt 0.905293 0.067014
vt 0.902982 0.065077
vt 0.900646 0.063169
vt 0.898286 0.061291
vt 0.895903 0.059442
vt 0.893497 0.057624
vt 0.891068 0.055836
vt 0.888617 0.054079
vt 0.886145 0.052352
vt 0.883650 0.050657
vt 0.881135 0.048993
vt 0.878598 0.047361
vt 0.876042 0.045761
vt 0.873465 0.044194
vt 0.870870 0.042658
vt 0.868255 0.041156
vt 0.865621 0.039686
vt 0.862969 0.038250
vt 0.860299 0.036847
vt 0.857612 0.035478
vt 0.854908 0.034143
vt 0.852187 0.032842
vt 0.849450 0.031575
vt 0.846698 0.030342
vt 0.843930 0.029144
vt 0.841147 0.027981
vt 0.838350 0.026854
vt 0.835539 0.025761
vt 0.832714 0.024704
vt 0.829877 0.023682
vt 0.827026 0.022696
vt 0.824164 0.021746
vt 0.821290 0.020833
vt 0.818405 0.019955
vt 0.815508 0.019113
vt 0.812602 0.018308
vt 0.809686 0.017540
vt 0.806760 0.016808
vt 0.803825 0.016114
vt 0.800882 0.015456
vt 0.797930 0.014835
vt 0.794972 0.014251
vt 0.792006 0.013705
vt 0.789033 0.013195
vt 0.786054 0.012724
vt 0.783070 0.012289
vt 0.780080 0.011892
vt 0.777086 0.011533
vt 0.774087 0.011212
vt 0.771084 0.010928
vt 0.768078 0.010682
vt 0.765070 0.010474
vt 0.762059 0.010303
vt 0.759046 0.010171
vt 0.756031 0.010076
vt 0.753016 0.010019
vt 0.750000 0.010000
vt 0.746984 0.010019
vt 0.743969 0.010076
vt 0.740954 0.010171
vt 0.737941 0.010303
vt 0.734930 0.010474
vt 0.731922 0.010682
vt 0.728916 0.010928
vt 0.725913 0.011212
vt 0.722914 0.011533
vt 0.719920 0.011892
vt 0.716930 0.012289
vt 0.713946 0.012724
vt 0.710967 0.013195
vt 0.707994 0.013705
vt 0.705028 0.014251
vt 0.702070 0.014835
vt 0.699118 0.015456
vt 0.696175 0.016114
vt 0.693240 0.016808
vt 0.690314 0.017540
vt 0.687398 0.018308
vt 0.684492 0.019113
vt 0.681595 0.019955
vt 0.678710 0.020833
vt 0.675836 0.021746
vt 0.672974 0.022696
vt 0.670123 0.023682
vt 0.667286 0.024704
vt 0.664461 0.025761
vt 0.661650 0.026854
vt 0.658853 0.027981
vt 0.656070 0.029144
vt 0.653302 0.030342
vt 0.650550 0.031575
vt 0.647813 0.032842
vt 0.645092 0.034143
vt 0.642388 0.035478
vt 0.639701 0.036847
vt 0.637031 0.038250
vt 0.634379 0.039686
vt 0.631745 0.041156
vt 0.629130 0.042658
vt 0.626535 0.044194
vt 0.623958 0.045761
vt 0.621402 0.047361
vt 0.618865 0.048993
vt 0.616350 0.050657
vt 0.613855 0.052352
vt 0.611383 0.054079
vt 0.608932 0.055836
vt 0.606503 0.057624
vt 0.604097 0.059442
vt 0.601714 0.061291
vt 0.599354 0.063169
vt 0.597018 0.065077
vt 0.594707 0.067014
vt 0.592419 0.068980
vt 0.590157 0.070974
vt 0.587920 0.072997
vt 0.585709 0.075048
vt 0.583523 0.077126
vt 0.581364 0.079231
vt 0.579231 0.081364
vt 0.577126 0.083523
vt 0.575048 0.085709
vt 0.572997 0.087920
vt 0.570974 0.090157
vt 0.568980 0.092419
vt 0.567014 0.094707
vt 0.565077 0.097018
vt 0.563169 0.099354
vt 0.561291 0.101714
vt 0.559442 0.104097
vt 0.557624 0.106503
vt 0.555836 0.108932
vt 0.554079 0.111383
vt 0.552352 0.113855
vt 0.550657 0.116350
vt 0.548993 0.118865
vt 0.547361 0.121402
vt 0.545761 0.123958
vt 0.544194 0.126535
vt 0.542658 0.129130
vt 0.541156 0.131745
vt 0.539686 0.134379
vt 0.538250 0.137031
vt 0.536847 0.139701
vt 0.535478 0.142388
vt 0.534143 0.145092
vt 0.532842 0.147813
vt 0.531575 0.150550
vt 0.530342 0.153302
vt 0.529144 0.156070
vt 0.527981 0.158853
vt 0.526854 0.161650
vt 0.525761 0.164461
vt 0.524704 0.167286
vt 0.523682 0.170123
vt 0.522696 0.172974
vt 0.521746 0.175836
vt 0.520833 0.178710
vt 0.519955 0.181595
vt 0.519113 0.184492
vt 0.518308 0.187398
vt 0.517540 0.190314
vt 0.516808 0.193240
vt 0.516114 0.196175
vt 0.515456 0.199118
vt 0.514835 0.202070
vt 0.514251 0.205028
vt 0.513705 0.207994
vt 0.513195 0.210967
vt 0.512724 0.213946
vt 0.512289 0.216930
vt 0.511892 0.219920
vt 0.511533 0.222914
vt 0.511212 0.225913
vt 0.510928 0.228916
vt 0.510682 0.231922
vt 0.510474 0.234930
vt 0.510303 0.237941
vt 0.510171 0.240954
vt 0.510076 0.243969
vt 0.510019 0.246984
vt 0.510000 0.250000
vt 0.510019 0.253016
vt 0.510076 0.256031
vt 0.510171 0.259046
vt 0.510303 0.262059
vt 0.510474 0.265070
vt 0.510682 0.268078
vt 0.510928 0.271084
vt 0.511212 0.274087
vt 0.511533 0.277086
vt 0.511892 0.280080
vt 0.512289 0.283070
vt 0.512724 0.286054
vt 0.513195 0.289033
vt 0.513705 0.292006
vt 0.514251 0.294972
vt 0.514835 0.297930
vt 0.515456 0.300882
vt 0.516114 0.303825
vt 0.516808 0.306760
vt 0.517540 0.309686
vt 0.518308 0.312602
vt 0.519113 0.315508
vt 0.519955 0.318405
vt 0.520833 0.321290
vt 0.521746 0.324164
vt 0.522696 0.327026
vt 0.523682 0.329877
vt 0.524704 0.332714
vt 0.525761 0.335539
vt 0.526854 0.338350
vt 0.527981 0.341147
vt 0.529144 0.343930
vt 0.530342 0.346698
vt 0.531575 0.349450
vt 0.532842 0.352187
vt 0.534143 0.354908
vt 0.535478 0.357612
vt 0.536847 0.360299
vt 0.538250 0.362969
vt 0.539686 0.365621
vt 0.541156 0.368255
vt 0.542658 0.370870
vt 0.544194 0.373465
vt 0.545761 0.376042
vt 0.547361 0.378598
vt 0.548993 0.381135
vt 0.550657 0.383650
vt 0.552352 0.386145
vt 0.554079 0.388617
vt 0.555836 0.391068
vt 0.557624 0.393497
vt 0.559442 0.395903
vt 0.561291 0.398286
vt 0.563169 0.400646
vt 0.565077 0.402982
vt 0.567014 0.405293
vt 0.568980 0.407581
vt 0.570974 0.409843
vt 0.572997 0.412080
vt 0.575048 0.414291
vt 0.577126 0.416477
vt 0.579231 0.418636
vt 0.581364 0.420769
vt 0.583523 0.422874
vt 0.585709 0.424952
vt 0.587920 0.427003
vt 0.590157 0.429026
vt 0.592419 0.431020
vt 0.594707 0.432986
vt 0.597018 0.434923
vt 0.599354 0.436831
vt 0.601714 0.438709
vt 0.604097 0.440558
vt 0.606503 0.442376
vt 0.608932 0.444164
vt 0.611383 0.445921
vt 0.613855 0.447648
vt 0.616350 0.449343
vt 0.618865 0.451007
vt 0.621402 0.452639
vt 0.623958 0.454239
vt 0.626535 0.455806
vt 0.629130 0.457342
vt 0.631745 0.458844
vt 0.634379 0.460314
vt 0.637031 0.461750
vt 0.639701 0.463153
vt 0.642388 0.464522
vt 0.645092 0.465857
vt 0.647813 0.467158
vt 0.650550 0.468425
vt 0.653302 0.469658
vt 0.656070 0.470856
vt 0.658853 0.472019
vt 0.661650 0.473146
vt 0.664461 0.474239
vt 0.667286 0.475296
vt 0.670123 0.476318
vt 0.672974 0.477304
vt 0.675836 0.478254
vt 0.678710 0.479167
vt 0.681595 0.480045
vt 0.684492 0.480887
vt 0.687398 0.481692
vt 0.690314 0.482460
vt 0.693240 0.483192
vt 0.696175 0.483886
vt 0.699118 0.484544
vt 0.702070 0.485165
vt 0.705028 0.485749
vt 0.707994 0.486295
vt 0.710967 0.486805
vt 0.713946 0.487276
vt 0.716930 0.487711
vt 0.719920 0.488108
vt 0.722914 0.488467
vt 0.725913 0.488788
vt 0.728916 0.489072
vt 0.731922 0.489318
vt 0.734930 0.489526
vt 0.737941 0.489697
vt 0.740954 0.489829
vt 0.743969 0.489924
vt 0.746984 0.489981
s 0
f 4871/6706/1516 4872/6707/1516 4874/6708/1516 4873/6709/1516
f 4873/6709/1517 4874/6708/1517 4876/6710/1517 4875/6711/1517
f 4875/6711/1518 4876/6710/1518 4878/6712/1518 4877/6713/1518
f 4877/6713/1519 4878/6712/1519 4880/6714/1519 4879/6715/1519
f 4879/6715/1520 4880/6714/1520 4882/6716/1520 4881/6717/1520
f 4881/6717/1521 4882/6716/1521 4884/6718/1521 4883/6719/1521
f 4883/6719/1522 4884/6718/1522 4886/6720/1522 4885/6721/1522
f 4885/6721/1523 4886/6720/1523 4888/6722/1523 4887/6723/1523
f 4887/6723/1524 4888/6722/1524 4890/6724/1524 4889/6725/1524
f 4889/6725/1525 4890/6724/1525 4892/6726/1525 4891/6727/1525
f 4891/6727/1526 4892/6726/1526 4894/6728/1526 4893/6729/1526
f 4893/6729/1527 4894/6728/1527 4896/6730/1527 4895/6731/1527
f 4895/6731/1528 4896/6730/1528 4898/6732/1528 4897/6733/1528
f 4897/6733/1529 4898/6732/1529 4900/6734/1529 4899/6735/1529
f 4899/6735/1530 4900/6734/1530 4902/6736/1530 4901/6737/1530
f 4901/6737/1531 4902/6736/1531 4904/6738/1531 4903/6739/1531
f 4903/6739/1532 4904/6738/1532 4906/6740/1532 4905/6741/1532
f 4905/6741/1533 4906/6740/1533 4908/6742/1533 4907/6743/1533
f 4907/6743/1534 4908/6742/1534 4910/6744/1534 4909/6745/1534
f 4909/6745/1535 4910/6744/1535 4912/6746/1535 4911/6747/1535
f 4911/6747/1536 4912/6746/1536 4914/6748/1536 4913/6749/1536
f 4913/6749/1537 4914/6748/1537 4916/6750/1537 4915/6751/1537
f 4915/6751/1538 4916/6750/1538 4918/6752/1538 4917/6753/1538
f 4917/6753/1539 4918/6752/1539 4920/6754/1539 4919/6755/1539
f 4919/6755/1540 4920/6754/1540 4922/6756/1540 4921/6757/1540
f 4921/6757/1541 4922/6756/1541 4924/6758/1541 4923/6759/1541
f 4923/6759/1542 4924/6758/1542 4926/6760/1542 4925/6761/1542
f 4925/6761/1543 4926/6760/1543 4928/6762/1543 4927/6763/1543
f 4927/6763/1544 4928/6762/1544 4930/6764/1544 4929/6765/1544
f 4929/6765/1545 4930/6764/1545 4932/6766/1545 4931/6767/1545
f 4931/6767/1546 4932/6766/1546 4934/6768/1546 4933/6769/1546
f 4933/6769/1547 4934/6768/1547 4936/6770/1547 4935/6771/1547
f 4935/6771/1548 4936/6770/1548 4938/6772/1548 4937/6773/1548
f 4937/6773/1549 4938/6772/1549 4940/6774/1549 4939/6775/1549
f 4939/6775/1550 4940/6774/1550 4942/6776/1550 4941/6777/1550
f 4941/6777/1551 4942/6776/1551 4944/6778/1551 4943/6779/1551
f 4943/6779/1552 4944/6778/1552 4946/6780/1552 4945/6781/1552
f 4945/6781/1553 4946/6780/1553 4948/6782/1553 4947/6783/1553
f 4947/6783/1554 4948/6782/1554 4950/6784/1554 4949/6785/1554
f 4949/6785/1555 4950/6784/1555 4952/6786/1555 4951/6787/1555
f 4951/6787/1556 4952/6786/1556 4954/6788/1556 4953/6789/1556
f 4953/6789/1557 4954/6788/1557 4956/6790/1557 4955/6791/1557
f 4955/6791/1558 4956/6790/1558 4958/6792/1558 4957/6793/1558
f 4957/6793/1559 4958/6792/1559 4960/6794/1559 4959/6795/1559
f 4959/6795/1560 4960/6794/1560 4962/6796/1560 4961/6797/1560
f 4961/6797/1561 4962/6796/1561 4964/6798/1561 4963/6799/1561
f 4963/6799/1562 4964/6798/1562 4966/6800/1562 4965/6801/1562
f 4965/6801/1563 4966/6800/1563 4968/6802/1563 4967/6803/1563
f 4967/6803/1564 4968/6802/1564 4970/6804/1564 4969/6805/1564
f 4969/6805/1565 4970/6804/1565 4972/6806/1565 4971/6807/1565
f 4971/6807/1566 4972/6806/1566 4974/6808/1566 4973/6809/1566
f 4973/6809/1567 4974/6808/1567 4976/6810/1567 4975/6811/1567
f 4975/6811/1568 4976/6810/1568 4978/6812/1568 4977/6813/1568
f 4977/6813/1569 4978/6812/1569 4980/6814/1569 4979/6815/1569
f 4979/6815/1570 4980/6814/1570 4982/6816/1570 4981/6817/1570
f 4981/6817/1571 4982/6816/1571 4984/6818/1571 4983/6819/1571
f 4983/6819/1572 4984/6818/1572 4986/6820/1572 4985/6821/1572
f 4985/6821/1573 4986/6820/1573 4988/6822/1573 4987/6823/1573
f 4987/6823/1574 4988/6822/1574 4990/6824/1574 4989/6825/1574
f 4989/6825/1575 4990/6824/1575 4992/6826/1575 4991/6827/1575
f 4991/6827/1576 4992/6826/1576 4994/6828/1576 4993/6829/1576
f 4993/6829/1577 4994/6828/1577 4996/6830/1577 4995/6831/1577
f 4995/6831/1578 4996/6830/1578 4998/6832/1578 4997/6833/1578
f 4997/6833/1579 4998/6832/1579 5000/6834/1579 4999/6835/1579
f 4999/6835/1580 5000/6834/1580 5002/6836/1580 5001/6837/1580
f 5001/6837/1581 5002/6836/1581 5004/6838/1581 5003/6839/1581
f 5003/6839/1582 5004/6838/1582 5006/6840/1582 5005/6841/1582
f 5005/6841/1583 5006/6840/1583 5008/6842/1583 5007/6843/1583
f 5007/6843/1584 5008/6842/1584 5010/6844/1584 5009/6845/1584
f 5009/6845/1585 5010/6844/1585 5012/6846/1585 5011/6847/1585
f 5011/6847/1586 5012/6846/1586 5014/6848/1586 5013/6849/1586
f 5013/6849/1587 5014/6848/1587 5016/6850/1587 5015/6851/1587
f 5015/6851/1588 5016/6850/1588 5018/6852/1588 5017/6853/1588
f 5017/6853/1589 5018/6852/1589 5020/6854/1589 5019/6855/1589
f 5019/6855/1590 5020/6854/1590 5022/6856/1590 5021/6857/1590
f 5021/6857/1591 5022/6856/1591 5024/6858/1591 5023/6859/1591
f 5023/6859/1592 5024/6858/1592 5026/6860/1592 5025/6861/1592
f 5025/6861/1593 5026/6860/1593 5028/6862/1593 5027/6863/1593
f 5027/6863/1594 5028/6862/1594 5030/6864/1594 5029/6865/1594
f 5029/6865/1595 5030/6864/1595 5032/6866/1595 5031/6867/1595
f 5031/6867/1596 5032/6866/1596 5034/6868/1596 5033/6869/1596
f 5033/6869/1597 5034/6868/1597 5036/6870/1597 5035/6871/1597
f 5035/6871/1598 5036/6870/1598 5038/6872/1598 5037/6873/1598
f 5037/6873/1599 5038/6872/1599 5040/6874/1599 5039/6875/1599
f 5039/6875/1600 5040/6874/1600 5042/6876/1600 5041/6877/1600
f 5041/6877/1601 5042/6876/1601 5044/6878/1601 5043/6879/1601
f 5043/6879/1602 5044/6878/1602 5046/6880/1602 5045/6881/1602
f 5045/6881/1603 5046/6880/1603 5048/6882/1603 5047/6883/1603
f 5047/6883/1604 5048/6882/1604 5050/6884/1604 5049/6885/1604
f 5049/6885/1605 5050/6884/1605 5052/6886/1605 5051/6887/1605
f 5051/6887/1606 5052/6886/1606 5054/6888/1606 5053/6889/1606
f 5053/6889/1607 5054/6888/1607 5056/6890/1607 5055/6891/1607
f 5055/6891/1608 5056/6890/1608 5058/6892/1608 5057/6893/1608
f 5057/6893/1609 5058/6892/1609 5060/6894/1609 5059/6895/1609
f 5059/6895/1610 5060/6894/1610 5062/6896/1610 5061/6897/1610
f 5061/6897/1611 5062/6896/1611 5064/6898/1611 5063/6899/1611
f 5063/6899/1612 5064/6898/1612 5066/6900/1612 5065/6901/1612
f 5065/6901/1613 5066/6900/1613 5068/6902/1613 5067/6903/1613
f 5067/6903/1614 5068/6902/1614 5070/6904/1614 5069/6905/1614
f 5069/6905/1615 5070/6904/1615 5072/6906/1615 5071/6907/1615
f 5071/6907/1616 5072/6906/1616 5074/6908/1616 5073/6909/1616
f 5073/6909/1617 5074/6908/1617 5076/6910/1617 5075/6911/1617
f 5075/6911/1618 5076/6910/1618 5078/6912/1618 5077/6913/1618
f 5077/6913/1619 5078/6912/1619 5080/6914/1619 5079/6915/1619
f 5079/6915/1620 5080/6914/1620 5082/6916/1620 5081/6917/1620
f 5081/6917/1621 5082/6916/1621 5084/6918/1621 5083/6919/1621
f 5083/6919/1622 5084/6918/1622 5086/6920/1622 5085/6921/1622
f 5085/6921/1623 5086/6920/1623 5088/6922/1623 5087/6923/1623
f 5087/6923/1624 5088/6922/1624 5090/6924/1624 5089/6925/1624
f 5089/6925/1625 5090/6924/1625 5092/6926/1625 5091/6927/1625
f 5091/6927/1626 5092/6926/1626 5094/6928/1626 5093/6929/1626
f 5093/6929/1627 5094/6928/1627 5096/6930/1627 5095/6931/1627
f 5095/6931/1628 5096/6930/1628 5098/6932/1628 5097/6933/1628
f 5097/6933/1629 5098/6932/1629 5100/6934/1629 5099/6935/1629
f 5099/6935/1630 5100/6934/1630 5102/6936/1630 5101/6937/1630
f 5101/6937/1631 5102/6936/1631 5104/6938/1631 5103/6939/1631
f 5103/6939/1632 5104/6938/1632 5106/6940/1632 5105/6941/1632
f 5105/6941/1633 5106/6940/1633 5108/6942/1633 5107/6943/1633
f 5107/6943/1634 5108/6942/1634 5110/6944/1634 5109/6945/1634
f 5109/6945/1635 5110/6944/1635 5112/6946/1635 5111/6947/1635
f 5111/6947/1636 5112/6946/1636 5114/6948/1636 5113/6949/1636
f 5113/6949/1637 5114/6948/1637 5116/6950/1637 5115/6951/1637
f 5115/6951/1638 5116/6950/1638 5118/6952/1638 5117/6953/1638
f 5117/6953/1639 5118/6952/1639 5120/6954/1639 5119/6955/1639
f 5119/6955/1640 5120/6954/1640 5122/6956/1640 5121/6957/1640
f 5121/6957/1641 5122/6956/1641 5124/6958/1641 5123/6959/1641
f 5123/6959/1642 5124/6958/1642 5126/6960/1642 5125/6961/1642
f 5125/6961/1643 5126/6960/1643 5128/6962/1643 5127/6963/1643
f 5127/6963/1644 5128/6962/1644 5130/6964/1644 5129/6965/1644
f 5129/6965/1645 5130/6964/1645 5132/6966/1645 5131/6967/1645
f 5131/6967/1646 5132/6966/1646 5134/6968/1646 5133/6969/1646
f 5133/6969/1647 5134/6968/1647 5136/6970/1647 5135/6971/1647
f 5135/6971/1648 5136/6970/1648 5138/6972/1648 5137/6973/1648
f 5137/6973/1649 5138/6972/1649 5140/6974/1649 5139/6975/1649
f 5139/6975/1650 5140/6974/1650 5142/6976/1650 5141/6977/1650
f 5141/6977/1651 5142/6976/1651 5144/6978/1651 5143/6979/1651
f 5143/6979/1652 5144/6978/1652 5146/6980/1652 5145/6981/1652
f 5145/6981/1653 5146/6980/1653 5148/6982/1653 5147/6983/1653
f 5147/6983/1654 5148/6982/1654 5150/6984/1654 5149/6985/1654
f 5149/6985/1655 5150/6984/1655 5152/6986/1655 5151/6987/1655
f 5151/6987/1656 5152/6986/1656 5154/6988/1656 5153/6989/1656
f 5153/6989/1657 5154/6988/1657 5156/6990/1657 5155/6991/1657
f 5155/6991/1658 5156/6990/1658 5158/6992/1658 5157/6993/1658
f 5157/6993/1659 5158/6992/1659 5160/6994/1659 5159/6995/1659
f 5159/6995/1660 5160/6994/1660 5162/6996/1660 5161/6997/1660
f 5161/6997/1661 5162/6996/1661 5164/6998/1661 5163/6999/1661
f 5163/6999/1662 5164/6998/1662 5166/7000/1662 5165/7001/1662
f 5165/7001/1663 5166/7000/1663 5168/7002/1663 5167/7003/1663
f 5167/7003/1664 5168/7002/1664 5170/7004/1664 5169/7005/1664
f 5169/7005/1665 5170/7004/1665 5172/7006/1665 5171/7007/1665
f 5171/7007/1666 5172/7006/1666 5174/7008/1666 5173/7009/1666
f 5173/7009/1667 5174/7008/1667 5176/7010/1667 5175/7011/1667
f 5175/7011/1668 5176/7010/1668 5178/7012/1668 5177/7013/1668
f 5177/7013/1669 5178/7012/1669 5180/7014/1669 5179/7015/1669
f 5179/7015/1670 5180/7014/1670 5182/7016/1670 5181/7017/1670
f 5181/7017/1671 5182/7016/1671 5184/7018/1671 5183/7019/1671
f 5183/7019/1672 5184/7018/1672 5186/7020/1672 5185/7021/1672
f 5185/7021/1673 5186/7020/1673 5188/7022/1673 5187/7023/1673
f 5187/7023/1674 5188/7022/1674 5190/7024/1674 5189/7025/1674
f 5189/7025/1675 5190/7024/1675 5192/7026/1675 5191/7027/1675
f 5191/7027/1676 5192/7026/1676 5194/7028/1676 5193/7029/1676
f 5193/7029/1677 5194/7028/1677 5196/7030/1677 5195/7031/1677
f 5195/7031/1678 5196/7030/1678 5198/7032/1678 5197/7033/1678
f 5197/7033/1679 5198/7032/1679 5200/7034/1679 5199/7035/1679
f 5199/7035/1680 5200/7034/1680 5202/7036/1680 5201/7037/1680
f 5201/7037/1681 5202/7036/1681 5204/7038/1681 5203/7039/1681
f 5203/7039/1682 5204/7038/1682 5206/7040/1682 5205/7041/1682
f 5205/7041/1683 5206/7040/1683 5208/7042/1683 5207/7043/1683
f 5207/7043/1684 5208/7042/1684 5210/7044/1684 5209/7045/1684
f 5209/7045/1685 5210/7044/1685 5212/7046/1685 5211/7047/1685
f 5211/7047/1686 5212/7046/1686 5214/7048/1686 5213/7049/1686
f 5213/7049/1687 5214/7048/1687 5216/7050/1687 5215/7051/1687
f 5215/7051/1688 5216/7050/1688 5218/7052/1688 5217/7053/1688
f 5217/7053/1689 5218/7052/1689 5220/7054/1689 5219/7055/1689
f 5219/7055/1690 5220/7054/1690 5222/7056/1690 5221/7057/1690
f 5221/7057/1691 5222/7056/1691 5224/7058/1691 5223/7059/1691
f 5223/7059/1692 5224/7058/1692 5226/7060/1692 5225/7061/1692
f 5225/7061/1693 5226/7060/1693 5228/7062/1693 5227/7063/1693
f 5227/7063/1694 5228/7062/1694 5230/7064/1694 5229/7065/1694
f 5229/7065/1695 5230/7064/1695 5232/7066/1695 5231/7067/1695
f 5231/7067/1696 5232/7066/1696 5234/7068/1696 5233/7069/1696
f 5233/7069/1697 5234/7068/1697 5236/7070/1697 5235/7071/1697
f 5235/7071/1698 5236/7070/1698 5238/7072/1698 5237/7073/1698
f 5237/7073/1699 5238/7072/1699 5240/7074/1699 5239/7075/1699
f 5239/7075/1700 5240/7074/1700 5242/7076/1700 5241/7077/1700
f 5241/7077/1701 5242/7076/1701 5244/7078/1701 5243/7079/1701
f 5243/7079/1702 5244/7078/1702 5246/7080/1702 5245/7081/1702
f 5245/7081/1703 5246/7080/1703 5248/7082/1703 5247/7083/1703
f 5247/7083/1704 5248/7082/1704 5250/7084/1704 5249/7085/1704
f 5249/7085/1705 5250/7084/1705 5252/7086/1705 5251/7087/1705
f 5251/7087/1706 5252/7086/1706 5254/7088/1706 5253/7089/1706
f 5253/7089/1707 5254/7088/1707 5256/7090/1707 5255/7091/1707
f 5255/7091/1708 5256/7090/1708 5258/7092/1708 5257/7093/1708
f 5257/7093/1709 5258/7092/1709 5260/7094/1709 5259/7095/1709
f 5259/7095/1710 5260/7094/1710 5262/7096/1710 5261/7097/1710
f 5261/7097/1711 5262/7096/1711 5264/7098/1711 5263/7099/1711
f 5263/7099/1712 5264/7098/1712 5266/7100/1712 5265/7101/1712
f 5265/7101/1713 5266/7100/1713 5268/7102/1713 5267/7103/1713
f 5267/7103/1714 5268/7102/1714 5270/7104/1714 5269/7105/1714
f 5269/7105/1715 5270/7104/1715 5272/7106/1715 5271/7107/1715
f 5271/7107/1716 5272/7106/1716 5274/7108/1716 5273/7109/1716
f 5273/7109/1717 5274/7108/1717 5276/7110/1717 5275/7111/1717
f 5275/7111/1718 5276/7110/1718 5278/7112/1718 5277/7113/1718
f 5277/7113/1719 5278/7112/1719 5280/7114/1719 5279/7115/1719
f 5279/7115/1720 5280/7114/1720 5282/7116/1720 5281/7117/1720
f 5281/7117/1721 5282/7116/1721 5284/7118/1721 5283/7119/1721
f 5283/7119/1722 5284/7118/1722 5286/7120/1722 5285/7121/1722
f 5285/7121/1723 5286/7120/1723 5288/7122/1723 5287/7123/1723
f 5287/7123/1724 5288/7122/1724 5290/7124/1724 5289/7125/1724
f 5289/7125/1725 5290/7124/1725 5292/7126/1725 5291/7127/1725
f 5291/7127/1726 5292/7126/1726 5294/7128/1726 5293/7129/1726
f 5293/7129/1727 5294/7128/1727 5296/7130/1727 5295/7131/1727
f 5295/7131/1728 5296/7130/1728 5298/7132/1728 5297/7133/1728
f 5297/7133/1729 5298/7132/1729 5300/7134/1729 5299/7135/1729
f 5299/7135/1730 5300/7134/1730 5302/7136/1730 5301/7137/1730
f 5301/7137/1731 5302/7136/1731 5304/7138/1731 5303/7139/1731
f 5303/7139/1732 5304/7138/1732 5306/7140/1732 5305/7141/1732
f 5305/7141/1733 5306/7140/1733 5308/7142/1733 5307/7143/1733
f 5307/7143/1734 5308/7142/1734 5310/7144/1734 5309/7145/1734
f 5309/7145/1735 5310/7144/1735 5312/7146/1735 5311/7147/1735
f 5311/7147/1736 5312/7146/1736 5314/7148/1736 5313/7149/1736
f 5313/7149/1737 5314/7148/1737 5316/7150/1737 5315/7151/1737
f 5315/7151/1738 5316/7150/1738 5318/7152/1738 5317/7153/1738
f 5317/7153/1739 5318/7152/1739 5320/7154/1739 5319/7155/1739
f 5319/7155/1740 5320/7154/1740 5322/7156/1740 5321/7157/1740
f 5321/7157/1741 5322/7156/1741 5324/7158/1741 5323/7159/1741
f 5323/7159/1742 5324/7158/1742 5326/7160/1742 5325/7161/1742
f 5325/7161/1743 5326/7160/1743 5328/7162/1743 5327/7163/1743
f 5327/7163/1744 5328/7162/1744 5330/7164/1744 5329/7165/1744
f 5329/7165/1745 5330/7164/1745 5332/7166/1745 5331/7167/1745
f 5331/7167/1746 5332/7166/1746 5334/7168/1746 5333/7169/1746
f 5333/7169/1747 5334/7168/1747 5336/7170/1747 5335/7171/1747
f 5335/7171/1748 5336/7170/1748 5338/7172/1748 5337/7173/1748
f 5337/7173/1749 5338/7172/1749 5340/7174/1749 5339/7175/1749
f 5339/7175/1750 5340/7174/1750 5342/7176/1750 5341/7177/1750
f 5341/7177/1751 5342/7176/1751 5344/7178/1751 5343/7179/1751
f 5343/7179/1752 5344/7178/1752 5346/7180/1752 5345/7181/1752
f 5345/7181/1753 5346/7180/1753 5348/7182/1753 5347/7183/1753
f 5347/7183/1754 5348/7182/1754 5350/7184/1754 5349/7185/1754
f 5349/7185/1755 5350/7184/1755 5352/7186/1755 5351/7187/1755
f 5351/7187/1756 5352/7186/1756 5354/7188/1756 5353/7189/1756
f 5353/7189/1757 5354/7188/1757 5356/7190/1757 5355/7191/1757
f 5355/7191/1758 5356/7190/1758 5358/7192/1758 5357/7193/1758
f 5357/7193/1759 5358/7192/1759 5360/7194/1759 5359/7195/1759
f 5359/7195/1760 5360/7194/1760 5362/7196/1760 5361/7197/1760
f 5361/7197/1761 5362/7196/1761 5364/7198/1761 5363/7199/1761
f 5363/7199/1762 5364/7198/1762 5366/7200/1762 5365/7201/1762
f 5365/7201/1763 5366/7200/1763 5368/7202/1763 5367/7203/1763
f 5367/7203/1764 5368/7202/1764 5370/7204/1764 5369/7205/1764
f 5369/7205/1765 5370/7204/1765 5372/7206/1765 5371/7207/1765
f 5371/7207/1766 5372/7206/1766 5374/7208/1766 5373/7209/1766
f 5373/7209/1767 5374/7208/1767 5376/7210/1767 5375/7211/1767
f 5375/7211/1768 5376/7210/1768 5378/7212/1768 5377/7213/1768
f 5377/7213/1769 5378/7212/1769 5380/7214/1769 5379/7215/1769
f 5379/7215/1770 5380/7214/1770 5382/7216/1770 5381/7217/1770
f 5381/7217/1771 5382/7216/1771 5384/7218/1771 5383/7219/1771
f 5383/7219/1772 5384/7218/1772 5386/7220/1772 5385/7221/1772
f 5385/7221/1773 5386/7220/1773 5388/7222/1773 5387/7223/1773
f 5387/7223/1774 5388/7222/1774 5390/7224/1774 5389/7225/1774
f 5389/7225/1775 5390/7224/1775 5392/7226/1775 5391/7227/1775
f 5391/7227/1776 5392/7226/1776 5394/7228/1776 5393/7229/1776
f 5393/7229/1777 5394/7228/1777 5396/7230/1777 5395/7231/1777
f 5395/7231/1778 5396/7230/1778 5398/7232/1778 5397/7233/1778
f 5397/7233/1779 5398/7232/1779 5400/7234/1779 5399/7235/1779
f 5399/7235/1780 5400/7234/1780 5402/7236/1780 5401/7237/1780
f 5401/7237/1781 5402/7236/1781 5404/7238/1781 5403/7239/1781
f 5403/7239/1782 5404/7238/1782 5406/7240/1782 5405/7241/1782
f 5405/7241/1783 5406/7240/1783 5408/7242/1783 5407/7243/1783
f 5407/7243/1784 5408/7242/1784 5410/7244/1784 5409/7245/1784
f 5409/7245/1785 5410/7244/1785 5412/7246/1785 5411/7247/1785
f 5411/7247/1786 5412/7246/1786 5414/7248/1786 5413/7249/1786
f 5413/7249/1787 5414/7248/1787 5416/7250/1787 5415/7251/1787
f 5415/7251/1788 5416/7250/1788 5418/7252/1788 5417/7253/1788
f 5417/7253/1789 5418/7252/1789 5420/7254/1789 5419/7255/1789
f 5419/7255/1790 5420/7254/1790 5422/7256/1790 5421/7257/1790
f 5421/7257/1791 5422/7256/1791 5424/7258/1791 5423/7259/1791
f 5423/7259/1792 5424/7258/1792 5426/7260/1792 5425/7261/1792
f 5425/7261/1793 5426/7260/1793 5428/7262/1793 5427/7263/1793
f 5427/7263/1794 5428/7262/1794 5430/7264/1794 5429/7265/1794
f 5429/7265/1795 5430/7264/1795 5432/7266/1795 5431/7267/1795
f 5431/7267/1796 5432/7266/1796 5434/7268/1796 5433/7269/1796
f 5433/7269/1797 5434/7268/1797 5436/7270/1797 5435/7271/1797
f 5435/7271/1798 5436/7270/1798 5438/7272/1798 5437/7273/1798
f 5437/7273/1799 5438/7272/1799 5440/7274/1799 5439/7275/1799
f 5439/7275/1800 5440/7274/1800 5442/7276/1800 5441/7277/1800
f 5441/7277/1801 5442/7276/1801 5444/7278/1801 5443/7279/1801
f 5443/7279/1802 5444/7278/1802 5446/7280/1802 5445/7281/1802
f 5445/7281/1803 5446/7280/1803 5448/7282/1803 5447/7283/1803
f 5447/7283/1804 5448/7282/1804 5450/7284/1804 5449/7285/1804
f 5449/7285/1805 5450/7284/1805 5452/7286/1805 5451/7287/1805
f 5451/7287/1806 5452/7286/1806 5454/7288/1806 5453/7289/1806
f 5453/7289/1807 5454/7288/1807 5456/7290/1807 5455/7291/1807
f 5455/7291/1808 5456/7290/1808 5458/7292/1808 5457/7293/1808
f 5457/7293/1809 5458/7292/1809 5460/7294/1809 5459/7295/1809
f 5459/7295/1810 5460/7294/1810 5462/7296/1810 5461/7297/1810
f 5461/7297/1811 5462/7296/1811 5464/7298/1811 5463/7299/1811
f 5463/7299/1812 5464/7298/1812 5466/7300/1812 5465/7301/1812
f 5465/7301/1813 5466/7300/1813 5468/7302/1813 5467/7303/1813
f 5467/7303/1814 5468/7302/1814 5470/7304/1814 5469/7305/1814
f 5469/7305/1815 5470/7304/1815 5472/7306/1815 5471/7307/1815
f 5471/7307/1816 5472/7306/1816 5474/7308/1816 5473/7309/1816
f 5473/7309/1817 5474/7308/1817 5476/7310/1817 5475/7311/1817
f 5475/7311/1818 5476/7310/1818 5478/7312/1818 5477/7313/1818
f 5477/7313/1819 5478/7312/1819 5480/7314/1819 5479/7315/1819
f 5479/7315/1820 5480/7314/1820 5482/7316/1820 5481/7317/1820
f 5481/7317/1821 5482/7316/1821 5484/7318/1821 5483/7319/1821
f 5483/7319/1822 5484/7318/1822 5486/7320/1822 5485/7321/1822
f 5485/7321/1823 5486/7320/1823 5488/7322/1823 5487/7323/1823
f 5487/7323/1824 5488/7322/1824 5490/7324/1824 5489/7325/1824
f 5489/7325/1825 5490/7324/1825 5492/7326/1825 5491/7327/1825
f 5491/7327/1826 5492/7326/1826 5494/7328/1826 5493/7329/1826
f 5493/7329/1827 5494/7328/1827 5496/7330/1827 5495/7331/1827
f 5495/7331/1828 5496/7330/1828 5498/7332/1828 5497/7333/1828
f 5497/7333/1829 5498/7332/1829 5500/7334/1829 5499/7335/1829
f 5499/7335/1830 5500/7334/1830 5502/7336/1830 5501/7337/1830
f 5501/7337/1831 5502/7336/1831 5504/7338/1831 5503/7339/1831
f 5503/7339/1832 5504/7338/1832 5506/7340/1832 5505/7341/1832
f 5505/7341/1833 5506/7340/1833 5508/7342/1833 5507/7343/1833
f 5507/7343/1834 5508/7342/1834 5510/7344/1834 5509/7345/1834
f 5509/7345/1835 5510/7344/1835 5512/7346/1835 5511/7347/1835
f 5511/7347/1836 5512/7346/1836 5514/7348/1836 5513/7349/1836
f 5513/7349/1837 5514/7348/1837 5516/7350/1837 5515/7351/1837
f 5515/7351/1838 5516/7350/1838 5518/7352/1838 5517/7353/1838
f 5517/7353/1839 5518/7352/1839 5520/7354/1839 5519/7355/1839
f 5519/7355/1840 5520/7354/1840 5522/7356/1840 5521/7357/1840
f 5521/7357/1841 5522/7356/1841 5524/7358/1841 5523/7359/1841
f 5523/7359/1842 5524/7358/1842 5526/7360/1842 5525/7361/1842
f 5525/7361/1843 5526/7360/1843 5528/7362/1843 5527/7363/1843
f 5527/7363/1844 5528/7362/1844 5530/7364/1844 5529/7365/1844
f 5529/7365/1845 5530/7364/1845 5532/7366/1845 5531/7367/1845
f 5531/7367/1846 5532/7366/1846 5534/7368/1846 5533/7369/1846
f 5533/7369/1847 5534/7368/1847 5536/7370/1847 5535/7371/1847
f 5535/7371/1848 5536/7370/1848 5538/7372/1848 5537/7373/1848
f 5537/7373/1849 5538/7372/1849 5540/7374/1849 5539/7375/1849
f 5539/7375/1850 5540/7374/1850 5542/7376/1850 5541/7377/1850
f 5541/7377/1851 5542/7376/1851 5544/7378/1851 5543/7379/1851
f 5543/7379/1852 5544/7378/1852 5546/7380/1852 5545/7381/1852
f 5545/7381/1853 5546/7380/1853 5548/7382/1853 5547/7383/1853
f 5547/7383/1854 5548/7382/1854 5550/7384/1854 5549/7385/1854
f 5549/7385/1855 5550/7384/1855 5552/7386/1855 5551/7387/1855
f 5551/7387/1856 5552/7386/1856 5554/7388/1856 5553/7389/1856
f 5553/7389/1857 5554/7388/1857 5556/7390/1857 5555/7391/1857
f 5555/7391/1858 5556/7390/1858 5558/7392/1858 5557/7393/1858
f 5557/7393/1859 5558/7392/1859 5560/7394/1859 5559/7395/1859
f 5559/7395/1860 5560/7394/1860 5562/7396/1860 5561/7397/1860
f 5561/7397/1861 5562/7396/1861 5564/7398/1861 5563/7399/1861
f 5563/7399/1862 5564/7398/1862 5566/7400/1862 5565/7401/1862
f 5565/7401/1863 5566/7400/1863 5568/7402/1863 5567/7403/1863
f 5567/7403/1864 5568/7402/1864 5570/7404/1864 5569/7405/1864
f 5569/7405/1865 5570/7404/1865 5572/7406/1865 5571/7407/1865
f 5571/7407/1866 5572/7406/1866 5574/7408/1866 5573/7409/1866
f 5573/7409/1867 5574/7408/1867 5576/7410/1867 5575/7411/1867
f 5575/7411/1868 5576/7410/1868 5578/7412/1868 5577/7413/1868
f 5577/7413/1869 5578/7412/1869 5580/7414/1869 5579/7415/1869
f 5579/7415/1870 5580/7414/1870 5582/7416/1870 5581/7417/1870
f 5581/7417/1871 5582/7416/1871 5584/7418/1871 5583/7419/1871
f 5583/7419/1872 5584/7418/1872 5586/7420/1872 5585/7421/1872
f 5585/7421/1873 5586/7420/1873 5588/7422/1873 5587/7423/1873
f 5587/7423/1874 5588/7422/1874 5590/7424/1874 5589/7425/1874
f 5589/7425/1875 5590/7424/1875 5592/7426/1875 5591/7427/1875
f 5591/7427/1876 5592/7426/1876 5594/7428/1876 5593/7429/1876
f 5593/7429/1877 5594/7428/1877 5596/7430/1877 5595/7431/1877
f 5595/7431/1878 5596/7430/1878 5598/7432/1878 5597/7433/1878
f 5597/7433/1879 5598/7432/1879 5600/7434/1879 5599/7435/1879
f 5599/7435/1880 5600/7434/1880 5602/7436/1880 5601/7437/1880
f 5601/7437/1881 5602/7436/1881 5604/7438/1881 5603/7439/1881
f 5603/7439/1882 5604/7438/1882 5606/7440/1882 5605/7441/1882
f 5605/7441/1883 5606/7440/1883 5608/7442/1883 5607/7443/1883
f 5607/7443/1884 5608/7442/1884 5610/7444/1884 5609/7445/1884
f 5609/7445/1885 5610/7444/1885 5612/7446/1885 5611/7447/1885
f 5611/7447/1886 5612/7446/1886 5614/7448/1886 5613/7449/1886
f 5613/7449/1887 5614/7448/1887 5616/7450/1887 5615/7451/1887
f 5615/7451/1888 5616/7450/1888 5618/7452/1888 5617/7453/1888
f 5617/7453/1889 5618/7452/1889 5620/7454/1889 5619/7455/1889
f 5619/7455/1890 5620/7454/1890 5622/7456/1890 5621/7457/1890
f 5621/7457/1891 5622/7456/1891 5624/7458/1891 5623/7459/1891
f 5623/7459/1892 5624/7458/1892 5626/7460/1892 5625/7461/1892
f 5625/7461/1893 5626/7460/1893 5628/7462/1893 5627/7463/1893
f 5627/7463/1894 5628/7462/1894 5630/7464/1894 5629/7465/1894
f 5629/7465/1895 5630/7464/1895 5632/7466/1895 5631/7467/1895
f 5631/7467/1896 5632/7466/1896 5634/7468/1896 5633/7469/1896
f 5633/7469/1897 5634/7468/1897 5636/7470/1897 5635/7471/1897
f 5635/7471/1898 5636/7470/1898 5638/7472/1898 5637/7473/1898
f 5637/7473/1899 5638/7472/1899 5640/7474/1899 5639/7475/1899
f 5639/7475/1900 5640/7474/1900 5642/7476/1900 5641/7477/1900
f 5641/7477/1901 5642/7476/1901 5644/7478/1901 5643/7479/1901
f 5643/7479/1902 5644/7478/1902 5646/7480/1902 5645/7481/1902
f 5645/7481/1903 5646/7480/1903 5648/7482/1903 5647/7483/1903
f 5647/7483/1904 5648/7482/1904 5650/7484/1904 5649/7485/1904
f 5649/7485/1905 5650/7484/1905 5652/7486/1905 5651/7487/1905
f 5651/7487/1906 5652/7486/1906 5654/7488/1906 5653/7489/1906
f 5653/7489/1907 5654/7488/1907 5656/7490/1907 5655/7491/1907
f 5655/7491/1908 5656/7490/1908 5658/7492/1908 5657/7493/1908
f 5657/7493/1909 5658/7492/1909 5660/7494/1909 5659/7495/1909
f 5659/7495/1910 5660/7494/1910 5662/7496/1910 5661/7497/1910
f 5661/7497/1911 5662/7496/1911 5664/7498/1911 5663/7499/1911
f 5663/7499/1912 5664/7498/1912 5666/7500/1912 5665/7501/1912
f 5665/7501/1913 5666/7500/1913 5668/7502/1913 5667/7503/1913
f 5667/7503/1914 5668/7502/1914 5670/7504/1914 5669/7505/1914
f 5669/7505/1915 5670/7504/1915 5672/7506/1915 5671/7507/1915
f 5671/7507/1916 5672/7506/1916 5674/7508/1916 5673/7509/1916
f 5673/7509/1917 5674/7508/1917 5676/7510/1917 5675/7511/1917
f 5675/7511/1918 5676/7510/1918 5678/7512/1918 5677/7513/1918
f 5677/7513/1919 5678/7512/1919 5680/7514/1919 5679/7515/1919
f 5679/7515/1920 5680/7514/1920 5682/7516/1920 5681/7517/1920
f 5681/7517/1921 5682/7516/1921 5684/7518/1921 5683/7519/1921
f 5683/7519/1922 5684/7518/1922 5686/7520/1922 5685/7521/1922
f 5685/7521/1923 5686/7520/1923 5688/7522/1923 5687/7523/1923
f 5687/7523/1924 5688/7522/1924 5690/7524/1924 5689/7525/1924
f 5689/7525/1925 5690/7524/1925 5692/7526/1925 5691/7527/1925
f 5691/7527/1926 5692/7526/1926 5694/7528/1926 5693/7529/1926
f 5693/7529/1927 5694/7528/1927 5696/7530/1927 5695/7531/1927
f 5695/7531/1928 5696/7530/1928 5698/7532/1928 5697/7533/1928
f 5697/7533/1929 5698/7532/1929 5700/7534/1929 5699/7535/1929
f 5699/7535/1930 5700/7534/1930 5702/7536/1930 5701/7537/1930
f 5701/7537/1931 5702/7536/1931 5704/7538/1931 5703/7539/1931
f 5703/7539/1932 5704/7538/1932 5706/7540/1932 5705/7541/1932
f 5705/7541/1933 5706/7540/1933 5708/7542/1933 5707/7543/1933
f 5707/7543/1934 5708/7542/1934 5710/7544/1934 5709/7545/1934
f 5709/7545/1935 5710/7544/1935 5712/7546/1935 5711/7547/1935
f 5711/7547/1936 5712/7546/1936 5714/7548/1936 5713/7549/1936
f 5713/7549/1937 5714/7548/1937 5716/7550/1937 5715/7551/1937
f 5715/7551/1938 5716/7550/1938 5718/7552/1938 5717/7553/1938
f 5717/7553/1939 5718/7552/1939 5720/7554/1939 5719/7555/1939
f 5719/7555/1940 5720/7554/1940 5722/7556/1940 5721/7557/1940
f 5721/7557/1941 5722/7556/1941 5724/7558/1941 5723/7559/1941
f 5723/7559/1942 5724/7558/1942 5726/7560/1942 5725/7561/1942
f 5725/7561/1943 5726/7560/1943 5728/7562/1943 5727/7563/1943
f 5727/7563/1944 5728/7562/1944 5730/7564/1944 5729/7565/1944
f 5729/7565/1945 5730/7564/1945 5732/7566/1945 5731/7567/1945
f 5731/7567/1946 5732/7566/1946 5734/7568/1946 5733/7569/1946
f 5733/7569/1947 5734/7568/1947 5736/7570/1947 5735/7571/1947
f 5735/7571/1948 5736/7570/1948 5738/7572/1948 5737/7573/1948
f 5737/7573/1949 5738/7572/1949 5740/7574/1949 5739/7575/1949
f 5739/7575/1950 5740/7574/1950 5742/7576/1950 5741/7577/1950
f 5741/7577/1951 5742/7576/1951 5744/7578/1951 5743/7579/1951
f 5743/7579/1952 5744/7578/1952 5746/7580/1952 5745/7581/1952
f 5745/7581/1953 5746/7580/1953 5748/7582/1953 5747/7583/1953
f 5747/7583/1954 5748/7582/1954 5750/7584/1954 5749/7585/1954
f 5749/7585/1955 5750/7584/1955 5752/7586/1955 5751/7587/1955
f 5751/7587/1956 5752/7586/1956 5754/7588/1956 5753/7589/1956
f 5753/7589/1957 5754/7588/1957 5756/7590/1957 5755/7591/1957
f 5755/7591/1958 5756/7590/1958 5758/7592/1958 5757/7593/1958
f 5757/7593/1959 5758/7592/1959 5760/7594/1959 5759/7595/1959
f 5759/7595/1960 5760/7594/1960 5762/7596/1960 5761/7597/1960
f 5761/7597/1961 5762/7596/1961 5764/7598/1961 5763/7599/1961
f 5763/7599/1962 5764/7598/1962 5766/7600/1962 5765/7601/1962
f 5765/7601/1963 5766/7600/1963 5768/7602/1963 5767/7603/1963
f 5767/7603/1964 5768/7602/1964 5770/7604/1964 5769/7605/1964
f 5769/7605/1965 5770/7604/1965 5772/7606/1965 5771/7607/1965
f 5771/7607/1966 5772/7606/1966 5774/7608/1966 5773/7609/1966
f 5773/7609/1967 5774/7608/1967 5776/7610/1967 5775/7611/1967
f 5775/7611/1968 5776/7610/1968 5778/7612/1968 5777/7613/1968
f 5777/7613/1969 5778/7612/1969 5780/7614/1969 5779/7615/1969
f 5779/7615/1970 5780/7614/1970 5782/7616/1970 5781/7617/1970
f 5781/7617/1971 5782/7616/1971 5784/7618/1971 5783/7619/1971
f 5783/7619/1972 5784/7618/1972 5786/7620/1972 5785/7621/1972
f 5785/7621/1973 5786/7620/1973 5788/7622/1973 5787/7623/1973
f 5787/7623/1974 5788/7622/1974 5790/7624/1974 5789/7625/1974
f 5789/7625/1975 5790/7624/1975 5792/7626/1975 5791/7627/1975
f 5791/7627/1976 5792/7626/1976 5794/7628/1976 5793/7629/1976
f 5793/7629/1977 5794/7628/1977 5796/7630/1977 5795/7631/1977
f 5795/7631/1978 5796/7630/1978 5798/7632/1978 5797/7633/1978
f 5797/7633/1979 5798/7632/1979 5800/7634/1979 5799/7635/1979
f 5799/7635/1980 5800/7634/1980 5802/7636/1980 5801/7637/1980
f 5801/7637/1981 5802/7636/1981 5804/7638/1981 5803/7639/1981
f 5803/7639/1982 5804/7638/1982 5806/7640/1982 5805/7641/1982
f 5805/7641/1983 5806/7640/1983 5808/7642/1983 5807/7643/1983
f 5807/7643/1984 5808/7642/1984 5810/7644/1984 5809/7645/1984
f 5809/7645/1985 5810/7644/1985 5812/7646/1985 5811/7647/1985
f 5811/7647/1986 5812/7646/1986 5814/7648/1986 5813/7649/1986
f 5813/7649/1987 5814/7648/1987 5816/7650/1987 5815/7651/1987
f 5815/7651/1988 5816/7650/1988 5818/7652/1988 5817/7653/1988
f 5817/7653/1989 5818/7652/1989 5820/7654/1989 5819/7655/1989
f 5819/7655/1990 5820/7654/1990 5822/7656/1990 5821/7657/1990
f 5821/7657/1991 5822/7656/1991 5824/7658/1991 5823/7659/1991
f 5823/7659/1992 5824/7658/1992 5826/7660/1992 5825/7661/1992
f 5825/7661/1993 5826/7660/1993 5828/7662/1993 5827/7663/1993
f 5827/7663/1994 5828/7662/1994 5830/7664/1994 5829/7665/1994
f 5829/7665/1995 5830/7664/1995 5832/7666/1995 5831/7667/1995
f 5831/7667/1996 5832/7666/1996 5834/7668/1996 5833/7669/1996
f 5833/7669/1997 5834/7668/1997 5836/7670/1997 5835/7671/1997
f 5835/7671/1998 5836/7670/1998 5838/7672/1998 5837/7673/1998
f 5837/7673/1999 5838/7672/1999 5840/7674/1999 5839/7675/1999
f 5839/7675/2000 5840/7674/2000 5842/7676/2000 5841/7677/2000
f 5841/7677/2001 5842/7676/2001 5844/7678/2001 5843/7679/2001
f 5843/7679/2002 5844/7678/2002 5846/7680/2002 5845/7681/2002
f 5845/7681/2003 5846/7680/2003 5848/7682/2003 5847/7683/2003
f 5847/7683/2004 5848/7682/2004 5850/7684/2004 5849/7685/2004
f 5849/7685/2005 5850/7684/2005 5852/7686/2005 5851/7687/2005
f 5851/7687/2006 5852/7686/2006 5854/7688/2006 5853/7689/2006
f 5853/7689/2007 5854/7688/2007 5856/7690/2007 5855/7691/2007
f 5855/7691/2008 5856/7690/2008 5858/7692/2008 5857/7693/2008
f 5857/7693/2009 5858/7692/2009 5860/7694/2009 5859/7695/2009
f 5859/7695/2010 5860/7694/2010 5862/7696/2010 5861/7697/2010
f 5861/7697/2011 5862/7696/2011 5864/7698/2011 5863/7699/2011
f 5863/7699/2012 5864/7698/2012 5866/7700/2012 5865/7701/2012
f 5865/7701/2013 5866/7700/2013 5868/7702/2013 5867/7703/2013
f 4874/7704/2014 4872/7705/2014 5870/7706/2014 5868/7707/2014 5866/7708/2014 5864/7709/2014 5862/7710/2014 5860/7711/2014 5858/7712/2014 5856/7713/2014 5854/7714/2014 5852/7715/2014 5850/7716/2014 5848/7717/2014 5846/7718/2014 5844/7719/2014 5842/7720/2014 5840/7721/2014 5838/7722/2014 5836/7723/2014 5834/7724/2014 5832/7725/2014 5830/7726/2014 5828/7727/2014 5826/7728/2014 5824/7729/2014 5822/7730/2014 5820/7731/2014 5818/7732/2014 5816/7733/2014 5814/7734/2014 5812/7735/2014 5810/7736/2014 5808/7737/2014 5806/7738/2014 5804/7739/2014 5802/7740/2014 5800/7741/2014 5798/7742/2014 5796/7743/2014 5794/7744/2014 5792/7745/2014 5790/7746/2014 5788/7747/2014 5786/7748/2014 5784/7749/2014 5782/7750/2014 5780/7751/2014 5778/7752/2014 5776/7753/2014 5774/7754/2014 5772/7755/2014 5770/7756/2014 5768/7757/2014 5766/7758/2014 5764/7759/2014 5762/7760/2014 5760/7761/2014 5758/7762/2014 5756/7763/2014 5754/7764/2014 5752/7765/2014 5750/7766/2014 5748/7767/2014 5746/7768/2014 5744/7769/2014 5742/7770/2014 5740/7771/2014 5738/7772/2014 5736/7773/2014 5734/7774/2014 5732/7775/2014 5730/7776/2014 5728/7777/2014 5726/7778/2014 5724/7779/2014 5722/7780/2014 5720/7781/2014 5718/7782/2014 5716/7783/2014 5714/7784/2014 5712/7785/2014 5710/7786/2014 5708/7787/2014 5706/7788/2014 5704/7789/2014 5702/7790/2014 5700/7791/2014 5698/7792/2014 5696/7793/2014 5694/7794/2014 5692/7795/2014 5690/7796/2014 5688/7797/2014 5686/7798/2014 5684/7799/2014 5682/7800/2014 5680/7801/2014 5678/7802/2014 5676/7803/2014 5674/7804/2014 5672/7805/2014 5670/7806/2014 5668/7807/2014 5666/7808/2014 5664/7809/2014 5662/7810/2014 5660/7811/2014 5658/7812/2014 5656/7813/2014 5654/7814/2014 5652/7815/2014 5650/7816/2014 5648/7817/2014 5646/7818/2014 5644/7819/2014 5642/7820/2014 5640/7821/2014 5638/7822/2014 5636/7823/2014 5634/7824/2014 5632/7825/2014 5630/7826/2014 5628/7827/2014 5626/7828/2014 5624/7829/2014 5622/7830/2014 5620/7831/2014 5618/7832/2014 5616/7833/2014 5614/7834/2014 5612/7835/2014 5610/7836/2014 5608/7837/2014 5606/7838/2014 5604/7839/2014 5602/7840/2014 5600/7841/2014 5598/7842/2014 5596/7843/2014 5594/7844/2014 5592/7845/2014 5590/7846/2014 5588/7847/2014 5586/7848/2014 5584/7849/2014 5582/7850/2014 5580/7851/2014 5578/7852/2014 5576/7853/2014 5574/7854/2014 5572/7855/2014 5570/7856/2014 5568/7857/2014 5566/7858/2014 5564/7859/2014 5562/7860/2014 5560/7861/2014 5558/7862/2014 5556/7863/2014 5554/7864/2014 5552/7865/2014 5550/7866/2014 5548/7867/2014 5546/7868/2014 5544/7869/2014 5542/7870/2014 5540/7871/2014 5538/7872/2014 5536/7873/2014 5534/7874/2014 5532/7875/2014 5530/7876/2014 5528/7877/2014 5526/7878/2014 5524/7879/2014 5522/7880/2014 5520/7881/2014 5518/7882/2014 5516/7883/2014 5514/7884/2014 5512/7885/2014 5510/7886/2014 5508/7887/2014 5506/7888/2014 5504/7889/2014 5502/7890/2014 5500/7891/2014 5498/7892/2014 5496/7893/2014 5494/7894/2014 5492/7895/2014 5490/7896/2014 5488/7897/2014 5486/7898/2014 5484/7899/2014 5482/7900/2014 5480/7901/2014 5478/7902/2014 5476/7903/2014 5474/7904/2014 5472/7905/2014 5470/7906/2014 5468/7907/2014 5466/7908/2014 5464/7909/2014 5462/7910/2014 5460/7911/2014 5458/7912/2014 5456/7913/2014 5454/7914/2014 5452/7915/2014 5450/7916/2014 5448/7917/2014 5446/7918/2014 5444/7919/2014 5442/7920/2014 5440/7921/2014 5438/7922/2014 5436/7923/2014 5434/7924/2014 5432/7925/2014 5430/7926/2014 5428/7927/2014 5426/7928/2014 5424/7929/2014 5422/7930/2014 5420/7931/2014 5418/7932/2014 5416/7933/2014 5414/7934/2014 5412/7935/2014 5410/7936/2014 5408/7937/2014 5406/7938/2014 5404/7939/2014 5402/7940/2014 5400/7941/2014 5398/7942/2014 5396/7943/2014 5394/7944/2014 5392/7945/2014 5390/7946/2014 5388/7947/2014 5386/7948/2014 5384/7949/2014 5382/7950/2014 5380/7951/2014 5378/7952/2014 5376/7953/2014 5374/7954/2014 5372/7955/2014 5370/7956/2014 5368/7957/2014 5366/7958/2014 5364/7959/2014 5362/7960/2014 5360/7961/2014 5358/7962/2014 5356/7963/2014 5354/7964/2014 5352/7965/2014 5350/7966/2014 5348/7967/2014 5346/7968/2014 5344/7969/2014 5342/7970/2014 5340/7971/2014 5338/7972/2014 5336/7973/2014 5334/7974/2014 5332/7975/2014 5330/7976/2014 5328/7977/2014 5326/7978/2014 5324/7979/2014 5322/7980/2014 5320/7981/2014 5318/7982/2014 5316/7983/2014 5314/7984/2014 5312/7985/2014 5310/7986/2014 5308/7987/2014 5306/7988/2014 5304/7989/2014 5302/7990/2014 5300/7991/2014 5298/7992/2014 5296/7993/2014 5294/7994/2014 5292/7995/2014 5290/7996/2014 5288/7997/2014 5286/7998/2014 5284/7999/2014 5282/8000/2014 5280/8001/2014 5278/8002/2014 5276/8003/2014 5274/8004/2014 5272/8005/2014 5270/8006/2014 5268/8007/2014 5266/8008/2014 5264/8009/2014 5262/8010/2014 5260/8011/2014 5258/8012/2014 5256/8013/2014 5254/8014/2014 5252/8015/2014 5250/8016/2014 5248/8017/2014 5246/8018/2014 5244/8019/2014 5242/8020/2014 5240/8021/2014 5238/8022/2014 5236/8023/2014 5234/8024/2014 5232/8025/2014 5230/8026/2014 5228/8027/2014 5226/8028/2014 5224/8029/2014 5222/8030/2014 5220/8031/2014 5218/8032/2014 5216/8033/2014 5214/8034/2014 5212/8035/2014 5210/8036/2014 5208/8037/2014 5206/8038/2014 5204/8039/2014 5202/8040/2014 5200/8041/2014 5198/8042/2014 5196/8043/2014 5194/8044/2014 5192/8045/2014 5190/8046/2014 5188/8047/2014 5186/8048/2014 5184/8049/2014 5182/8050/2014 5180/8051/2014 5178/8052/2014 5176/8053/2014 5174/8054/2014 5172/8055/2014 5170/8056/2014 5168/8057/2014 5166/8058/2014 5164/8059/2014 5162/8060/2014 5160/8061/2014 5158/8062/2014 5156/8063/2014 5154/8064/2014 5152/8065/2014 5150/8066/2014 5148/8067/2014 5146/8068/2014 5144/8069/2014 5142/8070/2014 5140/8071/2014 5138/8072/2014 5136/8073/2014 5134/8074/2014 5132/8075/2014 5130/8076/2014 5128/8077/2014 5126/8078/2014 5124/8079/2014 5122/8080/2014 5120/8081/2014 5118/8082/2014 5116/8083/2014 5114/8084/2014 5112/8085/2014 5110/8086/2014 5108/8087/2014 5106/8088/2014 5104/8089/2014 5102/8090/2014 5100/8091/2014 5098/8092/2014 5096/8093/2014 5094/8094/2014 5092/8095/2014 5090/8096/2014 5088/8097/2014 5086/8098/2014 5084/8099/2014 5082/8100/2014 5080/8101/2014 5078/8102/2014 5076/8103/2014 5074/8104/2014 5072/8105/2014 5070/8106/2014 5068/8107/2014 5066/8108/2014 5064/8109/2014 5062/8110/2014 5060/8111/2014 5058/8112/2014 5056/8113/2014 5054/8114/2014 5052/8115/2014 5050/8116/2014 5048/8117/2014 5046/8118/2014 5044/8119/2014 5042/8120/2014 5040/8121/2014 5038/8122/2014 5036/8123/2014 5034/8124/2014 5032/8125/2014 5030/8126/2014 5028/8127/2014 5026/8128/2014 5024/8129/2014 5022/8130/2014 5020/8131/2014 5018/8132/2014 5016/8133/2014 5014/8134/2014 5012/8135/2014 5010/8136/2014 5008/8137/2014 5006/8138/2014 5004/8139/2014 5002/8140/2014 5000/8141/2014 4998/8142/2014 4996/8143/2014 4994/8144/2014 4992/8145/2014 4990/8146/2014 4988/8147/2014 4986/8148/2014 4984/8149/2014 4982/8150/2014 4980/8151/2014 4978/8152/2014 4976/8153/2014 4974/8154/2014 4972/8155/2014 4970/8156/2014 4968/8157/2014 4966/8158/2014 4964/8159/2014 4962/8160/2014 4960/8161/2014 4958/8162/2014 4956/8163/2014 4954/8164/2014 4952/8165/2014 4950/8166/2014 4948/8167/2014 4946/8168/2014 4944/8169/2014 4942/8170/2014 4940/8171/2014 4938/8172/2014 4936/8173/2014 4934/8174/2014 4932/8175/2014 4930/8176/2014 4928/8177/2014 4926/8178/2014 4924/8179/2014 4922/8180/2014 4920/8181/2014 4918/8182/2014 4916/8183/2014 4914/8184/2014 4912/8185/2014 4910/8186/2014 4908/8187/2014 4906/8188/2014 4904/8189/2014 4902/8190/2014 4900/8191/2014 4898/8192/2014 4896/8193/2014 4894/8194/2014 4892/8195/2014 4890/8196/2014 4888/8197/2014 4886/8198/2014 4884/8199/2014 4882/8200/2014 4880/8201/2014 4878/8202/2014 4876/8203/2014
f 5867/7703/2015 5868/7702/2015 5870/8204/2015 5869/8205/2015
f 5869/8205/2016 5870/8204/2016 4872/8206/2016 4871/8207/2016
f 4871/8208/2017 4873/8209/2017 4875/8210/2017 4877/8211/2017 4879/8212/2017 4881/8213/2017 4883/8214/2017 4885/8215/2017 4887/8216/2017 4889/8217/2017 4891/8218/2017 4893/8219/2017 4895/8220/2017 4897/8221/2017 4899/8222/2017 4901/8223/2017 4903/8224/2017 4905/8225/2017 4907/8226/2017 4909/8227/2017 4911/8228/2017 4913/8229/2017 4915/8230/2017 4917/8231/2017 4919/8232/2017 4921/8233/2017 4923/8234/2017 4925/8235/2017 4927/8236/2017 4929/8237/2017 4931/8238/2017 4933/8239/2017 4935/8240/2017 4937/8241/2017 4939/8242/2017 4941/8243/2017 4943/8244/2017 4945/8245/2017 4947/8246/2017 4949/8247/2017 4951/8248/2017 4953/8249/2017 4955/8250/2017 4957/8251/2017 4959/8252/2017 4961/8253/2017 4963/8254/2017 4965/8255/2017 4967/8256/2017 4969/8257/2017 4971/8258/2017 4973/8259/2017 4975/8260/2017 4977/8261/2017 4979/8262/2017 4981/8263/2017 4983/8264/2017 4985/8265/2017 4987/8266/2017 4989/8267/2017 4991/8268/2017 4993/8269/2017 4995/8270/2017 4997/8271/2017 4999/8272/2017 5001/8273/2017 5003/8274/2017 5005/8275/2017 5007/8276/2017 5009/8277/2017 5011/8278/2017 5013/8279/2017 5015/8280/2017 5017/8281/2017 5019/8282/2017 5021/8283/2017 5023/8284/2017 5025/8285/2017 5027/8286/2017 5029/8287/2017 5031/8288/2017 5033/8289/2017 5035/8290/2017 5037/8291/2017 5039/8292/2017 5041/8293/2017 5043/8294/2017 5045/8295/2017 5047/8296/2017 5049/8297/2017 5051/8298/2017 5053/8299/2017 5055/8300/2017 5057/8301/2017 5059/8302/2017 5061/8303/2017 5063/8304/2017 5065/8305/2017 5067/8306/2017 5069/8307/2017 5071/8308/2017 5073/8309/2017 5075/8310/2017 5077/8311/2017 5079/8312/2017 5081/8313/2017 5083/8314/2017 5085/8315/2017 5087/8316/2017 5089/8317/2017 5091/8318/2017 5093/8319/2017 5095/8320/2017 5097/8321/2017 5099/8322/2017 5101/8323/2017 5103/8324/2017 5105/8325/2017 5107/8326/2017 5109/8327/2017 5111/8328/2017 5113/8329/2017 5115/8330/2017 5117/8331/2017 5119/8332/2017 5121/8333/2017 5123/8334/2017 5125/8335/2017 5127/8336/2017 5129/8337/2017 5131/8338/2017 5133/8339/2017 5135/8340/2017 5137/8341/2017 5139/8342/2017 5141/8343/2017 5143/8344/2017 5145/8345/2017 5147/8346/2017 5149/8347/2017 5151/8348/2017 5153/8349/2017 5155/8350/2017 5157/8351/2017 5159/8352/2017 5161/8353/2017 5163/8354/2017 5165/8355/2017 5167/8356/2017 5169/8357/2017 5171/8358/2017 5173/8359/2017 5175/8360/2017 5177/8361/2017 5179/8362/2017 5181/8363/2017 5183/8364/2017 5185/8365/2017 5187/8366/2017 5189/8367/2017 5191/8368/2017 5193/8369/2017 5195/8370/2017 5197/8371/2017 5199/8372/2017 5201/8373/2017 5203/8374/2017 5205/8375/2017 5207/8376/2017 5209/8377/2017 5211/8378/2017 5213/8379/2017 5215/8380/2017 5217/8381/2017 5219/8382/2017 5221/8383/2017 5223/8384/2017 5225/8385/2017 5227/8386/2017 5229/8387/2017 5231/8388/2017 5233/8389/2017 5235/8390/2017 5237/8391/2017 5239/8392/2017 5241/8393/2017 5243/8394/2017 5245/8395/2017 5247/8396/2017 5249/8397/2017 5251/8398/2017 5253/8399/2017 5255/8400/2017 5257/8401/2017 5259/8402/2017 5261/8403/2017 5263/8404/2017 5265/8405/2017 5267/8406/2017 5269/8407/2017 5271/8408/2017 5273/8409/2017 5275/8410/2017 5277/8411/2017 5279/8412/2017 5281/8413/2017 5283/8414/2017 5285/8415/2017 5287/8416/2017 5289/8417/2017 5291/8418/2017 5293/8419/2017 5295/8420/2017 5297/8421/2017 5299/8422/2017 5301/8423/2017 5303/8424/2017 5305/8425/2017 5307/8426/2017 5309/8427/2017 5311/8428/2017 5313/8429/2017 5315/8430/2017 5317/8431/2017 5319/8432/2017 5321/8433/2017 5323/8434/2017 5325/8435/2017 5327/8436/2017 5329/8437/2017 5331/8438/2017 5333/8439/2017 5335/8440/2017 5337/8441/2017 5339/8442/2017 5341/8443/2017 5343/8444/2017 5345/8445/2017 5347/8446/2017 5349/8447/2017 5351/8448/2017 5353/8449/2017 5355/8450/2017 5357/8451/2017 5359/8452/2017 5361/8453/2017 5363/8454/2017 5365/8455/2017 5367/8456/2017 5369/8457/2017 5371/8458/2017 5373/8459/2017 5375/8460/2017 5377/8461/2017 5379/8462/2017 5381/8463/2017 5383/8464/2017 5385/8465/2017 5387/8466/2017 5389/8467/2017 5391/8468/2017 5393/8469/2017 5395/8470/2017 5397/8471/2017 5399/8472/2017 5401/8473/2017 5403/8474/2017 5405/8475/2017 5407/8476/2017 5409/8477/2017 5411/8478/2017 5413/8479/2017 5415/8480/2017 5417/8481/2017 5419/8482/2017 5421/8483/2017 5423/8484/2017 5425/8485/2017 5427/8486/2017 5429/8487/2017 5431/8488/2017 5433/8489/2017 5435/8490/2017 5437/8491/2017 5439/8492/2017 5441/8493/2017 5443/8494/2017 5445/8495/2017 5447/8496/2017 5449/8497/2017 5451/8498/2017 5453/8499/2017 5455/8500/2017 5457/8501/2017 5459/8502/2017 5461/8503/2017 5463/8504/2017 5465/8505/2017 5467/8506/2017 5469/8507/2017 5471/8508/2017 5473/8509/2017 5475/8510/2017 5477/8511/2017 5479/8512/2017 5481/8513/2017 5483/8514/2017 5485/8515/2017 5487/8516/2017 5489/8517/2017 5491/8518/2017 5493/8519/2017 5495/8520/2017 5497/8521/2017 5499/8522/2017 5501/8523/2017 5503/8524/2017 5505/8525/2017 5507/8526/2017 5509/8527/2017 5511/8528/2017 5513/8529/2017 5515/8530/2017 5517/8531/2017 5519/8532/2017 5521/8533/2017 5523/8534/2017 5525/8535/2017 5527/8536/2017 5529/8537/2017 5531/8538/2017 5533/8539/2017 5535/8540/2017 5537/8541/2017 5539/8542/2017 5541/8543/2017 5543/8544/2017 5545/8545/2017 5547/8546/2017 5549/8547/2017 5551/8548/2017 5553/8549/2017 5555/8550/2017 5557/8551/2017 5559/8552/2017 5561/8553/2017 5563/8554/2017 5565/8555/2017 5567/8556/2017 5569/8557/2017 5571/8558/2017 5573/8559/2017 5575/8560/2017 5577/8561/2017 5579/8562/2017 5581/8563/2017 5583/8564/2017 5585/8565/2017 5587/8566/2017 5589/8567/2017 5591/8568/2017 5593/8569/2017 5595/8570/2017 5597/8571/2017 5599/8572/2017 5601/8573/2017 5603/8574/2017 5605/8575/2017 5607/8576/2017 5609/8577/2017 5611/8578/2017 5613/8579/2017 5615/8580/2017 5617/8581/2017 5619/8582/2017 5621/8583/2017 5623/8584/2017 5625/8585/2017 5627/8586/2017 5629/8587/2017 5631/8588/2017 5633/8589/2017 5635/8590/2017 5637/8591/2017 5639/8592/2017 5641/8593/2017 5643/8594/2017 5645/8595/2017 5647/8596/2017 5649/8597/2017 5651/8598/2017 5653/8599/2017 5655/8600/2017 5657/8601/2017 5659/8602/2017 5661/8603/2017 5663/8604/2017 5665/8605/2017 5667/8606/2017 5669/8607/2017 5671/8608/2017 5673/8609/2017 5675/8610/2017 5677/8611/2017 5679/8612/2017 5681/8613/2017 5683/8614/2017 5685/8615/2017 5687/8616/2017 5689/8617/2017 5691/8618/2017 5693/8619/2017 5695/8620/2017 5697/8621/2017 5699/8622/2017 5701/8623/2017 5703/8624/2017 5705/8625/2017 5707/8626/2017 5709/8627/2017 5711/8628/2017 5713/8629/2017 5715/8630/2017 5717/8631/2017 5719/8632/2017 5721/8633/2017 5723/8634/2017 5725/8635/2017 5727/8636/2017 5729/8637/2017 5731/8638/2017 5733/8639/2017 5735/8640/2017 5737/8641/2017 5739/8642/2017 5741/8643/2017 5743/8644/2017 5745/8645/2017 5747/8646/2017 5749/8647/2017 5751/8648/2017 5753/8649/2017 5755/8650/2017 5757/8651/2017 5759/8652/2017 5761/8653/2017 5763/8654/2017 5765/8655/2017 5767/8656/2017 5769/8657/2017 5771/8658/2017 5773/8659/2017 5775/8660/2017 5777/8661/2017 5779/8662/2017 5781/8663/2017 5783/8664/2017 5785/8665/2017 5787/8666/2017 5789/8667/2017 5791/8668/2017 5793/8669/2017 5795/8670/2017 5797/8671/2017 5799/8672/2017 5801/8673/2017 5803/8674/2017 5805/8675/2017 5807/8676/2017 5809/8677/2017 5811/8678/2017 5813/8679/2017 5815/8680/2017 5817/8681/2017 5819/8682/2017 5821/8683/2017 5823/8684/2017 5825/8685/2017 5827/8686/2017 5829/8687/2017 5831/8688/2017 5833/8689/2017 5835/8690/2017 5837/8691/2017 5839/8692/2017 5841/8693/2017 5843/8694/2017 5845/8695/2017 5847/8696/2017 5849/8697/2017 5851/8698/2017 5853/8699/2017 5855/8700/2017 5857/8701/2017 5859/8702/2017 5861/8703/2017 5863/8704/2017 5865/8705/2017 5867/8706/2017 5869/8707/2017
o Cylinder.004
v -0.183860 3.820351 -2.984087
v -1.033915 3.721999 -1.979033
v -0.183627 3.819646 -2.983959
v -1.033682 3.721294 -1.978905
v -0.183401 3.818937 -2.983837
v -1.033456 3.720585 -1.978783
v -0.183181 3.818225 -2.983721
v -1.033236 3.719873 -1.978666
v -0.182968 3.817510 -2.983610
v -1.033023 3.719158 -1.978556
v -0.182762 3.816792 -2.983506
v -1.032817 3.718441 -1.978452
v -0.182563 3.816072 -2.983408
v -1.032618 3.717720 -1.978354
v -0.182370 3.815349 -2.983316
v -1.032425 3.716997 -1.978262
v -0.182184 3.814623 -2.983230
v -1.032239 3.716271 -1.978176
v -0.182006 3.813895 -2.983150
v -1.032060 3.715544 -1.978096
v -0.181834 3.813165 -2.983076
v -1.031888 3.714813 -1.978022
v -0.181669 3.812432 -2.983008
v -1.031723 3.714081 -1.977954
v -0.181510 3.811697 -2.982946
v -1.031565 3.713346 -1.977892
v -0.181359 3.810961 -2.982890
v -1.031414 3.712609 -1.977836
v -0.181215 3.810223 -2.982841
v -1.031270 3.711871 -1.977787
v -0.181078 3.809482 -2.982797
v -1.031133 3.711131 -1.977743
v -0.180948 3.808741 -2.982760
v -1.031003 3.710389 -1.977706
v -0.180825 3.807997 -2.982728
v -1.030880 3.709646 -1.977674
v -0.180709 3.807253 -2.982703
v -1.030764 3.708901 -1.977649
v -0.180601 3.806507 -2.982684
v -1.030656 3.708155 -1.977630
v -0.180499 3.805760 -2.982671
v -1.030554 3.707408 -1.977618
v -0.180405 3.805012 -2.982665
v -1.030459 3.706660 -1.977611
v -0.180317 3.804263 -2.982664
v -1.030372 3.705911 -1.977610
v -0.180237 3.803514 -2.982670
v -1.030292 3.705162 -1.977616
v -0.180164 3.802763 -2.982682
v -1.030219 3.704411 -1.977628
v -0.180098 3.802012 -2.982699
v -1.030153 3.703660 -1.977646
v -0.180040 3.801261 -2.982723
v -1.030095 3.702909 -1.977669
v -0.179989 3.800509 -2.982754
v -1.030043 3.702157 -1.977700
v -0.179944 3.799757 -2.982790
v -1.029999 3.701406 -1.977736
v -0.179908 3.799006 -2.982832
v -1.029962 3.700654 -1.977778
v -0.179878 3.798254 -2.982881
v -1.029933 3.699902 -1.977827
v -0.179855 3.797502 -2.982935
v -1.029910 3.699150 -1.977881
v -0.179840 3.796751 -2.982996
v -1.029895 3.698399 -1.977942
v -0.179832 3.796000 -2.983063
v -1.029887 3.697648 -1.978009
v -0.179832 3.795249 -2.983136
v -1.029887 3.696898 -1.978082
v -0.179838 3.794499 -2.983215
v -1.029893 3.696148 -1.978161
v -0.179852 3.793751 -2.983300
v -1.029907 3.695399 -1.978246
v -0.179873 3.793002 -2.983391
v -1.029928 3.694651 -1.978337
v -0.179902 3.792255 -2.983488
v -1.029956 3.693903 -1.978434
v -0.179937 3.791509 -2.983591
v -1.029992 3.693157 -1.978537
v -0.179980 3.790764 -2.983700
v -1.030035 3.692413 -1.978646
v -0.180030 3.790021 -2.983815
v -1.030085 3.691669 -1.978761
v -0.180087 3.789279 -2.983936
v -1.030142 3.690927 -1.978882
v -0.180152 3.788538 -2.984063
v -1.030206 3.690187 -1.979009
v -0.180223 3.787800 -2.984196
v -1.030278 3.689448 -1.979142
v -0.180302 3.787063 -2.984335
v -1.030357 3.688711 -1.979281
v -0.180388 3.786328 -2.984479
v -1.030443 3.687976 -1.979425
v -0.180481 3.785595 -2.984630
v -1.030536 3.687243 -1.979576
v -0.180582 3.784864 -2.984786
v -1.030636 3.686512 -1.979732
v -0.180689 3.784136 -2.984948
v -1.030744 3.685784 -1.979894
v -0.180804 3.783410 -2.985116
v -1.030858 3.685058 -1.980062
v -0.180925 3.782686 -2.985290
v -1.030980 3.684334 -1.980236
v -0.181054 3.781965 -2.985469
v -1.031109 3.683614 -1.980415
v -0.181190 3.781247 -2.985654
v -1.031245 3.682895 -1.980600
v -0.181332 3.780532 -2.985845
v -1.031387 3.682180 -1.980791
v -0.181482 3.779819 -2.986042
v -1.031537 3.681468 -1.980988
v -0.181639 3.779110 -2.986244
v -1.031694 3.680758 -1.981190
v -0.181803 3.778404 -2.986451
v -1.031858 3.680052 -1.981397
v -0.181974 3.777701 -2.986665
v -1.032028 3.679349 -1.981611
v -0.182151 3.777002 -2.986883
v -1.032206 3.678650 -1.981829
v -0.182336 3.776306 -2.987107
v -1.032391 3.677954 -1.982053
v -0.182527 3.775614 -2.987337
v -1.032582 3.677262 -1.982283
v -0.182725 3.774925 -2.987572
v -1.032780 3.676574 -1.982518
v -0.182930 3.774241 -2.987812
v -1.032985 3.675889 -1.982758
v -0.183142 3.773560 -2.988058
v -1.033197 3.675208 -1.983004
v -0.183360 3.772883 -2.988309
v -1.033415 3.674532 -1.983255
v -0.183585 3.772211 -2.988565
v -1.033640 3.673859 -1.983511
v -0.183817 3.771543 -2.988827
v -1.033872 3.673191 -1.983773
v -0.184056 3.770879 -2.989093
v -1.034111 3.672527 -1.984039
v -0.184301 3.770220 -2.989365
v -1.034356 3.671868 -1.984311
v -0.184552 3.769565 -2.989642
v -1.034607 3.671213 -1.984588
v -0.184810 3.768915 -2.989923
v -1.034865 3.670563 -1.984869
v -0.185075 3.768270 -2.990210
v -1.035130 3.669918 -1.985156
v -0.185346 3.767630 -2.990502
v -1.035401 3.669278 -1.985448
v -0.185623 3.766994 -2.990799
v -1.035678 3.668643 -1.985745
v -0.185907 3.766364 -2.991100
v -1.035962 3.668013 -1.986046
v -0.186197 3.765739 -2.991407
v -1.036252 3.667388 -1.986353
v -0.186493 3.765120 -2.991718
v -1.036548 3.666768 -1.986664
v -0.186795 3.764506 -2.992034
v -1.036850 3.666154 -1.986980
v -0.187104 3.763897 -2.992354
v -1.037158 3.665545 -1.987300
v -0.187418 3.763294 -2.992679
v -1.037473 3.664942 -1.987625
v -0.187739 3.762696 -2.993009
v -1.037794 3.664345 -1.987955
v -0.188066 3.762105 -2.993343
v -1.038121 3.663753 -1.988289
v -0.188398 3.761519 -2.993682
v -1.038453 3.663167 -1.988628
v -0.188737 3.760939 -2.994025
v -1.038792 3.662587 -1.988971
v -0.189081 3.760365 -2.994372
v -1.039136 3.662013 -1.989318
v -0.189431 3.759798 -2.994724
v -1.039486 3.661446 -1.989670
v -0.189787 3.759236 -2.995080
v -1.039842 3.660884 -1.990026
v -0.190149 3.758681 -2.995440
v -1.040204 3.660329 -1.990386
v -0.190516 3.758132 -2.995804
v -1.040571 3.659781 -1.990750
v -0.190889 3.757590 -2.996173
v -1.040943 3.659239 -1.991119
v -0.191267 3.757055 -2.996545
v -1.041322 3.658703 -1.991491
v -0.191650 3.756526 -2.996921
v -1.041705 3.658174 -1.991867
v -0.192040 3.756004 -2.997301
v -1.042094 3.657652 -1.992247
v -0.192434 3.755488 -2.997685
v -1.042489 3.657137 -1.992631
v -0.192834 3.754980 -2.998073
v -1.042888 3.656628 -1.993019
v -0.193238 3.754479 -2.998465
v -1.043293 3.656127 -1.993411
v -0.193648 3.753984 -2.998860
v -1.043703 3.655633 -1.993806
v -0.194063 3.753497 -2.999258
v -1.044118 3.655146 -1.994204
v -0.194483 3.753017 -2.999660
v -1.044538 3.654666 -1.994606
v -0.194908 3.752545 -3.000066
v -1.044963 3.654193 -1.995012
v -0.195338 3.752080 -3.000475
v -1.045393 3.653728 -1.995421
v -0.195773 3.751622 -3.000888
v -1.045828 3.653270 -1.995834
v -0.196212 3.751172 -3.001303
v -1.046267 3.652820 -1.996249
v -0.196656 3.750729 -3.001722
v -1.046711 3.652378 -1.996668
v -0.197105 3.750294 -3.002144
v -1.047160 3.651943 -1.997090
v -0.197558 3.749867 -3.002569
v -1.047613 3.651515 -1.997515
v -0.198016 3.749448 -3.002997
v -1.048070 3.651096 -1.997943
v -0.198478 3.749036 -3.003428
v -1.048532 3.650685 -1.998374
v -0.198944 3.748633 -3.003862
v -1.048999 3.650281 -1.998808
v -0.199414 3.748237 -3.004299
v -1.049469 3.649886 -1.999245
v -0.199889 3.747850 -3.004738
v -1.049944 3.649498 -1.999684
v -0.200368 3.747470 -3.005180
v -1.050423 3.649119 -2.000126
v -0.200850 3.747099 -3.005625
v -1.050905 3.648748 -2.000571
v -0.201337 3.746737 -3.006072
v -1.051392 3.648385 -2.001018
v -0.201828 3.746382 -3.006521
v -1.051883 3.648030 -2.001467
v -0.202322 3.746036 -3.006974
v -1.052377 3.647684 -2.001920
v -0.202820 3.745698 -3.007428
v -1.052875 3.647346 -2.002374
v -0.203322 3.745368 -3.007884
v -1.053376 3.647017 -2.002830
v -0.203827 3.745048 -3.008343
v -1.053882 3.646696 -2.003289
v -0.204335 3.744735 -3.008804
v -1.054390 3.646384 -2.003750
v -0.204847 3.744431 -3.009266
v -1.054902 3.646080 -2.004212
v -0.205363 3.744137 -3.009731
v -1.055418 3.645785 -2.004677
v -0.205881 3.743850 -3.010198
v -1.055936 3.645499 -2.005144
v -0.206403 3.743573 -3.010666
v -1.056458 3.645221 -2.005612
v -0.206928 3.743304 -3.011136
v -1.056982 3.644952 -2.006082
v -0.207455 3.743044 -3.011608
v -1.057510 3.644692 -2.006554
v -0.207986 3.742793 -3.012081
v -1.058041 3.644442 -2.007027
v -0.208519 3.742551 -3.012556
v -1.058574 3.644199 -2.007502
v -0.209055 3.742318 -3.013032
v -1.059110 3.643966 -2.007978
v -0.209594 3.742094 -3.013510
v -1.059649 3.643742 -2.008456
v -0.210135 3.741879 -3.013988
v -1.060190 3.643527 -2.008934
v -0.210679 3.741673 -3.014468
v -1.060734 3.643321 -2.009414
v -0.211225 3.741476 -3.014950
v -1.061280 3.643124 -2.009896
v -0.211773 3.741288 -3.015432
v -1.061828 3.642937 -2.010378
v -0.212324 3.741110 -3.015915
v -1.062379 3.642758 -2.010861
v -0.212877 3.740940 -3.016399
v -1.062932 3.642589 -2.011345
v -0.213431 3.740780 -3.016884
v -1.063486 3.642428 -2.011830
v -0.213988 3.740629 -3.017370
v -1.064043 3.642277 -2.012316
v -0.214547 3.740488 -3.017856
v -1.064601 3.642136 -2.012802
v -0.215107 3.740355 -3.018342
v -1.065162 3.642004 -2.013288
v -0.215669 3.740232 -3.018830
v -1.065724 3.641881 -2.013776
v -0.216232 3.740119 -3.019318
v -1.066287 3.641767 -2.014264
v -0.216798 3.740014 -3.019806
v -1.066852 3.641662 -2.014752
v -0.217364 3.739919 -3.020294
v -1.067419 3.641567 -2.015240
v -0.217932 3.739833 -3.020783
v -1.067987 3.641482 -2.015729
v -0.218501 3.739757 -3.021272
v -1.068556 3.641405 -2.016218
v -0.219071 3.739690 -3.021760
v -1.069126 3.641339 -2.016706
v -0.219642 3.739633 -3.022249
v -1.069697 3.641281 -2.017195
v -0.220214 3.739585 -3.022738
v -1.070269 3.641233 -2.017684
v -0.220787 3.739546 -3.023226
v -1.070842 3.641195 -2.018172
v -0.221361 3.739517 -3.023715
v -1.071416 3.641165 -2.018661
v -0.221936 3.739497 -3.024202
v -1.071991 3.641146 -2.019148
v -0.222511 3.739487 -3.024690
v -1.072566 3.641136 -2.019636
v -0.223087 3.739486 -3.025177
v -1.073141 3.641135 -2.020123
v -0.223663 3.739495 -3.025663
v -1.073718 3.641144 -2.020609
v -0.224239 3.739513 -3.026149
v -1.074294 3.641162 -2.021095
v -0.224816 3.739541 -3.026634
v -1.074871 3.641189 -2.021580
v -0.225392 3.739578 -3.027118
v -1.075447 3.641226 -2.022064
v -0.225969 3.739624 -3.027601
v -1.076024 3.641273 -2.022547
v -0.226546 3.739680 -3.028084
v -1.076601 3.641328 -2.023030
v -0.227123 3.739745 -3.028565
v -1.077178 3.641394 -2.023511
v -0.227699 3.739820 -3.029045
v -1.077754 3.641468 -2.023991
v -0.228275 3.739904 -3.029524
v -1.078330 3.641552 -2.024470
v -0.228851 3.739998 -3.030002
v -1.078906 3.641646 -2.024948
v -0.229426 3.740100 -3.030478
v -1.079481 3.641749 -2.025424
v -0.230001 3.740213 -3.030954
v -1.080056 3.641861 -2.025900
v -0.230575 3.740334 -3.031427
v -1.080630 3.641982 -2.026373
v -0.231148 3.740465 -3.031899
v -1.081203 3.642113 -2.026845
v -0.231720 3.740605 -3.032370
v -1.081775 3.642253 -2.027316
v -0.232292 3.740754 -3.032838
v -1.082347 3.642403 -2.027784
v -0.232862 3.740913 -3.033305
v -1.082917 3.642561 -2.028251
v -0.233432 3.741081 -3.033770
v -1.083486 3.642729 -2.028716
v -0.234000 3.741258 -3.034233
v -1.084054 3.642906 -2.029179
v -0.234566 3.741444 -3.034694
v -1.084621 3.643092 -2.029640
v -0.235132 3.741640 -3.035153
v -1.085186 3.643288 -2.030099
v -0.235695 3.741844 -3.035610
v -1.085750 3.643492 -2.030556
v -0.236258 3.742058 -3.036065
v -1.086313 3.643706 -2.031011
v -0.236818 3.742280 -3.036517
v -1.086873 3.643929 -2.031463
v -0.237377 3.742512 -3.036967
v -1.087432 3.644160 -2.031913
v -0.237934 3.742752 -3.037415
v -1.087989 3.644401 -2.032361
v -0.238489 3.743002 -3.037860
v -1.088544 3.644650 -2.032806
v -0.239042 3.743260 -3.038302
v -1.089097 3.644908 -2.033248
v -0.239593 3.743527 -3.038742
v -1.089648 3.645176 -2.033688
v -0.240142 3.743804 -3.039180
v -1.090197 3.645452 -2.034126
v -0.240689 3.744088 -3.039614
v -1.090744 3.645737 -2.034560
v -0.241233 3.744382 -3.040045
v -1.091288 3.646030 -2.034991
v -0.241775 3.744684 -3.040474
v -1.091830 3.646332 -2.035420
v -0.242314 3.744995 -3.040900
v -1.092369 3.646643 -2.035846
v -0.242850 3.745314 -3.041322
v -1.092905 3.646963 -2.036268
v -0.243384 3.745642 -3.041742
v -1.093439 3.647291 -2.036688
v -0.243915 3.745979 -3.042158
v -1.093970 3.647627 -2.037104
v -0.244443 3.746324 -3.042571
v -1.094498 3.647972 -2.037517
v -0.244969 3.746677 -3.042980
v -1.095024 3.648325 -2.037926
v -0.245491 3.747038 -3.043387
v -1.095546 3.648687 -2.038333
v -0.246010 3.747408 -3.043790
v -1.096065 3.649056 -2.038736
v -0.246526 3.747786 -3.044189
v -1.096581 3.649434 -2.039135
v -0.247039 3.748172 -3.044585
v -1.097093 3.649821 -2.039531
v -0.247548 3.748566 -3.044977
v -1.097603 3.650215 -2.039923
v -0.248054 3.748969 -3.045365
v -1.098108 3.650617 -2.040311
v -0.248556 3.749379 -3.045750
v -1.098611 3.651027 -2.040696
v -0.249054 3.749797 -3.046131
v -1.099109 3.651445 -2.041077
v -0.249549 3.750223 -3.046508
v -1.099604 3.651871 -2.041454
v -0.250041 3.750656 -3.046881
v -1.100096 3.652305 -2.041827
v -0.250528 3.751098 -3.047250
v -1.100583 3.652746 -2.042196
v -0.251012 3.751547 -3.047615
v -1.101066 3.653195 -2.042561
v -0.251491 3.752003 -3.047976
v -1.101546 3.653651 -2.042922
v -0.251966 3.752467 -3.048332
v -1.102021 3.654115 -2.043278
v -0.252438 3.752938 -3.048685
v -1.102493 3.654587 -2.043631
v -0.252905 3.753417 -3.049033
v -1.102960 3.655065 -2.043979
v -0.253368 3.753903 -3.049377
v -1.103422 3.655551 -2.044323
v -0.253826 3.754396 -3.049716
v -1.103881 3.656044 -2.044662
v -0.254280 3.754896 -3.050051
v -1.104335 3.656544 -2.044997
v -0.254729 3.755403 -3.050382
v -1.104784 3.657052 -2.045328
v -0.255174 3.755918 -3.050708
v -1.105229 3.657566 -2.045654
v -0.255614 3.756438 -3.051029
v -1.105669 3.658087 -2.045975
v -0.256050 3.756966 -3.051346
v -1.106105 3.658614 -2.046292
v -0.256481 3.757501 -3.051658
v -1.106535 3.659149 -2.046604
v -0.256906 3.758042 -3.051965
v -1.106961 3.659690 -2.046911
v -0.257327 3.758589 -3.052268
v -1.107382 3.660238 -2.047214
v -0.257743 3.759143 -3.052565
v -1.107798 3.660791 -2.047511
v -0.258154 3.759704 -3.052858
v -1.108209 3.661352 -2.047804
v -0.258560 3.760270 -3.053146
v -1.108615 3.661918 -2.048092
v -0.258961 3.760843 -3.053428
v -1.109015 3.662491 -2.048374
v -0.259356 3.761422 -3.053706
v -1.109411 3.663070 -2.048652
v -0.259746 3.762007 -3.053979
v -1.109801 3.663655 -2.048925
v -0.260131 3.762597 -3.054246
v -1.110186 3.664246 -2.049192
v -0.260510 3.763194 -3.054509
v -1.110565 3.664842 -2.049455
v -0.260884 3.763796 -3.054766
v -1.110939 3.665444 -2.049712
v -0.261252 3.764404 -3.055018
v -1.111307 3.666052 -2.049964
v -0.261614 3.765017 -3.055264
v -1.111669 3.666666 -2.050210
v -0.261971 3.765636 -3.055506
v -1.112026 3.667284 -2.050452
v -0.262323 3.766260 -3.055742
v -1.112377 3.667908 -2.050688
v -0.262668 3.766889 -3.055972
v -1.112723 3.668538 -2.050918
v -0.263008 3.767524 -3.056197
v -1.113062 3.669172 -2.051143
v -0.263341 3.768163 -3.056417
v -1.113396 3.669811 -2.051363
v -0.263669 3.768807 -3.056631
v -1.113724 3.670456 -2.051577
v -0.263991 3.769457 -3.056840
v -1.114046 3.671105 -2.051786
v -0.264307 3.770111 -3.057043
v -1.114361 3.671759 -2.051989
v -0.264616 3.770769 -3.057240
v -1.114671 3.672417 -2.052186
v -0.264920 3.771432 -3.057432
v -1.114974 3.673080 -2.052378
v -0.265217 3.772099 -3.057618
v -1.115272 3.673748 -2.052564
v -0.265508 3.772771 -3.057799
v -1.115563 3.674419 -2.052745
v -0.265793 3.773447 -3.057973
v -1.115848 3.675095 -2.052919
v -0.266071 3.774127 -3.058142
v -1.116126 3.675775 -2.053088
v -0.266343 3.774811 -3.058306
v -1.116398 3.676459 -2.053252
v -0.266609 3.775499 -3.058463
v -1.116664 3.677147 -2.053409
v -0.266868 3.776191 -3.058615
v -1.116923 3.677839 -2.053561
v -0.267121 3.776886 -3.058760
v -1.117176 3.678534 -2.053706
v -0.267367 3.777585 -3.058900
v -1.117422 3.679233 -2.053846
v -0.267607 3.778287 -3.059034
v -1.117662 3.679935 -2.053980
v -0.267840 3.778992 -3.059162
v -1.117895 3.680640 -2.054108
v -0.268066 3.779701 -3.059284
v -1.118121 3.681349 -2.054230
v -0.268286 3.780413 -3.059401
v -1.118341 3.682061 -2.054346
v -0.268499 3.781128 -3.059511
v -1.118554 3.682776 -2.054457
v -0.268705 3.781845 -3.059615
v -1.118760 3.683494 -2.054561
v -0.268905 3.782566 -3.059713
v -1.118959 3.684214 -2.054659
v -0.269097 3.783289 -3.059805
v -1.119152 3.684937 -2.054751
v -0.269283 3.784015 -3.059891
v -1.119338 3.685663 -2.054837
v -0.269462 3.784743 -3.059971
v -1.119517 3.686391 -2.054917
v -0.269634 3.785473 -3.060045
v -1.119689 3.687121 -2.054991
v -0.269799 3.786206 -3.060113
v -1.119854 3.687854 -2.055059
v -0.269957 3.786940 -3.060175
v -1.120012 3.688589 -2.055121
v -0.270108 3.787677 -3.060231
v -1.120163 3.689325 -2.055177
v -0.270252 3.788415 -3.060280
v -1.120307 3.690063 -2.055226
v -0.270389 3.789155 -3.060324
v -1.120444 3.690804 -2.055270
v -0.270519 3.789897 -3.060361
v -1.120574 3.691545 -2.055307
v -0.270642 3.790640 -3.060392
v -1.120697 3.692289 -2.055338
v -0.270758 3.791385 -3.060417
v -1.120813 3.693033 -2.055363
v -0.270867 3.792131 -3.060436
v -1.120921 3.693779 -2.055382
v -0.270968 3.792878 -3.060449
v -1.121023 3.694526 -2.055395
v -0.271063 3.793626 -3.060456
v -1.121118 3.695274 -2.055402
v -0.271150 3.794375 -3.060457
v -1.121205 3.696023 -2.055403
v -0.271230 3.795124 -3.060451
v -1.121285 3.696773 -2.055397
v -0.271303 3.795875 -3.060439
v -1.121358 3.697523 -2.055385
v -0.271369 3.796626 -3.060421
v -1.121424 3.698274 -2.055367
v -0.271427 3.797377 -3.060397
v -1.121482 3.699025 -2.055343
v -0.271479 3.798129 -3.060367
v -1.121534 3.699777 -2.055313
v -0.271523 3.798880 -3.060331
v -1.121578 3.700529 -2.055277
v -0.271560 3.799632 -3.060289
v -1.121615 3.701281 -2.055235
v -0.271589 3.800384 -3.060240
v -1.121644 3.702032 -2.055186
v -0.271612 3.801136 -3.060185
v -1.121667 3.702784 -2.055131
v -0.271627 3.801887 -3.060125
v -1.121682 3.703535 -2.055071
v -0.271635 3.802638 -3.060058
v -1.121690 3.704286 -2.055004
v -0.271636 3.803389 -3.059985
v -1.121690 3.705037 -2.054931
v -0.271629 3.804138 -3.059906
v -1.121684 3.705787 -2.054852
v -0.271615 3.804887 -3.059821
v -1.121670 3.706536 -2.054767
v -0.271594 3.805635 -3.059730
v -1.121649 3.707284 -2.054676
v -0.271566 3.806383 -3.059633
v -1.121621 3.708031 -2.054579
v -0.271530 3.807129 -3.059530
v -1.121585 3.708777 -2.054476
v -0.271487 3.807873 -3.059421
v -1.121542 3.709522 -2.054367
v -0.271437 3.808617 -3.059306
v -1.121492 3.710265 -2.054252
v -0.271380 3.809359 -3.059185
v -1.121435 3.711007 -2.054131
v -0.271316 3.810099 -3.059058
v -1.121371 3.711748 -2.054004
v -0.271244 3.810838 -3.058925
v -1.121299 3.712487 -2.053871
v -0.271165 3.811575 -3.058786
v -1.121220 3.713223 -2.053732
v -0.271079 3.812310 -3.058641
v -1.121134 3.713958 -2.053587
v -0.270986 3.813043 -3.058491
v -1.121041 3.714691 -2.053437
v -0.270886 3.813774 -3.058335
v -1.120941 3.715422 -2.053281
v -0.270778 3.814502 -3.058172
v -1.120833 3.716151 -2.053118
v -0.270664 3.815228 -3.058005
v -1.120719 3.716877 -2.052951
v -0.270542 3.815952 -3.057831
v -1.120597 3.717600 -2.052777
v -0.270413 3.816673 -3.057652
v -1.120468 3.718321 -2.052598
v -0.270278 3.817391 -3.057467
v -1.120332 3.719039 -2.052413
v -0.270135 3.818106 -3.057276
v -1.120190 3.719754 -2.052222
v -0.269985 3.818819 -3.057079
v -1.120040 3.720467 -2.052025
v -0.269828 3.819528 -3.056877
v -1.119883 3.721176 -2.051823
v -0.269664 3.820234 -3.056669
v -1.119719 3.721882 -2.051615
v -0.269494 3.820937 -3.056456
v -1.119549 3.722585 -2.051402
v -0.269316 3.821636 -3.056238
v -1.119371 3.723284 -2.051184
v -0.269132 3.822332 -3.056014
v -1.119186 3.723980 -2.050960
v -0.268940 3.823024 -3.055784
v -1.118995 3.724672 -2.050730
v -0.268742 3.823713 -3.055549
v -1.118797 3.725361 -2.050495
v -0.268537 3.824397 -3.055309
v -1.118592 3.726045 -2.050255
v -0.268325 3.825078 -3.055063
v -1.118380 3.726726 -2.050009
v -0.268107 3.825754 -3.054812
v -1.118162 3.727403 -2.049758
v -0.267882 3.826427 -3.054556
v -1.117937 3.728075 -2.049502
v -0.267650 3.827095 -3.054294
v -1.117705 3.728743 -2.049240
v -0.267412 3.827759 -3.054028
v -1.117466 3.729407 -2.048974
v -0.267167 3.828418 -3.053756
v -1.117221 3.730066 -2.048702
v -0.266915 3.829073 -3.053479
v -1.116970 3.730721 -2.048425
v -0.266657 3.829723 -3.053197
v -1.116712 3.731371 -2.048143
v -0.266392 3.830368 -3.052911
v -1.116447 3.732016 -2.047857
v -0.266122 3.831008 -3.052619
v -1.116176 3.732656 -2.047565
v -0.265844 3.831643 -3.052322
v -1.115899 3.733292 -2.047268
v -0.265561 3.832273 -3.052021
v -1.115615 3.733922 -2.046967
v -0.265271 3.832898 -3.051714
v -1.115325 3.734547 -2.046660
v -0.264975 3.833518 -3.051403
v -1.115029 3.735166 -2.046349
v -0.264672 3.834132 -3.051087
v -1.114727 3.735780 -2.046033
v -0.264364 3.834741 -3.050766
v -1.114419 3.736389 -2.045712
v -0.264049 3.835344 -3.050442
v -1.114104 3.736992 -2.045388
v -0.263728 3.835942 -3.050112
v -1.113783 3.737590 -2.045058
v -0.263402 3.836533 -3.049778
v -1.113456 3.738182 -2.044724
v -0.263069 3.837119 -3.049439
v -1.113124 3.738767 -2.044385
v -0.262731 3.837699 -3.049096
v -1.112785 3.739347 -2.044042
v -0.262386 3.838273 -3.048748
v -1.112441 3.739921 -2.043694
v -0.262036 3.838840 -3.048397
v -1.112091 3.740489 -2.043343
v -0.261680 3.839402 -3.048041
v -1.111735 3.741050 -2.042987
v -0.261319 3.839957 -3.047681
v -1.111373 3.741605 -2.042627
v -0.260951 3.840505 -3.047317
v -1.111006 3.742154 -2.042263
v -0.260579 3.841048 -3.046948
v -1.110634 3.742696 -2.041894
v -0.260200 3.841583 -3.046576
v -1.110255 3.743231 -2.041522
v -0.259817 3.842112 -3.046200
v -1.109872 3.743760 -2.041146
v -0.259428 3.842634 -3.045820
v -1.109483 3.744282 -2.040766
v -0.259033 3.843149 -3.045435
v -1.109088 3.744798 -2.040381
v -0.258634 3.843658 -3.045048
v -1.108689 3.745306 -2.039994
v -0.258229 3.844159 -3.044656
v -1.108284 3.745807 -2.039602
v -0.257819 3.844653 -3.044261
v -1.107874 3.746302 -2.039207
v -0.257404 3.845140 -3.043863
v -1.107459 3.746789 -2.038809
v -0.256984 3.845620 -3.043460
v -1.107039 3.747269 -2.038406
v -0.256559 3.846093 -3.043055
v -1.106614 3.747741 -2.038001
v -0.256129 3.846558 -3.042645
v -1.106184 3.748206 -2.037591
v -0.255694 3.847016 -3.042233
v -1.105749 3.748664 -2.037179
v -0.255255 3.847466 -3.041818
v -1.105310 3.749114 -2.036763
v -0.254811 3.847908 -3.041399
v -1.104866 3.749557 -2.036345
v -0.254362 3.848343 -3.040977
v -1.104417 3.749992 -2.035923
v -0.253909 3.848771 -3.040552
v -1.103964 3.750419 -2.035498
v -0.253452 3.849190 -3.040123
v -1.103507 3.750838 -2.035069
v -0.252990 3.849602 -3.039693
v -1.103045 3.751250 -2.034639
v -0.252523 3.850005 -3.039259
v -1.102578 3.751653 -2.034205
v -0.252053 3.850400 -3.038822
v -1.102108 3.752049 -2.033768
v -0.251578 3.850788 -3.038383
v -1.101633 3.752436 -2.033329
v -0.251100 3.851167 -3.037941
v -1.101154 3.752816 -2.032887
v -0.250617 3.851538 -3.037496
v -1.100672 3.753187 -2.032442
v -0.250130 3.851901 -3.037049
v -1.100185 3.753550 -2.031995
v -0.249640 3.852256 -3.036599
v -1.099694 3.753904 -2.031545
v -0.249145 3.852602 -3.036147
v -1.099200 3.754251 -2.031093
v -0.248647 3.852940 -3.035693
v -1.098702 3.754588 -2.030639
v -0.248146 3.853269 -3.035237
v -1.098201 3.754918 -2.030183
v -0.247641 3.853590 -3.034778
v -1.097695 3.755239 -2.029724
v -0.247132 3.853903 -3.034317
v -1.097187 3.755551 -2.029263
v -0.246620 3.854206 -3.033854
v -1.096675 3.755855 -2.028800
v -0.246105 3.854501 -3.033390
v -1.096159 3.756150 -2.028336
v -0.245586 3.854788 -3.032923
v -1.095641 3.756436 -2.027869
v -0.245064 3.855065 -3.032455
v -1.095119 3.756713 -2.027401
v -0.244540 3.855334 -3.031985
v -1.094595 3.756982 -2.026931
v -0.244012 3.855594 -3.031513
v -1.094067 3.757242 -2.026459
v -0.243482 3.855844 -3.031040
v -1.093536 3.757493 -2.025986
v -0.242948 3.856087 -3.030565
v -1.093003 3.757735 -2.025511
v -0.242412 3.856320 -3.030089
v -1.092467 3.757968 -2.025035
v -0.241873 3.856544 -3.029611
v -1.091928 3.758192 -2.024557
v -0.241332 3.856759 -3.029132
v -1.091387 3.758407 -2.024078
v -0.240788 3.856965 -3.028652
v -1.090843 3.758613 -2.023598
v -0.240242 3.857162 -3.028171
v -1.090297 3.758810 -2.023117
v -0.239694 3.857349 -3.027689
v -1.089749 3.758998 -2.022635
v -0.239143 3.857528 -3.027206
v -1.089198 3.759176 -2.022152
v -0.238591 3.857697 -3.026722
v -1.088645 3.759346 -2.021668
v -0.238036 3.857858 -3.026237
v -1.088091 3.759506 -2.021183
v -0.237479 3.858009 -3.025751
v -1.087534 3.759657 -2.020697
v -0.236921 3.858150 -3.025265
v -1.086976 3.759799 -2.020211
v -0.236360 3.858283 -3.024778
v -1.086415 3.759931 -2.019724
v -0.235798 3.858406 -3.024291
v -1.085853 3.760054 -2.019237
v -0.235235 3.858519 -3.023803
v -1.085290 3.760168 -2.018749
v -0.234670 3.858624 -3.023315
v -1.084725 3.760272 -2.018261
v -0.234103 3.858719 -3.022827
v -1.084158 3.760367 -2.017773
v -0.233535 3.858804 -3.022338
v -1.083590 3.760453 -2.017284
v -0.232966 3.858881 -3.021849
v -1.083021 3.760529 -2.016795
v -0.232396 3.858948 -3.021360
v -1.082451 3.760596 -2.016306
v -0.231825 3.859005 -3.020872
v -1.081880 3.760653 -2.015818
v -0.231253 3.859053 -3.020383
v -1.081308 3.760701 -2.015329
v -0.230680 3.859092 -3.019895
v -1.080735 3.760740 -2.014841
v -0.230106 3.859121 -3.019406
v -1.080161 3.760769 -2.014352
v -0.229531 3.859140 -3.018919
v -1.079586 3.760789 -2.013865
v -0.228956 3.859150 -3.018431
v -1.079011 3.760799 -2.013377
v -0.228381 3.859151 -3.017944
v -1.078436 3.760800 -2.012890
v -0.227805 3.859143 -3.017458
v -1.077859 3.760791 -2.012404
v -0.227228 3.859124 -3.016972
v -1.077283 3.760773 -2.011918
v -0.226652 3.859097 -3.016487
v -1.076706 3.760745 -2.011433
v -0.226075 3.859060 -3.016003
v -1.076130 3.760708 -2.010949
v -0.225498 3.859014 -3.015520
v -1.075553 3.760662 -2.010466
v -0.224921 3.858958 -3.015037
v -1.074976 3.760606 -2.009983
v -0.224345 3.858892 -3.014556
v -1.074399 3.760541 -2.009502
v -0.223768 3.858818 -3.014076
v -1.073823 3.760466 -2.009022
v -0.223192 3.858734 -3.013597
v -1.073247 3.760382 -2.008543
v -0.222616 3.858640 -3.013119
v -1.072671 3.760288 -2.008065
v -0.222041 3.858537 -3.012642
v -1.072096 3.760186 -2.007588
v -0.221466 3.858425 -3.012167
v -1.071521 3.760073 -2.007113
v -0.220892 3.858304 -3.011694
v -1.070947 3.759952 -2.006640
v -0.220319 3.858173 -3.011222
v -1.070374 3.759821 -2.006168
v -0.219747 3.858033 -3.010751
v -1.069802 3.759681 -2.005697
v -0.219175 3.857883 -3.010283
v -1.069230 3.759532 -2.005229
v -0.218605 3.857725 -3.009816
v -1.068660 3.759373 -2.004762
v -0.218036 3.857557 -3.009351
v -1.068091 3.759205 -2.004297
v -0.217468 3.857380 -3.008888
v -1.067523 3.759028 -2.003834
v -0.216901 3.857194 -3.008426
v -1.066956 3.758842 -2.003372
v -0.216336 3.856998 -3.007967
v -1.066391 3.758646 -2.002913
v -0.215772 3.856794 -3.007511
v -1.065827 3.758442 -2.002457
v -0.215210 3.856580 -3.007056
v -1.065264 3.758229 -2.002002
v -0.214649 3.856358 -3.006603
v -1.064704 3.758006 -2.001549
v -0.214090 3.856126 -3.006154
v -1.064145 3.757774 -2.001100
v -0.213533 3.855886 -3.005706
v -1.063588 3.757534 -2.000652
v -0.212978 3.855636 -3.005261
v -1.063033 3.757284 -2.000207
v -0.212425 3.855378 -3.004818
v -1.062480 3.757026 -1.999764
v -0.211874 3.855110 -3.004379
v -1.061929 3.756759 -1.999325
v -0.211325 3.854834 -3.003941
v -1.061380 3.756483 -1.998887
v -0.210779 3.854549 -3.003507
v -1.060833 3.756198 -1.998453
v -0.210234 3.854256 -3.003076
v -1.060289 3.755904 -1.998021
v -0.209693 3.853954 -3.002647
v -1.059747 3.755602 -1.997593
v -0.209153 3.853643 -3.002221
v -1.059208 3.755291 -1.997167
v -0.208617 3.853323 -3.001799
v -1.058672 3.754972 -1.996745
v -0.208083 3.852995 -3.001379
v -1.058138 3.754644 -1.996325
v -0.207552 3.852659 -3.000963
v -1.057607 3.754307 -1.995909
v -0.207024 3.852314 -3.000550
v -1.057079 3.753963 -1.995496
v -0.206499 3.851961 -3.000140
v -1.056553 3.753609 -1.995086
v -0.205976 3.851599 -2.999734
v -1.056031 3.753248 -1.994680
v -0.205457 3.851230 -2.999331
v -1.055512 3.752878 -1.994277
v -0.204941 3.850852 -2.998932
v -1.054996 3.752500 -1.993878
v -0.204429 3.850466 -2.998536
v -1.054484 3.752114 -1.993482
v -0.203920 3.850071 -2.998144
v -1.053974 3.751720 -1.993090
v -0.203414 3.849669 -2.997756
v -1.053469 3.751318 -1.992702
v -0.202911 3.849259 -2.997371
v -1.052966 3.750907 -1.992317
v -0.202413 3.848841 -2.996990
v -1.052468 3.750489 -1.991936
v -0.201918 3.848415 -2.996613
v -1.051973 3.750063 -1.991559
v -0.201427 3.847981 -2.996240
v -1.051481 3.749630 -1.991186
v -0.200939 3.847540 -2.995871
v -1.050994 3.749188 -1.990817
v -0.200456 3.847091 -2.995506
v -1.050511 3.748739 -1.990452
v -0.199976 3.846635 -2.995145
v -1.050031 3.748283 -1.990091
v -0.199501 3.846171 -2.994788
v -1.049556 3.747819 -1.989734
v -0.199030 3.845700 -2.994436
v -1.049084 3.747348 -1.989382
v -0.198563 3.845221 -2.994088
v -1.048617 3.746869 -1.989034
v -0.198100 3.844735 -2.993744
v -1.048155 3.746383 -1.988690
v -0.197641 3.844242 -2.993404
v -1.047696 3.745890 -1.988351
v -0.197187 3.843742 -2.993070
v -1.047242 3.745390 -1.988016
v -0.196738 3.843235 -2.992739
v -1.046793 3.744883 -1.987685
v -0.196293 3.842720 -2.992413
v -1.046348 3.744369 -1.987359
v -0.195853 3.842199 -2.992092
v -1.045908 3.743848 -1.987038
v -0.195417 3.841672 -2.991775
v -1.045472 3.743320 -1.986721
v -0.194987 3.841137 -2.991463
v -1.045042 3.742785 -1.986409
v -0.194561 3.840596 -2.991156
v -1.044616 3.742244 -1.986102
v -0.194140 3.840049 -2.990853
v -1.044195 3.741697 -1.985799
v -0.193724 3.839495 -2.990556
v -1.043779 3.741143 -1.985502
v -0.193313 3.838934 -2.990263
v -1.043368 3.740582 -1.985209
v -0.192907 3.838368 -2.989975
v -1.042962 3.740016 -1.984921
v -0.192507 3.837795 -2.989692
v -1.042562 3.739443 -1.984638
v -0.192111 3.837216 -2.989415
v -1.042166 3.738864 -1.984361
v -0.191721 3.836631 -2.989142
v -1.041776 3.738280 -1.984088
v -0.191337 3.836040 -2.988875
v -1.041391 3.737689 -1.983821
v -0.190957 3.835444 -2.988612
v -1.041012 3.737092 -1.983558
v -0.190584 3.834842 -2.988355
v -1.040638 3.736490 -1.983301
v -0.190215 3.834234 -2.988103
v -1.040270 3.735882 -1.983049
v -0.189853 3.833621 -2.987856
v -1.039908 3.735269 -1.982803
v -0.189496 3.833002 -2.987615
v -1.039551 3.734650 -1.982561
v -0.189145 3.832378 -2.987379
v -1.039200 3.734026 -1.982325
v -0.188799 3.831748 -2.987149
v -1.038854 3.733397 -1.982095
v -0.188460 3.831114 -2.986923
v -1.038515 3.732762 -1.981869
v -0.188126 3.830475 -2.986704
v -1.038181 3.732123 -1.981650
v -0.187798 3.829830 -2.986490
v -1.037853 3.731479 -1.981436
v -0.187476 3.829181 -2.986281
v -1.037531 3.730829 -1.981227
v -0.187161 3.828527 -2.986078
v -1.037216 3.730175 -1.981024
v -0.186851 3.827869 -2.985881
v -1.036906 3.729517 -1.980827
v -0.186548 3.827206 -2.985689
v -1.036602 3.728854 -1.980635
v -0.186250 3.826538 -2.985503
v -1.036305 3.728187 -1.980449
v -0.185959 3.825867 -2.985322
v -1.036014 3.727515 -1.980268
v -0.185674 3.825191 -2.985147
v -1.035729 3.726839 -1.980093
v -0.185396 3.824511 -2.984978
v -1.035451 3.726159 -1.979924
v -0.185124 3.823827 -2.984815
v -1.035179 3.725475 -1.979761
v -0.184858 3.823139 -2.984658
v -1.034913 3.724787 -1.979604
v -0.184599 3.822447 -2.984506
v -1.034654 3.724096 -1.979452
v -0.184346 3.821752 -2.984360
v -1.034401 3.723400 -1.979306
v -0.184100 3.821053 -2.984221
v -1.034155 3.722702 -1.979167
vn 0.6998 0.3447 0.6256
vn 0.7037 0.3329 0.6277
vn 0.7074 0.3210 0.6297
vn 0.7110 0.3092 0.6316
vn 0.7145 0.2972 0.6334
vn 0.7179 0.2852 0.6351
vn 0.7211 0.2732 0.6367
vn 0.7243 0.2611 0.6381
vn 0.7273 0.2490 0.6395
vn 0.7302 0.2369 0.6408
vn 0.7331 0.2247 0.6420
vn 0.7357 0.2124 0.6431
vn 0.7383 0.2002 0.6441
vn 0.7408 0.1879 0.6449
vn 0.7431 0.1756 0.6457
vn 0.7454 0.1632 0.6464
vn 0.7475 0.1508 0.6470
vn 0.7495 0.1384 0.6474
vn 0.7513 0.1260 0.6478
vn 0.7531 0.1136 0.6481
vn 0.7547 0.1011 0.6482
vn 0.7562 0.0886 0.6483
vn 0.7576 0.0762 0.6482
vn 0.7589 0.0637 0.6481
vn 0.7601 0.0511 0.6478
vn 0.7611 0.0386 0.6475
vn 0.7620 0.0261 0.6470
vn 0.7628 0.0136 0.6465
vn 0.7635 0.0010 0.6458
vn 0.7640 -0.0115 0.6451
vn 0.7645 -0.0240 0.6442
vn 0.7648 -0.0365 0.6433
vn 0.7650 -0.0491 0.6422
vn 0.7650 -0.0616 0.6410
vn 0.7650 -0.0741 0.6398
vn 0.7648 -0.0866 0.6384
vn 0.7645 -0.0990 0.6369
vn 0.7641 -0.1115 0.6354
vn 0.7636 -0.1240 0.6337
vn 0.7629 -0.1364 0.6319
vn 0.7622 -0.1488 0.6301
vn 0.7613 -0.1612 0.6281
vn 0.7603 -0.1735 0.6260
vn 0.7591 -0.1858 0.6239
vn 0.7579 -0.1981 0.6216
vn 0.7565 -0.2104 0.6192
vn 0.7550 -0.2226 0.6168
vn 0.7534 -0.2348 0.6142
vn 0.7517 -0.2470 0.6116
vn 0.7498 -0.2591 0.6088
vn 0.7478 -0.2712 0.6060
vn 0.7458 -0.2832 0.6030
vn 0.7435 -0.2952 0.6000
vn 0.7412 -0.3072 0.5969
vn 0.7388 -0.3191 0.5936
vn 0.7362 -0.3309 0.5903
vn 0.7336 -0.3427 0.5869
vn 0.7308 -0.3544 0.5834
vn 0.7279 -0.3661 0.5798
vn 0.7249 -0.3778 0.5761
vn 0.7217 -0.3893 0.5723
vn 0.7185 -0.4008 0.5684
vn 0.7151 -0.4123 0.5645
vn 0.7116 -0.4236 0.5604
vn 0.7081 -0.4350 0.5563
vn 0.7044 -0.4462 0.5521
vn 0.7006 -0.4574 0.5478
vn 0.6966 -0.4685 0.5434
vn 0.6926 -0.4795 0.5389
vn 0.6885 -0.4904 0.5343
vn 0.6842 -0.5013 0.5296
vn 0.6799 -0.5121 0.5249
vn 0.6754 -0.5228 0.5201
vn 0.6708 -0.5335 0.5152
vn 0.6662 -0.5440 0.5102
vn 0.6614 -0.5545 0.5051
vn 0.6565 -0.5648 0.5000
vn 0.6515 -0.5751 0.4948
vn 0.6464 -0.5853 0.4894
vn 0.6412 -0.5954 0.4841
vn 0.6359 -0.6054 0.4786
vn 0.6305 -0.6153 0.4731
vn 0.6250 -0.6251 0.4675
vn 0.6194 -0.6348 0.4618
vn 0.6138 -0.6445 0.4560
vn 0.6080 -0.6540 0.4502
vn 0.6021 -0.6634 0.4443
vn 0.5961 -0.6727 0.4384
vn 0.5900 -0.6819 0.4323
vn 0.5839 -0.6910 0.4262
vn 0.5776 -0.7000 0.4200
vn 0.5713 -0.7088 0.4138
vn 0.5648 -0.7176 0.4075
vn 0.5583 -0.7262 0.4011
vn 0.5517 -0.7348 0.3947
vn 0.5450 -0.7432 0.3882
vn 0.5382 -0.7515 0.3816
vn 0.5313 -0.7596 0.3750
vn 0.5243 -0.7677 0.3684
vn 0.5173 -0.7756 0.3616
vn 0.5102 -0.7835 0.3548
vn 0.5030 -0.7911 0.3480
vn 0.4957 -0.7987 0.3411
vn 0.4883 -0.8062 0.3341
vn 0.4809 -0.8135 0.3271
vn 0.4734 -0.8207 0.3201
vn 0.4658 -0.8277 0.3130
vn 0.4581 -0.8346 0.3058
vn 0.4504 -0.8414 0.2986
vn 0.4426 -0.8481 0.2913
vn 0.4347 -0.8546 0.2840
vn 0.4268 -0.8610 0.2767
vn 0.4188 -0.8672 0.2693
vn 0.4107 -0.8734 0.2619
vn 0.4025 -0.8793 0.2544
vn 0.3943 -0.8852 0.2469
vn 0.3861 -0.8909 0.2393
vn 0.3777 -0.8964 0.2317
vn 0.3693 -0.9019 0.2241
vn 0.3609 -0.9071 0.2165
vn 0.3524 -0.9123 0.2088
vn 0.3438 -0.9173 0.2010
vn 0.3352 -0.9221 0.1933
vn 0.3265 -0.9268 0.1855
vn 0.3178 -0.9314 0.1777
vn 0.3090 -0.9358 0.1698
vn 0.3002 -0.9400 0.1619
vn 0.2914 -0.9441 0.1540
vn 0.2825 -0.9481 0.1461
vn 0.2735 -0.9519 0.1382
vn 0.2645 -0.9556 0.1302
vn 0.2555 -0.9591 0.1222
vn 0.2464 -0.9624 0.1142
vn 0.2372 -0.9656 0.1062
vn 0.2281 -0.9687 0.0981
vn 0.2189 -0.9716 0.0901
vn 0.2097 -0.9743 0.0820
vn 0.2004 -0.9769 0.0739
vn 0.1911 -0.9794 0.0658
vn 0.1818 -0.9816 0.0577
vn 0.1724 -0.9838 0.0496
vn 0.1631 -0.9857 0.0414
vn 0.1537 -0.9876 0.0333
vn 0.1442 -0.9892 0.0252
vn 0.1348 -0.9907 0.0170
vn 0.1253 -0.9921 0.0089
vn 0.1158 -0.9933 0.0007
vn 0.1063 -0.9943 -0.0074
vn 0.0968 -0.9952 -0.0156
vn 0.0872 -0.9959 -0.0237
vn 0.0777 -0.9965 -0.0318
vn 0.0681 -0.9969 -0.0400
vn 0.0585 -0.9971 -0.0481
vn 0.0489 -0.9972 -0.0562
vn 0.0393 -0.9972 -0.0643
vn 0.0297 -0.9969 -0.0724
vn 0.0201 -0.9966 -0.0805
vn 0.0105 -0.9960 -0.0886
vn 0.0009 -0.9953 -0.0967
vn -0.0087 -0.9945 -0.1047
vn -0.0183 -0.9935 -0.1127
vn -0.0280 -0.9923 -0.1207
vn -0.0376 -0.9910 -0.1287
vn -0.0472 -0.9895 -0.1367
vn -0.0568 -0.9879 -0.1447
vn -0.0663 -0.9861 -0.1526
vn -0.0759 -0.9841 -0.1605
vn -0.0855 -0.9820 -0.1684
vn -0.0950 -0.9798 -0.1762
vn -0.1045 -0.9773 -0.1841
vn -0.1141 -0.9748 -0.1919
vn -0.1236 -0.9721 -0.1996
vn -0.1330 -0.9692 -0.2074
vn -0.1425 -0.9662 -0.2151
vn -0.1519 -0.9630 -0.2227
vn -0.1613 -0.9596 -0.2304
vn -0.1707 -0.9562 -0.2380
vn -0.1801 -0.9525 -0.2455
vn -0.1894 -0.9487 -0.2530
vn -0.1987 -0.9448 -0.2605
vn -0.2080 -0.9407 -0.2680
vn -0.2172 -0.9365 -0.2754
vn -0.2264 -0.9321 -0.2827
vn -0.2356 -0.9276 -0.2900
vn -0.2447 -0.9229 -0.2973
vn -0.2538 -0.9181 -0.3045
vn -0.2628 -0.9131 -0.3117
vn -0.2718 -0.9080 -0.3188
vn -0.2808 -0.9028 -0.3258
vn -0.2897 -0.8974 -0.3329
vn -0.2986 -0.8918 -0.3398
vn -0.3074 -0.8861 -0.3467
vn -0.3162 -0.8803 -0.3536
vn -0.3249 -0.8744 -0.3604
vn -0.3336 -0.8683 -0.3671
vn -0.3422 -0.8620 -0.3738
vn -0.3508 -0.8557 -0.3804
vn -0.3593 -0.8492 -0.3870
vn -0.3678 -0.8425 -0.3935
vn -0.3762 -0.8358 -0.4000
vn -0.3845 -0.8289 -0.4063
vn -0.3928 -0.8218 -0.4127
vn -0.4010 -0.8147 -0.4189
vn -0.4092 -0.8074 -0.4251
vn -0.4173 -0.8000 -0.4312
vn -0.4253 -0.7924 -0.4373
vn -0.4333 -0.7847 -0.4432
vn -0.4411 -0.7770 -0.4491
vn -0.4490 -0.7690 -0.4550
vn -0.4567 -0.7610 -0.4608
vn -0.4644 -0.7528 -0.4664
vn -0.4720 -0.7446 -0.4721
vn -0.4795 -0.7362 -0.4776
vn -0.4870 -0.7277 -0.4831
vn -0.4944 -0.7190 -0.4885
vn -0.5017 -0.7103 -0.4938
vn -0.5089 -0.7014 -0.4990
vn -0.5160 -0.6925 -0.5042
vn -0.5231 -0.6834 -0.5093
vn -0.5300 -0.6742 -0.5143
vn -0.5369 -0.6649 -0.5192
vn -0.5437 -0.6555 -0.5240
vn -0.5505 -0.6461 -0.5288
vn -0.5571 -0.6365 -0.5335
vn -0.5636 -0.6268 -0.5380
vn -0.5701 -0.6170 -0.5425
vn -0.5765 -0.6071 -0.5470
vn -0.5827 -0.5971 -0.5513
vn -0.5889 -0.5870 -0.5555
vn -0.5950 -0.5768 -0.5597
vn -0.6010 -0.5666 -0.5638
vn -0.6069 -0.5562 -0.5677
vn -0.6127 -0.5457 -0.5716
vn -0.6184 -0.5352 -0.5754
vn -0.6240 -0.5246 -0.5791
vn -0.6295 -0.5139 -0.5827
vn -0.6350 -0.5031 -0.5863
vn -0.6403 -0.4923 -0.5897
vn -0.6455 -0.4813 -0.5930
vn -0.6506 -0.4703 -0.5963
vn -0.6556 -0.4592 -0.5994
vn -0.6605 -0.4481 -0.6025
vn -0.6653 -0.4368 -0.6054
vn -0.6700 -0.4255 -0.6083
vn -0.6746 -0.4142 -0.6111
vn -0.6791 -0.4027 -0.6137
vn -0.6834 -0.3912 -0.6163
vn -0.6877 -0.3797 -0.6188
vn -0.6919 -0.3681 -0.6212
vn -0.6959 -0.3564 -0.6235
vn -0.6998 -0.3447 -0.6256
vn -0.7037 -0.3329 -0.6277
vn -0.7074 -0.3210 -0.6297
vn -0.7110 -0.3092 -0.6316
vn -0.7145 -0.2972 -0.6334
vn -0.7179 -0.2852 -0.6351
vn -0.7211 -0.2732 -0.6367
vn -0.7243 -0.2611 -0.6381
vn -0.7273 -0.2490 -0.6395
vn -0.7302 -0.2369 -0.6408
vn -0.7331 -0.2247 -0.6420
vn -0.7357 -0.2124 -0.6431
vn -0.7383 -0.2002 -0.6441
vn -0.7408 -0.1879 -0.6449
vn -0.7431 -0.1756 -0.6457
vn -0.7454 -0.1632 -0.6464
vn -0.7475 -0.1508 -0.6470
vn -0.7495 -0.1384 -0.6474
vn -0.7513 -0.1260 -0.6478
vn -0.7531 -0.1136 -0.6481
vn -0.7547 -0.1011 -0.6482
vn -0.7562 -0.0886 -0.6483
vn -0.7576 -0.0762 -0.6482
vn -0.7589 -0.0637 -0.6481
vn -0.7601 -0.0511 -0.6478
vn -0.7611 -0.0386 -0.6475
vn -0.7620 -0.0261 -0.6470
vn -0.7628 -0.0136 -0.6465
vn -0.7635 -0.0010 -0.6458
vn -0.7640 0.0115 -0.6451
vn -0.7645 0.0240 -0.6442
vn -0.7648 0.0365 -0.6433
vn -0.7650 0.0491 -0.6422
vn -0.7650 0.0616 -0.6410
vn -0.7650 0.0741 -0.6398
vn -0.7648 0.0866 -0.6384
vn -0.7645 0.0990 -0.6369
vn -0.7641 0.1115 -0.6354
vn -0.7636 0.1240 -0.6337
vn -0.7629 0.1364 -0.6319
vn -0.7622 0.1488 -0.6301
vn -0.7613 0.1612 -0.6281
vn -0.7603 0.1735 -0.6260
vn -0.7591 0.1858 -0.6239
vn -0.7579 0.1981 -0.6216
vn -0.7565 0.2104 -0.6192
vn -0.7550 0.2226 -0.6168
vn -0.7534 0.2348 -0.6142
vn -0.7517 0.2470 -0.6116
vn -0.7498 0.2591 -0.6088
vn -0.7478 0.2712 -0.6060
vn -0.7458 0.2832 -0.6030
vn -0.7435 0.2952 -0.6000
vn -0.7412 0.3072 -0.5969
vn -0.7388 0.3191 -0.5936
vn -0.7362 0.3309 -0.5903
vn -0.7336 0.3427 -0.5869
vn -0.7308 0.3544 -0.5834
vn -0.7279 0.3661 -0.5798
vn -0.7249 0.3778 -0.5761
vn -0.7217 0.3893 -0.5723
vn -0.7185 0.4008 -0.5684
vn -0.7151 0.4123 -0.5645
vn -0.7116 0.4236 -0.5604
vn -0.7081 0.4350 -0.5563
vn -0.7044 0.4462 -0.5521
vn -0.7006 0.4574 -0.5478
vn -0.6966 0.4685 -0.5434
vn -0.6926 0.4795 -0.5389
vn -0.6885 0.4904 -0.5343
vn -0.6842 0.5013 -0.5296
vn -0.6799 0.5121 -0.5249
vn -0.6754 0.5228 -0.5201
vn -0.6708 0.5335 -0.5152
vn -0.6662 0.5440 -0.5102
vn -0.6614 0.5545 -0.5051
vn -0.6565 0.5648 -0.5000
vn -0.6515 0.5751 -0.4948
vn -0.6464 0.5853 -0.4894
vn -0.6412 0.5954 -0.4841
vn -0.6359 0.6054 -0.4786
vn -0.6305 0.6153 -0.4731
vn -0.6250 0.6251 -0.4675
vn -0.6194 0.6348 -0.4618
vn -0.6138 0.6445 -0.4560
vn -0.6080 0.6540 -0.4502
vn -0.6021 0.6634 -0.4443
vn -0.5961 0.6727 -0.4384
vn -0.5900 0.6819 -0.4323
vn -0.5839 0.6910 -0.4262
vn -0.5776 0.7000 -0.4200
vn -0.5713 0.7088 -0.4138
vn -0.5648 0.7176 -0.4075
vn -0.5583 0.7262 -0.4011
vn -0.5517 0.7348 -0.3947
vn -0.5450 0.7432 -0.3882
vn -0.5382 0.7515 -0.3816
vn -0.5313 0.7596 -0.3750
vn -0.5243 0.7677 -0.3684
vn -0.5173 0.7756 -0.3616
vn -0.5102 0.7835 -0.3548
vn -0.5030 0.7911 -0.3480
vn -0.4957 0.7987 -0.3411
vn -0.4883 0.8062 -0.3341
vn -0.4809 0.8135 -0.3271
vn -0.4734 0.8207 -0.3201
vn -0.4658 0.8277 -0.3130
vn -0.4581 0.8346 -0.3058
vn -0.4504 0.8414 -0.2986
vn -0.4426 0.8481 -0.2913
vn -0.4347 0.8546 -0.2840
vn -0.4268 0.8610 -0.2767
vn -0.4188 0.8672 -0.2693
vn -0.4107 0.8734 -0.2619
vn -0.4025 0.8793 -0.2544
vn -0.3943 0.8852 -0.2469
vn -0.3861 0.8909 -0.2393
vn -0.3777 0.8964 -0.2317
vn -0.3693 0.9019 -0.2241
vn -0.3609 0.9071 -0.2165
vn -0.3524 0.9123 -0.2088
vn -0.3438 0.9173 -0.2010
vn -0.3352 0.9221 -0.1933
vn -0.3265 0.9268 -0.1855
vn -0.3178 0.9314 -0.1777
vn -0.3090 0.9358 -0.1698
vn -0.3002 0.9400 -0.1619
vn -0.2914 0.9441 -0.1540
vn -0.2825 0.9481 -0.1461
vn -0.2735 0.9519 -0.1382
vn -0.2645 0.9556 -0.1302
vn -0.2555 0.9591 -0.1222
vn -0.2464 0.9624 -0.1142
vn -0.2372 0.9656 -0.1062
vn -0.2281 0.9687 -0.0981
vn -0.2189 0.9716 -0.0901
vn -0.2097 0.9743 -0.0820
vn -0.2004 0.9769 -0.0739
vn -0.1911 0.9794 -0.0658
vn -0.1818 0.9816 -0.0577
vn -0.1724 0.9838 -0.0496
vn -0.1631 0.9857 -0.0414
vn -0.1537 0.9876 -0.0333
vn -0.1442 0.9892 -0.0252
vn -0.1348 0.9907 -0.0170
vn -0.1253 0.9921 -0.0089
vn -0.1158 0.9933 -0.0007
vn -0.1063 0.9943 0.0074
vn -0.0968 0.9952 0.0156
vn -0.0872 0.9959 0.0237
vn -0.0777 0.9965 0.0318
vn -0.0681 0.9969 0.0400
vn -0.0585 0.9971 0.0481
vn -0.0489 0.9972 0.0562
vn -0.0393 0.9972 0.0643
vn -0.0297 0.9969 0.0724
vn -0.0201 0.9966 0.0805
vn -0.0105 0.9960 0.0886
vn -0.0009 0.9953 0.0967
vn 0.0087 0.9945 0.1047
vn 0.0183 0.9935 0.1127
vn 0.0280 0.9923 0.1207
vn 0.0376 0.9910 0.1287
vn 0.0472 0.9895 0.1367
vn 0.0568 0.9879 0.1447
vn 0.0663 0.9861 0.1526
vn 0.0759 0.9841 0.1605
vn 0.0855 0.9820 0.1684
vn 0.0950 0.9798 0.1762
vn 0.1045 0.9773 0.1841
vn 0.1141 0.9748 0.1919
vn 0.1236 0.9721 0.1996
vn 0.1330 0.9692 0.2074
vn 0.1425 0.9662 0.2151
vn 0.1519 0.9630 0.2227
vn 0.1613 0.9596 0.2304
vn 0.1707 0.9562 0.2380
vn 0.1801 0.9525 0.2455
vn 0.1894 0.9487 0.2530
vn 0.1987 0.9448 0.2605
vn 0.2080 0.9407 0.2680
vn 0.2172 0.9365 0.2754
vn 0.2264 0.9321 0.2827
vn 0.2356 0.9276 0.2900
vn 0.2447 0.9229 0.2973
vn 0.2538 0.9181 0.3045
vn 0.2628 0.9131 0.3117
vn 0.2718 0.9080 0.3188
vn 0.2808 0.9028 0.3258
vn 0.2897 0.8974 0.3329
vn 0.2986 0.8918 0.3398
vn 0.3074 0.8861 0.3467
vn 0.3162 0.8803 0.3536
vn 0.3249 0.8744 0.3604
vn 0.3336 0.8683 0.3671
vn 0.3422 0.8620 0.3738
vn 0.3508 0.8557 0.3804
vn 0.3593 0.8492 0.3870
vn 0.3678 0.8425 0.3935
vn 0.3762 0.8358 0.4000
vn 0.3845 0.8289 0.4063
vn 0.3928 0.8218 0.4127
vn 0.4010 0.8147 0.4189
vn 0.4092 0.8074 0.4251
vn 0.4173 0.8000 0.4312
vn 0.4253 0.7924 0.4373
vn 0.4333 0.7847 0.4432
vn 0.4411 0.7770 0.4491
vn 0.4490 0.7690 0.4550
vn 0.4567 0.7610 0.4608
vn 0.4644 0.7528 0.4664
vn 0.4720 0.7446 0.4721
vn 0.4795 0.7362 0.4776
vn 0.4870 0.7277 0.4831
vn 0.4944 0.7190 0.4885
vn 0.5017 0.7103 0.4938
vn 0.5089 0.7014 0.4990
vn 0.5160 0.6925 0.5042
vn 0.5231 0.6834 0.5093
vn 0.5300 0.6742 0.5143
vn 0.5369 0.6649 0.5192
vn 0.5437 0.6555 0.5240
vn 0.5505 0.6461 0.5288
vn 0.5571 0.6365 0.5335
vn 0.5636 0.6268 0.5380
vn 0.5701 0.6170 0.5425
vn 0.5765 0.6071 0.5470
vn 0.5827 0.5971 0.5513
vn 0.5889 0.5870 0.5555
vn 0.5950 0.5768 0.5597
vn 0.6010 0.5666 0.5638
vn 0.6069 0.5562 0.5677
vn 0.6127 0.5457 0.5716
vn 0.6184 0.5352 0.5754
vn 0.6240 0.5246 0.5791
vn 0.6295 0.5139 0.5827
vn 0.6350 0.5031 0.5863
vn 0.6403 0.4923 0.5897
vn 0.6455 0.4813 0.5930
vn 0.6506 0.4703 0.5963
vn 0.6556 0.4592 0.5994
vn 0.6605 0.4481 0.6025
vn 0.6653 0.4368 0.6054
vn 0.6700 0.4255 0.6083
vn 0.6746 0.4142 0.6111
vn 0.6791 0.4027 0.6137
vn 0.6834 0.3912 0.6163
vn 0.6877 0.3797 0.6188
vn -0.6440 -0.0745 0.7614
vn 0.6919 0.3681 0.6212
vn 0.6959 0.3564 0.6235
vn 0.6440 0.0745 -0.7614
vt 1.000000 0.500000
vt 1.000000 1.000000
vt 0.998000 1.000000
vt 0.998000 0.500000
vt 0.996000 1.000000
vt 0.996000 0.500000
vt 0.994000 1.000000
vt 0.994000 0.500000
vt 0.992000 1.000000
vt 0.992000 0.500000
vt 0.990000 1.000000
vt 0.990000 0.500000
vt 0.988000 1.000000
vt 0.988000 0.500000
vt 0.986000 1.000000
vt 0.986000 0.500000
vt 0.984000 1.000000
vt 0.984000 0.500000
vt 0.982000 1.000000
vt 0.982000 0.500000
vt 0.980000 1.000000
vt 0.980000 0.500000
vt 0.978000 1.000000
vt 0.978000 0.500000
vt 0.976000 1.000000
vt 0.976000 0.500000
vt 0.974000 1.000000
vt 0.974000 0.500000
vt 0.972000 1.000000
vt 0.972000 0.500000
vt 0.970000 1.000000
vt 0.970000 0.500000
vt 0.968000 1.000000
vt 0.968000 0.500000
vt 0.966000 1.000000
vt 0.966000 0.500000
vt 0.964000 1.000000
vt 0.964000 0.500000
vt 0.962000 1.000000
vt 0.962000 0.500000
vt 0.960001 1.000000
vt 0.960001 0.500000
vt 0.958001 1.000000
vt 0.958001 0.500000
vt 0.956001 1.000000
vt 0.956001 0.500000
vt 0.954001 1.000000
vt 0.954001 0.500000
vt 0.952001 1.000000
vt 0.952001 0.500000
vt 0.950001 1.000000
vt 0.950001 0.500000
vt 0.948001 1.000000
vt 0.948001 0.500000
vt 0.946001 1.000000
vt 0.946001 0.500000
vt 0.944001 1.000000
vt 0.944001 0.500000
vt 0.942001 1.000000
vt 0.942001 0.500000
vt 0.940001 1.000000
vt 0.940001 0.500000
vt 0.938001 1.000000
vt 0.938001 0.500000
vt 0.936001 1.000000
vt 0.936001 0.500000
vt 0.934001 1.000000
vt 0.934001 0.500000
vt 0.932001 1.000000
vt 0.932001 0.500000
vt 0.930001 1.000000
vt 0.930001 0.500000
vt 0.928001 1.000000
vt 0.928001 0.500000
vt 0.926001 1.000000
vt 0.926001 0.500000
vt 0.924001 1.000000
vt 0.924001 0.500000
vt 0.922001 1.000000
vt 0.922001 0.500000
vt 0.920001 1.000000
vt 0.920001 0.500000
vt 0.918001 1.000000
vt 0.918001 0.500000
vt 0.916001 1.000000
vt 0.916001 0.500000
vt 0.914001 1.000000
vt 0.914001 0.500000
vt 0.912001 1.000000
vt 0.912001 0.500000
vt 0.910001 1.000000
vt 0.910001 0.500000
vt 0.908001 1.000000
vt 0.908001 0.500000
vt 0.906001 1.000000
vt 0.906001 0.500000
vt 0.904001 1.000000
vt 0.904001 0.500000
vt 0.902001 1.000000
vt 0.902001 0.500000
vt 0.900001 1.000000
vt 0.900001 0.500000
vt 0.898001 1.000000
vt 0.898001 0.500000
vt 0.896001 1.000000
vt 0.896001 0.500000
vt 0.894001 1.000000
vt 0.894001 0.500000
vt 0.892001 1.000000
vt 0.892001 0.500000
vt 0.890001 1.000000
vt 0.890001 0.500000
vt 0.888001 1.000000
vt 0.888001 0.500000
vt 0.886001 1.000000
vt 0.886001 0.500000
vt 0.884001 1.000000
vt 0.884001 0.500000
vt 0.882002 1.000000
vt 0.882002 0.500000
vt 0.880002 1.000000
vt 0.880002 0.500000
vt 0.878002 1.000000
vt 0.878002 0.500000
vt 0.876002 1.000000
vt 0.876002 0.500000
vt 0.874002 1.000000
vt 0.874002 0.500000
vt 0.872002 1.000000
vt 0.872002 0.500000
vt 0.870002 1.000000
vt 0.870002 0.500000
vt 0.868002 1.000000
vt 0.868002 0.500000
vt 0.866002 1.000000
vt 0.866002 0.500000
vt 0.864002 1.000000
vt 0.864002 0.500000
vt 0.862002 1.000000
vt 0.862002 0.500000
vt 0.860002 1.000000
vt 0.860002 0.500000
vt 0.858002 1.000000
vt 0.858002 0.500000
vt 0.856002 1.000000
vt 0.856002 0.500000
vt 0.854002 1.000000
vt 0.854002 0.500000
vt 0.852002 1.000000
vt 0.852002 0.500000
vt 0.850002 1.000000
vt 0.850002 0.500000
vt 0.848002 1.000000
vt 0.848002 0.500000
vt 0.846002 1.000000
vt 0.846002 0.500000
vt 0.844002 1.000000
vt 0.844002 0.500000
vt 0.842002 1.000000
vt 0.842002 0.500000
vt 0.840002 1.000000
vt 0.840002 0.500000
vt 0.838002 1.000000
vt 0.838002 0.500000
vt 0.836002 1.000000
vt 0.836002 0.500000
vt 0.834002 1.000000
vt 0.834002 0.500000
vt 0.832002 1.000000
vt 0.832002 0.500000
vt 0.830002 1.000000
vt 0.830002 0.500000
vt 0.828002 1.000000
vt 0.828002 0.500000
vt 0.826002 1.000000
vt 0.826002 0.500000
vt 0.824002 1.000000
vt 0.824002 0.500000
vt 0.822002 1.000000
vt 0.822002 0.500000
vt 0.820002 1.000000
vt 0.820002 0.500000
vt 0.818002 1.000000
vt 0.818002 0.500000
vt 0.816002 1.000000
vt 0.816002 0.500000
vt 0.814002 1.000000
vt 0.814002 0.500000
vt 0.812002 1.000000
vt 0.812002 0.500000
vt 0.810002 1.000000
vt 0.810002 0.500000
vt 0.808002 1.000000
vt 0.808002 0.500000
vt 0.806002 1.000000
vt 0.806002 0.500000
vt 0.804003 1.000000
vt 0.804003 0.500000
vt 0.802003 1.000000
vt 0.802003 0.500000
vt 0.800003 1.000000
vt 0.800003 0.500000
vt 0.798003 1.000000
vt 0.798003 0.500000
vt 0.796003 1.000000
vt 0.796003 0.500000
vt 0.794003 1.000000
vt 0.794003 0.500000
vt 0.792003 1.000000
vt 0.792003 0.500000
vt 0.790003 1.000000
vt 0.790003 0.500000
vt 0.788003 1.000000
vt 0.788003 0.500000
vt 0.786003 1.000000
vt 0.786003 0.500000
vt 0.784003 1.000000
vt 0.784003 0.500000
vt 0.782003 1.000000
vt 0.782003 0.500000
vt 0.780003 1.000000
vt 0.780003 0.500000
vt 0.778003 1.000000
vt 0.778003 0.500000
vt 0.776003 1.000000
vt 0.776003 0.500000
vt 0.774003 1.000000
vt 0.774003 0.500000
vt 0.772003 1.000000
vt 0.772003 0.500000
vt 0.770003 1.000000
vt 0.770003 0.500000
vt 0.768003 1.000000
vt 0.768003 0.500000
vt 0.766003 1.000000
vt 0.766003 0.500000
vt 0.764003 1.000000
vt 0.764003 0.500000
vt 0.762003 1.000000
vt 0.762003 0.500000
vt 0.760003 1.000000
vt 0.760003 0.500000
vt 0.758003 1.000000
vt 0.758003 0.500000
vt 0.756003 1.000000
vt 0.756003 0.500000
vt 0.754003 1.000000
vt 0.754003 0.500000
vt 0.752003 1.000000
vt 0.752003 0.500000
vt 0.750003 1.000000
vt 0.750003 0.500000
vt 0.748003 1.000000
vt 0.748003 0.500000
vt 0.746003 1.000000
vt 0.746003 0.500000
vt 0.744003 1.000000
vt 0.744003 0.500000
vt 0.742003 1.000000
vt 0.742003 0.500000
vt 0.740003 1.000000
vt 0.740003 0.500000
vt 0.738003 1.000000
vt 0.738003 0.500000
vt 0.736003 1.000000
vt 0.736003 0.500000
vt 0.734003 1.000000
vt 0.734003 0.500000
vt 0.732003 1.000000
vt 0.732003 0.500000
vt 0.730003 1.000000
vt 0.730003 0.500000
vt 0.728004 1.000000
vt 0.728004 0.500000
vt 0.726004 1.000000
vt 0.726004 0.500000
vt 0.724004 1.000000
vt 0.724004 0.500000
vt 0.722004 1.000000
vt 0.722004 0.500000
vt 0.720004 1.000000
vt 0.720004 0.500000
vt 0.718004 1.000000
vt 0.718004 0.500000
vt 0.716004 1.000000
vt 0.716004 0.500000
vt 0.714004 1.000000
vt 0.714004 0.500000
vt 0.712004 1.000000
vt 0.712004 0.500000
vt 0.710004 1.000000
vt 0.710004 0.500000
vt 0.708004 1.000000
vt 0.708004 0.500000
vt 0.706004 1.000000
vt 0.706004 0.500000
vt 0.704004 1.000000
vt 0.704004 0.500000
vt 0.702004 1.000000
vt 0.702004 0.500000
vt 0.700004 1.000000
vt 0.700004 0.500000
vt 0.698004 1.000000
vt 0.698004 0.500000
vt 0.696004 1.000000
vt 0.696004 0.500000
vt 0.694004 1.000000
vt 0.694004 0.500000
vt 0.692004 1.000000
vt 0.692004 0.500000
vt 0.690004 1.000000
vt 0.690004 0.500000
vt 0.688004 1.000000
vt 0.688004 0.500000
vt 0.686004 1.000000
vt 0.686004 0.500000
vt 0.684004 1.000000
vt 0.684004 0.500000
vt 0.682004 1.000000
vt 0.682004 0.500000
vt 0.680004 1.000000
vt 0.680004 0.500000
vt 0.678004 1.000000
vt 0.678004 0.500000
vt 0.676004 1.000000
vt 0.676004 0.500000
vt 0.674004 1.000000
vt 0.674004 0.500000
vt 0.672004 1.000000
vt 0.672004 0.500000
vt 0.670004 1.000000
vt 0.670004 0.500000
vt 0.668004 1.000000
vt 0.668004 0.500000
vt 0.666004 1.000000
vt 0.666004 0.500000
vt 0.664004 1.000000
vt 0.664004 0.500000
vt 0.662004 1.000000
vt 0.662004 0.500000
vt 0.660004 1.000000
vt 0.660004 0.500000
vt 0.658004 1.000000
vt 0.658004 0.500000
vt 0.656004 1.000000
vt 0.656004 0.500000
vt 0.654004 1.000000
vt 0.654004 0.500000
vt 0.652004 1.000000
vt 0.652004 0.500000
vt 0.650005 1.000000
vt 0.650005 0.500000
vt 0.648005 1.000000
vt 0.648005 0.500000
vt 0.646005 1.000000
vt 0.646005 0.500000
vt 0.644005 1.000000
vt 0.644005 0.500000
vt 0.642005 1.000000
vt 0.642005 0.500000
vt 0.640005 1.000000
vt 0.640005 0.500000
vt 0.638005 1.000000
vt 0.638005 0.500000
vt 0.636005 1.000000
vt 0.636005 0.500000
vt 0.634005 1.000000
vt 0.634005 0.500000
vt 0.632005 1.000000
vt 0.632005 0.500000
vt 0.630005 1.000000
vt 0.630005 0.500000
vt 0.628005 1.000000
vt 0.628005 0.500000
vt 0.626005 1.000000
vt 0.626005 0.500000
vt 0.624005 1.000000
vt 0.624005 0.500000
vt 0.622005 1.000000
vt 0.622005 0.500000
vt 0.620005 1.000000
vt 0.620005 0.500000
vt 0.618005 1.000000
vt 0.618005 0.500000
vt 0.616005 1.000000
vt 0.616005 0.500000
vt 0.614005 1.000000
vt 0.614005 0.500000
vt 0.612005 1.000000
vt 0.612005 0.500000
vt 0.610005 1.000000
vt 0.610005 0.500000
vt 0.608005 1.000000
vt 0.608005 0.500000
vt 0.606005 1.000000
vt 0.606005 0.500000
vt 0.604005 1.000000
vt 0.604005 0.500000
vt 0.602005 1.000000
vt 0.602005 0.500000
vt 0.600005 1.000000
vt 0.600005 0.500000
vt 0.598005 1.000000
vt 0.598005 0.500000
vt 0.596005 1.000000
vt 0.596005 0.500000
vt 0.594005 1.000000
vt 0.594005 0.500000
vt 0.592005 1.000000
vt 0.592005 0.500000
vt 0.590005 1.000000
vt 0.590005 0.500000
vt 0.588005 1.000000
vt 0.588005 0.500000
vt 0.586005 1.000000
vt 0.586005 0.500000
vt 0.584005 1.000000
vt 0.584005 0.500000
vt 0.582005 1.000000
vt 0.582005 0.500000
vt 0.580005 1.000000
vt 0.580005 0.500000
vt 0.578005 1.000000
vt 0.578005 0.500000
vt 0.576005 1.000000
vt 0.576005 0.500000
vt 0.574005 1.000000
vt 0.574005 0.500000
vt 0.572006 1.000000
vt 0.572006 0.500000
vt 0.570006 1.000000
vt 0.570006 0.500000
vt 0.568006 1.000000
vt 0.568006 0.500000
vt 0.566006 1.000000
vt 0.566006 0.500000
vt 0.564006 1.000000
vt 0.564006 0.500000
vt 0.562006 1.000000
vt 0.562006 0.500000
vt 0.560006 1.000000
vt 0.560006 0.500000
vt 0.558006 1.000000
vt 0.558006 0.500000
vt 0.556006 1.000000
vt 0.556006 0.500000
vt 0.554006 1.000000
vt 0.554006 0.500000
vt 0.552006 1.000000
vt 0.552006 0.500000
vt 0.550006 1.000000
vt 0.550006 0.500000
vt 0.548006 1.000000
vt 0.548006 0.500000
vt 0.546006 1.000000
vt 0.546006 0.500000
vt 0.544006 1.000000
vt 0.544006 0.500000
vt 0.542006 1.000000
vt 0.542006 0.500000
vt 0.540006 1.000000
vt 0.540006 0.500000
vt 0.538006 1.000000
vt 0.538006 0.500000
vt 0.536006 1.000000
vt 0.536006 0.500000
vt 0.534006 1.000000
vt 0.534006 0.500000
vt 0.532006 1.000000
vt 0.532006 0.500000
vt 0.530006 1.000000
vt 0.530006 0.500000
vt 0.528006 1.000000
vt 0.528006 0.500000
vt 0.526006 1.000000
vt 0.526006 0.500000
vt 0.524006 1.000000
vt 0.524006 0.500000
vt 0.522006 1.000000
vt 0.522006 0.500000
vt 0.520006 1.000000
vt 0.520006 0.500000
vt 0.518006 1.000000
vt 0.518006 0.500000
vt 0.516006 1.000000
vt 0.516006 0.500000
vt 0.514006 1.000000
vt 0.514006 0.500000
vt 0.512006 1.000000
vt 0.512006 0.500000
vt 0.510006 1.000000
vt 0.510006 0.500000
vt 0.508006 1.000000
vt 0.508006 0.500000
vt 0.506006 1.000000
vt 0.506006 0.500000
vt 0.504006 1.000000
vt 0.504006 0.500000
vt 0.502006 1.000000
vt 0.502006 0.500000
vt 0.500006 1.000000
vt 0.500006 0.500000
vt 0.498006 1.000000
vt 0.498006 0.500000
vt 0.496006 1.000000
vt 0.496006 0.500000
vt 0.494006 1.000000
vt 0.494006 0.500000
vt 0.492006 1.000000
vt 0.492006 0.500000
vt 0.490006 1.000000
vt 0.490006 0.500000
vt 0.488006 1.000000
vt 0.488006 0.500000
vt 0.486006 1.000000
vt 0.486006 0.500000
vt 0.484006 1.000000
vt 0.484006 0.500000
vt 0.482006 1.000000
vt 0.482006 0.500000
vt 0.480006 1.000000
vt 0.480006 0.500000
vt 0.478006 1.000000
vt 0.478006 0.500000
vt 0.476006 1.000000
vt 0.476006 0.500000
vt 0.474006 1.000000
vt 0.474006 0.500000
vt 0.472006 1.000000
vt 0.472006 0.500000
vt 0.470006 1.000000
vt 0.470006 0.500000
vt 0.468006 1.000000
vt 0.468006 0.500000
vt 0.466006 1.000000
vt 0.466006 0.500000
vt 0.464006 1.000000
vt 0.464006 0.500000
vt 0.462006 1.000000
vt 0.462006 0.500000
vt 0.460006 1.000000
vt 0.460006 0.500000
vt 0.458006 1.000000
vt 0.458006 0.500000
vt 0.456006 1.000000
vt 0.456006 0.500000
vt 0.454006 1.000000
vt 0.454006 0.500000
vt 0.452006 1.000000
vt 0.452006 0.500000
vt 0.450006 1.000000
vt 0.450006 0.500000
vt 0.448006 1.000000
vt 0.448006 0.500000
vt 0.446006 1.000000
vt 0.446006 0.500000
vt 0.444006 1.000000
vt 0.444006 0.500000
vt 0.442006 1.000000
vt 0.442006 0.500000
vt 0.440006 1.000000
vt 0.440006 0.500000
vt 0.438006 1.000000
vt 0.438006 0.500000
vt 0.436006 1.000000
vt 0.436006 0.500000
vt 0.434006 1.000000
vt 0.434006 0.500000
vt 0.432006 1.000000
vt 0.432006 0.500000
vt 0.430006 1.000000
vt 0.430006 0.500000
vt 0.428006 1.000000
vt 0.428006 0.500000
vt 0.426006 1.000000
vt 0.426006 0.500000
vt 0.424006 1.000000
vt 0.424006 0.500000
vt 0.422006 1.000000
vt 0.422006 0.500000
vt 0.420006 1.000000
vt 0.420006 0.500000
vt 0.418006 1.000000
vt 0.418006 0.500000
vt 0.416006 1.000000
vt 0.416006 0.500000
vt 0.414006 1.000000
vt 0.414006 0.500000
vt 0.412006 1.000000
vt 0.412006 0.500000
vt 0.410006 1.000000
vt 0.410006 0.500000
vt 0.408006 1.000000
vt 0.408006 0.500000
vt 0.406006 1.000000
vt 0.406006 0.500000
vt 0.404006 1.000000
vt 0.404006 0.500000
vt 0.402006 1.000000
vt 0.402006 0.500000
vt 0.400006 1.000000
vt 0.400006 0.500000
vt 0.398006 1.000000
vt 0.398006 0.500000
vt 0.396006 1.000000
vt 0.396006 0.500000
vt 0.394006 1.000000
vt 0.394006 0.500000
vt 0.392006 1.000000
vt 0.392006 0.500000
vt 0.390006 1.000000
vt 0.390006 0.500000
vt 0.388006 1.000000
vt 0.388006 0.500000
vt 0.386006 1.000000
vt 0.386006 0.500000
vt 0.384006 1.000000
vt 0.384006 0.500000
vt 0.382006 1.000000
vt 0.382006 0.500000
vt 0.380006 1.000000
vt 0.380006 0.500000
vt 0.378006 1.000000
vt 0.378006 0.500000
vt 0.376006 1.000000
vt 0.376006 0.500000
vt 0.374006 1.000000
vt 0.374006 0.500000
vt 0.372006 1.000000
vt 0.372006 0.500000
vt 0.370006 1.000000
vt 0.370006 0.500000
vt 0.368006 1.000000
vt 0.368006 0.500000
vt 0.366006 1.000000
vt 0.366006 0.500000
vt 0.364006 1.000000
vt 0.364006 0.500000
vt 0.362006 1.000000
vt 0.362006 0.500000
vt 0.360006 1.000000
vt 0.360006 0.500000
vt 0.358006 1.000000
vt 0.358006 0.500000
vt 0.356006 1.000000
vt 0.356006 0.500000
vt 0.354006 1.000000
vt 0.354006 0.500000
vt 0.352006 1.000000
vt 0.352006 0.500000
vt 0.350006 1.000000
vt 0.350006 0.500000
vt 0.348006 1.000000
vt 0.348006 0.500000
vt 0.346006 1.000000
vt 0.346006 0.500000
vt 0.344006 1.000000
vt 0.344006 0.500000
vt 0.342006 1.000000
vt 0.342006 0.500000
vt 0.340006 1.000000
vt 0.340006 0.500000
vt 0.338006 1.000000
vt 0.338006 0.500000
vt 0.336006 1.000000
vt 0.336006 0.500000
vt 0.334006 1.000000
vt 0.334006 0.500000
vt 0.332006 1.000000
vt 0.332006 0.500000
vt 0.330006 1.000000
vt 0.330006 0.500000
vt 0.328006 1.000000
vt 0.328006 0.500000
vt 0.326006 1.000000
vt 0.326006 0.500000
vt 0.324006 1.000000
vt 0.324006 0.500000
vt 0.322006 1.000000
vt 0.322006 0.500000
vt 0.320006 1.000000
vt 0.320006 0.500000
vt 0.318006 1.000000
vt 0.318006 0.500000
vt 0.316006 1.000000
vt 0.316006 0.500000
vt 0.314006 1.000000
vt 0.314006 0.500000
vt 0.312006 1.000000
vt 0.312006 0.500000
vt 0.310006 1.000000
vt 0.310006 0.500000
vt 0.308006 1.000000
vt 0.308006 0.500000
vt 0.306006 1.000000
vt 0.306006 0.500000
vt 0.304006 1.000000
vt 0.304006 0.500000
vt 0.302006 1.000000
vt 0.302006 0.500000
vt 0.300006 1.000000
vt 0.300006 0.500000
vt 0.298006 1.000000
vt 0.298006 0.500000
vt 0.296006 1.000000
vt 0.296006 0.500000
vt 0.294006 1.000000
vt 0.294006 0.500000
vt 0.292006 1.000000
vt 0.292006 0.500000
vt 0.290006 1.000000
vt 0.290006 0.500000
vt 0.288006 1.000000
vt 0.288006 0.500000
vt 0.286006 1.000000
vt 0.286006 0.500000
vt 0.284006 1.000000
vt 0.284006 0.500000
vt 0.282006 1.000000
vt 0.282006 0.500000
vt 0.280006 1.000000
vt 0.280006 0.500000
vt 0.278006 1.000000
vt 0.278006 0.500000
vt 0.276006 1.000000
vt 0.276006 0.500000
vt 0.274006 1.000000
vt 0.274006 0.500000
vt 0.272006 1.000000
vt 0.272006 0.500000
vt 0.270006 1.000000
vt 0.270006 0.500000
vt 0.268006 1.000000
vt 0.268006 0.500000
vt 0.266006 1.000000
vt 0.266006 0.500000
vt 0.264006 1.000000
vt 0.264006 0.500000
vt 0.262006 1.000000
vt 0.262006 0.500000
vt 0.260006 1.000000
vt 0.260006 0.500000
vt 0.258006 1.000000
vt 0.258006 0.500000
vt 0.256006 1.000000
vt 0.256006 0.500000
vt 0.254006 1.000000
vt 0.254006 0.500000
vt 0.252006 1.000000
vt 0.252006 0.500000
vt 0.250006 1.000000
vt 0.250006 0.500000
vt 0.248006 1.000000
vt 0.248006 0.500000
vt 0.246006 1.000000
vt 0.246006 0.500000
vt 0.244006 1.000000
vt 0.244006 0.500000
vt 0.242006 1.000000
vt 0.242006 0.500000
vt 0.240006 1.000000
vt 0.240006 0.500000
vt 0.238006 1.000000
vt 0.238006 0.500000
vt 0.236006 1.000000
vt 0.236006 0.500000
vt 0.234006 1.000000
vt 0.234006 0.500000
vt 0.232006 1.000000
vt 0.232006 0.500000
vt 0.230006 1.000000
vt 0.230006 0.500000
vt 0.228006 1.000000
vt 0.228006 0.500000
vt 0.226006 1.000000
vt 0.226006 0.500000
vt 0.224006 1.000000
vt 0.224006 0.500000
vt 0.222006 1.000000
vt 0.222006 0.500000
vt 0.220006 1.000000
vt 0.220006 0.500000
vt 0.218006 1.000000
vt 0.218006 0.500000
vt 0.216006 1.000000
vt 0.216006 0.500000
vt 0.214006 1.000000
vt 0.214006 0.500000
vt 0.212006 1.000000
vt 0.212006 0.500000
vt 0.210006 1.000000
vt 0.210006 0.500000
vt 0.208006 1.000000
vt 0.208006 0.500000
vt 0.206006 1.000000
vt 0.206006 0.500000
vt 0.204006 1.000000
vt 0.204006 0.500000
vt 0.202006 1.000000
vt 0.202006 0.500000
vt 0.200006 1.000000
vt 0.200006 0.500000
vt 0.198006 1.000000
vt 0.198006 0.500000
vt 0.196006 1.000000
vt 0.196006 0.500000
vt 0.194006 1.000000
vt 0.194006 0.500000
vt 0.192006 1.000000
vt 0.192006 0.500000
vt 0.190006 1.000000
vt 0.190006 0.500000
vt 0.188006 1.000000
vt 0.188006 0.500000
vt 0.186006 1.000000
vt 0.186006 0.500000
vt 0.184006 1.000000
vt 0.184006 0.500000
vt 0.182006 1.000000
vt 0.182006 0.500000
vt 0.180006 1.000000
vt 0.180006 0.500000
vt 0.178006 1.000000
vt 0.178006 0.500000
vt 0.176006 1.000000
vt 0.176006 0.500000
vt 0.174006 1.000000
vt 0.174006 0.500000
vt 0.172006 1.000000
vt 0.172006 0.500000
vt 0.170006 1.000000
vt 0.170006 0.500000
vt 0.168006 1.000000
vt 0.168006 0.500000
vt 0.166006 1.000000
vt 0.166006 0.500000
vt 0.164006 1.000000
vt 0.164006 0.500000
vt 0.162006 1.000000
vt 0.162006 0.500000
vt 0.160006 1.000000
vt 0.160006 0.500000
vt 0.158006 1.000000
vt 0.158006 0.500000
vt 0.156006 1.000000
vt 0.156006 0.500000
vt 0.154006 1.000000
vt 0.154006 0.500000
vt 0.152006 1.000000
vt 0.152006 0.500000
vt 0.150006 1.000000
vt 0.150006 0.500000
vt 0.148006 1.000000
vt 0.148006 0.500000
vt 0.146006 1.000000
vt 0.146006 0.500000
vt 0.144006 1.000000
vt 0.144006 0.500000
vt 0.142006 1.000000
vt 0.142006 0.500000
vt 0.140006 1.000000
vt 0.140006 0.500000
vt 0.138006 1.000000
vt 0.138006 0.500000
vt 0.136006 1.000000
vt 0.136006 0.500000
vt 0.134006 1.000000
vt 0.134006 0.500000
vt 0.132006 1.000000
vt 0.132006 0.500000
vt 0.130006 1.000000
vt 0.130006 0.500000
vt 0.128006 1.000000
vt 0.128006 0.500000
vt 0.126006 1.000000
vt 0.126006 0.500000
vt 0.124006 1.000000
vt 0.124006 0.500000
vt 0.122006 1.000000
vt 0.122006 0.500000
vt 0.120006 1.000000
vt 0.120006 0.500000
vt 0.118006 1.000000
vt 0.118006 0.500000
vt 0.116006 1.000000
vt 0.116006 0.500000
vt 0.114006 1.000000
vt 0.114006 0.500000
vt 0.112006 1.000000
vt 0.112006 0.500000
vt 0.110006 1.000000
vt 0.110006 0.500000
vt 0.108006 1.000000
vt 0.108006 0.500000
vt 0.106006 1.000000
vt 0.106006 0.500000
vt 0.104006 1.000000
vt 0.104006 0.500000
vt 0.102006 1.000000
vt 0.102006 0.500000
vt 0.100006 1.000000
vt 0.100006 0.500000
vt 0.098006 1.000000
vt 0.098006 0.500000
vt 0.096006 1.000000
vt 0.096006 0.500000
vt 0.094006 1.000000
vt 0.094006 0.500000
vt 0.092006 1.000000
vt 0.092006 0.500000
vt 0.090006 1.000000
vt 0.090006 0.500000
vt 0.088006 1.000000
vt 0.088006 0.500000
vt 0.086006 1.000000
vt 0.086006 0.500000
vt 0.084006 1.000000
vt 0.084006 0.500000
vt 0.082006 1.000000
vt 0.082006 0.500000
vt 0.080006 1.000000
vt 0.080006 0.500000
vt 0.078006 1.000000
vt 0.078006 0.500000
vt 0.076006 1.000000
vt 0.076006 0.500000
vt 0.074006 1.000000
vt 0.074006 0.500000
vt 0.072006 1.000000
vt 0.072006 0.500000
vt 0.070006 1.000000
vt 0.070006 0.500000
vt 0.068006 1.000000
vt 0.068006 0.500000
vt 0.066006 1.000000
vt 0.066006 0.500000
vt 0.064006 1.000000
vt 0.064006 0.500000
vt 0.062006 1.000000
vt 0.062006 0.500000
vt 0.060006 1.000000
vt 0.060006 0.500000
vt 0.058006 1.000000
vt 0.058006 0.500000
vt 0.056006 1.000000
vt 0.056006 0.500000
vt 0.054006 1.000000
vt 0.054006 0.500000
vt 0.052006 1.000000
vt 0.052006 0.500000
vt 0.050006 1.000000
vt 0.050006 0.500000
vt 0.048006 1.000000
vt 0.048006 0.500000
vt 0.046006 1.000000
vt 0.046006 0.500000
vt 0.044006 1.000000
vt 0.044006 0.500000
vt 0.042006 1.000000
vt 0.042006 0.500000
vt 0.040006 1.000000
vt 0.040006 0.500000
vt 0.038006 1.000000
vt 0.038006 0.500000
vt 0.036006 1.000000
vt 0.036006 0.500000
vt 0.034006 1.000000
vt 0.034006 0.500000
vt 0.032006 1.000000
vt 0.032006 0.500000
vt 0.030006 1.000000
vt 0.030006 0.500000
vt 0.028006 1.000000
vt 0.028006 0.500000
vt 0.026006 1.000000
vt 0.026006 0.500000
vt 0.024006 1.000000
vt 0.024006 0.500000
vt 0.022006 1.000000
vt 0.022006 0.500000
vt 0.020006 1.000000
vt 0.020006 0.500000
vt 0.018006 1.000000
vt 0.018006 0.500000
vt 0.016006 1.000000
vt 0.016006 0.500000
vt 0.014006 1.000000
vt 0.014006 0.500000
vt 0.012006 1.000000
vt 0.012006 0.500000
vt 0.010006 1.000000
vt 0.010006 0.500000
vt 0.008006 1.000000
vt 0.008006 0.500000
vt 0.006006 1.000000
vt 0.006006 0.500000
vt 0.004006 1.000000
vt 0.004006 0.500000
vt 0.253016 0.489981
vt 0.250000 0.490000
vt 0.246984 0.489981
vt 0.243969 0.489924
vt 0.240954 0.489829
vt 0.237941 0.489697
vt 0.234930 0.489526
vt 0.231922 0.489318
vt 0.228916 0.489072
vt 0.225913 0.488788
vt 0.222914 0.488467
vt 0.219920 0.488108
vt 0.216930 0.487711
vt 0.213946 0.487276
vt 0.210967 0.486805
vt 0.207994 0.486295
vt 0.205028 0.485749
vt 0.202070 0.485165
vt 0.199118 0.484544
vt 0.196175 0.483886
vt 0.193240 0.483192
vt 0.190314 0.482460
vt 0.187398 0.481692
vt 0.184492 0.480887
vt 0.181595 0.480045
vt 0.178710 0.479167
vt 0.175836 0.478254
vt 0.172974 0.477304
vt 0.170123 0.476318
vt 0.167286 0.475296
vt 0.164461 0.474239
vt 0.161650 0.473146
vt 0.158853 0.472019
vt 0.156070 0.470856
vt 0.153302 0.469658
vt 0.150550 0.468425
vt 0.147813 0.467158
vt 0.145092 0.465857
vt 0.142388 0.464522
vt 0.139701 0.463153
vt 0.137031 0.461750
vt 0.134379 0.460314
vt 0.131745 0.458844
vt 0.129130 0.457342
vt 0.126535 0.455806
vt 0.123958 0.454239
vt 0.121402 0.452639
vt 0.118865 0.451007
vt 0.116350 0.449343
vt 0.113855 0.447648
vt 0.111383 0.445921
vt 0.108932 0.444164
vt 0.106503 0.442376
vt 0.104097 0.440558
vt 0.101714 0.438709
vt 0.099354 0.436831
vt 0.097018 0.434923
vt 0.094707 0.432986
vt 0.092419 0.431020
vt 0.090157 0.429026
vt 0.087920 0.427003
vt 0.085709 0.424952
vt 0.083523 0.422874
vt 0.081364 0.420769
vt 0.079231 0.418636
vt 0.077126 0.416477
vt 0.075048 0.414291
vt 0.072997 0.412080
vt 0.070974 0.409843
vt 0.068980 0.407581
vt 0.067014 0.405293
vt 0.065077 0.402982
vt 0.063169 0.400646
vt 0.061291 0.398286
vt 0.059442 0.395903
vt 0.057624 0.393497
vt 0.055836 0.391068
vt 0.054079 0.388617
vt 0.052352 0.386145
vt 0.050657 0.383650
vt 0.048993 0.381135
vt 0.047361 0.378598
vt 0.045761 0.376042
vt 0.044194 0.373465
vt 0.042658 0.370870
vt 0.041156 0.368255
vt 0.039686 0.365621
vt 0.038250 0.362969
vt 0.036847 0.360299
vt 0.035478 0.357612
vt 0.034143 0.354908
vt 0.032842 0.352187
vt 0.031575 0.349450
vt 0.030342 0.346698
vt 0.029144 0.343930
vt 0.027981 0.341147
vt 0.026854 0.338350
vt 0.025761 0.335539
vt 0.024704 0.332714
vt 0.023682 0.329877
vt 0.022696 0.327026
vt 0.021746 0.324164
vt 0.020833 0.321290
vt 0.019955 0.318405
vt 0.019113 0.315508
vt 0.018308 0.312602
vt 0.017540 0.309686
vt 0.016808 0.306760
vt 0.016114 0.303825
vt 0.015456 0.300882
vt 0.014835 0.297930
vt 0.014251 0.294972
vt 0.013705 0.292006
vt 0.013195 0.289033
vt 0.012724 0.286054
vt 0.012289 0.283070
vt 0.011892 0.280080
vt 0.011533 0.277086
vt 0.011212 0.274087
vt 0.010928 0.271084
vt 0.010682 0.268078
vt 0.010474 0.265070
vt 0.010303 0.262059
vt 0.010171 0.259046
vt 0.010076 0.256031
vt 0.010019 0.253016
vt 0.010000 0.250000
vt 0.010019 0.246984
vt 0.010076 0.243969
vt 0.010171 0.240954
vt 0.010303 0.237941
vt 0.010474 0.234930
vt 0.010682 0.231922
vt 0.010928 0.228916
vt 0.011212 0.225913
vt 0.011533 0.222914
vt 0.011892 0.219920
vt 0.012289 0.216930
vt 0.012724 0.213946
vt 0.013195 0.210967
vt 0.013705 0.207994
vt 0.014251 0.205028
vt 0.014835 0.202070
vt 0.015456 0.199118
vt 0.016114 0.196175
vt 0.016808 0.193240
vt 0.017540 0.190314
vt 0.018308 0.187398
vt 0.019113 0.184492
vt 0.019955 0.181595
vt 0.020833 0.178710
vt 0.021746 0.175836
vt 0.022696 0.172974
vt 0.023682 0.170123
vt 0.024704 0.167286
vt 0.025761 0.164461
vt 0.026854 0.161650
vt 0.027981 0.158853
vt 0.029144 0.156070
vt 0.030342 0.153302
vt 0.031575 0.150550
vt 0.032842 0.147813
vt 0.034143 0.145092
vt 0.035478 0.142388
vt 0.036847 0.139701
vt 0.038250 0.137031
vt 0.039686 0.134379
vt 0.041156 0.131745
vt 0.042658 0.129130
vt 0.044194 0.126535
vt 0.045761 0.123958
vt 0.047361 0.121402
vt 0.048993 0.118865
vt 0.050657 0.116350
vt 0.052352 0.113855
vt 0.054079 0.111383
vt 0.055836 0.108932
vt 0.057624 0.106503
vt 0.059442 0.104097
vt 0.061291 0.101714
vt 0.063169 0.099354
vt 0.065077 0.097018
vt 0.067014 0.094707
vt 0.068980 0.092419
vt 0.070974 0.090157
vt 0.072997 0.087920
vt 0.075048 0.085709
vt 0.077126 0.083523
vt 0.079231 0.081364
vt 0.081364 0.079231
vt 0.083523 0.077126
vt 0.085709 0.075048
vt 0.087920 0.072997
vt 0.090157 0.070974
vt 0.092419 0.068980
vt 0.094707 0.067014
vt 0.097018 0.065077
vt 0.099354 0.063169
vt 0.101714 0.061291
vt 0.104097 0.059442
vt 0.106503 0.057624
vt 0.108932 0.055836
vt 0.111383 0.054079
vt 0.113855 0.052352
vt 0.116350 0.050657
vt 0.118865 0.048993
vt 0.121402 0.047361
vt 0.123958 0.045761
vt 0.126535 0.044194
vt 0.129130 0.042658
vt 0.131745 0.041156
vt 0.134379 0.039686
vt 0.137031 0.038250
vt 0.139701 0.036847
vt 0.142388 0.035478
vt 0.145092 0.034143
vt 0.147813 0.032842
vt 0.150550 0.031575
vt 0.153302 0.030342
vt 0.156070 0.029144
vt 0.158853 0.027981
vt 0.161650 0.026854
vt 0.164461 0.025761
vt 0.167286 0.024704
vt 0.170123 0.023682
vt 0.172974 0.022696
vt 0.175836 0.021746
vt 0.178710 0.020833
vt 0.181595 0.019955
vt 0.184492 0.019113
vt 0.187398 0.018308
vt 0.190314 0.017540
vt 0.193240 0.016808
vt 0.196175 0.016114
vt 0.199118 0.015456
vt 0.202070 0.014835
vt 0.205028 0.014251
vt 0.207994 0.013705
vt 0.210967 0.013195
vt 0.213946 0.012724
vt 0.216930 0.012289
vt 0.219920 0.011892
vt 0.222914 0.011533
vt 0.225913 0.011212
vt 0.228916 0.010928
vt 0.231922 0.010682
vt 0.234930 0.010474
vt 0.237941 0.010303
vt 0.240954 0.010171
vt 0.243969 0.010076
vt 0.246984 0.010019
vt 0.250000 0.010000
vt 0.253016 0.010019
vt 0.256031 0.010076
vt 0.259046 0.010171
vt 0.262059 0.010303
vt 0.265070 0.010474
vt 0.268078 0.010682
vt 0.271084 0.010928
vt 0.274087 0.011212
vt 0.277086 0.011533
vt 0.280080 0.011892
vt 0.283070 0.012289
vt 0.286054 0.012724
vt 0.289033 0.013195
vt 0.292006 0.013705
vt 0.294972 0.014251
vt 0.297930 0.014835
vt 0.300882 0.015456
vt 0.303825 0.016114
vt 0.306760 0.016808
vt 0.309686 0.017540
vt 0.312602 0.018308
vt 0.315508 0.019113
vt 0.318405 0.019955
vt 0.321290 0.020833
vt 0.324164 0.021746
vt 0.327026 0.022696
vt 0.329877 0.023682
vt 0.332714 0.024704
vt 0.335539 0.025761
vt 0.338350 0.026854
vt 0.341147 0.027981
vt 0.343930 0.029144
vt 0.346698 0.030342
vt 0.349450 0.031575
vt 0.352187 0.032842
vt 0.354908 0.034143
vt 0.357612 0.035478
vt 0.360299 0.036847
vt 0.362969 0.038250
vt 0.365621 0.039686
vt 0.368255 0.041156
vt 0.370870 0.042658
vt 0.373465 0.044194
vt 0.376042 0.045761
vt 0.378598 0.047361
vt 0.381135 0.048993
vt 0.383650 0.050657
vt 0.386145 0.052352
vt 0.388617 0.054079
vt 0.391068 0.055836
vt 0.393497 0.057624
vt 0.395903 0.059442
vt 0.398286 0.061291
vt 0.400646 0.063169
vt 0.402982 0.065077
vt 0.405293 0.067014
vt 0.407581 0.068980
vt 0.409843 0.070974
vt 0.412080 0.072997
vt 0.414291 0.075048
vt 0.416477 0.077126
vt 0.418636 0.079231
vt 0.420769 0.081364
vt 0.422874 0.083523
vt 0.424952 0.085709
vt 0.427003 0.087920
vt 0.429026 0.090157
vt 0.431020 0.092419
vt 0.432986 0.094707
vt 0.434923 0.097018
vt 0.436831 0.099354
vt 0.438709 0.101714
vt 0.440558 0.104097
vt 0.442376 0.106503
vt 0.444164 0.108932
vt 0.445921 0.111383
vt 0.447648 0.113855
vt 0.449343 0.116350
vt 0.451007 0.118865
vt 0.452639 0.121402
vt 0.454239 0.123958
vt 0.455806 0.126535
vt 0.457342 0.129130
vt 0.458844 0.131745
vt 0.460314 0.134379
vt 0.461750 0.137031
vt 0.463153 0.139701
vt 0.464522 0.142388
vt 0.465857 0.145092
vt 0.467158 0.147813
vt 0.468425 0.150550
vt 0.469658 0.153302
vt 0.470856 0.156070
vt 0.472019 0.158853
vt 0.473146 0.161650
vt 0.474239 0.164461
vt 0.475296 0.167286
vt 0.476318 0.170123
vt 0.477304 0.172974
vt 0.478254 0.175836
vt 0.479167 0.178710
vt 0.480045 0.181595
vt 0.480887 0.184492
vt 0.481692 0.187398
vt 0.482460 0.190314
vt 0.483192 0.193240
vt 0.483886 0.196175
vt 0.484544 0.199118
vt 0.485165 0.202070
vt 0.485749 0.205028
vt 0.486295 0.207994
vt 0.486805 0.210967
vt 0.487276 0.213946
vt 0.487711 0.216930
vt 0.488108 0.219920
vt 0.488467 0.222914
vt 0.488788 0.225913
vt 0.489072 0.228916
vt 0.489318 0.231922
vt 0.489526 0.234930
vt 0.489697 0.237941
vt 0.489829 0.240954
vt 0.489924 0.243969
vt 0.489981 0.246984
vt 0.490000 0.250000
vt 0.489981 0.253016
vt 0.489924 0.256031
vt 0.489829 0.259046
vt 0.489697 0.262059
vt 0.489526 0.265070
vt 0.489318 0.268078
vt 0.489072 0.271084
vt 0.488788 0.274087
vt 0.488467 0.277086
vt 0.488108 0.280080
vt 0.487711 0.283070
vt 0.487276 0.286054
vt 0.486805 0.289033
vt 0.486295 0.292006
vt 0.485749 0.294972
vt 0.485165 0.297930
vt 0.484544 0.300882
vt 0.483886 0.303825
vt 0.483192 0.306760
vt 0.482460 0.309686
vt 0.481692 0.312602
vt 0.480887 0.315508
vt 0.480045 0.318405
vt 0.479167 0.321290
vt 0.478254 0.324164
vt 0.477304 0.327026
vt 0.476318 0.329877
vt 0.475296 0.332714
vt 0.474239 0.335539
vt 0.473146 0.338350
vt 0.472019 0.341147
vt 0.470856 0.343930
vt 0.469658 0.346698
vt 0.468425 0.349450
vt 0.467158 0.352187
vt 0.465857 0.354908
vt 0.464522 0.357612
vt 0.463153 0.360299
vt 0.461750 0.362969
vt 0.460314 0.365621
vt 0.458844 0.368255
vt 0.457342 0.370870
vt 0.455806 0.373465
vt 0.454239 0.376042
vt 0.452639 0.378598
vt 0.451007 0.381135
vt 0.449343 0.383650
vt 0.447648 0.386145
vt 0.445921 0.388617
vt 0.444164 0.391068
vt 0.442376 0.393497
vt 0.440558 0.395903
vt 0.438709 0.398286
vt 0.436831 0.400646
vt 0.434923 0.402982
vt 0.432986 0.405293
vt 0.431020 0.407581
vt 0.429026 0.409843
vt 0.427003 0.412080
vt 0.424952 0.414291
vt 0.422874 0.416477
vt 0.420769 0.418636
vt 0.418636 0.420769
vt 0.416477 0.422874
vt 0.414291 0.424952
vt 0.412080 0.427003
vt 0.409843 0.429026
vt 0.407581 0.431020
vt 0.405293 0.432986
vt 0.402982 0.434923
vt 0.400646 0.436831
vt 0.398286 0.438709
vt 0.395903 0.440558
vt 0.393497 0.442376
vt 0.391068 0.444164
vt 0.388617 0.445921
vt 0.386145 0.447648
vt 0.383650 0.449343
vt 0.381135 0.451007
vt 0.378598 0.452639
vt 0.376042 0.454239
vt 0.373465 0.455806
vt 0.370870 0.457342
vt 0.368255 0.458844
vt 0.365621 0.460314
vt 0.362969 0.461750
vt 0.360299 0.463153
vt 0.357612 0.464522
vt 0.354908 0.465857
vt 0.352187 0.467158
vt 0.349450 0.468425
vt 0.346698 0.469658
vt 0.343930 0.470856
vt 0.341147 0.472019
vt 0.338350 0.473146
vt 0.335539 0.474239
vt 0.332714 0.475296
vt 0.329877 0.476318
vt 0.327026 0.477304
vt 0.324164 0.478254
vt 0.321290 0.479167
vt 0.318405 0.480045
vt 0.315508 0.480887
vt 0.312602 0.481692
vt 0.309686 0.482460
vt 0.306760 0.483192
vt 0.303825 0.483886
vt 0.300882 0.484544
vt 0.297930 0.485165
vt 0.294972 0.485749
vt 0.292006 0.486295
vt 0.289033 0.486805
vt 0.286054 0.487276
vt 0.283070 0.487711
vt 0.280080 0.488108
vt 0.277086 0.488467
vt 0.274087 0.488788
vt 0.271084 0.489072
vt 0.268078 0.489318
vt 0.265070 0.489526
vt 0.262059 0.489697
vt 0.259046 0.489829
vt 0.256031 0.489924
vt 0.002006 1.000000
vt 0.002006 0.500000
vt 0.000006 1.000000
vt 0.000006 0.500000
vt 0.750000 0.490000
vt 0.753016 0.489981
vt 0.756031 0.489924
vt 0.759046 0.489829
vt 0.762059 0.489697
vt 0.765070 0.489526
vt 0.768078 0.489318
vt 0.771084 0.489072
vt 0.774087 0.488788
vt 0.777086 0.488467
vt 0.780080 0.488108
vt 0.783070 0.487711
vt 0.786054 0.487276
vt 0.789033 0.486805
vt 0.792006 0.486295
vt 0.794972 0.485749
vt 0.797930 0.485165
vt 0.800882 0.484544
vt 0.803825 0.483886
vt 0.806760 0.483192
vt 0.809686 0.482460
vt 0.812602 0.481692
vt 0.815508 0.480887
vt 0.818405 0.480045
vt 0.821290 0.479167
vt 0.824164 0.478254
vt 0.827026 0.477304
vt 0.829877 0.476318
vt 0.832714 0.475296
vt 0.835539 0.474239
vt 0.838350 0.473146
vt 0.841147 0.472019
vt 0.843930 0.470856
vt 0.846698 0.469658
vt 0.849450 0.468425
vt 0.852187 0.467158
vt 0.854908 0.465857
vt 0.857612 0.464522
vt 0.860299 0.463153
vt 0.862969 0.461750
vt 0.865621 0.460314
vt 0.868255 0.458844
vt 0.870870 0.457342
vt 0.873465 0.455806
vt 0.876042 0.454239
vt 0.878598 0.452639
vt 0.881135 0.451007
vt 0.883650 0.449343
vt 0.886145 0.447648
vt 0.888617 0.445921
vt 0.891068 0.444164
vt 0.893497 0.442376
vt 0.895903 0.440558
vt 0.898286 0.438709
vt 0.900646 0.436831
vt 0.902982 0.434923
vt 0.905293 0.432986
vt 0.907581 0.431020
vt 0.909843 0.429026
vt 0.912080 0.427003
vt 0.914291 0.424952
vt 0.916477 0.422874
vt 0.918636 0.420769
vt 0.920769 0.418636
vt 0.922874 0.416477
vt 0.924952 0.414291
vt 0.927003 0.412080
vt 0.929026 0.409843
vt 0.931020 0.407581
vt 0.932986 0.405293
vt 0.934923 0.402982
vt 0.936831 0.400646
vt 0.938709 0.398286
vt 0.940558 0.395903
vt 0.942376 0.393497
vt 0.944164 0.391068
vt 0.945921 0.388617
vt 0.947648 0.386145
vt 0.949343 0.383650
vt 0.951007 0.381135
vt 0.952639 0.378598
vt 0.954239 0.376042
vt 0.955806 0.373465
vt 0.957342 0.370870
vt 0.958844 0.368255
vt 0.960314 0.365621
vt 0.961750 0.362969
vt 0.963153 0.360299
vt 0.964522 0.357612
vt 0.965857 0.354908
vt 0.967158 0.352187
vt 0.968425 0.349450
vt 0.969658 0.346698
vt 0.970856 0.343930
vt 0.972019 0.341147
vt 0.973146 0.338350
vt 0.974239 0.335539
vt 0.975296 0.332714
vt 0.976318 0.329877
vt 0.977304 0.327026
vt 0.978254 0.324164
vt 0.979167 0.321290
vt 0.980045 0.318405
vt 0.980887 0.315508
vt 0.981692 0.312602
vt 0.982460 0.309686
vt 0.983192 0.306760
vt 0.983886 0.303825
vt 0.984544 0.300882
vt 0.985165 0.297930
vt 0.985749 0.294972
vt 0.986295 0.292006
vt 0.986805 0.289033
vt 0.987276 0.286054
vt 0.987711 0.283070
vt 0.988108 0.280080
vt 0.988467 0.277086
vt 0.988788 0.274087
vt 0.989072 0.271084
vt 0.989318 0.268078
vt 0.989526 0.265070
vt 0.989697 0.262059
vt 0.989829 0.259046
vt 0.989924 0.256031
vt 0.989981 0.253016
vt 0.990000 0.250000
vt 0.989981 0.246984
vt 0.989924 0.243969
vt 0.989829 0.240954
vt 0.989697 0.237941
vt 0.989526 0.234930
vt 0.989318 0.231922
vt 0.989072 0.228916
vt 0.988788 0.225913
vt 0.988467 0.222914
vt 0.988108 0.219920
vt 0.987711 0.216930
vt 0.987276 0.213946
vt 0.986805 0.210967
vt 0.986295 0.207994
vt 0.985749 0.205028
vt 0.985165 0.202070
vt 0.984544 0.199118
vt 0.983886 0.196175
vt 0.983192 0.193240
vt 0.982460 0.190314
vt 0.981692 0.187398
vt 0.980887 0.184492
vt 0.980045 0.181595
vt 0.979167 0.178710
vt 0.978254 0.175836
vt 0.977304 0.172974
vt 0.976318 0.170123
vt 0.975296 0.167286
vt 0.974239 0.164461
vt 0.973146 0.161650
vt 0.972019 0.158853
vt 0.970856 0.156070
vt 0.969658 0.153302
vt 0.968425 0.150550
vt 0.967158 0.147813
vt 0.965857 0.145092
vt 0.964522 0.142388
vt 0.963153 0.139701
vt 0.961750 0.137031
vt 0.960314 0.134379
vt 0.958844 0.131745
vt 0.957342 0.129130
vt 0.955806 0.126535
vt 0.954239 0.123958
vt 0.952639 0.121402
vt 0.951007 0.118865
vt 0.949343 0.116350
vt 0.947648 0.113855
vt 0.945921 0.111383
vt 0.944164 0.108932
vt 0.942376 0.106503
vt 0.940558 0.104097
vt 0.938709 0.101714
vt 0.936831 0.099354
vt 0.934923 0.097018
vt 0.932986 0.094707
vt 0.931020 0.092419
vt 0.929026 0.090157
vt 0.927003 0.087920
vt 0.924952 0.085709
vt 0.922874 0.083523
vt 0.920769 0.081364
vt 0.918636 0.079231
vt 0.916477 0.077126
vt 0.914291 0.075048
vt 0.912080 0.072997
vt 0.909843 0.070974
vt 0.907581 0.068980
vt 0.905293 0.067014
vt 0.902982 0.065077
vt 0.900646 0.063169
vt 0.898286 0.061291
vt 0.895903 0.059442
vt 0.893497 0.057624
vt 0.891068 0.055836
vt 0.888617 0.054079
vt 0.886145 0.052352
vt 0.883650 0.050657
vt 0.881135 0.048993
vt 0.878598 0.047361
vt 0.876042 0.045761
vt 0.873465 0.044194
vt 0.870870 0.042658
vt 0.868255 0.041156
vt 0.865621 0.039686
vt 0.862969 0.038250
vt 0.860299 0.036847
vt 0.857612 0.035478
vt 0.854908 0.034143
vt 0.852187 0.032842
vt 0.849450 0.031575
vt 0.846698 0.030342
vt 0.843930 0.029144
vt 0.841147 0.027981
vt 0.838350 0.026854
vt 0.835539 0.025761
vt 0.832714 0.024704
vt 0.829877 0.023682
vt 0.827026 0.022696
vt 0.824164 0.021746
vt 0.821290 0.020833
vt 0.818405 0.019955
vt 0.815508 0.019113
vt 0.812602 0.018308
vt 0.809686 0.017540
vt 0.806760 0.016808
vt 0.803825 0.016114
vt 0.800882 0.015456
vt 0.797930 0.014835
vt 0.794972 0.014251
vt 0.792006 0.013705
vt 0.789033 0.013195
vt 0.786054 0.012724
vt 0.783070 0.012289
vt 0.780080 0.011892
vt 0.777086 0.011533
vt 0.774087 0.011212
vt 0.771084 0.010928
vt 0.768078 0.010682
vt 0.765070 0.010474
vt 0.762059 0.010303
vt 0.759046 0.010171
vt 0.756031 0.010076
vt 0.753016 0.010019
vt 0.750000 0.010000
vt 0.746984 0.010019
vt 0.743969 0.010076
vt 0.740954 0.010171
vt 0.737941 0.010303
vt 0.734930 0.010474
vt 0.731922 0.010682
vt 0.728916 0.010928
vt 0.725913 0.011212
vt 0.722914 0.011533
vt 0.719920 0.011892
vt 0.716930 0.012289
vt 0.713946 0.012724
vt 0.710967 0.013195
vt 0.707994 0.013705
vt 0.705028 0.014251
vt 0.702070 0.014835
vt 0.699118 0.015456
vt 0.696175 0.016114
vt 0.693240 0.016808
vt 0.690314 0.017540
vt 0.687398 0.018308
vt 0.684492 0.019113
vt 0.681595 0.019955
vt 0.678710 0.020833
vt 0.675836 0.021746
vt 0.672974 0.022696
vt 0.670123 0.023682
vt 0.667286 0.024704
vt 0.664461 0.025761
vt 0.661650 0.026854
vt 0.658853 0.027981
vt 0.656070 0.029144
vt 0.653302 0.030342
vt 0.650550 0.031575
vt 0.647813 0.032842
vt 0.645092 0.034143
vt 0.642388 0.035478
vt 0.639701 0.036847
vt 0.637031 0.038250
vt 0.634379 0.039686
vt 0.631745 0.041156
vt 0.629130 0.042658
vt 0.626535 0.044194
vt 0.623958 0.045761
vt 0.621402 0.047361
vt 0.618865 0.048993
vt 0.616350 0.050657
vt 0.613855 0.052352
vt 0.611383 0.054079
vt 0.608932 0.055836
vt 0.606503 0.057624
vt 0.604097 0.059442
vt 0.601714 0.061291
vt 0.599354 0.063169
vt 0.597018 0.065077
vt 0.594707 0.067014
vt 0.592419 0.068980
vt 0.590157 0.070974
vt 0.587920 0.072997
vt 0.585709 0.075048
vt 0.583523 0.077126
vt 0.581364 0.079231
vt 0.579231 0.081364
vt 0.577126 0.083523
vt 0.575048 0.085709
vt 0.572997 0.087920
vt 0.570974 0.090157
vt 0.568980 0.092419
vt 0.567014 0.094707
vt 0.565077 0.097018
vt 0.563169 0.099354
vt 0.561291 0.101714
vt 0.559442 0.104097
vt 0.557624 0.106503
vt 0.555836 0.108932
vt 0.554079 0.111383
vt 0.552352 0.113855
vt 0.550657 0.116350
vt 0.548993 0.118865
vt 0.547361 0.121402
vt 0.545761 0.123958
vt 0.544194 0.126535
vt 0.542658 0.129130
vt 0.541156 0.131745
vt 0.539686 0.134379
vt 0.538250 0.137031
vt 0.536847 0.139701
vt 0.535478 0.142388
vt 0.534143 0.145092
vt 0.532842 0.147813
vt 0.531575 0.150550
vt 0.530342 0.153302
vt 0.529144 0.156070
vt 0.527981 0.158853
vt 0.526854 0.161650
vt 0.525761 0.164461
vt 0.524704 0.167286
vt 0.523682 0.170123
vt 0.522696 0.172974
vt 0.521746 0.175836
vt 0.520833 0.178710
vt 0.519955 0.181595
vt 0.519113 0.184492
vt 0.518308 0.187398
vt 0.517540 0.190314
vt 0.516808 0.193240
vt 0.516114 0.196175
vt 0.515456 0.199118
vt 0.514835 0.202070
vt 0.514251 0.205028
vt 0.513705 0.207994
vt 0.513195 0.210967
vt 0.512724 0.213946
vt 0.512289 0.216930
vt 0.511892 0.219920
vt 0.511533 0.222914
vt 0.511212 0.225913
vt 0.510928 0.228916
vt 0.510682 0.231922
vt 0.510474 0.234930
vt 0.510303 0.237941
vt 0.510171 0.240954
vt 0.510076 0.243969
vt 0.510019 0.246984
vt 0.510000 0.250000
vt 0.510019 0.253016
vt 0.510076 0.256031
vt 0.510171 0.259046
vt 0.510303 0.262059
vt 0.510474 0.265070
vt 0.510682 0.268078
vt 0.510928 0.271084
vt 0.511212 0.274087
vt 0.511533 0.277086
vt 0.511892 0.280080
vt 0.512289 0.283070
vt 0.512724 0.286054
vt 0.513195 0.289033
vt 0.513705 0.292006
vt 0.514251 0.294972
vt 0.514835 0.297930
vt 0.515456 0.300882
vt 0.516114 0.303825
vt 0.516808 0.306760
vt 0.517540 0.309686
vt 0.518308 0.312602
vt 0.519113 0.315508
vt 0.519955 0.318405
vt 0.520833 0.321290
vt 0.521746 0.324164
vt 0.522696 0.327026
vt 0.523682 0.329877
vt 0.524704 0.332714
vt 0.525761 0.335539
vt 0.526854 0.338350
vt 0.527981 0.341147
vt 0.529144 0.343930
vt 0.530342 0.346698
vt 0.531575 0.349450
vt 0.532842 0.352187
vt 0.534143 0.354908
vt 0.535478 0.357612
vt 0.536847 0.360299
vt 0.538250 0.362969
vt 0.539686 0.365621
vt 0.541156 0.368255
vt 0.542658 0.370870
vt 0.544194 0.373465
vt 0.545761 0.376042
vt 0.547361 0.378598
vt 0.548993 0.381135
vt 0.550657 0.383650
vt 0.552352 0.386145
vt 0.554079 0.388617
vt 0.555836 0.391068
vt 0.557624 0.393497
vt 0.559442 0.395903
vt 0.561291 0.398286
vt 0.563169 0.400646
vt 0.565077 0.402982
vt 0.567014 0.405293
vt 0.568980 0.407581
vt 0.570974 0.409843
vt 0.572997 0.412080
vt 0.575048 0.414291
vt 0.577126 0.416477
vt 0.579231 0.418636
vt 0.581364 0.420769
vt 0.583523 0.422874
vt 0.585709 0.424952
vt 0.587920 0.427003
vt 0.590157 0.429026
vt 0.592419 0.431020
vt 0.594707 0.432986
vt 0.597018 0.434923
vt 0.599354 0.436831
vt 0.601714 0.438709
vt 0.604097 0.440558
vt 0.606503 0.442376
vt 0.608932 0.444164
vt 0.611383 0.445921
vt 0.613855 0.447648
vt 0.616350 0.449343
vt 0.618865 0.451007
vt 0.621402 0.452639
vt 0.623958 0.454239
vt 0.626535 0.455806
vt 0.629130 0.457342
vt 0.631745 0.458844
vt 0.634379 0.460314
vt 0.637031 0.461750
vt 0.639701 0.463153
vt 0.642388 0.464522
vt 0.645092 0.465857
vt 0.647813 0.467158
vt 0.650550 0.468425
vt 0.653302 0.469658
vt 0.656070 0.470856
vt 0.658853 0.472019
vt 0.661650 0.473146
vt 0.664461 0.474239
vt 0.667286 0.475296
vt 0.670123 0.476318
vt 0.672974 0.477304
vt 0.675836 0.478254
vt 0.678710 0.479167
vt 0.681595 0.480045
vt 0.684492 0.480887
vt 0.687398 0.481692
vt 0.690314 0.482460
vt 0.693240 0.483192
vt 0.696175 0.483886
vt 0.699118 0.484544
vt 0.702070 0.485165
vt 0.705028 0.485749
vt 0.707994 0.486295
vt 0.710967 0.486805
vt 0.713946 0.487276
vt 0.716930 0.487711
vt 0.719920 0.488108
vt 0.722914 0.488467
vt 0.725913 0.488788
vt 0.728916 0.489072
vt 0.731922 0.489318
vt 0.734930 0.489526
vt 0.737941 0.489697
vt 0.740954 0.489829
vt 0.743969 0.489924
vt 0.746984 0.489981
s 0
f 5871/8708/2018 5872/8709/2018 5874/8710/2018 5873/8711/2018
f 5873/8711/2019 5874/8710/2019 5876/8712/2019 5875/8713/2019
f 5875/8713/2020 5876/8712/2020 5878/8714/2020 5877/8715/2020
f 5877/8715/2021 5878/8714/2021 5880/8716/2021 5879/8717/2021
f 5879/8717/2022 5880/8716/2022 5882/8718/2022 5881/8719/2022
f 5881/8719/2023 5882/8718/2023 5884/8720/2023 5883/8721/2023
f 5883/8721/2024 5884/8720/2024 5886/8722/2024 5885/8723/2024
f 5885/8723/2025 5886/8722/2025 5888/8724/2025 5887/8725/2025
f 5887/8725/2026 5888/8724/2026 5890/8726/2026 5889/8727/2026
f 5889/8727/2027 5890/8726/2027 5892/8728/2027 5891/8729/2027
f 5891/8729/2028 5892/8728/2028 5894/8730/2028 5893/8731/2028
f 5893/8731/2029 5894/8730/2029 5896/8732/2029 5895/8733/2029
f 5895/8733/2030 5896/8732/2030 5898/8734/2030 5897/8735/2030
f 5897/8735/2031 5898/8734/2031 5900/8736/2031 5899/8737/2031
f 5899/8737/2032 5900/8736/2032 5902/8738/2032 5901/8739/2032
f 5901/8739/2033 5902/8738/2033 5904/8740/2033 5903/8741/2033
f 5903/8741/2034 5904/8740/2034 5906/8742/2034 5905/8743/2034
f 5905/8743/2035 5906/8742/2035 5908/8744/2035 5907/8745/2035
f 5907/8745/2036 5908/8744/2036 5910/8746/2036 5909/8747/2036
f 5909/8747/2037 5910/8746/2037 5912/8748/2037 5911/8749/2037
f 5911/8749/2038 5912/8748/2038 5914/8750/2038 5913/8751/2038
f 5913/8751/2039 5914/8750/2039 5916/8752/2039 5915/8753/2039
f 5915/8753/2040 5916/8752/2040 5918/8754/2040 5917/8755/2040
f 5917/8755/2041 5918/8754/2041 5920/8756/2041 5919/8757/2041
f 5919/8757/2042 5920/8756/2042 5922/8758/2042 5921/8759/2042
f 5921/8759/2043 5922/8758/2043 5924/8760/2043 5923/8761/2043
f 5923/8761/2044 5924/8760/2044 5926/8762/2044 5925/8763/2044
f 5925/8763/2045 5926/8762/2045 5928/8764/2045 5927/8765/2045
f 5927/8765/2046 5928/8764/2046 5930/8766/2046 5929/8767/2046
f 5929/8767/2047 5930/8766/2047 5932/8768/2047 5931/8769/2047
f 5931/8769/2048 5932/8768/2048 5934/8770/2048 5933/8771/2048
f 5933/8771/2049 5934/8770/2049 5936/8772/2049 5935/8773/2049
f 5935/8773/2050 5936/8772/2050 5938/8774/2050 5937/8775/2050
f 5937/8775/2051 5938/8774/2051 5940/8776/2051 5939/8777/2051
f 5939/8777/2052 5940/8776/2052 5942/8778/2052 5941/8779/2052
f 5941/8779/2053 5942/8778/2053 5944/8780/2053 5943/8781/2053
f 5943/8781/2054 5944/8780/2054 5946/8782/2054 5945/8783/2054
f 5945/8783/2055 5946/8782/2055 5948/8784/2055 5947/8785/2055
f 5947/8785/2056 5948/8784/2056 5950/8786/2056 5949/8787/2056
f 5949/8787/2057 5950/8786/2057 5952/8788/2057 5951/8789/2057
f 5951/8789/2058 5952/8788/2058 5954/8790/2058 5953/8791/2058
f 5953/8791/2059 5954/8790/2059 5956/8792/2059 5955/8793/2059
f 5955/8793/2060 5956/8792/2060 5958/8794/2060 5957/8795/2060
f 5957/8795/2061 5958/8794/2061 5960/8796/2061 5959/8797/2061
f 5959/8797/2062 5960/8796/2062 5962/8798/2062 5961/8799/2062
f 5961/8799/2063 5962/8798/2063 5964/8800/2063 5963/8801/2063
f 5963/8801/2064 5964/8800/2064 5966/8802/2064 5965/8803/2064
f 5965/8803/2065 5966/8802/2065 5968/8804/2065 5967/8805/2065
f 5967/8805/2066 5968/8804/2066 5970/8806/2066 5969/8807/2066
f 5969/8807/2067 5970/8806/2067 5972/8808/2067 5971/8809/2067
f 5971/8809/2068 5972/8808/2068 5974/8810/2068 5973/8811/2068
f 5973/8811/2069 5974/8810/2069 5976/8812/2069 5975/8813/2069
f 5975/8813/2070 5976/8812/2070 5978/8814/2070 5977/8815/2070
f 5977/8815/2071 5978/8814/2071 5980/8816/2071 5979/8817/2071
f 5979/8817/2072 5980/8816/2072 5982/8818/2072 5981/8819/2072
f 5981/8819/2073 5982/8818/2073 5984/8820/2073 5983/8821/2073
f 5983/8821/2074 5984/8820/2074 5986/8822/2074 5985/8823/2074
f 5985/8823/2075 5986/8822/2075 5988/8824/2075 5987/8825/2075
f 5987/8825/2076 5988/8824/2076 5990/8826/2076 5989/8827/2076
f 5989/8827/2077 5990/8826/2077 5992/8828/2077 5991/8829/2077
f 5991/8829/2078 5992/8828/2078 5994/8830/2078 5993/8831/2078
f 5993/8831/2079 5994/8830/2079 5996/8832/2079 5995/8833/2079
f 5995/8833/2080 5996/8832/2080 5998/8834/2080 5997/8835/2080
f 5997/8835/2081 5998/8834/2081 6000/8836/2081 5999/8837/2081
f 5999/8837/2082 6000/8836/2082 6002/8838/2082 6001/8839/2082
f 6001/8839/2083 6002/8838/2083 6004/8840/2083 6003/8841/2083
f 6003/8841/2084 6004/8840/2084 6006/8842/2084 6005/8843/2084
f 6005/8843/2085 6006/8842/2085 6008/8844/2085 6007/8845/2085
f 6007/8845/2086 6008/8844/2086 6010/8846/2086 6009/8847/2086
f 6009/8847/2087 6010/8846/2087 6012/8848/2087 6011/8849/2087
f 6011/8849/2088 6012/8848/2088 6014/8850/2088 6013/8851/2088
f 6013/8851/2089 6014/8850/2089 6016/8852/2089 6015/8853/2089
f 6015/8853/2090 6016/8852/2090 6018/8854/2090 6017/8855/2090
f 6017/8855/2091 6018/8854/2091 6020/8856/2091 6019/8857/2091
f 6019/8857/2092 6020/8856/2092 6022/8858/2092 6021/8859/2092
f 6021/8859/2093 6022/8858/2093 6024/8860/2093 6023/8861/2093
f 6023/8861/2094 6024/8860/2094 6026/8862/2094 6025/8863/2094
f 6025/8863/2095 6026/8862/2095 6028/8864/2095 6027/8865/2095
f 6027/8865/2096 6028/8864/2096 6030/8866/2096 6029/8867/2096
f 6029/8867/2097 6030/8866/2097 6032/8868/2097 6031/8869/2097
f 6031/8869/2098 6032/8868/2098 6034/8870/2098 6033/8871/2098
f 6033/8871/2099 6034/8870/2099 6036/8872/2099 6035/8873/2099
f 6035/8873/2100 6036/8872/2100 6038/8874/2100 6037/8875/2100
f 6037/8875/2101 6038/8874/2101 6040/8876/2101 6039/8877/2101
f 6039/8877/2102 6040/8876/2102 6042/8878/2102 6041/8879/2102
f 6041/8879/2103 6042/8878/2103 6044/8880/2103 6043/8881/2103
f 6043/8881/2104 6044/8880/2104 6046/8882/2104 6045/8883/2104
f 6045/8883/2105 6046/8882/2105 6048/8884/2105 6047/8885/2105
f 6047/8885/2106 6048/8884/2106 6050/8886/2106 6049/8887/2106
f 6049/8887/2107 6050/8886/2107 6052/8888/2107 6051/8889/2107
f 6051/8889/2108 6052/8888/2108 6054/8890/2108 6053/8891/2108
f 6053/8891/2109 6054/8890/2109 6056/8892/2109 6055/8893/2109
f 6055/8893/2110 6056/8892/2110 6058/8894/2110 6057/8895/2110
f 6057/8895/2111 6058/8894/2111 6060/8896/2111 6059/8897/2111
f 6059/8897/2112 6060/8896/2112 6062/8898/2112 6061/8899/2112
f 6061/8899/2113 6062/8898/2113 6064/8900/2113 6063/8901/2113
f 6063/8901/2114 6064/8900/2114 6066/8902/2114 6065/8903/2114
f 6065/8903/2115 6066/8902/2115 6068/8904/2115 6067/8905/2115
f 6067/8905/2116 6068/8904/2116 6070/8906/2116 6069/8907/2116
f 6069/8907/2117 6070/8906/2117 6072/8908/2117 6071/8909/2117
f 6071/8909/2118 6072/8908/2118 6074/8910/2118 6073/8911/2118
f 6073/8911/2119 6074/8910/2119 6076/8912/2119 6075/8913/2119
f 6075/8913/2120 6076/8912/2120 6078/8914/2120 6077/8915/2120
f 6077/8915/2121 6078/8914/2121 6080/8916/2121 6079/8917/2121
f 6079/8917/2122 6080/8916/2122 6082/8918/2122 6081/8919/2122
f 6081/8919/2123 6082/8918/2123 6084/8920/2123 6083/8921/2123
f 6083/8921/2124 6084/8920/2124 6086/8922/2124 6085/8923/2124
f 6085/8923/2125 6086/8922/2125 6088/8924/2125 6087/8925/2125
f 6087/8925/2126 6088/8924/2126 6090/8926/2126 6089/8927/2126
f 6089/8927/2127 6090/8926/2127 6092/8928/2127 6091/8929/2127
f 6091/8929/2128 6092/8928/2128 6094/8930/2128 6093/8931/2128
f 6093/8931/2129 6094/8930/2129 6096/8932/2129 6095/8933/2129
f 6095/8933/2130 6096/8932/2130 6098/8934/2130 6097/8935/2130
f 6097/8935/2131 6098/8934/2131 6100/8936/2131 6099/8937/2131
f 6099/8937/2132 6100/8936/2132 6102/8938/2132 6101/8939/2132
f 6101/8939/2133 6102/8938/2133 6104/8940/2133 6103/8941/2133
f 6103/8941/2134 6104/8940/2134 6106/8942/2134 6105/8943/2134
f 6105/8943/2135 6106/8942/2135 6108/8944/2135 6107/8945/2135
f 6107/8945/2136 6108/8944/2136 6110/8946/2136 6109/8947/2136
f 6109/8947/2137 6110/8946/2137 6112/8948/2137 6111/8949/2137
f 6111/8949/2138 6112/8948/2138 6114/8950/2138 6113/8951/2138
f 6113/8951/2139 6114/8950/2139 6116/8952/2139 6115/8953/2139
f 6115/8953/2140 6116/8952/2140 6118/8954/2140 6117/8955/2140
f 6117/8955/2141 6118/8954/2141 6120/8956/2141 6119/8957/2141
f 6119/8957/2142 6120/8956/2142 6122/8958/2142 6121/8959/2142
f 6121/8959/2143 6122/8958/2143 6124/8960/2143 6123/8961/2143
f 6123/8961/2144 6124/8960/2144 6126/8962/2144 6125/8963/2144
f 6125/8963/2145 6126/8962/2145 6128/8964/2145 6127/8965/2145
f 6127/8965/2146 6128/8964/2146 6130/8966/2146 6129/8967/2146
f 6129/8967/2147 6130/8966/2147 6132/8968/2147 6131/8969/2147
f 6131/8969/2148 6132/8968/2148 6134/8970/2148 6133/8971/2148
f 6133/8971/2149 6134/8970/2149 6136/8972/2149 6135/8973/2149
f 6135/8973/2150 6136/8972/2150 6138/8974/2150 6137/8975/2150
f 6137/8975/2151 6138/8974/2151 6140/8976/2151 6139/8977/2151
f 6139/8977/2152 6140/8976/2152 6142/8978/2152 6141/8979/2152
f 6141/8979/2153 6142/8978/2153 6144/8980/2153 6143/8981/2153
f 6143/8981/2154 6144/8980/2154 6146/8982/2154 6145/8983/2154
f 6145/8983/2155 6146/8982/2155 6148/8984/2155 6147/8985/2155
f 6147/8985/2156 6148/8984/2156 6150/8986/2156 6149/8987/2156
f 6149/8987/2157 6150/8986/2157 6152/8988/2157 6151/8989/2157
f 6151/8989/2158 6152/8988/2158 6154/8990/2158 6153/8991/2158
f 6153/8991/2159 6154/8990/2159 6156/8992/2159 6155/8993/2159
f 6155/8993/2160 6156/8992/2160 6158/8994/2160 6157/8995/2160
f 6157/8995/2161 6158/8994/2161 6160/8996/2161 6159/8997/2161
f 6159/8997/2162 6160/8996/2162 6162/8998/2162 6161/8999/2162
f 6161/8999/2163 6162/8998/2163 6164/9000/2163 6163/9001/2163
f 6163/9001/2164 6164/9000/2164 6166/9002/2164 6165/9003/2164
f 6165/9003/2165 6166/9002/2165 6168/9004/2165 6167/9005/2165
f 6167/9005/2166 6168/9004/2166 6170/9006/2166 6169/9007/2166
f 6169/9007/2167 6170/9006/2167 6172/9008/2167 6171/9009/2167
f 6171/9009/2168 6172/9008/2168 6174/9010/2168 6173/9011/2168
f 6173/9011/2169 6174/9010/2169 6176/9012/2169 6175/9013/2169
f 6175/9013/2170 6176/9012/2170 6178/9014/2170 6177/9015/2170
f 6177/9015/2171 6178/9014/2171 6180/9016/2171 6179/9017/2171
f 6179/9017/2172 6180/9016/2172 6182/9018/2172 6181/9019/2172
f 6181/9019/2173 6182/9018/2173 6184/9020/2173 6183/9021/2173
f 6183/9021/2174 6184/9020/2174 6186/9022/2174 6185/9023/2174
f 6185/9023/2175 6186/9022/2175 6188/9024/2175 6187/9025/2175
f 6187/9025/2176 6188/9024/2176 6190/9026/2176 6189/9027/2176
f 6189/9027/2177 6190/9026/2177 6192/9028/2177 6191/9029/2177
f 6191/9029/2178 6192/9028/2178 6194/9030/2178 6193/9031/2178
f 6193/9031/2179 6194/9030/2179 6196/9032/2179 6195/9033/2179
f 6195/9033/2180 6196/9032/2180 6198/9034/2180 6197/9035/2180
f 6197/9035/2181 6198/9034/2181 6200/9036/2181 6199/9037/2181
f 6199/9037/2182 6200/9036/2182 6202/9038/2182 6201/9039/2182
f 6201/9039/2183 6202/9038/2183 6204/9040/2183 6203/9041/2183
f 6203/9041/2184 6204/9040/2184 6206/9042/2184 6205/9043/2184
f 6205/9043/2185 6206/9042/2185 6208/9044/2185 6207/9045/2185
f 6207/9045/2186 6208/9044/2186 6210/9046/2186 6209/9047/2186
f 6209/9047/2187 6210/9046/2187 6212/9048/2187 6211/9049/2187
f 6211/9049/2188 6212/9048/2188 6214/9050/2188 6213/9051/2188
f 6213/9051/2189 6214/9050/2189 6216/9052/2189 6215/9053/2189
f 6215/9053/2190 6216/9052/2190 6218/9054/2190 6217/9055/2190
f 6217/9055/2191 6218/9054/2191 6220/9056/2191 6219/9057/2191
f 6219/9057/2192 6220/9056/2192 6222/9058/2192 6221/9059/2192
f 6221/9059/2193 6222/9058/2193 6224/9060/2193 6223/9061/2193
f 6223/9061/2194 6224/9060/2194 6226/9062/2194 6225/9063/2194
f 6225/9063/2195 6226/9062/2195 6228/9064/2195 6227/9065/2195
f 6227/9065/2196 6228/9064/2196 6230/9066/2196 6229/9067/2196
f 6229/9067/2197 6230/9066/2197 6232/9068/2197 6231/9069/2197
f 6231/9069/2198 6232/9068/2198 6234/9070/2198 6233/9071/2198
f 6233/9071/2199 6234/9070/2199 6236/9072/2199 6235/9073/2199
f 6235/9073/2200 6236/9072/2200 6238/9074/2200 6237/9075/2200
f 6237/9075/2201 6238/9074/2201 6240/9076/2201 6239/9077/2201
f 6239/9077/2202 6240/9076/2202 6242/9078/2202 6241/9079/2202
f 6241/9079/2203 6242/9078/2203 6244/9080/2203 6243/9081/2203
f 6243/9081/2204 6244/9080/2204 6246/9082/2204 6245/9083/2204
f 6245/9083/2205 6246/9082/2205 6248/9084/2205 6247/9085/2205
f 6247/9085/2206 6248/9084/2206 6250/9086/2206 6249/9087/2206
f 6249/9087/2207 6250/9086/2207 6252/9088/2207 6251/9089/2207
f 6251/9089/2208 6252/9088/2208 6254/9090/2208 6253/9091/2208
f 6253/9091/2209 6254/9090/2209 6256/9092/2209 6255/9093/2209
f 6255/9093/2210 6256/9092/2210 6258/9094/2210 6257/9095/2210
f 6257/9095/2211 6258/9094/2211 6260/9096/2211 6259/9097/2211
f 6259/9097/2212 6260/9096/2212 6262/9098/2212 6261/9099/2212
f 6261/9099/2213 6262/9098/2213 6264/9100/2213 6263/9101/2213
f 6263/9101/2214 6264/9100/2214 6266/9102/2214 6265/9103/2214
f 6265/9103/2215 6266/9102/2215 6268/9104/2215 6267/9105/2215
f 6267/9105/2216 6268/9104/2216 6270/9106/2216 6269/9107/2216
f 6269/9107/2217 6270/9106/2217 6272/9108/2217 6271/9109/2217
f 6271/9109/2218 6272/9108/2218 6274/9110/2218 6273/9111/2218
f 6273/9111/2219 6274/9110/2219 6276/9112/2219 6275/9113/2219
f 6275/9113/2220 6276/9112/2220 6278/9114/2220 6277/9115/2220
f 6277/9115/2221 6278/9114/2221 6280/9116/2221 6279/9117/2221
f 6279/9117/2222 6280/9116/2222 6282/9118/2222 6281/9119/2222
f 6281/9119/2223 6282/9118/2223 6284/9120/2223 6283/9121/2223
f 6283/9121/2224 6284/9120/2224 6286/9122/2224 6285/9123/2224
f 6285/9123/2225 6286/9122/2225 6288/9124/2225 6287/9125/2225
f 6287/9125/2226 6288/9124/2226 6290/9126/2226 6289/9127/2226
f 6289/9127/2227 6290/9126/2227 6292/9128/2227 6291/9129/2227
f 6291/9129/2228 6292/9128/2228 6294/9130/2228 6293/9131/2228
f 6293/9131/2229 6294/9130/2229 6296/9132/2229 6295/9133/2229
f 6295/9133/2230 6296/9132/2230 6298/9134/2230 6297/9135/2230
f 6297/9135/2231 6298/9134/2231 6300/9136/2231 6299/9137/2231
f 6299/9137/2232 6300/9136/2232 6302/9138/2232 6301/9139/2232
f 6301/9139/2233 6302/9138/2233 6304/9140/2233 6303/9141/2233
f 6303/9141/2234 6304/9140/2234 6306/9142/2234 6305/9143/2234
f 6305/9143/2235 6306/9142/2235 6308/9144/2235 6307/9145/2235
f 6307/9145/2236 6308/9144/2236 6310/9146/2236 6309/9147/2236
f 6309/9147/2237 6310/9146/2237 6312/9148/2237 6311/9149/2237
f 6311/9149/2238 6312/9148/2238 6314/9150/2238 6313/9151/2238
f 6313/9151/2239 6314/9150/2239 6316/9152/2239 6315/9153/2239
f 6315/9153/2240 6316/9152/2240 6318/9154/2240 6317/9155/2240
f 6317/9155/2241 6318/9154/2241 6320/9156/2241 6319/9157/2241
f 6319/9157/2242 6320/9156/2242 6322/9158/2242 6321/9159/2242
f 6321/9159/2243 6322/9158/2243 6324/9160/2243 6323/9161/2243
f 6323/9161/2244 6324/9160/2244 6326/9162/2244 6325/9163/2244
f 6325/9163/2245 6326/9162/2245 6328/9164/2245 6327/9165/2245
f 6327/9165/2246 6328/9164/2246 6330/9166/2246 6329/9167/2246
f 6329/9167/2247 6330/9166/2247 6332/9168/2247 6331/9169/2247
f 6331/9169/2248 6332/9168/2248 6334/9170/2248 6333/9171/2248
f 6333/9171/2249 6334/9170/2249 6336/9172/2249 6335/9173/2249
f 6335/9173/2250 6336/9172/2250 6338/9174/2250 6337/9175/2250
f 6337/9175/2251 6338/9174/2251 6340/9176/2251 6339/9177/2251
f 6339/9177/2252 6340/9176/2252 6342/9178/2252 6341/9179/2252
f 6341/9179/2253 6342/9178/2253 6344/9180/2253 6343/9181/2253
f 6343/9181/2254 6344/9180/2254 6346/9182/2254 6345/9183/2254
f 6345/9183/2255 6346/9182/2255 6348/9184/2255 6347/9185/2255
f 6347/9185/2256 6348/9184/2256 6350/9186/2256 6349/9187/2256
f 6349/9187/2257 6350/9186/2257 6352/9188/2257 6351/9189/2257
f 6351/9189/2258 6352/9188/2258 6354/9190/2258 6353/9191/2258
f 6353/9191/2259 6354/9190/2259 6356/9192/2259 6355/9193/2259
f 6355/9193/2260 6356/9192/2260 6358/9194/2260 6357/9195/2260
f 6357/9195/2261 6358/9194/2261 6360/9196/2261 6359/9197/2261
f 6359/9197/2262 6360/9196/2262 6362/9198/2262 6361/9199/2262
f 6361/9199/2263 6362/9198/2263 6364/9200/2263 6363/9201/2263
f 6363/9201/2264 6364/9200/2264 6366/9202/2264 6365/9203/2264
f 6365/9203/2265 6366/9202/2265 6368/9204/2265 6367/9205/2265
f 6367/9205/2266 6368/9204/2266 6370/9206/2266 6369/9207/2266
f 6369/9207/2267 6370/9206/2267 6372/9208/2267 6371/9209/2267
f 6371/9209/2268 6372/9208/2268 6374/9210/2268 6373/9211/2268
f 6373/9211/2269 6374/9210/2269 6376/9212/2269 6375/9213/2269
f 6375/9213/2270 6376/9212/2270 6378/9214/2270 6377/9215/2270
f 6377/9215/2271 6378/9214/2271 6380/9216/2271 6379/9217/2271
f 6379/9217/2272 6380/9216/2272 6382/9218/2272 6381/9219/2272
f 6381/9219/2273 6382/9218/2273 6384/9220/2273 6383/9221/2273
f 6383/9221/2274 6384/9220/2274 6386/9222/2274 6385/9223/2274
f 6385/9223/2275 6386/9222/2275 6388/9224/2275 6387/9225/2275
f 6387/9225/2276 6388/9224/2276 6390/9226/2276 6389/9227/2276
f 6389/9227/2277 6390/9226/2277 6392/9228/2277 6391/9229/2277
f 6391/9229/2278 6392/9228/2278 6394/9230/2278 6393/9231/2278
f 6393/9231/2279 6394/9230/2279 6396/9232/2279 6395/9233/2279
f 6395/9233/2280 6396/9232/2280 6398/9234/2280 6397/9235/2280
f 6397/9235/2281 6398/9234/2281 6400/9236/2281 6399/9237/2281
f 6399/9237/2282 6400/9236/2282 6402/9238/2282 6401/9239/2282
f 6401/9239/2283 6402/9238/2283 6404/9240/2283 6403/9241/2283
f 6403/9241/2284 6404/9240/2284 6406/9242/2284 6405/9243/2284
f 6405/9243/2285 6406/9242/2285 6408/9244/2285 6407/9245/2285
f 6407/9245/2286 6408/9244/2286 6410/9246/2286 6409/9247/2286
f 6409/9247/2287 6410/9246/2287 6412/9248/2287 6411/9249/2287
f 6411/9249/2288 6412/9248/2288 6414/9250/2288 6413/9251/2288
f 6413/9251/2289 6414/9250/2289 6416/9252/2289 6415/9253/2289
f 6415/9253/2290 6416/9252/2290 6418/9254/2290 6417/9255/2290
f 6417/9255/2291 6418/9254/2291 6420/9256/2291 6419/9257/2291
f 6419/9257/2292 6420/9256/2292 6422/9258/2292 6421/9259/2292
f 6421/9259/2293 6422/9258/2293 6424/9260/2293 6423/9261/2293
f 6423/9261/2294 6424/9260/2294 6426/9262/2294 6425/9263/2294
f 6425/9263/2295 6426/9262/2295 6428/9264/2295 6427/9265/2295
f 6427/9265/2296 6428/9264/2296 6430/9266/2296 6429/9267/2296
f 6429/9267/2297 6430/9266/2297 6432/9268/2297 6431/9269/2297
f 6431/9269/2298 6432/9268/2298 6434/9270/2298 6433/9271/2298
f 6433/9271/2299 6434/9270/2299 6436/9272/2299 6435/9273/2299
f 6435/9273/2300 6436/9272/2300 6438/9274/2300 6437/9275/2300
f 6437/9275/2301 6438/9274/2301 6440/9276/2301 6439/9277/2301
f 6439/9277/2302 6440/9276/2302 6442/9278/2302 6441/9279/2302
f 6441/9279/2303 6442/9278/2303 6444/9280/2303 6443/9281/2303
f 6443/9281/2304 6444/9280/2304 6446/9282/2304 6445/9283/2304
f 6445/9283/2305 6446/9282/2305 6448/9284/2305 6447/9285/2305
f 6447/9285/2306 6448/9284/2306 6450/9286/2306 6449/9287/2306
f 6449/9287/2307 6450/9286/2307 6452/9288/2307 6451/9289/2307
f 6451/9289/2308 6452/9288/2308 6454/9290/2308 6453/9291/2308
f 6453/9291/2309 6454/9290/2309 6456/9292/2309 6455/9293/2309
f 6455/9293/2310 6456/9292/2310 6458/9294/2310 6457/9295/2310
f 6457/9295/2311 6458/9294/2311 6460/9296/2311 6459/9297/2311
f 6459/9297/2312 6460/9296/2312 6462/9298/2312 6461/9299/2312
f 6461/9299/2313 6462/9298/2313 6464/9300/2313 6463/9301/2313
f 6463/9301/2314 6464/9300/2314 6466/9302/2314 6465/9303/2314
f 6465/9303/2315 6466/9302/2315 6468/9304/2315 6467/9305/2315
f 6467/9305/2316 6468/9304/2316 6470/9306/2316 6469/9307/2316
f 6469/9307/2317 6470/9306/2317 6472/9308/2317 6471/9309/2317
f 6471/9309/2318 6472/9308/2318 6474/9310/2318 6473/9311/2318
f 6473/9311/2319 6474/9310/2319 6476/9312/2319 6475/9313/2319
f 6475/9313/2320 6476/9312/2320 6478/9314/2320 6477/9315/2320
f 6477/9315/2321 6478/9314/2321 6480/9316/2321 6479/9317/2321
f 6479/9317/2322 6480/9316/2322 6482/9318/2322 6481/9319/2322
f 6481/9319/2323 6482/9318/2323 6484/9320/2323 6483/9321/2323
f 6483/9321/2324 6484/9320/2324 6486/9322/2324 6485/9323/2324
f 6485/9323/2325 6486/9322/2325 6488/9324/2325 6487/9325/2325
f 6487/9325/2326 6488/9324/2326 6490/9326/2326 6489/9327/2326
f 6489/9327/2327 6490/9326/2327 6492/9328/2327 6491/9329/2327
f 6491/9329/2328 6492/9328/2328 6494/9330/2328 6493/9331/2328
f 6493/9331/2329 6494/9330/2329 6496/9332/2329 6495/9333/2329
f 6495/9333/2330 6496/9332/2330 6498/9334/2330 6497/9335/2330
f 6497/9335/2331 6498/9334/2331 6500/9336/2331 6499/9337/2331
f 6499/9337/2332 6500/9336/2332 6502/9338/2332 6501/9339/2332
f 6501/9339/2333 6502/9338/2333 6504/9340/2333 6503/9341/2333
f 6503/9341/2334 6504/9340/2334 6506/9342/2334 6505/9343/2334
f 6505/9343/2335 6506/9342/2335 6508/9344/2335 6507/9345/2335
f 6507/9345/2336 6508/9344/2336 6510/9346/2336 6509/9347/2336
f 6509/9347/2337 6510/9346/2337 6512/9348/2337 6511/9349/2337
f 6511/9349/2338 6512/9348/2338 6514/9350/2338 6513/9351/2338
f 6513/9351/2339 6514/9350/2339 6516/9352/2339 6515/9353/2339
f 6515/9353/2340 6516/9352/2340 6518/9354/2340 6517/9355/2340
f 6517/9355/2341 6518/9354/2341 6520/9356/2341 6519/9357/2341
f 6519/9357/2342 6520/9356/2342 6522/9358/2342 6521/9359/2342
f 6521/9359/2343 6522/9358/2343 6524/9360/2343 6523/9361/2343
f 6523/9361/2344 6524/9360/2344 6526/9362/2344 6525/9363/2344
f 6525/9363/2345 6526/9362/2345 6528/9364/2345 6527/9365/2345
f 6527/9365/2346 6528/9364/2346 6530/9366/2346 6529/9367/2346
f 6529/9367/2347 6530/9366/2347 6532/9368/2347 6531/9369/2347
f 6531/9369/2348 6532/9368/2348 6534/9370/2348 6533/9371/2348
f 6533/9371/2349 6534/9370/2349 6536/9372/2349 6535/9373/2349
f 6535/9373/2350 6536/9372/2350 6538/9374/2350 6537/9375/2350
f 6537/9375/2351 6538/9374/2351 6540/9376/2351 6539/9377/2351
f 6539/9377/2352 6540/9376/2352 6542/9378/2352 6541/9379/2352
f 6541/9379/2353 6542/9378/2353 6544/9380/2353 6543/9381/2353
f 6543/9381/2354 6544/9380/2354 6546/9382/2354 6545/9383/2354
f 6545/9383/2355 6546/9382/2355 6548/9384/2355 6547/9385/2355
f 6547/9385/2356 6548/9384/2356 6550/9386/2356 6549/9387/2356
f 6549/9387/2357 6550/9386/2357 6552/9388/2357 6551/9389/2357
f 6551/9389/2358 6552/9388/2358 6554/9390/2358 6553/9391/2358
f 6553/9391/2359 6554/9390/2359 6556/9392/2359 6555/9393/2359
f 6555/9393/2360 6556/9392/2360 6558/9394/2360 6557/9395/2360
f 6557/9395/2361 6558/9394/2361 6560/9396/2361 6559/9397/2361
f 6559/9397/2362 6560/9396/2362 6562/9398/2362 6561/9399/2362
f 6561/9399/2363 6562/9398/2363 6564/9400/2363 6563/9401/2363
f 6563/9401/2364 6564/9400/2364 6566/9402/2364 6565/9403/2364
f 6565/9403/2365 6566/9402/2365 6568/9404/2365 6567/9405/2365
f 6567/9405/2366 6568/9404/2366 6570/9406/2366 6569/9407/2366
f 6569/9407/2367 6570/9406/2367 6572/9408/2367 6571/9409/2367
f 6571/9409/2368 6572/9408/2368 6574/9410/2368 6573/9411/2368
f 6573/9411/2369 6574/9410/2369 6576/9412/2369 6575/9413/2369
f 6575/9413/2370 6576/9412/2370 6578/9414/2370 6577/9415/2370
f 6577/9415/2371 6578/9414/2371 6580/9416/2371 6579/9417/2371
f 6579/9417/2372 6580/9416/2372 6582/9418/2372 6581/9419/2372
f 6581/9419/2373 6582/9418/2373 6584/9420/2373 6583/9421/2373
f 6583/9421/2374 6584/9420/2374 6586/9422/2374 6585/9423/2374
f 6585/9423/2375 6586/9422/2375 6588/9424/2375 6587/9425/2375
f 6587/9425/2376 6588/9424/2376 6590/9426/2376 6589/9427/2376
f 6589/9427/2377 6590/9426/2377 6592/9428/2377 6591/9429/2377
f 6591/9429/2378 6592/9428/2378 6594/9430/2378 6593/9431/2378
f 6593/9431/2379 6594/9430/2379 6596/9432/2379 6595/9433/2379
f 6595/9433/2380 6596/9432/2380 6598/9434/2380 6597/9435/2380
f 6597/9435/2381 6598/9434/2381 6600/9436/2381 6599/9437/2381
f 6599/9437/2382 6600/9436/2382 6602/9438/2382 6601/9439/2382
f 6601/9439/2383 6602/9438/2383 6604/9440/2383 6603/9441/2383
f 6603/9441/2384 6604/9440/2384 6606/9442/2384 6605/9443/2384
f 6605/9443/2385 6606/9442/2385 6608/9444/2385 6607/9445/2385
f 6607/9445/2386 6608/9444/2386 6610/9446/2386 6609/9447/2386
f 6609/9447/2387 6610/9446/2387 6612/9448/2387 6611/9449/2387
f 6611/9449/2388 6612/9448/2388 6614/9450/2388 6613/9451/2388
f 6613/9451/2389 6614/9450/2389 6616/9452/2389 6615/9453/2389
f 6615/9453/2390 6616/9452/2390 6618/9454/2390 6617/9455/2390
f 6617/9455/2391 6618/9454/2391 6620/9456/2391 6619/9457/2391
f 6619/9457/2392 6620/9456/2392 6622/9458/2392 6621/9459/2392
f 6621/9459/2393 6622/9458/2393 6624/9460/2393 6623/9461/2393
f 6623/9461/2394 6624/9460/2394 6626/9462/2394 6625/9463/2394
f 6625/9463/2395 6626/9462/2395 6628/9464/2395 6627/9465/2395
f 6627/9465/2396 6628/9464/2396 6630/9466/2396 6629/9467/2396
f 6629/9467/2397 6630/9466/2397 6632/9468/2397 6631/9469/2397
f 6631/9469/2398 6632/9468/2398 6634/9470/2398 6633/9471/2398
f 6633/9471/2399 6634/9470/2399 6636/9472/2399 6635/9473/2399
f 6635/9473/2400 6636/9472/2400 6638/9474/2400 6637/9475/2400
f 6637/9475/2401 6638/9474/2401 6640/9476/2401 6639/9477/2401
f 6639/9477/2402 6640/9476/2402 6642/9478/2402 6641/9479/2402
f 6641/9479/2403 6642/9478/2403 6644/9480/2403 6643/9481/2403
f 6643/9481/2404 6644/9480/2404 6646/9482/2404 6645/9483/2404
f 6645/9483/2405 6646/9482/2405 6648/9484/2405 6647/9485/2405
f 6647/9485/2406 6648/9484/2406 6650/9486/2406 6649/9487/2406
f 6649/9487/2407 6650/9486/2407 6652/9488/2407 6651/9489/2407
f 6651/9489/2408 6652/9488/2408 6654/9490/2408 6653/9491/2408
f 6653/9491/2409 6654/9490/2409 6656/9492/2409 6655/9493/2409
f 6655/9493/2410 6656/9492/2410 6658/9494/2410 6657/9495/2410
f 6657/9495/2411 6658/9494/2411 6660/9496/2411 6659/9497/2411
f 6659/9497/2412 6660/9496/2412 6662/9498/2412 6661/9499/2412
f 6661/9499/2413 6662/9498/2413 6664/9500/2413 6663/9501/2413
f 6663/9501/2414 6664/9500/2414 6666/9502/2414 6665/9503/2414
f 6665/9503/2415 6666/9502/2415 6668/9504/2415 6667/9505/2415
f 6667/9505/2416 6668/9504/2416 6670/9506/2416 6669/9507/2416
f 6669/9507/2417 6670/9506/2417 6672/9508/2417 6671/9509/2417
f 6671/9509/2418 6672/9508/2418 6674/9510/2418 6673/9511/2418
f 6673/9511/2419 6674/9510/2419 6676/9512/2419 6675/9513/2419
f 6675/9513/2420 6676/9512/2420 6678/9514/2420 6677/9515/2420
f 6677/9515/2421 6678/9514/2421 6680/9516/2421 6679/9517/2421
f 6679/9517/2422 6680/9516/2422 6682/9518/2422 6681/9519/2422
f 6681/9519/2423 6682/9518/2423 6684/9520/2423 6683/9521/2423
f 6683/9521/2424 6684/9520/2424 6686/9522/2424 6685/9523/2424
f 6685/9523/2425 6686/9522/2425 6688/9524/2425 6687/9525/2425
f 6687/9525/2426 6688/9524/2426 6690/9526/2426 6689/9527/2426
f 6689/9527/2427 6690/9526/2427 6692/9528/2427 6691/9529/2427
f 6691/9529/2428 6692/9528/2428 6694/9530/2428 6693/9531/2428
f 6693/9531/2429 6694/9530/2429 6696/9532/2429 6695/9533/2429
f 6695/9533/2430 6696/9532/2430 6698/9534/2430 6697/9535/2430
f 6697/9535/2431 6698/9534/2431 6700/9536/2431 6699/9537/2431
f 6699/9537/2432 6700/9536/2432 6702/9538/2432 6701/9539/2432
f 6701/9539/2433 6702/9538/2433 6704/9540/2433 6703/9541/2433
f 6703/9541/2434 6704/9540/2434 6706/9542/2434 6705/9543/2434
f 6705/9543/2435 6706/9542/2435 6708/9544/2435 6707/9545/2435
f 6707/9545/2436 6708/9544/2436 6710/9546/2436 6709/9547/2436
f 6709/9547/2437 6710/9546/2437 6712/9548/2437 6711/9549/2437
f 6711/9549/2438 6712/9548/2438 6714/9550/2438 6713/9551/2438
f 6713/9551/2439 6714/9550/2439 6716/9552/2439 6715/9553/2439
f 6715/9553/2440 6716/9552/2440 6718/9554/2440 6717/9555/2440
f 6717/9555/2441 6718/9554/2441 6720/9556/2441 6719/9557/2441
f 6719/9557/2442 6720/9556/2442 6722/9558/2442 6721/9559/2442
f 6721/9559/2443 6722/9558/2443 6724/9560/2443 6723/9561/2443
f 6723/9561/2444 6724/9560/2444 6726/9562/2444 6725/9563/2444
f 6725/9563/2445 6726/9562/2445 6728/9564/2445 6727/9565/2445
f 6727/9565/2446 6728/9564/2446 6730/9566/2446 6729/9567/2446
f 6729/9567/2447 6730/9566/2447 6732/9568/2447 6731/9569/2447
f 6731/9569/2448 6732/9568/2448 6734/9570/2448 6733/9571/2448
f 6733/9571/2449 6734/9570/2449 6736/9572/2449 6735/9573/2449
f 6735/9573/2450 6736/9572/2450 6738/9574/2450 6737/9575/2450
f 6737/9575/2451 6738/9574/2451 6740/9576/2451 6739/9577/2451
f 6739/9577/2452 6740/9576/2452 6742/9578/2452 6741/9579/2452
f 6741/9579/2453 6742/9578/2453 6744/9580/2453 6743/9581/2453
f 6743/9581/2454 6744/9580/2454 6746/9582/2454 6745/9583/2454
f 6745/9583/2455 6746/9582/2455 6748/9584/2455 6747/9585/2455
f 6747/9585/2456 6748/9584/2456 6750/9586/2456 6749/9587/2456
f 6749/9587/2457 6750/9586/2457 6752/9588/2457 6751/9589/2457
f 6751/9589/2458 6752/9588/2458 6754/9590/2458 6753/9591/2458
f 6753/9591/2459 6754/9590/2459 6756/9592/2459 6755/9593/2459
f 6755/9593/2460 6756/9592/2460 6758/9594/2460 6757/9595/2460
f 6757/9595/2461 6758/9594/2461 6760/9596/2461 6759/9597/2461
f 6759/9597/2462 6760/9596/2462 6762/9598/2462 6761/9599/2462
f 6761/9599/2463 6762/9598/2463 6764/9600/2463 6763/9601/2463
f 6763/9601/2464 6764/9600/2464 6766/9602/2464 6765/9603/2464
f 6765/9603/2465 6766/9602/2465 6768/9604/2465 6767/9605/2465
f 6767/9605/2466 6768/9604/2466 6770/9606/2466 6769/9607/2466
f 6769/9607/2467 6770/9606/2467 6772/9608/2467 6771/9609/2467
f 6771/9609/2468 6772/9608/2468 6774/9610/2468 6773/9611/2468
f 6773/9611/2469 6774/9610/2469 6776/9612/2469 6775/9613/2469
f 6775/9613/2470 6776/9612/2470 6778/9614/2470 6777/9615/2470
f 6777/9615/2471 6778/9614/2471 6780/9616/2471 6779/9617/2471
f 6779/9617/2472 6780/9616/2472 6782/9618/2472 6781/9619/2472
f 6781/9619/2473 6782/9618/2473 6784/9620/2473 6783/9621/2473
f 6783/9621/2474 6784/9620/2474 6786/9622/2474 6785/9623/2474
f 6785/9623/2475 6786/9622/2475 6788/9624/2475 6787/9625/2475
f 6787/9625/2476 6788/9624/2476 6790/9626/2476 6789/9627/2476
f 6789/9627/2477 6790/9626/2477 6792/9628/2477 6791/9629/2477
f 6791/9629/2478 6792/9628/2478 6794/9630/2478 6793/9631/2478
f 6793/9631/2479 6794/9630/2479 6796/9632/2479 6795/9633/2479
f 6795/9633/2480 6796/9632/2480 6798/9634/2480 6797/9635/2480
f 6797/9635/2481 6798/9634/2481 6800/9636/2481 6799/9637/2481
f 6799/9637/2482 6800/9636/2482 6802/9638/2482 6801/9639/2482
f 6801/9639/2483 6802/9638/2483 6804/9640/2483 6803/9641/2483
f 6803/9641/2484 6804/9640/2484 6806/9642/2484 6805/9643/2484
f 6805/9643/2485 6806/9642/2485 6808/9644/2485 6807/9645/2485
f 6807/9645/2486 6808/9644/2486 6810/9646/2486 6809/9647/2486
f 6809/9647/2487 6810/9646/2487 6812/9648/2487 6811/9649/2487
f 6811/9649/2488 6812/9648/2488 6814/9650/2488 6813/9651/2488
f 6813/9651/2489 6814/9650/2489 6816/9652/2489 6815/9653/2489
f 6815/9653/2490 6816/9652/2490 6818/9654/2490 6817/9655/2490
f 6817/9655/2491 6818/9654/2491 6820/9656/2491 6819/9657/2491
f 6819/9657/2492 6820/9656/2492 6822/9658/2492 6821/9659/2492
f 6821/9659/2493 6822/9658/2493 6824/9660/2493 6823/9661/2493
f 6823/9661/2494 6824/9660/2494 6826/9662/2494 6825/9663/2494
f 6825/9663/2495 6826/9662/2495 6828/9664/2495 6827/9665/2495
f 6827/9665/2496 6828/9664/2496 6830/9666/2496 6829/9667/2496
f 6829/9667/2497 6830/9666/2497 6832/9668/2497 6831/9669/2497
f 6831/9669/2498 6832/9668/2498 6834/9670/2498 6833/9671/2498
f 6833/9671/2499 6834/9670/2499 6836/9672/2499 6835/9673/2499
f 6835/9673/2500 6836/9672/2500 6838/9674/2500 6837/9675/2500
f 6837/9675/2501 6838/9674/2501 6840/9676/2501 6839/9677/2501
f 6839/9677/2502 6840/9676/2502 6842/9678/2502 6841/9679/2502
f 6841/9679/2503 6842/9678/2503 6844/9680/2503 6843/9681/2503
f 6843/9681/2504 6844/9680/2504 6846/9682/2504 6845/9683/2504
f 6845/9683/2505 6846/9682/2505 6848/9684/2505 6847/9685/2505
f 6847/9685/2506 6848/9684/2506 6850/9686/2506 6849/9687/2506
f 6849/9687/2507 6850/9686/2507 6852/9688/2507 6851/9689/2507
f 6851/9689/2508 6852/9688/2508 6854/9690/2508 6853/9691/2508
f 6853/9691/2509 6854/9690/2509 6856/9692/2509 6855/9693/2509
f 6855/9693/2510 6856/9692/2510 6858/9694/2510 6857/9695/2510
f 6857/9695/2511 6858/9694/2511 6860/9696/2511 6859/9697/2511
f 6859/9697/2512 6860/9696/2512 6862/9698/2512 6861/9699/2512
f 6861/9699/2513 6862/9698/2513 6864/9700/2513 6863/9701/2513
f 6863/9701/2514 6864/9700/2514 6866/9702/2514 6865/9703/2514
f 6865/9703/2515 6866/9702/2515 6868/9704/2515 6867/9705/2515
f 5874/9706/2516 5872/9707/2516 6870/9708/2516 6868/9709/2516 6866/9710/2516 6864/9711/2516 6862/9712/2516 6860/9713/2516 6858/9714/2516 6856/9715/2516 6854/9716/2516 6852/9717/2516 6850/9718/2516 6848/9719/2516 6846/9720/2516 6844/9721/2516 6842/9722/2516 6840/9723/2516 6838/9724/2516 6836/9725/2516 6834/9726/2516 6832/9727/2516 6830/9728/2516 6828/9729/2516 6826/9730/2516 6824/9731/2516 6822/9732/2516 6820/9733/2516 6818/9734/2516 6816/9735/2516 6814/9736/2516 6812/9737/2516 6810/9738/2516 6808/9739/2516 6806/9740/2516 6804/9741/2516 6802/9742/2516 6800/9743/2516 6798/9744/2516 6796/9745/2516 6794/9746/2516 6792/9747/2516 6790/9748/2516 6788/9749/2516 6786/9750/2516 6784/9751/2516 6782/9752/2516 6780/9753/2516 6778/9754/2516 6776/9755/2516 6774/9756/2516 6772/9757/2516 6770/9758/2516 6768/9759/2516 6766/9760/2516 6764/9761/2516 6762/9762/2516 6760/9763/2516 6758/9764/2516 6756/9765/2516 6754/9766/2516 6752/9767/2516 6750/9768/2516 6748/9769/2516 6746/9770/2516 6744/9771/2516 6742/9772/2516 6740/9773/2516 6738/9774/2516 6736/9775/2516 6734/9776/2516 6732/9777/2516 6730/9778/2516 6728/9779/2516 6726/9780/2516 6724/9781/2516 6722/9782/2516 6720/9783/2516 6718/9784/2516 6716/9785/2516 6714/9786/2516 6712/9787/2516 6710/9788/2516 6708/9789/2516 6706/9790/2516 6704/9791/2516 6702/9792/2516 6700/9793/2516 6698/9794/2516 6696/9795/2516 6694/9796/2516 6692/9797/2516 6690/9798/2516 6688/9799/2516 6686/9800/2516 6684/9801/2516 6682/9802/2516 6680/9803/2516 6678/9804/2516 6676/9805/2516 6674/9806/2516 6672/9807/2516 6670/9808/2516 6668/9809/2516 6666/9810/2516 6664/9811/2516 6662/9812/2516 6660/9813/2516 6658/9814/2516 6656/9815/2516 6654/9816/2516 6652/9817/2516 6650/9818/2516 6648/9819/2516 6646/9820/2516 6644/9821/2516 6642/9822/2516 6640/9823/2516 6638/9824/2516 6636/9825/2516 6634/9826/2516 6632/9827/2516 6630/9828/2516 6628/9829/2516 6626/9830/2516 6624/9831/2516 6622/9832/2516 6620/9833/2516 6618/9834/2516 6616/9835/2516 6614/9836/2516 6612/9837/2516 6610/9838/2516 6608/9839/2516 6606/9840/2516 6604/9841/2516 6602/9842/2516 6600/9843/2516 6598/9844/2516 6596/9845/2516 6594/9846/2516 6592/9847/2516 6590/9848/2516 6588/9849/2516 6586/9850/2516 6584/9851/2516 6582/9852/2516 6580/9853/2516 6578/9854/2516 6576/9855/2516 6574/9856/2516 6572/9857/2516 6570/9858/2516 6568/9859/2516 6566/9860/2516 6564/9861/2516 6562/9862/2516 6560/9863/2516 6558/9864/2516 6556/9865/2516 6554/9866/2516 6552/9867/2516 6550/9868/2516 6548/9869/2516 6546/9870/2516 6544/9871/2516 6542/9872/2516 6540/9873/2516 6538/9874/2516 6536/9875/2516 6534/9876/2516 6532/9877/2516 6530/9878/2516 6528/9879/2516 6526/9880/2516 6524/9881/2516 6522/9882/2516 6520/9883/2516 6518/9884/2516 6516/9885/2516 6514/9886/2516 6512/9887/2516 6510/9888/2516 6508/9889/2516 6506/9890/2516 6504/9891/2516 6502/9892/2516 6500/9893/2516 6498/9894/2516 6496/9895/2516 6494/9896/2516 6492/9897/2516 6490/9898/2516 6488/9899/2516 6486/9900/2516 6484/9901/2516 6482/9902/2516 6480/9903/2516 6478/9904/2516 6476/9905/2516 6474/9906/2516 6472/9907/2516 6470/9908/2516 6468/9909/2516 6466/9910/2516 6464/9911/2516 6462/9912/2516 6460/9913/2516 6458/9914/2516 6456/9915/2516 6454/9916/2516 6452/9917/2516 6450/9918/2516 6448/9919/2516 6446/9920/2516 6444/9921/2516 6442/9922/2516 6440/9923/2516 6438/9924/2516 6436/9925/2516 6434/9926/2516 6432/9927/2516 6430/9928/2516 6428/9929/2516 6426/9930/2516 6424/9931/2516 6422/9932/2516 6420/9933/2516 6418/9934/2516 6416/9935/2516 6414/9936/2516 6412/9937/2516 6410/9938/2516 6408/9939/2516 6406/9940/2516 6404/9941/2516 6402/9942/2516 6400/9943/2516 6398/9944/2516 6396/9945/2516 6394/9946/2516 6392/9947/2516 6390/9948/2516 6388/9949/2516 6386/9950/2516 6384/9951/2516 6382/9952/2516 6380/9953/2516 6378/9954/2516 6376/9955/2516 6374/9956/2516 6372/9957/2516 6370/9958/2516 6368/9959/2516 6366/9960/2516 6364/9961/2516 6362/9962/2516 6360/9963/2516 6358/9964/2516 6356/9965/2516 6354/9966/2516 6352/9967/2516 6350/9968/2516 6348/9969/2516 6346/9970/2516 6344/9971/2516 6342/9972/2516 6340/9973/2516 6338/9974/2516 6336/9975/2516 6334/9976/2516 6332/9977/2516 6330/9978/2516 6328/9979/2516 6326/9980/2516 6324/9981/2516 6322/9982/2516 6320/9983/2516 6318/9984/2516 6316/9985/2516 6314/9986/2516 6312/9987/2516 6310/9988/2516 6308/9989/2516 6306/9990/2516 6304/9991/2516 6302/9992/2516 6300/9993/2516 6298/9994/2516 6296/9995/2516 6294/9996/2516 6292/9997/2516 6290/9998/2516 6288/9999/2516 6286/10000/2516 6284/10001/2516 6282/10002/2516 6280/10003/2516 6278/10004/2516 6276/10005/2516 6274/10006/2516 6272/10007/2516 6270/10008/2516 6268/10009/2516 6266/10010/2516 6264/10011/2516 6262/10012/2516 6260/10013/2516 6258/10014/2516 6256/10015/2516 6254/10016/2516 6252/10017/2516 6250/10018/2516 6248/10019/2516 6246/10020/2516 6244/10021/2516 6242/10022/2516 6240/10023/2516 6238/10024/2516 6236/10025/2516 6234/10026/2516 6232/10027/2516 6230/10028/2516 6228/10029/2516 6226/10030/2516 6224/10031/2516 6222/10032/2516 6220/10033/2516 6218/10034/2516 6216/10035/2516 6214/10036/2516 6212/10037/2516 6210/10038/2516 6208/10039/2516 6206/10040/2516 6204/10041/2516 6202/10042/2516 6200/10043/2516 6198/10044/2516 6196/10045/2516 6194/10046/2516 6192/10047/2516 6190/10048/2516 6188/10049/2516 6186/10050/2516 6184/10051/2516 6182/10052/2516 6180/10053/2516 6178/10054/2516 6176/10055/2516 6174/10056/2516 6172/10057/2516 6170/10058/2516 6168/10059/2516 6166/10060/2516 6164/10061/2516 6162/10062/2516 6160/10063/2516 6158/10064/2516 6156/10065/2516 6154/10066/2516 6152/10067/2516 6150/10068/2516 6148/10069/2516 6146/10070/2516 6144/10071/2516 6142/10072/2516 6140/10073/2516 6138/10074/2516 6136/10075/2516 6134/10076/2516 6132/10077/2516 6130/10078/2516 6128/10079/2516 6126/10080/2516 6124/10081/2516 6122/10082/2516 6120/10083/2516 6118/10084/2516 6116/10085/2516 6114/10086/2516 6112/10087/2516 6110/10088/2516 6108/10089/2516 6106/10090/2516 6104/10091/2516 6102/10092/2516 6100/10093/2516 6098/10094/2516 6096/10095/2516 6094/10096/2516 6092/10097/2516 6090/10098/2516 6088/10099/2516 6086/10100/2516 6084/10101/2516 6082/10102/2516 6080/10103/2516 6078/10104/2516 6076/10105/2516 6074/10106/2516 6072/10107/2516 6070/10108/2516 6068/10109/2516 6066/10110/2516 6064/10111/2516 6062/10112/2516 6060/10113/2516 6058/10114/2516 6056/10115/2516 6054/10116/2516 6052/10117/2516 6050/10118/2516 6048/10119/2516 6046/10120/2516 6044/10121/2516 6042/10122/2516 6040/10123/2516 6038/10124/2516 6036/10125/2516 6034/10126/2516 6032/10127/2516 6030/10128/2516 6028/10129/2516 6026/10130/2516 6024/10131/2516 6022/10132/2516 6020/10133/2516 6018/10134/2516 6016/10135/2516 6014/10136/2516 6012/10137/2516 6010/10138/2516 6008/10139/2516 6006/10140/2516 6004/10141/2516 6002/10142/2516 6000/10143/2516 5998/10144/2516 5996/10145/2516 5994/10146/2516 5992/10147/2516 5990/10148/2516 5988/10149/2516 5986/10150/2516 5984/10151/2516 5982/10152/2516 5980/10153/2516 5978/10154/2516 5976/10155/2516 5974/10156/2516 5972/10157/2516 5970/10158/2516 5968/10159/2516 5966/10160/2516 5964/10161/2516 5962/10162/2516 5960/10163/2516 5958/10164/2516 5956/10165/2516 5954/10166/2516 5952/10167/2516 5950/10168/2516 5948/10169/2516 5946/10170/2516 5944/10171/2516 5942/10172/2516 5940/10173/2516 5938/10174/2516 5936/10175/2516 5934/10176/2516 5932/10177/2516 5930/10178/2516 5928/10179/2516 5926/10180/2516 5924/10181/2516 5922/10182/2516 5920/10183/2516 5918/10184/2516 5916/10185/2516 5914/10186/2516 5912/10187/2516 5910/10188/2516 5908/10189/2516 5906/10190/2516 5904/10191/2516 5902/10192/2516 5900/10193/2516 5898/10194/2516 5896/10195/2516 5894/10196/2516 5892/10197/2516 5890/10198/2516 5888/10199/2516 5886/10200/2516 5884/10201/2516 5882/10202/2516 5880/10203/2516 5878/10204/2516 5876/10205/2516
f 6867/9705/2517 6868/9704/2517 6870/10206/2517 6869/10207/2517
f 6869/10207/2518 6870/10206/2518 5872/10208/2518 5871/10209/2518
f 5871/10210/2519 5873/10211/2519 5875/10212/2519 5877/10213/2519 5879/10214/2519 5881/10215/2519 5883/10216/2519 5885/10217/2519 5887/10218/2519 5889/10219/2519 5891/10220/2519 5893/10221/2519 5895/10222/2519 5897/10223/2519 5899/10224/2519 5901/10225/2519 5903/10226/2519 5905/10227/2519 5907/10228/2519 5909/10229/2519 5911/10230/2519 5913/10231/2519 5915/10232/2519 5917/10233/2519 5919/10234/2519 5921/10235/2519 5923/10236/2519 5925/10237/2519 5927/10238/2519 5929/10239/2519 5931/10240/2519 5933/10241/2519 5935/10242/2519 5937/10243/2519 5939/10244/2519 5941/10245/2519 5943/10246/2519 5945/10247/2519 5947/10248/2519 5949/10249/2519 5951/10250/2519 5953/10251/2519 5955/10252/2519 5957/10253/2519 5959/10254/2519 5961/10255/2519 5963/10256/2519 5965/10257/2519 5967/10258/2519 5969/10259/2519 5971/10260/2519 5973/10261/2519 5975/10262/2519 5977/10263/2519 5979/10264/2519 5981/10265/2519 5983/10266/2519 5985/10267/2519 5987/10268/2519 5989/10269/2519 5991/10270/2519 5993/10271/2519 5995/10272/2519 5997/10273/2519 5999/10274/2519 6001/10275/2519 6003/10276/2519 6005/10277/2519 6007/10278/2519 6009/10279/2519 6011/10280/2519 6013/10281/2519 6015/10282/2519 6017/10283/2519 6019/10284/2519 6021/10285/2519 6023/10286/2519 6025/10287/2519 6027/10288/2519 6029/10289/2519 6031/10290/2519 6033/10291/2519 6035/10292/2519 6037/10293/2519 6039/10294/2519 6041/10295/2519 6043/10296/2519 6045/10297/2519 6047/10298/2519 6049/10299/2519 6051/10300/2519 6053/10301/2519 6055/10302/2519 6057/10303/2519 6059/10304/2519 6061/10305/2519 6063/10306/2519 6065/10307/2519 6067/10308/2519 6069/10309/2519 6071/10310/2519 6073/10311/2519 6075/10312/2519 6077/10313/2519 6079/10314/2519 6081/10315/2519 6083/10316/2519 6085/10317/2519 6087/10318/2519 6089/10319/2519 6091/10320/2519 6093/10321/2519 6095/10322/2519 6097/10323/2519 6099/10324/2519 6101/10325/2519 6103/10326/2519 6105/10327/2519 6107/10328/2519 6109/10329/2519 6111/10330/2519 6113/10331/2519 6115/10332/2519 6117/10333/2519 6119/10334/2519 6121/10335/2519 6123/10336/2519 6125/10337/2519 6127/10338/2519 6129/10339/2519 6131/10340/2519 6133/10341/2519 6135/10342/2519 6137/10343/2519 6139/10344/2519 6141/10345/2519 6143/10346/2519 6145/10347/2519 6147/10348/2519 6149/10349/2519 6151/10350/2519 6153/10351/2519 6155/10352/2519 6157/10353/2519 6159/10354/2519 6161/10355/2519 6163/10356/2519 6165/10357/2519 6167/10358/2519 6169/10359/2519 6171/10360/2519 6173/10361/2519 6175/10362/2519 6177/10363/2519 6179/10364/2519 6181/10365/2519 6183/10366/2519 6185/10367/2519 6187/10368/2519 6189/10369/2519 6191/10370/2519 6193/10371/2519 6195/10372/2519 6197/10373/2519 6199/10374/2519 6201/10375/2519 6203/10376/2519 6205/10377/2519 6207/10378/2519 6209/10379/2519 6211/10380/2519 6213/10381/2519 6215/10382/2519 6217/10383/2519 6219/10384/2519 6221/10385/2519 6223/10386/2519 6225/10387/2519 6227/10388/2519 6229/10389/2519 6231/10390/2519 6233/10391/2519 6235/10392/2519 6237/10393/2519 6239/10394/2519 6241/10395/2519 6243/10396/2519 6245/10397/2519 6247/10398/2519 6249/10399/2519 6251/10400/2519 6253/10401/2519 6255/10402/2519 6257/10403/2519 6259/10404/2519 6261/10405/2519 6263/10406/2519 6265/10407/2519 6267/10408/2519 6269/10409/2519 6271/10410/2519 6273/10411/2519 6275/10412/2519 6277/10413/2519 6279/10414/2519 6281/10415/2519 6283/10416/2519 6285/10417/2519 6287/10418/2519 6289/10419/2519 6291/10420/2519 6293/10421/2519 6295/10422/2519 6297/10423/2519 6299/10424/2519 6301/10425/2519 6303/10426/2519 6305/10427/2519 6307/10428/2519 6309/10429/2519 6311/10430/2519 6313/10431/2519 6315/10432/2519 6317/10433/2519 6319/10434/2519 6321/10435/2519 6323/10436/2519 6325/10437/2519 6327/10438/2519 6329/10439/2519 6331/10440/2519 6333/10441/2519 6335/10442/2519 6337/10443/2519 6339/10444/2519 6341/10445/2519 6343/10446/2519 6345/10447/2519 6347/10448/2519 6349/10449/2519 6351/10450/2519 6353/10451/2519 6355/10452/2519 6357/10453/2519 6359/10454/2519 6361/10455/2519 6363/10456/2519 6365/10457/2519 6367/10458/2519 6369/10459/2519 6371/10460/2519 6373/10461/2519 6375/10462/2519 6377/10463/2519 6379/10464/2519 6381/10465/2519 6383/10466/2519 6385/10467/2519 6387/10468/2519 6389/10469/2519 6391/10470/2519 6393/10471/2519 6395/10472/2519 6397/10473/2519 6399/10474/2519 6401/10475/2519 6403/10476/2519 6405/10477/2519 6407/10478/2519 6409/10479/2519 6411/10480/2519 6413/10481/2519 6415/10482/2519 6417/10483/2519 6419/10484/2519 6421/10485/2519 6423/10486/2519 6425/10487/2519 6427/10488/2519 6429/10489/2519 6431/10490/2519 6433/10491/2519 6435/10492/2519 6437/10493/2519 6439/10494/2519 6441/10495/2519 6443/10496/2519 6445/10497/2519 6447/10498/2519 6449/10499/2519 6451/10500/2519 6453/10501/2519 6455/10502/2519 6457/10503/2519 6459/10504/2519 6461/10505/2519 6463/10506/2519 6465/10507/2519 6467/10508/2519 6469/10509/2519 6471/10510/2519 6473/10511/2519 6475/10512/2519 6477/10513/2519 6479/10514/2519 6481/10515/2519 6483/10516/2519 6485/10517/2519 6487/10518/2519 6489/10519/2519 6491/10520/2519 6493/10521/2519 6495/10522/2519 6497/10523/2519 6499/10524/2519 6501/10525/2519 6503/10526/2519 6505/10527/2519 6507/10528/2519 6509/10529/2519 6511/10530/2519 6513/10531/2519 6515/10532/2519 6517/10533/2519 6519/10534/2519 6521/10535/2519 6523/10536/2519 6525/10537/2519 6527/10538/2519 6529/10539/2519 6531/10540/2519 6533/10541/2519 6535/10542/2519 6537/10543/2519 6539/10544/2519 6541/10545/2519 6543/10546/2519 6545/10547/2519 6547/10548/2519 6549/10549/2519 6551/10550/2519 6553/10551/2519 6555/10552/2519 6557/10553/2519 6559/10554/2519 6561/10555/2519 6563/10556/2519 6565/10557/2519 6567/10558/2519 6569/10559/2519 6571/10560/2519 6573/10561/2519 6575/10562/2519 6577/10563/2519 6579/10564/2519 6581/10565/2519 6583/10566/2519 6585/10567/2519 6587/10568/2519 6589/10569/2519 6591/10570/2519 6593/10571/2519 6595/10572/2519 6597/10573/2519 6599/10574/2519 6601/10575/2519 6603/10576/2519 6605/10577/2519 6607/10578/2519 6609/10579/2519 6611/10580/2519 6613/10581/2519 6615/10582/2519 6617/10583/2519 6619/10584/2519 6621/10585/2519 6623/10586/2519 6625/10587/2519 6627/10588/2519 6629/10589/2519 6631/10590/2519 6633/10591/2519 6635/10592/2519 6637/10593/2519 6639/10594/2519 6641/10595/2519 6643/10596/2519 6645/10597/2519 6647/10598/2519 6649/10599/2519 6651/10600/2519 6653/10601/2519 6655/10602/2519 6657/10603/2519 6659/10604/2519 6661/10605/2519 6663/10606/2519 6665/10607/2519 6667/10608/2519 6669/10609/2519 6671/10610/2519 6673/10611/2519 6675/10612/2519 6677/10613/2519 6679/10614/2519 6681/10615/2519 6683/10616/2519 6685/10617/2519 6687/10618/2519 6689/10619/2519 6691/10620/2519 6693/10621/2519 6695/10622/2519 6697/10623/2519 6699/10624/2519 6701/10625/2519 6703/10626/2519 6705/10627/2519 6707/10628/2519 6709/10629/2519 6711/10630/2519 6713/10631/2519 6715/10632/2519 6717/10633/2519 6719/10634/2519 6721/10635/2519 6723/10636/2519 6725/10637/2519 6727/10638/2519 6729/10639/2519 6731/10640/2519 6733/10641/2519 6735/10642/2519 6737/10643/2519 6739/10644/2519 6741/10645/2519 6743/10646/2519 6745/10647/2519 6747/10648/2519 6749/10649/2519 6751/10650/2519 6753/10651/2519 6755/10652/2519 6757/10653/2519 6759/10654/2519 6761/10655/2519 6763/10656/2519 6765/10657/2519 6767/10658/2519 6769/10659/2519 6771/10660/2519 6773/10661/2519 6775/10662/2519 6777/10663/2519 6779/10664/2519 6781/10665/2519 6783/10666/2519 6785/10667/2519 6787/10668/2519 6789/10669/2519 6791/10670/2519 6793/10671/2519 6795/10672/2519 6797/10673/2519 6799/10674/2519 6801/10675/2519 6803/10676/2519 6805/10677/2519 6807/10678/2519 6809/10679/2519 6811/10680/2519 6813/10681/2519 6815/10682/2519 6817/10683/2519 6819/10684/2519 6821/10685/2519 6823/10686/2519 6825/10687/2519 6827/10688/2519 6829/10689/2519 6831/10690/2519 6833/10691/2519 6835/10692/2519 6837/10693/2519 6839/10694/2519 6841/10695/2519 6843/10696/2519 6845/10697/2519 6847/10698/2519 6849/10699/2519 6851/10700/2519 6853/10701/2519 6855/10702/2519 6857/10703/2519 6859/10704/2519 6861/10705/2519 6863/10706/2519 6865/10707/2519 6867/10708/2519 6869/10709/2519
o Cylinder.005
v -0.437058 4.203216 -2.677089
v -0.776142 4.225694 -2.283494
v -0.437199 4.202479 -2.677168
v -0.776283 4.224957 -2.283574
v -0.437346 4.201745 -2.677253
v -0.776430 4.224223 -2.283659
v -0.437501 4.201013 -2.677344
v -0.776585 4.223491 -2.283750
v -0.437662 4.200283 -2.677442
v -0.776746 4.222761 -2.283847
v -0.437830 4.199555 -2.677545
v -0.776915 4.222033 -2.283951
v -0.438005 4.198830 -2.677655
v -0.777090 4.221308 -2.284060
v -0.438187 4.198107 -2.677770
v -0.777272 4.220585 -2.284176
v -0.438376 4.197387 -2.677891
v -0.777460 4.219865 -2.284297
v -0.438571 4.196670 -2.678019
v -0.777656 4.219149 -2.284425
v -0.438774 4.195956 -2.678152
v -0.777858 4.218434 -2.284558
v -0.438983 4.195245 -2.678292
v -0.778067 4.217723 -2.284697
v -0.439198 4.194538 -2.678437
v -0.778283 4.217016 -2.284843
v -0.439420 4.193833 -2.678588
v -0.778505 4.216311 -2.284994
v -0.439649 4.193132 -2.678745
v -0.778734 4.215611 -2.285151
v -0.439885 4.192435 -2.678908
v -0.778969 4.214913 -2.285314
v -0.440127 4.191741 -2.679077
v -0.779211 4.214219 -2.285483
v -0.440375 4.191051 -2.679252
v -0.779459 4.213529 -2.285657
v -0.440630 4.190364 -2.679432
v -0.779714 4.212842 -2.285838
v -0.440891 4.189682 -2.679618
v -0.779976 4.212160 -2.286024
v -0.441159 4.189004 -2.679810
v -0.780243 4.211482 -2.286216
v -0.441433 4.188330 -2.680007
v -0.780517 4.210808 -2.286413
v -0.441713 4.187660 -2.680211
v -0.780797 4.210138 -2.286616
v -0.441999 4.186995 -2.680419
v -0.781084 4.209473 -2.286825
v -0.442292 4.186334 -2.680634
v -0.781376 4.208812 -2.287040
v -0.442591 4.185677 -2.680854
v -0.781675 4.208155 -2.287260
v -0.442896 4.185025 -2.681079
v -0.781980 4.207504 -2.287485
v -0.443207 4.184379 -2.681310
v -0.782291 4.206857 -2.287716
v -0.443524 4.183737 -2.681547
v -0.782608 4.206215 -2.287952
v -0.443847 4.183100 -2.681788
v -0.782931 4.205578 -2.288194
v -0.444176 4.182468 -2.682036
v -0.783260 4.204946 -2.288441
v -0.444510 4.181841 -2.682288
v -0.783595 4.204319 -2.288694
v -0.444851 4.181220 -2.682546
v -0.783935 4.203698 -2.288952
v -0.445197 4.180604 -2.682809
v -0.784281 4.203082 -2.289215
v -0.445549 4.179993 -2.683078
v -0.784633 4.202472 -2.289483
v -0.445906 4.179389 -2.683351
v -0.784991 4.201867 -2.289757
v -0.446270 4.178789 -2.683630
v -0.785354 4.201268 -2.290035
v -0.446638 4.178196 -2.683913
v -0.785723 4.200674 -2.290319
v -0.447012 4.177608 -2.684202
v -0.786097 4.200087 -2.290608
v -0.447392 4.177027 -2.684496
v -0.786476 4.199505 -2.290901
v -0.447777 4.176452 -2.684794
v -0.786861 4.198930 -2.291200
v -0.448167 4.175882 -2.685098
v -0.787251 4.198360 -2.291504
v -0.448562 4.175319 -2.685406
v -0.787646 4.197797 -2.291812
v -0.448963 4.174762 -2.685720
v -0.788047 4.197240 -2.292125
v -0.449368 4.174212 -2.686038
v -0.788453 4.196690 -2.292443
v -0.449779 4.173668 -2.686360
v -0.788863 4.196146 -2.292766
v -0.450194 4.173131 -2.686688
v -0.789279 4.195609 -2.293093
v -0.450615 4.172600 -2.687020
v -0.789699 4.195078 -2.293425
v -0.451040 4.172077 -2.687356
v -0.790125 4.194555 -2.293762
v -0.451470 4.171560 -2.687697
v -0.790555 4.194038 -2.294103
v -0.451905 4.171050 -2.688043
v -0.790989 4.193528 -2.294448
v -0.452344 4.170547 -2.688393
v -0.791429 4.193025 -2.294798
v -0.452788 4.170051 -2.688747
v -0.791873 4.192529 -2.295152
v -0.453237 4.169562 -2.689105
v -0.792321 4.192040 -2.295511
v -0.453690 4.169080 -2.689468
v -0.792774 4.191559 -2.295873
v -0.454147 4.168606 -2.689835
v -0.793231 4.191084 -2.296240
v -0.454609 4.168139 -2.690206
v -0.793693 4.190618 -2.296611
v -0.455074 4.167680 -2.690581
v -0.794159 4.190158 -2.296986
v -0.455544 4.167228 -2.690959
v -0.794628 4.189706 -2.297365
v -0.456018 4.166784 -2.691342
v -0.795102 4.189262 -2.297748
v -0.456496 4.166348 -2.691729
v -0.795580 4.188826 -2.298135
v -0.456978 4.165919 -2.692120
v -0.796062 4.188397 -2.298525
v -0.457463 4.165498 -2.692514
v -0.796548 4.187976 -2.298920
v -0.457953 4.165085 -2.692912
v -0.797037 4.187563 -2.299318
v -0.458446 4.164680 -2.693314
v -0.797530 4.187158 -2.299719
v -0.458942 4.164283 -2.693719
v -0.798027 4.186761 -2.300124
v -0.459442 4.163894 -2.694127
v -0.798527 4.186372 -2.300533
v -0.459946 4.163513 -2.694540
v -0.799030 4.185991 -2.300945
v -0.460453 4.163140 -2.694955
v -0.799537 4.185618 -2.301361
v -0.460963 4.162776 -2.695374
v -0.800047 4.185254 -2.301779
v -0.461476 4.162419 -2.695796
v -0.800561 4.184897 -2.302201
v -0.461993 4.162072 -2.696221
v -0.801077 4.184550 -2.302626
v -0.462513 4.161732 -2.696649
v -0.801597 4.184210 -2.303055
v -0.463035 4.161401 -2.697080
v -0.802119 4.183879 -2.303486
v -0.463560 4.161079 -2.697515
v -0.802645 4.183557 -2.303920
v -0.464089 4.160765 -2.697952
v -0.803173 4.183244 -2.304357
v -0.464620 4.160460 -2.698391
v -0.803704 4.182939 -2.304797
v -0.465153 4.160164 -2.698834
v -0.804237 4.182642 -2.305240
v -0.465689 4.159876 -2.699280
v -0.804773 4.182354 -2.305685
v -0.466228 4.159597 -2.699728
v -0.805312 4.182076 -2.306133
v -0.466768 4.159327 -2.700178
v -0.805853 4.181805 -2.306584
v -0.467312 4.159066 -2.700631
v -0.806396 4.181544 -2.307037
v -0.467857 4.158813 -2.701087
v -0.806941 4.181292 -2.307492
v -0.468404 4.158570 -2.701544
v -0.807489 4.181048 -2.307950
v -0.468954 4.158335 -2.702004
v -0.808038 4.180814 -2.308410
v -0.469505 4.158110 -2.702466
v -0.808590 4.180588 -2.308872
v -0.470059 4.157894 -2.702931
v -0.809143 4.180372 -2.309336
v -0.470614 4.157686 -2.703397
v -0.809698 4.180164 -2.309803
v -0.471170 4.157488 -2.703865
v -0.810255 4.179966 -2.310271
v -0.471729 4.157299 -2.704335
v -0.810813 4.179777 -2.310741
v -0.472288 4.157119 -2.704808
v -0.811373 4.179597 -2.311213
v -0.472849 4.156949 -2.705281
v -0.811934 4.179427 -2.311687
v -0.473412 4.156787 -2.705757
v -0.812496 4.179265 -2.312162
v -0.473976 4.156635 -2.706234
v -0.813060 4.179113 -2.312639
v -0.474541 4.156492 -2.706712
v -0.813625 4.178970 -2.313118
v -0.475107 4.156358 -2.707192
v -0.814191 4.178837 -2.313598
v -0.475674 4.156234 -2.707673
v -0.814758 4.178712 -2.314079
v -0.476241 4.156119 -2.708156
v -0.815326 4.178597 -2.314562
v -0.476810 4.156013 -2.708640
v -0.815894 4.178492 -2.315045
v -0.477379 4.155918 -2.709125
v -0.816464 4.178396 -2.315530
v -0.477949 4.155831 -2.709611
v -0.817033 4.178309 -2.316016
v -0.478519 4.155753 -2.710098
v -0.817604 4.178232 -2.316503
v -0.479090 4.155685 -2.710585
v -0.818175 4.178164 -2.316991
v -0.479661 4.155627 -2.711074
v -0.818746 4.178105 -2.317480
v -0.480233 4.155578 -2.711564
v -0.819317 4.178056 -2.317969
v -0.480804 4.155538 -2.712054
v -0.819889 4.178017 -2.318460
v -0.481376 4.155508 -2.712544
v -0.820460 4.177986 -2.318950
v -0.481948 4.155488 -2.713036
v -0.821032 4.177966 -2.319441
v -0.482519 4.155476 -2.713527
v -0.821603 4.177954 -2.319933
v -0.483090 4.155474 -2.714020
v -0.822175 4.177953 -2.320425
v -0.483661 4.155482 -2.714512
v -0.822746 4.177960 -2.320918
v -0.484232 4.155499 -2.715004
v -0.823316 4.177978 -2.321410
v -0.484802 4.155526 -2.715497
v -0.823886 4.178004 -2.321903
v -0.485372 4.155562 -2.715990
v -0.824456 4.178040 -2.322396
v -0.485940 4.155607 -2.716483
v -0.825025 4.178086 -2.322888
v -0.486509 4.155663 -2.716975
v -0.825593 4.178141 -2.323381
v -0.487076 4.155727 -2.717468
v -0.826160 4.178205 -2.323873
v -0.487642 4.155801 -2.717960
v -0.826727 4.178279 -2.324365
v -0.488208 4.155884 -2.718451
v -0.827292 4.178362 -2.324857
v -0.488772 4.155977 -2.718943
v -0.827856 4.178455 -2.325349
v -0.489335 4.156079 -2.719434
v -0.828419 4.178557 -2.325840
v -0.489897 4.156190 -2.719924
v -0.828981 4.178668 -2.326330
v -0.490457 4.156311 -2.720414
v -0.829542 4.178789 -2.326820
v -0.491016 4.156441 -2.720903
v -0.830101 4.178919 -2.327309
v -0.491574 4.156580 -2.721391
v -0.830658 4.179059 -2.327797
v -0.492130 4.156729 -2.721879
v -0.831214 4.179207 -2.328284
v -0.492684 4.156887 -2.722365
v -0.831768 4.179365 -2.328770
v -0.493236 4.157054 -2.722850
v -0.832320 4.179533 -2.329256
v -0.493786 4.157230 -2.723334
v -0.832871 4.179709 -2.329740
v -0.494335 4.157416 -2.723817
v -0.833419 4.179894 -2.330223
v -0.494881 4.157611 -2.724299
v -0.833965 4.180089 -2.330705
v -0.495425 4.157815 -2.724780
v -0.834509 4.180293 -2.331185
v -0.495967 4.158028 -2.725259
v -0.835051 4.180506 -2.331664
v -0.496506 4.158250 -2.725736
v -0.835591 4.180728 -2.332142
v -0.497044 4.158481 -2.726212
v -0.836128 4.180959 -2.332618
v -0.497578 4.158721 -2.726686
v -0.836663 4.181199 -2.333092
v -0.498110 4.158970 -2.727159
v -0.837195 4.181448 -2.333565
v -0.498640 4.159228 -2.727630
v -0.837724 4.181706 -2.334035
v -0.499166 4.159495 -2.728099
v -0.838251 4.181973 -2.334504
v -0.499690 4.159770 -2.728566
v -0.838775 4.182249 -2.334971
v -0.500211 4.160055 -2.729031
v -0.839296 4.182533 -2.335437
v -0.500729 4.160348 -2.729494
v -0.839813 4.182827 -2.335899
v -0.501244 4.160650 -2.729954
v -0.840328 4.183128 -2.336360
v -0.501756 4.160961 -2.730413
v -0.840840 4.183439 -2.336819
v -0.502264 4.161280 -2.730869
v -0.841348 4.183758 -2.337275
v -0.502769 4.161607 -2.731323
v -0.841853 4.184085 -2.337729
v -0.503271 4.161943 -2.731775
v -0.842355 4.184422 -2.338180
v -0.503769 4.162288 -2.732224
v -0.842853 4.184766 -2.338629
v -0.504264 4.162641 -2.732670
v -0.843348 4.185119 -2.339075
v -0.504755 4.163002 -2.733113
v -0.843839 4.185481 -2.339519
v -0.505242 4.163372 -2.733554
v -0.844326 4.185850 -2.339960
v -0.505725 4.163750 -2.733993
v -0.844810 4.186228 -2.340398
v -0.506205 4.164136 -2.734428
v -0.845289 4.186614 -2.340833
v -0.506681 4.164530 -2.734860
v -0.845765 4.187008 -2.341266
v -0.507152 4.164932 -2.735289
v -0.846237 4.187410 -2.341695
v -0.507620 4.165342 -2.735716
v -0.846704 4.187820 -2.342121
v -0.508083 4.165760 -2.736139
v -0.847168 4.188239 -2.342544
v -0.508543 4.166186 -2.736558
v -0.847627 4.188664 -2.342964
v -0.508997 4.166620 -2.736975
v -0.848082 4.189098 -2.343381
v -0.509448 4.167061 -2.737388
v -0.848532 4.189539 -2.343794
v -0.509894 4.167510 -2.737798
v -0.848978 4.189988 -2.344204
v -0.510335 4.167966 -2.738205
v -0.849420 4.190444 -2.344610
v -0.510772 4.168430 -2.738608
v -0.849857 4.190909 -2.345013
v -0.511204 4.168902 -2.739007
v -0.850289 4.191380 -2.345412
v -0.511632 4.169381 -2.739403
v -0.850716 4.191859 -2.345808
v -0.512055 4.169867 -2.739794
v -0.851139 4.192345 -2.346200
v -0.512472 4.170360 -2.740182
v -0.851557 4.192838 -2.346588
v -0.512885 4.170860 -2.740567
v -0.851970 4.193338 -2.346972
v -0.513293 4.171368 -2.740947
v -0.852378 4.193846 -2.347353
v -0.513696 4.171882 -2.741323
v -0.852780 4.194360 -2.347729
v -0.514094 4.172403 -2.741696
v -0.853178 4.194881 -2.348102
v -0.514486 4.172931 -2.742064
v -0.853570 4.195410 -2.348470
v -0.514873 4.173466 -2.742428
v -0.853958 4.195944 -2.348834
v -0.515255 4.174007 -2.742788
v -0.854340 4.196486 -2.349194
v -0.515632 4.174555 -2.743144
v -0.854716 4.197033 -2.349550
v -0.516003 4.175110 -2.743495
v -0.855087 4.197588 -2.349901
v -0.516369 4.175671 -2.743842
v -0.855453 4.198149 -2.350248
v -0.516729 4.176238 -2.744185
v -0.855813 4.198716 -2.350590
v -0.517083 4.176811 -2.744523
v -0.856167 4.199289 -2.350929
v -0.517432 4.177390 -2.744857
v -0.856516 4.199868 -2.351262
v -0.517775 4.177975 -2.745186
v -0.856859 4.200453 -2.351591
v -0.518112 4.178566 -2.745510
v -0.857197 4.201045 -2.351916
v -0.518444 4.179163 -2.745830
v -0.857528 4.201642 -2.352235
v -0.518769 4.179766 -2.746145
v -0.857854 4.202244 -2.352550
v -0.519089 4.180375 -2.746454
v -0.858173 4.202853 -2.352860
v -0.519403 4.180988 -2.746760
v -0.858487 4.203466 -2.353166
v -0.519710 4.181608 -2.747060
v -0.858795 4.204086 -2.353466
v -0.520012 4.182232 -2.747356
v -0.859096 4.204710 -2.353761
v -0.520307 4.182862 -2.747646
v -0.859392 4.205340 -2.354052
v -0.520597 4.183497 -2.747932
v -0.859681 4.205976 -2.354337
v -0.520880 4.184137 -2.748212
v -0.859964 4.206615 -2.354618
v -0.521156 4.184783 -2.748487
v -0.860241 4.207261 -2.354893
v -0.521427 4.185432 -2.748758
v -0.860511 4.207911 -2.355163
v -0.521691 4.186087 -2.749022
v -0.860775 4.208565 -2.355428
v -0.521949 4.186746 -2.749282
v -0.861033 4.209224 -2.355688
v -0.522200 4.187410 -2.749537
v -0.861284 4.209888 -2.355942
v -0.522445 4.188078 -2.749786
v -0.861529 4.210557 -2.356191
v -0.522683 4.188751 -2.750030
v -0.861768 4.211229 -2.356435
v -0.522915 4.189427 -2.750268
v -0.862000 4.211905 -2.356673
v -0.523140 4.190108 -2.750501
v -0.862225 4.212586 -2.356906
v -0.523359 4.190793 -2.750728
v -0.862443 4.213271 -2.357134
v -0.523571 4.191482 -2.750950
v -0.862655 4.213960 -2.357356
v -0.523776 4.192174 -2.751167
v -0.862860 4.214653 -2.357572
v -0.523975 4.192871 -2.751377
v -0.863059 4.215349 -2.357783
v -0.524166 4.193570 -2.751582
v -0.863251 4.216048 -2.357988
v -0.524351 4.194273 -2.751782
v -0.863436 4.216752 -2.358188
v -0.524530 4.194980 -2.751976
v -0.863614 4.217458 -2.358382
v -0.524701 4.195690 -2.752164
v -0.863785 4.218168 -2.358570
v -0.524865 4.196403 -2.752346
v -0.863950 4.218881 -2.358752
v -0.525023 4.197118 -2.752523
v -0.864107 4.219596 -2.358929
v -0.525174 4.197837 -2.752694
v -0.864258 4.220315 -2.359099
v -0.525317 4.198558 -2.752859
v -0.864402 4.221037 -2.359265
v -0.525454 4.199283 -2.753018
v -0.864538 4.221761 -2.359424
v -0.525584 4.200009 -2.753171
v -0.864668 4.222487 -2.359577
v -0.525707 4.200738 -2.753319
v -0.864791 4.223217 -2.359725
v -0.525822 4.201470 -2.753460
v -0.864907 4.223948 -2.359866
v -0.525931 4.202204 -2.753596
v -0.865015 4.224682 -2.360002
v -0.526033 4.202940 -2.753726
v -0.865117 4.225418 -2.360131
v -0.526127 4.203677 -2.753849
v -0.865212 4.226155 -2.360255
v -0.526215 4.204417 -2.753967
v -0.865299 4.226895 -2.360372
v -0.526295 4.205158 -2.754078
v -0.865379 4.227636 -2.360484
v -0.526368 4.205901 -2.754184
v -0.865453 4.228379 -2.360589
v -0.526434 4.206645 -2.754283
v -0.865519 4.229124 -2.360689
v -0.526493 4.207391 -2.754377
v -0.865578 4.229870 -2.360782
v -0.526545 4.208138 -2.754464
v -0.865630 4.230617 -2.360870
v -0.526590 4.208887 -2.754545
v -0.865674 4.231365 -2.360951
v -0.526627 4.209636 -2.754620
v -0.865712 4.232114 -2.361026
v -0.526658 4.210386 -2.754689
v -0.865742 4.232864 -2.361095
v -0.526681 4.211137 -2.754752
v -0.865765 4.233615 -2.361158
v -0.526697 4.211889 -2.754809
v -0.865781 4.234367 -2.361214
v -0.526706 4.212641 -2.754859
v -0.865790 4.235119 -2.361265
v -0.526707 4.213394 -2.754904
v -0.865792 4.235872 -2.361309
v -0.526702 4.214147 -2.754942
v -0.865786 4.236625 -2.361347
v -0.526689 4.214900 -2.754974
v -0.865773 4.237378 -2.361380
v -0.526669 4.215653 -2.755000
v -0.865753 4.238132 -2.361405
v -0.526642 4.216407 -2.755019
v -0.865726 4.238885 -2.361425
v -0.526608 4.217160 -2.755033
v -0.865692 4.239638 -2.361439
v -0.526566 4.217913 -2.755040
v -0.865651 4.240391 -2.361446
v -0.526518 4.218665 -2.755041
v -0.865602 4.241143 -2.361447
v -0.526462 4.219417 -2.755036
v -0.865546 4.241895 -2.361442
v -0.526399 4.220168 -2.755025
v -0.865483 4.242646 -2.361431
v -0.526329 4.220919 -2.755008
v -0.865413 4.243397 -2.361413
v -0.526252 4.221668 -2.754984
v -0.865336 4.244146 -2.361389
v -0.526168 4.222417 -2.754954
v -0.865252 4.244895 -2.361360
v -0.526076 4.223165 -2.754918
v -0.865161 4.245643 -2.361324
v -0.525978 4.223911 -2.754876
v -0.865062 4.246389 -2.361281
v -0.525872 4.224656 -2.754827
v -0.864957 4.247134 -2.361233
v -0.525760 4.225399 -2.754773
v -0.864844 4.247878 -2.361178
v -0.525640 4.226141 -2.754712
v -0.864724 4.248620 -2.361118
v -0.525513 4.226882 -2.754645
v -0.864598 4.249360 -2.361051
v -0.525380 4.227620 -2.754572
v -0.864464 4.250098 -2.360978
v -0.525239 4.228356 -2.754493
v -0.864324 4.250834 -2.360899
v -0.525092 4.229091 -2.754408
v -0.864176 4.251569 -2.360814
v -0.524937 4.229823 -2.754317
v -0.864022 4.252301 -2.360723
v -0.524776 4.230553 -2.754220
v -0.863860 4.253031 -2.360625
v -0.524608 4.231281 -2.754116
v -0.863692 4.253759 -2.360522
v -0.524432 4.232006 -2.754007
v -0.863517 4.254484 -2.360412
v -0.524251 4.232728 -2.753891
v -0.863335 4.255207 -2.360297
v -0.524062 4.233449 -2.753770
v -0.863146 4.255927 -2.360175
v -0.523866 4.234165 -2.753642
v -0.862951 4.256644 -2.360048
v -0.523664 4.234879 -2.753509
v -0.862748 4.257358 -2.359915
v -0.523455 4.235590 -2.753370
v -0.862540 4.258069 -2.359775
v -0.523240 4.236298 -2.753224
v -0.862324 4.258776 -2.359630
v -0.523017 4.237002 -2.753073
v -0.862102 4.259480 -2.359479
v -0.522789 4.237703 -2.752916
v -0.861873 4.260182 -2.359322
v -0.522553 4.238401 -2.752753
v -0.861637 4.260879 -2.359159
v -0.522311 4.239095 -2.752584
v -0.861396 4.261573 -2.358990
v -0.522063 4.239785 -2.752409
v -0.861147 4.262263 -2.358815
v -0.521808 4.240471 -2.752229
v -0.860892 4.262949 -2.358635
v -0.521547 4.241154 -2.752043
v -0.860631 4.263632 -2.358449
v -0.521279 4.241832 -2.751851
v -0.860363 4.264310 -2.358257
v -0.521005 4.242506 -2.751654
v -0.860089 4.264984 -2.358059
v -0.520725 4.243176 -2.751451
v -0.859809 4.265654 -2.357856
v -0.520438 4.243841 -2.751242
v -0.859523 4.266319 -2.357647
v -0.520146 4.244502 -2.751027
v -0.859230 4.266980 -2.357433
v -0.519847 4.245159 -2.750807
v -0.858931 4.267637 -2.357213
v -0.519542 4.245810 -2.750582
v -0.858626 4.268289 -2.356987
v -0.519231 4.246457 -2.750351
v -0.858315 4.268935 -2.356756
v -0.518914 4.247099 -2.750114
v -0.857998 4.269577 -2.356520
v -0.518591 4.247736 -2.749873
v -0.857675 4.270214 -2.356278
v -0.518262 4.248368 -2.749625
v -0.857347 4.270846 -2.356031
v -0.517927 4.248994 -2.749373
v -0.857012 4.271473 -2.355778
v -0.517587 4.249616 -2.749115
v -0.856671 4.272094 -2.355521
v -0.517241 4.250232 -2.748852
v -0.856325 4.272710 -2.355258
v -0.516889 4.250842 -2.748584
v -0.855973 4.273321 -2.354989
v -0.516531 4.251447 -2.748310
v -0.855616 4.273925 -2.354716
v -0.516168 4.252046 -2.748032
v -0.855253 4.274525 -2.354437
v -0.515800 4.252640 -2.747748
v -0.854884 4.275118 -2.354154
v -0.515425 4.253227 -2.747459
v -0.854510 4.275705 -2.353865
v -0.515046 4.253808 -2.747165
v -0.854130 4.276287 -2.353571
v -0.514661 4.254384 -2.746867
v -0.853746 4.276862 -2.353272
v -0.514271 4.254953 -2.746563
v -0.853355 4.277431 -2.352969
v -0.513876 4.255517 -2.746255
v -0.852960 4.277995 -2.352660
v -0.513475 4.256073 -2.745941
v -0.852560 4.278552 -2.352347
v -0.513070 4.256624 -2.745624
v -0.852154 4.279102 -2.352029
v -0.512659 4.257167 -2.745301
v -0.851743 4.279645 -2.351707
v -0.512243 4.257705 -2.744973
v -0.851328 4.280183 -2.351379
v -0.511823 4.258235 -2.744642
v -0.850907 4.280714 -2.351047
v -0.511398 4.258759 -2.744305
v -0.850482 4.281237 -2.350711
v -0.510967 4.259276 -2.743964
v -0.850052 4.281754 -2.350370
v -0.510533 4.259786 -2.743618
v -0.849617 4.282264 -2.350024
v -0.510093 4.260289 -2.743269
v -0.849178 4.282767 -2.349674
v -0.509649 4.260785 -2.742914
v -0.848734 4.283263 -2.349320
v -0.509201 4.261274 -2.742556
v -0.848285 4.283752 -2.348962
v -0.508748 4.261755 -2.742193
v -0.847832 4.284234 -2.348599
v -0.508291 4.262229 -2.741827
v -0.847375 4.284708 -2.348232
v -0.507829 4.262696 -2.741456
v -0.846914 4.285174 -2.347861
v -0.507364 4.263155 -2.741081
v -0.846448 4.285634 -2.347486
v -0.506894 4.263608 -2.740702
v -0.845978 4.286086 -2.347107
v -0.506420 4.264051 -2.740319
v -0.845504 4.286530 -2.346725
v -0.505942 4.264488 -2.739932
v -0.845026 4.286966 -2.346338
v -0.505460 4.264917 -2.739542
v -0.844545 4.287395 -2.345947
v -0.504975 4.265338 -2.739147
v -0.844059 4.287816 -2.345553
v -0.504485 4.265751 -2.738749
v -0.843570 4.288229 -2.345155
v -0.503992 4.266156 -2.738348
v -0.843077 4.288634 -2.344753
v -0.503496 4.266553 -2.737942
v -0.842580 4.289031 -2.344348
v -0.502995 4.266942 -2.737534
v -0.842080 4.289420 -2.343940
v -0.502492 4.267323 -2.737122
v -0.841576 4.289801 -2.343527
v -0.501985 4.267696 -2.736706
v -0.841069 4.290174 -2.343112
v -0.501475 4.268060 -2.736288
v -0.840559 4.290538 -2.342693
v -0.500961 4.268416 -2.735866
v -0.840046 4.290895 -2.342271
v -0.500445 4.268764 -2.735440
v -0.839529 4.291242 -2.341846
v -0.499925 4.269104 -2.735012
v -0.839010 4.291582 -2.341418
v -0.499403 4.269434 -2.734581
v -0.838487 4.291913 -2.340987
v -0.498877 4.269757 -2.734147
v -0.837962 4.292235 -2.340552
v -0.498349 4.270070 -2.733710
v -0.837433 4.292549 -2.340115
v -0.497818 4.270375 -2.733270
v -0.836903 4.292854 -2.339675
v -0.497285 4.270672 -2.732827
v -0.836369 4.293150 -2.339233
v -0.496749 4.270959 -2.732382
v -0.835833 4.293438 -2.338787
v -0.496210 4.271238 -2.731934
v -0.835295 4.293717 -2.338339
v -0.495669 4.271509 -2.731483
v -0.834754 4.293987 -2.337889
v -0.495126 4.271770 -2.731030
v -0.834211 4.294248 -2.337436
v -0.494581 4.272022 -2.730575
v -0.833665 4.294500 -2.336980
v -0.494033 4.272266 -2.730117
v -0.833118 4.294744 -2.336523
v -0.493484 4.272500 -2.729657
v -0.832568 4.294979 -2.336063
v -0.492932 4.272726 -2.729195
v -0.832017 4.295204 -2.335600
v -0.492379 4.272942 -2.728730
v -0.831464 4.295420 -2.335136
v -0.491824 4.273149 -2.728264
v -0.830909 4.295628 -2.334670
v -0.491268 4.273347 -2.727796
v -0.830352 4.295826 -2.334202
v -0.490709 4.273537 -2.727326
v -0.829794 4.296015 -2.333731
v -0.490149 4.273716 -2.726854
v -0.829234 4.296195 -2.333259
v -0.489588 4.273887 -2.726380
v -0.828673 4.296365 -2.332786
v -0.489026 4.274049 -2.725905
v -0.828110 4.296527 -2.332310
v -0.488462 4.274201 -2.725428
v -0.827546 4.296679 -2.331833
v -0.487897 4.274343 -2.724949
v -0.826981 4.296822 -2.331355
v -0.487331 4.274477 -2.724469
v -0.826416 4.296956 -2.330875
v -0.486764 4.274601 -2.723988
v -0.825849 4.297080 -2.330394
v -0.486196 4.274716 -2.723505
v -0.825281 4.297194 -2.329911
v -0.485628 4.274822 -2.723022
v -0.824712 4.297300 -2.329427
v -0.485059 4.274918 -2.722537
v -0.824143 4.297396 -2.328942
v -0.484489 4.275005 -2.722051
v -0.823573 4.297483 -2.328456
v -0.483918 4.275082 -2.721564
v -0.823003 4.297561 -2.327969
v -0.483348 4.275150 -2.721076
v -0.822432 4.297628 -2.327482
v -0.482776 4.275208 -2.720587
v -0.821861 4.297687 -2.326993
v -0.482205 4.275258 -2.720098
v -0.821289 4.297736 -2.326503
v -0.481633 4.275297 -2.719607
v -0.820718 4.297776 -2.326013
v -0.481062 4.275328 -2.719117
v -0.820146 4.297806 -2.325522
v -0.480490 4.275348 -2.718626
v -0.819575 4.297826 -2.325031
v -0.479919 4.275360 -2.718134
v -0.819003 4.297838 -2.324539
v -0.479347 4.275361 -2.717642
v -0.818432 4.297840 -2.324047
v -0.478776 4.275353 -2.717149
v -0.817861 4.297832 -2.323555
v -0.478206 4.275336 -2.716657
v -0.817290 4.297815 -2.323062
v -0.477636 4.275310 -2.716164
v -0.816720 4.297788 -2.322570
v -0.477066 4.275274 -2.715671
v -0.816151 4.297752 -2.322077
v -0.476497 4.275228 -2.715179
v -0.815582 4.297707 -2.321584
v -0.475929 4.275173 -2.714686
v -0.815014 4.297651 -2.321092
v -0.475362 4.275109 -2.714194
v -0.814446 4.297587 -2.320599
v -0.474795 4.275035 -2.713701
v -0.813880 4.297513 -2.320107
v -0.474230 4.274952 -2.713210
v -0.813314 4.297430 -2.319615
v -0.473666 4.274859 -2.712718
v -0.812750 4.297337 -2.319124
v -0.473103 4.274757 -2.712227
v -0.812187 4.297235 -2.318633
v -0.472541 4.274646 -2.711737
v -0.811625 4.297124 -2.318143
v -0.471980 4.274525 -2.711247
v -0.811065 4.297003 -2.317653
v -0.471421 4.274395 -2.710758
v -0.810506 4.296873 -2.317164
v -0.470864 4.274255 -2.710270
v -0.809948 4.296733 -2.316676
v -0.470308 4.274107 -2.709783
v -0.809393 4.296585 -2.316188
v -0.469754 4.273949 -2.709296
v -0.808839 4.296427 -2.315702
v -0.469202 4.273781 -2.708811
v -0.808286 4.296260 -2.315217
v -0.468652 4.273605 -2.708327
v -0.807736 4.296083 -2.314733
v -0.468103 4.273419 -2.707844
v -0.807188 4.295897 -2.314250
v -0.467557 4.273225 -2.707362
v -0.806641 4.295703 -2.313768
v -0.467013 4.273021 -2.706882
v -0.806097 4.295499 -2.313287
v -0.466471 4.272808 -2.706403
v -0.805555 4.295286 -2.312808
v -0.465931 4.272586 -2.705925
v -0.805016 4.295064 -2.312331
v -0.465394 4.272355 -2.705449
v -0.804479 4.294833 -2.311855
v -0.464859 4.272115 -2.704975
v -0.803944 4.294593 -2.311380
v -0.464327 4.271865 -2.704502
v -0.803412 4.294344 -2.310908
v -0.463798 4.271607 -2.704031
v -0.802882 4.294086 -2.310437
v -0.463271 4.271341 -2.703562
v -0.802356 4.293819 -2.309968
v -0.462747 4.271065 -2.703095
v -0.801832 4.293543 -2.309501
v -0.462227 4.270781 -2.702630
v -0.801311 4.293259 -2.309036
v -0.461709 4.270487 -2.702168
v -0.800793 4.292966 -2.308573
v -0.461194 4.270185 -2.701707
v -0.800278 4.292664 -2.308112
v -0.460682 4.269875 -2.701248
v -0.799767 4.292353 -2.307654
v -0.460174 4.269556 -2.700792
v -0.799258 4.292034 -2.307198
v -0.459669 4.269228 -2.700338
v -0.798753 4.291707 -2.306744
v -0.459167 4.268892 -2.699887
v -0.798251 4.291370 -2.306292
v -0.458669 4.268548 -2.699438
v -0.797753 4.291026 -2.305843
v -0.458174 4.268195 -2.698992
v -0.797258 4.290673 -2.305397
v -0.457683 4.267833 -2.698548
v -0.796767 4.290311 -2.304954
v -0.457196 4.267464 -2.698107
v -0.796280 4.289942 -2.304513
v -0.456712 4.267086 -2.697669
v -0.795797 4.289564 -2.304074
v -0.456233 4.266700 -2.697233
v -0.795317 4.289178 -2.303639
v -0.455757 4.266305 -2.696801
v -0.794841 4.288784 -2.303207
v -0.455285 4.265903 -2.696372
v -0.794370 4.288382 -2.302778
v -0.454818 4.265493 -2.695946
v -0.793902 4.287971 -2.302351
v -0.454354 4.265075 -2.695523
v -0.793439 4.287554 -2.301928
v -0.453895 4.264649 -2.695103
v -0.792980 4.287128 -2.301508
v -0.453440 4.264216 -2.694686
v -0.792525 4.286694 -2.301092
v -0.452990 4.263775 -2.694273
v -0.792074 4.286253 -2.300678
v -0.452544 4.263326 -2.693863
v -0.791628 4.285804 -2.300269
v -0.452102 4.262869 -2.693456
v -0.791187 4.285347 -2.299862
v -0.451666 4.262405 -2.693054
v -0.790750 4.284883 -2.299459
v -0.451233 4.261934 -2.692654
v -0.790318 4.284412 -2.299060
v -0.450806 4.261455 -2.692259
v -0.789890 4.283933 -2.298664
v -0.450383 4.260969 -2.691867
v -0.789468 4.283447 -2.298272
v -0.449965 4.260476 -2.691479
v -0.789050 4.282954 -2.297884
v -0.449552 4.259975 -2.691094
v -0.788637 4.282454 -2.297500
v -0.449145 4.259468 -2.690714
v -0.788229 4.281946 -2.297120
v -0.448742 4.258954 -2.690338
v -0.787826 4.281432 -2.296743
v -0.448344 4.258432 -2.689965
v -0.787428 4.280910 -2.296371
v -0.447952 4.257904 -2.689597
v -0.787036 4.280383 -2.296003
v -0.447564 4.257370 -2.689233
v -0.786649 4.279848 -2.295639
v -0.447183 4.256828 -2.688873
v -0.786267 4.279306 -2.295279
v -0.446806 4.256280 -2.688517
v -0.785890 4.278759 -2.294923
v -0.446435 4.255726 -2.688166
v -0.785519 4.278204 -2.294572
v -0.446069 4.255165 -2.687819
v -0.785154 4.277643 -2.294225
v -0.445709 4.254598 -2.687476
v -0.784794 4.277076 -2.293882
v -0.445355 4.254025 -2.687138
v -0.784439 4.276503 -2.293544
v -0.445006 4.253446 -2.686805
v -0.784090 4.275924 -2.293210
v -0.444663 4.252861 -2.686476
v -0.783747 4.275339 -2.292881
v -0.444326 4.252269 -2.686151
v -0.783410 4.274747 -2.292557
v -0.443994 4.251672 -2.685832
v -0.783078 4.274150 -2.292237
v -0.443669 4.251070 -2.685517
v -0.782753 4.273548 -2.291922
v -0.443349 4.250461 -2.685207
v -0.782433 4.272939 -2.291612
v -0.443035 4.249847 -2.684901
v -0.782120 4.272326 -2.291307
v -0.442728 4.249228 -2.684601
v -0.781812 4.271706 -2.291007
v -0.442426 4.248603 -2.684305
v -0.781510 4.271081 -2.290711
v -0.442130 4.247973 -2.684015
v -0.781215 4.270452 -2.290421
v -0.441841 4.247338 -2.683729
v -0.780926 4.269816 -2.290135
v -0.441558 4.246698 -2.683449
v -0.780643 4.269176 -2.289855
v -0.441281 4.246053 -2.683174
v -0.780366 4.268531 -2.289579
v -0.441011 4.245403 -2.682904
v -0.780095 4.267881 -2.289309
v -0.440747 4.244749 -2.682639
v -0.779831 4.267227 -2.289044
v -0.440489 4.244090 -2.682379
v -0.779573 4.266568 -2.288785
v -0.440238 4.243426 -2.682125
v -0.779322 4.265904 -2.288530
v -0.439993 4.242757 -2.681875
v -0.779077 4.265235 -2.288281
v -0.439754 4.242085 -2.681632
v -0.778839 4.264563 -2.288037
v -0.439523 4.241408 -2.681393
v -0.778607 4.263886 -2.287799
v -0.439297 4.240727 -2.681160
v -0.778382 4.263206 -2.287566
v -0.439079 4.240043 -2.680933
v -0.778163 4.262521 -2.287339
v -0.438867 4.239354 -2.680711
v -0.777951 4.261832 -2.287117
v -0.438662 4.238661 -2.680495
v -0.777746 4.261139 -2.286900
v -0.438463 4.237965 -2.680284
v -0.777548 4.260443 -2.286690
v -0.438271 4.237266 -2.680079
v -0.777356 4.259744 -2.286484
v -0.438086 4.236562 -2.679879
v -0.777171 4.259040 -2.286285
v -0.437908 4.235856 -2.679685
v -0.776993 4.258334 -2.286091
v -0.437737 4.235146 -2.679497
v -0.776821 4.257624 -2.285903
v -0.437572 4.234433 -2.679315
v -0.776657 4.256911 -2.285721
v -0.437415 4.233717 -2.679138
v -0.776499 4.256196 -2.285544
v -0.437264 4.232999 -2.678967
v -0.776349 4.255477 -2.285373
v -0.437120 4.232277 -2.678802
v -0.776205 4.254755 -2.285208
v -0.436984 4.231553 -2.678643
v -0.776068 4.254031 -2.285049
v -0.436854 4.230826 -2.678490
v -0.775938 4.253304 -2.284895
v -0.436731 4.230097 -2.678342
v -0.775816 4.252575 -2.284748
v -0.436615 4.229365 -2.678201
v -0.775700 4.251844 -2.284607
v -0.436507 4.228632 -2.678065
v -0.775591 4.251110 -2.284471
v -0.436405 4.227896 -2.677936
v -0.775489 4.250374 -2.284341
v -0.436310 4.227159 -2.677812
v -0.775395 4.249637 -2.284218
v -0.436223 4.226418 -2.677695
v -0.775307 4.248897 -2.284100
v -0.436143 4.225677 -2.677583
v -0.775227 4.248156 -2.283989
v -0.436069 4.224935 -2.677478
v -0.775154 4.247413 -2.283883
v -0.436003 4.224190 -2.677378
v -0.775088 4.246668 -2.283784
v -0.435944 4.223444 -2.677285
v -0.775029 4.245923 -2.283690
v -0.435892 4.222697 -2.677197
v -0.774977 4.245175 -2.283603
v -0.435848 4.221949 -2.677116
v -0.774932 4.244427 -2.283522
v -0.435810 4.221200 -2.677041
v -0.774895 4.243678 -2.283447
v -0.435780 4.220449 -2.676972
v -0.774864 4.242928 -2.283378
v -0.435757 4.219698 -2.676909
v -0.774841 4.242177 -2.283315
v -0.435741 4.218946 -2.676852
v -0.774825 4.241425 -2.283258
v -0.435732 4.218194 -2.676802
v -0.774816 4.240673 -2.283208
v -0.435730 4.217442 -2.676758
v -0.774815 4.239920 -2.283163
v -0.435736 4.216689 -2.676719
v -0.774820 4.239167 -2.283125
v -0.435749 4.215936 -2.676687
v -0.774833 4.238414 -2.283093
v -0.435769 4.215182 -2.676661
v -0.774853 4.237660 -2.283067
v -0.435796 4.214429 -2.676642
v -0.774880 4.236907 -2.283047
v -0.435830 4.213676 -2.676628
v -0.774914 4.236154 -2.283034
v -0.435871 4.212923 -2.676621
v -0.774956 4.235401 -2.283027
v -0.435920 4.212171 -2.676620
v -0.775005 4.234649 -2.283026
v -0.435976 4.211419 -2.676625
v -0.775060 4.233897 -2.283031
v -0.436039 4.210668 -2.676636
v -0.775123 4.233146 -2.283042
v -0.436109 4.209917 -2.676654
v -0.775193 4.232395 -2.283059
v -0.436186 4.209167 -2.676677
v -0.775270 4.231646 -2.283083
v -0.436270 4.208419 -2.676707
v -0.775355 4.230897 -2.283113
v -0.436362 4.207671 -2.676743
v -0.775446 4.230149 -2.283149
v -0.436460 4.206925 -2.676785
v -0.775544 4.229403 -2.283191
v -0.436566 4.206180 -2.676834
v -0.775650 4.228658 -2.283240
v -0.436678 4.205436 -2.676888
v -0.775763 4.227914 -2.283294
v -0.436798 4.204694 -2.676949
v -0.775882 4.227173 -2.283355
v -0.436924 4.203954 -2.677016
v -0.776009 4.226432 -2.283422
vn 0.7349 -0.2095 0.6451
vn 0.7325 -0.2218 0.6437
vn 0.7299 -0.2340 0.6422
vn 0.7273 -0.2462 0.6406
vn 0.7246 -0.2583 0.6390
vn 0.7217 -0.2704 0.6372
vn 0.7187 -0.2825 0.6353
vn 0.7156 -0.2945 0.6333
vn 0.7124 -0.3065 0.6313
vn 0.7091 -0.3184 0.6291
vn 0.7057 -0.3303 0.6268
vn 0.7022 -0.3421 0.6245
vn 0.6985 -0.3539 0.6220
vn 0.6947 -0.3656 0.6194
vn 0.6909 -0.3772 0.6167
vn 0.6869 -0.3888 0.6140
vn 0.6828 -0.4004 0.6111
vn 0.6786 -0.4118 0.6082
vn 0.6743 -0.4233 0.6051
vn 0.6699 -0.4346 0.6020
vn 0.6654 -0.4459 0.5987
vn 0.6608 -0.4571 0.5954
vn 0.6561 -0.4682 0.5919
vn 0.6512 -0.4792 0.5884
vn 0.6463 -0.4902 0.5848
vn 0.6413 -0.5011 0.5811
vn 0.6361 -0.5119 0.5773
vn 0.6309 -0.5227 0.5734
vn 0.6256 -0.5333 0.5694
vn 0.6201 -0.5439 0.5653
vn 0.6146 -0.5544 0.5612
vn 0.6090 -0.5648 0.5569
vn 0.6033 -0.5751 0.5526
vn 0.5974 -0.5853 0.5481
vn 0.5915 -0.5955 0.5436
vn 0.5855 -0.6055 0.5390
vn 0.5794 -0.6154 0.5343
vn 0.5732 -0.6253 0.5296
vn 0.5670 -0.6350 0.5247
vn 0.5606 -0.6447 0.5198
vn 0.5541 -0.6542 0.5147
vn 0.5476 -0.6636 0.5096
vn 0.5410 -0.6730 0.5045
vn 0.5342 -0.6822 0.4992
vn 0.5274 -0.6913 0.4939
vn 0.5205 -0.7003 0.4884
vn 0.5136 -0.7092 0.4830
vn 0.5065 -0.7180 0.4774
vn 0.4994 -0.7267 0.4717
vn 0.4922 -0.7352 0.4660
vn 0.4849 -0.7437 0.4602
vn 0.4776 -0.7520 0.4544
vn 0.4701 -0.7602 0.4484
vn 0.4626 -0.7683 0.4424
vn 0.4550 -0.7763 0.4363
vn 0.4474 -0.7841 0.4302
vn 0.4396 -0.7918 0.4240
vn 0.4318 -0.7994 0.4177
vn 0.4240 -0.8069 0.4113
vn 0.4160 -0.8142 0.4049
vn 0.4080 -0.8214 0.3984
vn 0.4000 -0.8285 0.3919
vn 0.3919 -0.8355 0.3853
vn 0.3837 -0.8423 0.3786
vn 0.3754 -0.8490 0.3719
vn 0.3671 -0.8555 0.3651
vn 0.3588 -0.8619 0.3583
vn 0.3503 -0.8682 0.3514
vn 0.3419 -0.8744 0.3444
vn 0.3333 -0.8804 0.3374
vn 0.3247 -0.8862 0.3304
vn 0.3161 -0.8919 0.3233
vn 0.3074 -0.8975 0.3161
vn 0.2987 -0.9030 0.3089
vn 0.2899 -0.9083 0.3016
vn 0.2811 -0.9134 0.2943
vn 0.2722 -0.9184 0.2870
vn 0.2633 -0.9233 0.2796
vn 0.2543 -0.9280 0.2721
vn 0.2454 -0.9326 0.2646
vn 0.2363 -0.9370 0.2571
vn 0.2272 -0.9413 0.2495
vn 0.2181 -0.9455 0.2419
vn 0.2090 -0.9494 0.2343
vn 0.1998 -0.9533 0.2266
vn 0.1906 -0.9570 0.2189
vn 0.1814 -0.9605 0.2111
vn 0.1721 -0.9639 0.2033
vn 0.1628 -0.9671 0.1955
vn 0.1535 -0.9702 0.1877
vn 0.1442 -0.9731 0.1798
vn 0.1348 -0.9759 0.1719
vn 0.1254 -0.9785 0.1639
vn 0.1160 -0.9809 0.1560
vn 0.1066 -0.9832 0.1480
vn 0.0972 -0.9854 0.1400
vn 0.0877 -0.9874 0.1319
vn 0.0782 -0.9892 0.1239
vn 0.0687 -0.9909 0.1158
vn 0.0592 -0.9924 0.1077
vn 0.0497 -0.9938 0.0996
vn 0.0402 -0.9950 0.0915
vn 0.0307 -0.9960 0.0833
vn 0.0212 -0.9969 0.0752
vn 0.0117 -0.9977 0.0670
vn 0.0021 -0.9983 0.0589
vn -0.0074 -0.9987 0.0507
vn -0.0169 -0.9990 0.0425
vn -0.0264 -0.9991 0.0343
vn -0.0360 -0.9990 0.0261
vn -0.0455 -0.9988 0.0179
vn -0.0550 -0.9984 0.0097
vn -0.0645 -0.9979 0.0015
vn -0.0740 -0.9972 -0.0068
vn -0.0834 -0.9964 -0.0150
vn -0.0929 -0.9954 -0.0232
vn -0.1023 -0.9943 -0.0314
vn -0.1118 -0.9929 -0.0396
vn -0.1212 -0.9915 -0.0478
vn -0.1306 -0.9899 -0.0560
vn -0.1400 -0.9881 -0.0641
vn -0.1493 -0.9861 -0.0723
vn -0.1586 -0.9841 -0.0805
vn -0.1679 -0.9818 -0.0886
vn -0.1772 -0.9794 -0.0967
vn -0.1865 -0.9769 -0.1049
vn -0.1957 -0.9741 -0.1129
vn -0.2049 -0.9713 -0.1210
vn -0.2140 -0.9683 -0.1291
vn -0.2232 -0.9651 -0.1371
vn -0.2322 -0.9618 -0.1451
vn -0.2413 -0.9583 -0.1531
vn -0.2503 -0.9547 -0.1611
vn -0.2593 -0.9509 -0.1691
vn -0.2682 -0.9470 -0.1770
vn -0.2771 -0.9429 -0.1849
vn -0.2859 -0.9387 -0.1927
vn -0.2947 -0.9343 -0.2006
vn -0.3035 -0.9298 -0.2084
vn -0.3122 -0.9251 -0.2161
vn -0.3209 -0.9203 -0.2239
vn -0.3295 -0.9153 -0.2316
vn -0.3380 -0.9102 -0.2392
vn -0.3465 -0.9050 -0.2468
vn -0.3550 -0.8996 -0.2544
vn -0.3634 -0.8941 -0.2620
vn -0.3717 -0.8884 -0.2695
vn -0.3800 -0.8826 -0.2769
vn -0.3882 -0.8766 -0.2844
vn -0.3963 -0.8705 -0.2917
vn -0.4044 -0.8643 -0.2991
vn -0.4125 -0.8579 -0.3063
vn -0.4204 -0.8514 -0.3136
vn -0.4283 -0.8448 -0.3207
vn -0.4361 -0.8380 -0.3279
vn -0.4439 -0.8311 -0.3349
vn -0.4516 -0.8241 -0.3420
vn -0.4592 -0.8169 -0.3489
vn -0.4667 -0.8096 -0.3559
vn -0.4742 -0.8022 -0.3627
vn -0.4816 -0.7947 -0.3695
vn -0.4889 -0.7870 -0.3763
vn -0.4962 -0.7792 -0.3830
vn -0.5033 -0.7713 -0.3896
vn -0.5104 -0.7633 -0.3961
vn -0.5174 -0.7551 -0.4026
vn -0.5243 -0.7468 -0.4091
vn -0.5312 -0.7384 -0.4154
vn -0.5379 -0.7299 -0.4218
vn -0.5446 -0.7213 -0.4280
vn -0.5512 -0.7125 -0.4342
vn -0.5577 -0.7037 -0.4403
vn -0.5641 -0.6947 -0.4463
vn -0.5704 -0.6856 -0.4523
vn -0.5767 -0.6764 -0.4582
vn -0.5828 -0.6671 -0.4640
vn -0.5888 -0.6577 -0.4697
vn -0.5948 -0.6482 -0.4754
vn -0.6007 -0.6386 -0.4810
vn -0.6064 -0.6289 -0.4865
vn -0.6121 -0.6191 -0.4920
vn -0.6177 -0.6092 -0.4973
vn -0.6231 -0.5992 -0.5026
vn -0.6285 -0.5891 -0.5078
vn -0.6338 -0.5790 -0.5130
vn -0.6390 -0.5687 -0.5180
vn -0.6440 -0.5583 -0.5230
vn -0.6490 -0.5479 -0.5279
vn -0.6539 -0.5373 -0.5327
vn -0.6587 -0.5267 -0.5374
vn -0.6633 -0.5160 -0.5420
vn -0.6679 -0.5052 -0.5465
vn -0.6723 -0.4943 -0.5510
vn -0.6767 -0.4834 -0.5554
vn -0.6809 -0.4723 -0.5597
vn -0.6851 -0.4612 -0.5639
vn -0.6891 -0.4501 -0.5680
vn -0.6930 -0.4388 -0.5720
vn -0.6968 -0.4275 -0.5759
vn -0.7005 -0.4161 -0.5797
vn -0.7041 -0.4047 -0.5835
vn -0.7076 -0.3932 -0.5871
vn -0.7110 -0.3816 -0.5907
vn -0.7142 -0.3700 -0.5942
vn -0.7173 -0.3583 -0.5975
vn -0.7204 -0.3465 -0.6008
vn -0.7233 -0.3347 -0.6040
vn -0.7261 -0.3229 -0.6071
vn -0.7288 -0.3110 -0.6101
vn -0.7313 -0.2990 -0.6130
vn -0.7338 -0.2870 -0.6158
vn -0.7361 -0.2750 -0.6185
vn -0.7383 -0.2629 -0.6211
vn -0.7405 -0.2507 -0.6236
vn -0.7424 -0.2386 -0.6260
vn -0.7443 -0.2264 -0.6283
vn -0.7461 -0.2141 -0.6305
vn -0.7477 -0.2018 -0.6326
vn -0.7492 -0.1895 -0.6346
vn -0.7506 -0.1772 -0.6365
vn -0.7519 -0.1648 -0.6384
vn -0.7531 -0.1524 -0.6401
vn -0.7541 -0.1400 -0.6417
vn -0.7550 -0.1276 -0.6432
vn -0.7558 -0.1151 -0.6446
vn -0.7565 -0.1026 -0.6459
vn -0.7571 -0.0901 -0.6471
vn -0.7575 -0.0776 -0.6482
vn -0.7578 -0.0651 -0.6492
vn -0.7581 -0.0525 -0.6501
vn -0.7581 -0.0400 -0.6509
vn -0.7581 -0.0275 -0.6515
vn -0.7580 -0.0149 -0.6521
vn -0.7577 -0.0024 -0.6526
vn -0.7573 0.0102 -0.6530
vn -0.7568 0.0228 -0.6533
vn -0.7562 0.0353 -0.6534
vn -0.7554 0.0478 -0.6535
vn -0.7545 0.0604 -0.6535
vn -0.7535 0.0729 -0.6533
vn -0.7524 0.0854 -0.6531
vn -0.7512 0.0979 -0.6528
vn -0.7499 0.1104 -0.6523
vn -0.7484 0.1229 -0.6518
vn -0.7468 0.1353 -0.6511
vn -0.7451 0.1478 -0.6504
vn -0.7433 0.1602 -0.6495
vn -0.7414 0.1725 -0.6485
vn -0.7393 0.1849 -0.6475
vn -0.7371 0.1972 -0.6463
vn -0.7349 0.2095 -0.6451
vn -0.7325 0.2218 -0.6437
vn -0.7299 0.2340 -0.6422
vn -0.7273 0.2462 -0.6406
vn -0.7246 0.2583 -0.6390
vn -0.7217 0.2704 -0.6372
vn -0.7187 0.2825 -0.6353
vn -0.7156 0.2945 -0.6333
vn -0.7124 0.3065 -0.6313
vn -0.7091 0.3184 -0.6291
vn -0.7057 0.3303 -0.6268
vn -0.7022 0.3421 -0.6245
vn -0.6985 0.3539 -0.6220
vn -0.6947 0.3656 -0.6194
vn -0.6909 0.3772 -0.6167
vn -0.6869 0.3888 -0.6140
vn -0.6828 0.4004 -0.6111
vn -0.6786 0.4118 -0.6082
vn -0.6743 0.4233 -0.6051
vn -0.6699 0.4346 -0.6020
vn -0.6654 0.4459 -0.5987
vn -0.6608 0.4571 -0.5954
vn -0.6561 0.4682 -0.5919
vn -0.6512 0.4792 -0.5884
vn -0.6463 0.4902 -0.5848
vn -0.6413 0.5011 -0.5811
vn -0.6361 0.5119 -0.5773
vn -0.6309 0.5227 -0.5734
vn -0.6256 0.5333 -0.5694
vn -0.6201 0.5439 -0.5653
vn -0.6146 0.5544 -0.5612
vn -0.6090 0.5648 -0.5569
vn -0.6033 0.5751 -0.5526
vn -0.5974 0.5853 -0.5481
vn -0.5915 0.5955 -0.5436
vn -0.5855 0.6055 -0.5390
vn -0.5794 0.6154 -0.5343
vn -0.5732 0.6253 -0.5296
vn -0.5670 0.6350 -0.5247
vn -0.5606 0.6447 -0.5198
vn -0.5541 0.6542 -0.5147
vn -0.5476 0.6636 -0.5096
vn -0.5410 0.6730 -0.5045
vn -0.5342 0.6822 -0.4992
vn -0.5274 0.6913 -0.4939
vn -0.5205 0.7003 -0.4884
vn -0.5136 0.7092 -0.4830
vn -0.5065 0.7180 -0.4774
vn -0.4994 0.7267 -0.4717
vn -0.4922 0.7352 -0.4660
vn -0.4849 0.7437 -0.4602
vn -0.4776 0.7520 -0.4544
vn -0.4701 0.7602 -0.4484
vn -0.4626 0.7683 -0.4424
vn -0.4550 0.7763 -0.4363
vn -0.4474 0.7841 -0.4302
vn -0.4396 0.7918 -0.4240
vn -0.4318 0.7994 -0.4177
vn -0.4240 0.8069 -0.4113
vn -0.4160 0.8142 -0.4049
vn -0.4080 0.8214 -0.3984
vn -0.4000 0.8285 -0.3919
vn -0.3919 0.8355 -0.3853
vn -0.3837 0.8423 -0.3786
vn -0.3754 0.8490 -0.3719
vn -0.3671 0.8555 -0.3651
vn -0.3588 0.8619 -0.3583
vn -0.3503 0.8682 -0.3514
vn -0.3419 0.8744 -0.3444
vn -0.3333 0.8804 -0.3374
vn -0.3247 0.8862 -0.3304
vn -0.3161 0.8919 -0.3233
vn -0.3074 0.8975 -0.3161
vn -0.2987 0.9030 -0.3089
vn -0.2899 0.9083 -0.3016
vn -0.2811 0.9134 -0.2943
vn -0.2722 0.9184 -0.2870
vn -0.2633 0.9233 -0.2796
vn -0.2543 0.9280 -0.2721
vn -0.2454 0.9326 -0.2646
vn -0.2363 0.9370 -0.2571
vn -0.2272 0.9413 -0.2495
vn -0.2181 0.9455 -0.2419
vn -0.2090 0.9494 -0.2343
vn -0.1998 0.9533 -0.2266
vn -0.1906 0.9570 -0.2189
vn -0.1814 0.9605 -0.2111
vn -0.1721 0.9639 -0.2033
vn -0.1628 0.9671 -0.1955
vn -0.1535 0.9702 -0.1877
vn -0.1442 0.9731 -0.1798
vn -0.1348 0.9759 -0.1719
vn -0.1254 0.9785 -0.1639
vn -0.1160 0.9809 -0.1560
vn -0.1066 0.9832 -0.1480
vn -0.0972 0.9854 -0.1400
vn -0.0877 0.9874 -0.1319
vn -0.0782 0.9892 -0.1239
vn -0.0687 0.9909 -0.1158
vn -0.0592 0.9924 -0.1077
vn -0.0497 0.9938 -0.0996
vn -0.0402 0.9950 -0.0915
vn -0.0307 0.9960 -0.0833
vn -0.0212 0.9969 -0.0752
vn -0.0117 0.9977 -0.0670
vn -0.0021 0.9983 -0.0589
vn 0.0074 0.9987 -0.0507
vn 0.0169 0.9990 -0.0425
vn 0.0264 0.9991 -0.0343
vn 0.0360 0.9990 -0.0261
vn 0.0455 0.9988 -0.0179
vn 0.0550 0.9984 -0.0097
vn 0.0645 0.9979 -0.0015
vn 0.0740 0.9972 0.0068
vn 0.0834 0.9964 0.0150
vn 0.0929 0.9954 0.0232
vn 0.1023 0.9943 0.0314
vn 0.1118 0.9929 0.0396
vn 0.1212 0.9915 0.0478
vn 0.1306 0.9899 0.0560
vn 0.1400 0.9881 0.0641
vn 0.1493 0.9861 0.0723
vn 0.1586 0.9841 0.0805
vn 0.1679 0.9818 0.0886
vn 0.1772 0.9794 0.0967
vn 0.1865 0.9769 0.1049
vn 0.1957 0.9741 0.1129
vn 0.2049 0.9713 0.1210
vn 0.2140 0.9683 0.1291
vn 0.2232 0.9651 0.1371
vn 0.2322 0.9618 0.1451
vn 0.2413 0.9583 0.1531
vn 0.2503 0.9547 0.1611
vn 0.2593 0.9509 0.1691
vn 0.2682 0.9470 0.1770
vn 0.2771 0.9429 0.1849
vn 0.2859 0.9387 0.1927
vn 0.2947 0.9343 0.2006
vn 0.3035 0.9298 0.2084
vn 0.3122 0.9251 0.2161
vn 0.3209 0.9203 0.2239
vn 0.3295 0.9153 0.2316
vn 0.3380 0.9102 0.2392
vn 0.3465 0.9050 0.2468
vn 0.3550 0.8996 0.2544
vn 0.3634 0.8941 0.2620
vn 0.3717 0.8884 0.2695
vn 0.3800 0.8826 0.2769
vn 0.3882 0.8766 0.2844
vn 0.3963 0.8705 0.2917
vn 0.4044 0.8643 0.2991
vn 0.4125 0.8579 0.3063
vn 0.4204 0.8514 0.3136
vn 0.4283 0.8448 0.3207
vn 0.4361 0.8380 0.3279
vn 0.4439 0.8311 0.3349
vn 0.4516 0.8241 0.3420
vn 0.4592 0.8169 0.3489
vn 0.4667 0.8096 0.3559
vn 0.4742 0.8022 0.3627
vn 0.4816 0.7947 0.3695
vn 0.4889 0.7870 0.3763
vn 0.4962 0.7792 0.3830
vn 0.5033 0.7713 0.3896
vn 0.5104 0.7633 0.3961
vn 0.5174 0.7551 0.4026
vn 0.5243 0.7468 0.4091
vn 0.5312 0.7384 0.4154
vn 0.5379 0.7299 0.4218
vn 0.5446 0.7213 0.4280
vn 0.5512 0.7125 0.4342
vn 0.5577 0.7037 0.4403
vn 0.5641 0.6947 0.4463
vn 0.5704 0.6856 0.4523
vn 0.5767 0.6764 0.4582
vn 0.5828 0.6671 0.4640
vn 0.5888 0.6577 0.4697
vn 0.5948 0.6482 0.4754
vn 0.6007 0.6386 0.4810
vn 0.6064 0.6289 0.4865
vn 0.6121 0.6191 0.4920
vn 0.6177 0.6092 0.4973
vn 0.6231 0.5992 0.5026
vn 0.6285 0.5891 0.5078
vn 0.6338 0.5790 0.5130
vn 0.6390 0.5687 0.5180
vn 0.6440 0.5583 0.5230
vn 0.6490 0.5479 0.5279
vn 0.6539 0.5373 0.5326
vn 0.6587 0.5267 0.5374
vn 0.6633 0.5160 0.5420
vn 0.6679 0.5052 0.5465
vn 0.6723 0.4943 0.5510
vn 0.6767 0.4834 0.5554
vn 0.6809 0.4723 0.5597
vn 0.6851 0.4612 0.5639
vn 0.6891 0.4501 0.5680
vn 0.6930 0.4388 0.5720
vn 0.6968 0.4275 0.5759
vn 0.7005 0.4161 0.5797
vn 0.7041 0.4047 0.5835
vn 0.7076 0.3932 0.5871
vn 0.7110 0.3816 0.5907
vn 0.7142 0.3700 0.5942
vn 0.7173 0.3583 0.5975
vn 0.7204 0.3465 0.6008
vn 0.7233 0.3347 0.6040
vn 0.7261 0.3229 0.6071
vn 0.7288 0.3110 0.6101
vn 0.7313 0.2990 0.6130
vn 0.7338 0.2870 0.6158
vn 0.7361 0.2750 0.6185
vn 0.7383 0.2629 0.6211
vn 0.7405 0.2507 0.6236
vn 0.7424 0.2386 0.6260
vn 0.7443 0.2264 0.6283
vn 0.7461 0.2141 0.6305
vn 0.7477 0.2018 0.6326
vn 0.7492 0.1895 0.6346
vn 0.7506 0.1772 0.6365
vn 0.7519 0.1648 0.6384
vn 0.7531 0.1524 0.6401
vn 0.7541 0.1400 0.6417
vn 0.7550 0.1276 0.6432
vn 0.7558 0.1151 0.6446
vn 0.7565 0.1026 0.6459
vn 0.7571 0.0901 0.6471
vn 0.7575 0.0776 0.6482
vn 0.7578 0.0651 0.6492
vn 0.7581 0.0525 0.6501
vn 0.7581 0.0400 0.6509
vn 0.7581 0.0275 0.6515
vn 0.7580 0.0149 0.6521
vn 0.7577 0.0024 0.6526
vn 0.7573 -0.0102 0.6530
vn 0.7568 -0.0228 0.6533
vn 0.7562 -0.0353 0.6534
vn 0.7554 -0.0478 0.6535
vn 0.7545 -0.0604 0.6535
vn 0.7535 -0.0729 0.6533
vn 0.7524 -0.0854 0.6531
vn 0.7512 -0.0979 0.6528
vn 0.7499 -0.1104 0.6523
vn 0.7484 -0.1229 0.6518
vn 0.7468 -0.1353 0.6511
vn 0.7451 -0.1478 0.6504
vn 0.7433 -0.1602 0.6495
vn 0.7414 -0.1725 0.6485
vn -0.6521 0.0432 0.7569
vn 0.7393 -0.1849 0.6475
vn 0.7371 -0.1972 0.6463
vn 0.6521 -0.0432 -0.7569
vt 1.000000 0.500000
vt 1.000000 1.000000
vt 0.998000 1.000000
vt 0.998000 0.500000
vt 0.996000 1.000000
vt 0.996000 0.500000
vt 0.994000 1.000000
vt 0.994000 0.500000
vt 0.992000 1.000000
vt 0.992000 0.500000
vt 0.990000 1.000000
vt 0.990000 0.500000
vt 0.988000 1.000000
vt 0.988000 0.500000
vt 0.986000 1.000000
vt 0.986000 0.500000
vt 0.984000 1.000000
vt 0.984000 0.500000
vt 0.982000 1.000000
vt 0.982000 0.500000
vt 0.980000 1.000000
vt 0.980000 0.500000
vt 0.978000 1.000000
vt 0.978000 0.500000
vt 0.976000 1.000000
vt 0.976000 0.500000
vt 0.974000 1.000000
vt 0.974000 0.500000
vt 0.972000 1.000000
vt 0.972000 0.500000
vt 0.970000 1.000000
vt 0.970000 0.500000
vt 0.968000 1.000000
vt 0.968000 0.500000
vt 0.966000 1.000000
vt 0.966000 0.500000
vt 0.964000 1.000000
vt 0.964000 0.500000
vt 0.962000 1.000000
vt 0.962000 0.500000
vt 0.960001 1.000000
vt 0.960001 0.500000
vt 0.958001 1.000000
vt 0.958001 0.500000
vt 0.956001 1.000000
vt 0.956001 0.500000
vt 0.954001 1.000000
vt 0.954001 0.500000
vt 0.952001 1.000000
vt 0.952001 0.500000
vt 0.950001 1.000000
vt 0.950001 0.500000
vt 0.948001 1.000000
vt 0.948001 0.500000
vt 0.946001 1.000000
vt 0.946001 0.500000
vt 0.944001 1.000000
vt 0.944001 0.500000
vt 0.942001 1.000000
vt 0.942001 0.500000
vt 0.940001 1.000000
vt 0.940001 0.500000
vt 0.938001 1.000000
vt 0.938001 0.500000
vt 0.936001 1.000000
vt 0.936001 0.500000
vt 0.934001 1.000000
vt 0.934001 0.500000
vt 0.932001 1.000000
vt 0.932001 0.500000
vt 0.930001 1.000000
vt 0.930001 0.500000
vt 0.928001 1.000000
vt 0.928001 0.500000
vt 0.926001 1.000000
vt 0.926001 0.500000
vt 0.924001 1.000000
vt 0.924001 0.500000
vt 0.922001 1.000000
vt 0.922001 0.500000
vt 0.920001 1.000000
vt 0.920001 0.500000
vt 0.918001 1.000000
vt 0.918001 0.500000
vt 0.916001 1.000000
vt 0.916001 0.500000
vt 0.914001 1.000000
vt 0.914001 0.500000
vt 0.912001 1.000000
vt 0.912001 0.500000
vt 0.910001 1.000000
vt 0.910001 0.500000
vt 0.908001 1.000000
vt 0.908001 0.500000
vt 0.906001 1.000000
vt 0.906001 0.500000
vt 0.904001 1.000000
vt 0.904001 0.500000
vt 0.902001 1.000000
vt 0.902001 0.500000
vt 0.900001 1.000000
vt 0.900001 0.500000
vt 0.898001 1.000000
vt 0.898001 0.500000
vt 0.896001 1.000000
vt 0.896001 0.500000
vt 0.894001 1.000000
vt 0.894001 0.500000
vt 0.892001 1.000000
vt 0.892001 0.500000
vt 0.890001 1.000000
vt 0.890001 0.500000
vt 0.888001 1.000000
vt 0.888001 0.500000
vt 0.886001 1.000000
vt 0.886001 0.500000
vt 0.884001 1.000000
vt 0.884001 0.500000
vt 0.882002 1.000000
vt 0.882002 0.500000
vt 0.880002 1.000000
vt 0.880002 0.500000
vt 0.878002 1.000000
vt 0.878002 0.500000
vt 0.876002 1.000000
vt 0.876002 0.500000
vt 0.874002 1.000000
vt 0.874002 0.500000
vt 0.872002 1.000000
vt 0.872002 0.500000
vt 0.870002 1.000000
vt 0.870002 0.500000
vt 0.868002 1.000000
vt 0.868002 0.500000
vt 0.866002 1.000000
vt 0.866002 0.500000
vt 0.864002 1.000000
vt 0.864002 0.500000
vt 0.862002 1.000000
vt 0.862002 0.500000
vt 0.860002 1.000000
vt 0.860002 0.500000
vt 0.858002 1.000000
vt 0.858002 0.500000
vt 0.856002 1.000000
vt 0.856002 0.500000
vt 0.854002 1.000000
vt 0.854002 0.500000
vt 0.852002 1.000000
vt 0.852002 0.500000
vt 0.850002 1.000000
vt 0.850002 0.500000
vt 0.848002 1.000000
vt 0.848002 0.500000
vt 0.846002 1.000000
vt 0.846002 0.500000
vt 0.844002 1.000000
vt 0.844002 0.500000
vt 0.842002 1.000000
vt 0.842002 0.500000
vt 0.840002 1.000000
vt 0.840002 0.500000
vt 0.838002 1.000000
vt 0.838002 0.500000
vt 0.836002 1.000000
vt 0.836002 0.500000
vt 0.834002 1.000000
vt 0.834002 0.500000
vt 0.832002 1.000000
vt 0.832002 0.500000
vt 0.830002 1.000000
vt 0.830002 0.500000
vt 0.828002 1.000000
vt 0.828002 0.500000
vt 0.826002 1.000000
vt 0.826002 0.500000
vt 0.824002 1.000000
vt 0.824002 0.500000
vt 0.822002 1.000000
vt 0.822002 0.500000
vt 0.820002 1.000000
vt 0.820002 0.500000
vt 0.818002 1.000000
vt 0.818002 0.500000
vt 0.816002 1.000000
vt 0.816002 0.500000
vt 0.814002 1.000000
vt 0.814002 0.500000
vt 0.812002 1.000000
vt 0.812002 0.500000
vt 0.810002 1.000000
vt 0.810002 0.500000
vt 0.808002 1.000000
vt 0.808002 0.500000
vt 0.806002 1.000000
vt 0.806002 0.500000
vt 0.804003 1.000000
vt 0.804003 0.500000
vt 0.802003 1.000000
vt 0.802003 0.500000
vt 0.800003 1.000000
vt 0.800003 0.500000
vt 0.798003 1.000000
vt 0.798003 0.500000
vt 0.796003 1.000000
vt 0.796003 0.500000
vt 0.794003 1.000000
vt 0.794003 0.500000
vt 0.792003 1.000000
vt 0.792003 0.500000
vt 0.790003 1.000000
vt 0.790003 0.500000
vt 0.788003 1.000000
vt 0.788003 0.500000
vt 0.786003 1.000000
vt 0.786003 0.500000
vt 0.784003 1.000000
vt 0.784003 0.500000
vt 0.782003 1.000000
vt 0.782003 0.500000
vt 0.780003 1.000000
vt 0.780003 0.500000
vt 0.778003 1.000000
vt 0.778003 0.500000
vt 0.776003 1.000000
vt 0.776003 0.500000
vt 0.774003 1.000000
vt 0.774003 0.500000
vt 0.772003 1.000000
vt 0.772003 0.500000
vt 0.770003 1.000000
vt 0.770003 0.500000
vt 0.768003 1.000000
vt 0.768003 0.500000
vt 0.766003 1.000000
vt 0.766003 0.500000
vt 0.764003 1.000000
vt 0.764003 0.500000
vt 0.762003 1.000000
vt 0.762003 0.500000
vt 0.760003 1.000000
vt 0.760003 0.500000
vt 0.758003 1.000000
vt 0.758003 0.500000
vt 0.756003 1.000000
vt 0.756003 0.500000
vt 0.754003 1.000000
vt 0.754003 0.500000
vt 0.752003 1.000000
vt 0.752003 0.500000
vt 0.750003 1.000000
vt 0.750003 0.500000
vt 0.748003 1.000000
vt 0.748003 0.500000
vt 0.746003 1.000000
vt 0.746003 0.500000
vt 0.744003 1.000000
vt 0.744003 0.500000
vt 0.742003 1.000000
vt 0.742003 0.500000
vt 0.740003 1.000000
vt 0.740003 0.500000
vt 0.738003 1.000000
vt 0.738003 0.500000
vt 0.736003 1.000000
vt 0.736003 0.500000
vt 0.734003 1.000000
vt 0.734003 0.500000
vt 0.732003 1.000000
vt 0.732003 0.500000
vt 0.730003 1.000000
vt 0.730003 0.500000
vt 0.728004 1.000000
vt 0.728004 0.500000
vt 0.726004 1.000000
vt 0.726004 0.500000
vt 0.724004 1.000000
vt 0.724004 0.500000
vt 0.722004 1.000000
vt 0.722004 0.500000
vt 0.720004 1.000000
vt 0.720004 0.500000
vt 0.718004 1.000000
vt 0.718004 0.500000
vt 0.716004 1.000000
vt 0.716004 0.500000
vt 0.714004 1.000000
vt 0.714004 0.500000
vt 0.712004 1.000000
vt 0.712004 0.500000
vt 0.710004 1.000000
vt 0.710004 0.500000
vt 0.708004 1.000000
vt 0.708004 0.500000
vt 0.706004 1.000000
vt 0.706004 0.500000
vt 0.704004 1.000000
vt 0.704004 0.500000
vt 0.702004 1.000000
vt 0.702004 0.500000
vt 0.700004 1.000000
vt 0.700004 0.500000
vt 0.698004 1.000000
vt 0.698004 0.500000
vt 0.696004 1.000000
vt 0.696004 0.500000
vt 0.694004 1.000000
vt 0.694004 0.500000
vt 0.692004 1.000000
vt 0.692004 0.500000
vt 0.690004 1.000000
vt 0.690004 0.500000
vt 0.688004 1.000000
vt 0.688004 0.500000
vt 0.686004 1.000000
vt 0.686004 0.500000
vt 0.684004 1.000000
vt 0.684004 0.500000
vt 0.682004 1.000000
vt 0.682004 0.500000
vt 0.680004 1.000000
vt 0.680004 0.500000
vt 0.678004 1.000000
vt 0.678004 0.500000
vt 0.676004 1.000000
vt 0.676004 0.500000
vt 0.674004 1.000000
vt 0.674004 0.500000
vt 0.672004 1.000000
vt 0.672004 0.500000
vt 0.670004 1.000000
vt 0.670004 0.500000
vt 0.668004 1.000000
vt 0.668004 0.500000
vt 0.666004 1.000000
vt 0.666004 0.500000
vt 0.664004 1.000000
vt 0.664004 0.500000
vt 0.662004 1.000000
vt 0.662004 0.500000
vt 0.660004 1.000000
vt 0.660004 0.500000
vt 0.658004 1.000000
vt 0.658004 0.500000
vt 0.656004 1.000000
vt 0.656004 0.500000
vt 0.654004 1.000000
vt 0.654004 0.500000
vt 0.652004 1.000000
vt 0.652004 0.500000
vt 0.650005 1.000000
vt 0.650005 0.500000
vt 0.648005 1.000000
vt 0.648005 0.500000
vt 0.646005 1.000000
vt 0.646005 0.500000
vt 0.644005 1.000000
vt 0.644005 0.500000
vt 0.642005 1.000000
vt 0.642005 0.500000
vt 0.640005 1.000000
vt 0.640005 0.500000
vt 0.638005 1.000000
vt 0.638005 0.500000
vt 0.636005 1.000000
vt 0.636005 0.500000
vt 0.634005 1.000000
vt 0.634005 0.500000
vt 0.632005 1.000000
vt 0.632005 0.500000
vt 0.630005 1.000000
vt 0.630005 0.500000
vt 0.628005 1.000000
vt 0.628005 0.500000
vt 0.626005 1.000000
vt 0.626005 0.500000
vt 0.624005 1.000000
vt 0.624005 0.500000
vt 0.622005 1.000000
vt 0.622005 0.500000
vt 0.620005 1.000000
vt 0.620005 0.500000
vt 0.618005 1.000000
vt 0.618005 0.500000
vt 0.616005 1.000000
vt 0.616005 0.500000
vt 0.614005 1.000000
vt 0.614005 0.500000
vt 0.612005 1.000000
vt 0.612005 0.500000
vt 0.610005 1.000000
vt 0.610005 0.500000
vt 0.608005 1.000000
vt 0.608005 0.500000
vt 0.606005 1.000000
vt 0.606005 0.500000
vt 0.604005 1.000000
vt 0.604005 0.500000
vt 0.602005 1.000000
vt 0.602005 0.500000
vt 0.600005 1.000000
vt 0.600005 0.500000
vt 0.598005 1.000000
vt 0.598005 0.500000
vt 0.596005 1.000000
vt 0.596005 0.500000
vt 0.594005 1.000000
vt 0.594005 0.500000
vt 0.592005 1.000000
vt 0.592005 0.500000
vt 0.590005 1.000000
vt 0.590005 0.500000
vt 0.588005 1.000000
vt 0.588005 0.500000
vt 0.586005 1.000000
vt 0.586005 0.500000
vt 0.584005 1.000000
vt 0.584005 0.500000
vt 0.582005 1.000000
vt 0.582005 0.500000
vt 0.580005 1.000000
vt 0.580005 0.500000
vt 0.578005 1.000000
vt 0.578005 0.500000
vt 0.576005 1.000000
vt 0.576005 0.500000
vt 0.574005 1.000000
vt 0.574005 0.500000
vt 0.572006 1.000000
vt 0.572006 0.500000
vt 0.570006 1.000000
vt 0.570006 0.500000
vt 0.568006 1.000000
vt 0.568006 0.500000
vt 0.566006 1.000000
vt 0.566006 0.500000
vt 0.564006 1.000000
vt 0.564006 0.500000
vt 0.562006 1.000000
vt 0.562006 0.500000
vt 0.560006 1.000000
vt 0.560006 0.500000
vt 0.558006 1.000000
vt 0.558006 0.500000
vt 0.556006 1.000000
vt 0.556006 0.500000
vt 0.554006 1.000000
vt 0.554006 0.500000
vt 0.552006 1.000000
vt 0.552006 0.500000
vt 0.550006 1.000000
vt 0.550006 0.500000
vt 0.548006 1.000000
vt 0.548006 0.500000
vt 0.546006 1.000000
vt 0.546006 0.500000
vt 0.544006 1.000000
vt 0.544006 0.500000
vt 0.542006 1.000000
vt 0.542006 0.500000
vt 0.540006 1.000000
vt 0.540006 0.500000
vt 0.538006 1.000000
vt 0.538006 0.500000
vt 0.536006 1.000000
vt 0.536006 0.500000
vt 0.534006 1.000000
vt 0.534006 0.500000
vt 0.532006 1.000000
vt 0.532006 0.500000
vt 0.530006 1.000000
vt 0.530006 0.500000
vt 0.528006 1.000000
vt 0.528006 0.500000
vt 0.526006 1.000000
vt 0.526006 0.500000
vt 0.524006 1.000000
vt 0.524006 0.500000
vt 0.522006 1.000000
vt 0.522006 0.500000
vt 0.520006 1.000000
vt 0.520006 0.500000
vt 0.518006 1.000000
vt 0.518006 0.500000
vt 0.516006 1.000000
vt 0.516006 0.500000
vt 0.514006 1.000000
vt 0.514006 0.500000
vt 0.512006 1.000000
vt 0.512006 0.500000
vt 0.510006 1.000000
vt 0.510006 0.500000
vt 0.508006 1.000000
vt 0.508006 0.500000
vt 0.506006 1.000000
vt 0.506006 0.500000
vt 0.504006 1.000000
vt 0.504006 0.500000
vt 0.502006 1.000000
vt 0.502006 0.500000
vt 0.500006 1.000000
vt 0.500006 0.500000
vt 0.498006 1.000000
vt 0.498006 0.500000
vt 0.496006 1.000000
vt 0.496006 0.500000
vt 0.494006 1.000000
vt 0.494006 0.500000
vt 0.492006 1.000000
vt 0.492006 0.500000
vt 0.490006 1.000000
vt 0.490006 0.500000
vt 0.488006 1.000000
vt 0.488006 0.500000
vt 0.486006 1.000000
vt 0.486006 0.500000
vt 0.484006 1.000000
vt 0.484006 0.500000
vt 0.482006 1.000000
vt 0.482006 0.500000
vt 0.480006 1.000000
vt 0.480006 0.500000
vt 0.478006 1.000000
vt 0.478006 0.500000
vt 0.476006 1.000000
vt 0.476006 0.500000
vt 0.474006 1.000000
vt 0.474006 0.500000
vt 0.472006 1.000000
vt 0.472006 0.500000
vt 0.470006 1.000000
vt 0.470006 0.500000
vt 0.468006 1.000000
vt 0.468006 0.500000
vt 0.466006 1.000000
vt 0.466006 0.500000
vt 0.464006 1.000000
vt 0.464006 0.500000
vt 0.462006 1.000000
vt 0.462006 0.500000
vt 0.460006 1.000000
vt 0.460006 0.500000
vt 0.458006 1.000000
vt 0.458006 0.500000
vt 0.456006 1.000000
vt 0.456006 0.500000
vt 0.454006 1.000000
vt 0.454006 0.500000
vt 0.452006 1.000000
vt 0.452006 0.500000
vt 0.450006 1.000000
vt 0.450006 0.500000
vt 0.448006 1.000000
vt 0.448006 0.500000
vt 0.446006 1.000000
vt 0.446006 0.500000
vt 0.444006 1.000000
vt 0.444006 0.500000
vt 0.442006 1.000000
vt 0.442006 0.500000
vt 0.440006 1.000000
vt 0.440006 0.500000
vt 0.438006 1.000000
vt 0.438006 0.500000
vt 0.436006 1.000000
vt 0.436006 0.500000
vt 0.434006 1.000000
vt 0.434006 0.500000
vt 0.432006 1.000000
vt 0.432006 0.500000
vt 0.430006 1.000000
vt 0.430006 0.500000
vt 0.428006 1.000000
vt 0.428006 0.500000
vt 0.426006 1.000000
vt 0.426006 0.500000
vt 0.424006 1.000000
vt 0.424006 0.500000
vt 0.422006 1.000000
vt 0.422006 0.500000
vt 0.420006 1.000000
vt 0.420006 0.500000
vt 0.418006 1.000000
vt 0.418006 0.500000
vt 0.416006 1.000000
vt 0.416006 0.500000
vt 0.414006 1.000000
vt 0.414006 0.500000
vt 0.412006 1.000000
vt 0.412006 0.500000
vt 0.410006 1.000000
vt 0.410006 0.500000
vt 0.408006 1.000000
vt 0.408006 0.500000
vt 0.406006 1.000000
vt 0.406006 0.500000
vt 0.404006 1.000000
vt 0.404006 0.500000
vt 0.402006 1.000000
vt 0.402006 0.500000
vt 0.400006 1.000000
vt 0.400006 0.500000
vt 0.398006 1.000000
vt 0.398006 0.500000
vt 0.396006 1.000000
vt 0.396006 0.500000
vt 0.394006 1.000000
vt 0.394006 0.500000
vt 0.392006 1.000000
vt 0.392006 0.500000
vt 0.390006 1.000000
vt 0.390006 0.500000
vt 0.388006 1.000000
vt 0.388006 0.500000
vt 0.386006 1.000000
vt 0.386006 0.500000
vt 0.384006 1.000000
vt 0.384006 0.500000
vt 0.382006 1.000000
vt 0.382006 0.500000
vt 0.380006 1.000000
vt 0.380006 0.500000
vt 0.378006 1.000000
vt 0.378006 0.500000
vt 0.376006 1.000000
vt 0.376006 0.500000
vt 0.374006 1.000000
vt 0.374006 0.500000
vt 0.372006 1.000000
vt 0.372006 0.500000
vt 0.370006 1.000000
vt 0.370006 0.500000
vt 0.368006 1.000000
vt 0.368006 0.500000
vt 0.366006 1.000000
vt 0.366006 0.500000
vt 0.364006 1.000000
vt 0.364006 0.500000
vt 0.362006 1.000000
vt 0.362006 0.500000
vt 0.360006 1.000000
vt 0.360006 0.500000
vt 0.358006 1.000000
vt 0.358006 0.500000
vt 0.356006 1.000000
vt 0.356006 0.500000
vt 0.354006 1.000000
vt 0.354006 0.500000
vt 0.352006 1.000000
vt 0.352006 0.500000
vt 0.350006 1.000000
vt 0.350006 0.500000
vt 0.348006 1.000000
vt 0.348006 0.500000
vt 0.346006 1.000000
vt 0.346006 0.500000
vt 0.344006 1.000000
vt 0.344006 0.500000
vt 0.342006 1.000000
vt 0.342006 0.500000
vt 0.340006 1.000000
vt 0.340006 0.500000
vt 0.338006 1.000000
vt 0.338006 0.500000
vt 0.336006 1.000000
vt 0.336006 0.500000
vt 0.334006 1.000000
vt 0.334006 0.500000
vt 0.332006 1.000000
vt 0.332006 0.500000
vt 0.330006 1.000000
vt 0.330006 0.500000
vt 0.328006 1.000000
vt 0.328006 0.500000
vt 0.326006 1.000000
vt 0.326006 0.500000
vt 0.324006 1.000000
vt 0.324006 0.500000
vt 0.322006 1.000000
vt 0.322006 0.500000
vt 0.320006 1.000000
vt 0.320006 0.500000
vt 0.318006 1.000000
vt 0.318006 0.500000
vt 0.316006 1.000000
vt 0.316006 0.500000
vt 0.314006 1.000000
vt 0.314006 0.500000
vt 0.312006 1.000000
vt 0.312006 0.500000
vt 0.310006 1.000000
vt 0.310006 0.500000
vt 0.308006 1.000000
vt 0.308006 0.500000
vt 0.306006 1.000000
vt 0.306006 0.500000
vt 0.304006 1.000000
vt 0.304006 0.500000
vt 0.302006 1.000000
vt 0.302006 0.500000
vt 0.300006 1.000000
vt 0.300006 0.500000
vt 0.298006 1.000000
vt 0.298006 0.500000
vt 0.296006 1.000000
vt 0.296006 0.500000
vt 0.294006 1.000000
vt 0.294006 0.500000
vt 0.292006 1.000000
vt 0.292006 0.500000
vt 0.290006 1.000000
vt 0.290006 0.500000
vt 0.288006 1.000000
vt 0.288006 0.500000
vt 0.286006 1.000000
vt 0.286006 0.500000
vt 0.284006 1.000000
vt 0.284006 0.500000
vt 0.282006 1.000000
vt 0.282006 0.500000
vt 0.280006 1.000000
vt 0.280006 0.500000
vt 0.278006 1.000000
vt 0.278006 0.500000
vt 0.276006 1.000000
vt 0.276006 0.500000
vt 0.274006 1.000000
vt 0.274006 0.500000
vt 0.272006 1.000000
vt 0.272006 0.500000
vt 0.270006 1.000000
vt 0.270006 0.500000
vt 0.268006 1.000000
vt 0.268006 0.500000
vt 0.266006 1.000000
vt 0.266006 0.500000
vt 0.264006 1.000000
vt 0.264006 0.500000
vt 0.262006 1.000000
vt 0.262006 0.500000
vt 0.260006 1.000000
vt 0.260006 0.500000
vt 0.258006 1.000000
vt 0.258006 0.500000
vt 0.256006 1.000000
vt 0.256006 0.500000
vt 0.254006 1.000000
vt 0.254006 0.500000
vt 0.252006 1.000000
vt 0.252006 0.500000
vt 0.250006 1.000000
vt 0.250006 0.500000
vt 0.248006 1.000000
vt 0.248006 0.500000
vt 0.246006 1.000000
vt 0.246006 0.500000
vt 0.244006 1.000000
vt 0.244006 0.500000
vt 0.242006 1.000000
vt 0.242006 0.500000
vt 0.240006 1.000000
vt 0.240006 0.500000
vt 0.238006 1.000000
vt 0.238006 0.500000
vt 0.236006 1.000000
vt 0.236006 0.500000
vt 0.234006 1.000000
vt 0.234006 0.500000
vt 0.232006 1.000000
vt 0.232006 0.500000
vt 0.230006 1.000000
vt 0.230006 0.500000
vt 0.228006 1.000000
vt 0.228006 0.500000
vt 0.226006 1.000000
vt 0.226006 0.500000
vt 0.224006 1.000000
vt 0.224006 0.500000
vt 0.222006 1.000000
vt 0.222006 0.500000
vt 0.220006 1.000000
vt 0.220006 0.500000
vt 0.218006 1.000000
vt 0.218006 0.500000
vt 0.216006 1.000000
vt 0.216006 0.500000
vt 0.214006 1.000000
vt 0.214006 0.500000
vt 0.212006 1.000000
vt 0.212006 0.500000
vt 0.210006 1.000000
vt 0.210006 0.500000
vt 0.208006 1.000000
vt 0.208006 0.500000
vt 0.206006 1.000000
vt 0.206006 0.500000
vt 0.204006 1.000000
vt 0.204006 0.500000
vt 0.202006 1.000000
vt 0.202006 0.500000
vt 0.200006 1.000000
vt 0.200006 0.500000
vt 0.198006 1.000000
vt 0.198006 0.500000
vt 0.196006 1.000000
vt 0.196006 0.500000
vt 0.194006 1.000000
vt 0.194006 0.500000
vt 0.192006 1.000000
vt 0.192006 0.500000
vt 0.190006 1.000000
vt 0.190006 0.500000
vt 0.188006 1.000000
vt 0.188006 0.500000
vt 0.186006 1.000000
vt 0.186006 0.500000
vt 0.184006 1.000000
vt 0.184006 0.500000
vt 0.182006 1.000000
vt 0.182006 0.500000
vt 0.180006 1.000000
vt 0.180006 0.500000
vt 0.178006 1.000000
vt 0.178006 0.500000
vt 0.176006 1.000000
vt 0.176006 0.500000
vt 0.174006 1.000000
vt 0.174006 0.500000
vt 0.172006 1.000000
vt 0.172006 0.500000
vt 0.170006 1.000000
vt 0.170006 0.500000
vt 0.168006 1.000000
vt 0.168006 0.500000
vt 0.166006 1.000000
vt 0.166006 0.500000
vt 0.164006 1.000000
vt 0.164006 0.500000
vt 0.162006 1.000000
vt 0.162006 0.500000
vt 0.160006 1.000000
vt 0.160006 0.500000
vt 0.158006 1.000000
vt 0.158006 0.500000
vt 0.156006 1.000000
vt 0.156006 0.500000
vt 0.154006 1.000000
vt 0.154006 0.500000
vt 0.152006 1.000000
vt 0.152006 0.500000
vt 0.150006 1.000000
vt 0.150006 0.500000
vt 0.148006 1.000000
vt 0.148006 0.500000
vt 0.146006 1.000000
vt 0.146006 0.500000
vt 0.144006 1.000000
vt 0.144006 0.500000
vt 0.142006 1.000000
vt 0.142006 0.500000
vt 0.140006 1.000000
vt 0.140006 0.500000
vt 0.138006 1.000000
vt 0.138006 0.500000
vt 0.136006 1.000000
vt 0.136006 0.500000
vt 0.134006 1.000000
vt 0.134006 0.500000
vt 0.132006 1.000000
vt 0.132006 0.500000
vt 0.130006 1.000000
vt 0.130006 0.500000
vt 0.128006 1.000000
vt 0.128006 0.500000
vt 0.126006 1.000000
vt 0.126006 0.500000
vt 0.124006 1.000000
vt 0.124006 0.500000
vt 0.122006 1.000000
vt 0.122006 0.500000
vt 0.120006 1.000000
vt 0.120006 0.500000
vt 0.118006 1.000000
vt 0.118006 0.500000
vt 0.116006 1.000000
vt 0.116006 0.500000
vt 0.114006 1.000000
vt 0.114006 0.500000
vt 0.112006 1.000000
vt 0.112006 0.500000
vt 0.110006 1.000000
vt 0.110006 0.500000
vt 0.108006 1.000000
vt 0.108006 0.500000
vt 0.106006 1.000000
vt 0.106006 0.500000
vt 0.104006 1.000000
vt 0.104006 0.500000
vt 0.102006 1.000000
vt 0.102006 0.500000
vt 0.100006 1.000000
vt 0.100006 0.500000
vt 0.098006 1.000000
vt 0.098006 0.500000
vt 0.096006 1.000000
vt 0.096006 0.500000
vt 0.094006 1.000000
vt 0.094006 0.500000
vt 0.092006 1.000000
vt 0.092006 0.500000
vt 0.090006 1.000000
vt 0.090006 0.500000
vt 0.088006 1.000000
vt 0.088006 0.500000
vt 0.086006 1.000000
vt 0.086006 0.500000
vt 0.084006 1.000000
vt 0.084006 0.500000
vt 0.082006 1.000000
vt 0.082006 0.500000
vt 0.080006 1.000000
vt 0.080006 0.500000
vt 0.078006 1.000000
vt 0.078006 0.500000
vt 0.076006 1.000000
vt 0.076006 0.500000
vt 0.074006 1.000000
vt 0.074006 0.500000
vt 0.072006 1.000000
vt 0.072006 0.500000
vt 0.070006 1.000000
vt 0.070006 0.500000
vt 0.068006 1.000000
vt 0.068006 0.500000
vt 0.066006 1.000000
vt 0.066006 0.500000
vt 0.064006 1.000000
vt 0.064006 0.500000
vt 0.062006 1.000000
vt 0.062006 0.500000
vt 0.060006 1.000000
vt 0.060006 0.500000
vt 0.058006 1.000000
vt 0.058006 0.500000
vt 0.056006 1.000000
vt 0.056006 0.500000
vt 0.054006 1.000000
vt 0.054006 0.500000
vt 0.052006 1.000000
vt 0.052006 0.500000
vt 0.050006 1.000000
vt 0.050006 0.500000
vt 0.048006 1.000000
vt 0.048006 0.500000
vt 0.046006 1.000000
vt 0.046006 0.500000
vt 0.044006 1.000000
vt 0.044006 0.500000
vt 0.042006 1.000000
vt 0.042006 0.500000
vt 0.040006 1.000000
vt 0.040006 0.500000
vt 0.038006 1.000000
vt 0.038006 0.500000
vt 0.036006 1.000000
vt 0.036006 0.500000
vt 0.034006 1.000000
vt 0.034006 0.500000
vt 0.032006 1.000000
vt 0.032006 0.500000
vt 0.030006 1.000000
vt 0.030006 0.500000
vt 0.028006 1.000000
vt 0.028006 0.500000
vt 0.026006 1.000000
vt 0.026006 0.500000
vt 0.024006 1.000000
vt 0.024006 0.500000
vt 0.022006 1.000000
vt 0.022006 0.500000
vt 0.020006 1.000000
vt 0.020006 0.500000
vt 0.018006 1.000000
vt 0.018006 0.500000
vt 0.016006 1.000000
vt 0.016006 0.500000
vt 0.014006 1.000000
vt 0.014006 0.500000
vt 0.012006 1.000000
vt 0.012006 0.500000
vt 0.010006 1.000000
vt 0.010006 0.500000
vt 0.008006 1.000000
vt 0.008006 0.500000
vt 0.006006 1.000000
vt 0.006006 0.500000
vt 0.004006 1.000000
vt 0.004006 0.500000
vt 0.253016 0.489981
vt 0.250000 0.490000
vt 0.246984 0.489981
vt 0.243969 0.489924
vt 0.240954 0.489829
vt 0.237941 0.489697
vt 0.234930 0.489526
vt 0.231922 0.489318
vt 0.228916 0.489072
vt 0.225913 0.488788
vt 0.222914 0.488467
vt 0.219920 0.488108
vt 0.216930 0.487711
vt 0.213946 0.487276
vt 0.210967 0.486805
vt 0.207994 0.486295
vt 0.205028 0.485749
vt 0.202070 0.485165
vt 0.199118 0.484544
vt 0.196175 0.483886
vt 0.193240 0.483192
vt 0.190314 0.482460
vt 0.187398 0.481692
vt 0.184492 0.480887
vt 0.181595 0.480045
vt 0.178710 0.479167
vt 0.175836 0.478254
vt 0.172974 0.477304
vt 0.170123 0.476318
vt 0.167286 0.475296
vt 0.164461 0.474239
vt 0.161650 0.473146
vt 0.158853 0.472019
vt 0.156070 0.470856
vt 0.153302 0.469658
vt 0.150550 0.468425
vt 0.147813 0.467158
vt 0.145092 0.465857
vt 0.142388 0.464522
vt 0.139701 0.463153
vt 0.137031 0.461750
vt 0.134379 0.460314
vt 0.131745 0.458844
vt 0.129130 0.457342
vt 0.126535 0.455806
vt 0.123958 0.454239
vt 0.121402 0.452639
vt 0.118865 0.451007
vt 0.116350 0.449343
vt 0.113855 0.447648
vt 0.111383 0.445921
vt 0.108932 0.444164
vt 0.106503 0.442376
vt 0.104097 0.440558
vt 0.101714 0.438709
vt 0.099354 0.436831
vt 0.097018 0.434923
vt 0.094707 0.432986
vt 0.092419 0.431020
vt 0.090157 0.429026
vt 0.087920 0.427003
vt 0.085709 0.424952
vt 0.083523 0.422874
vt 0.081364 0.420769
vt 0.079231 0.418636
vt 0.077126 0.416477
vt 0.075048 0.414291
vt 0.072997 0.412080
vt 0.070974 0.409843
vt 0.068980 0.407581
vt 0.067014 0.405293
vt 0.065077 0.402982
vt 0.063169 0.400646
vt 0.061291 0.398286
vt 0.059442 0.395903
vt 0.057624 0.393497
vt 0.055836 0.391068
vt 0.054079 0.388617
vt 0.052352 0.386145
vt 0.050657 0.383650
vt 0.048993 0.381135
vt 0.047361 0.378598
vt 0.045761 0.376042
vt 0.044194 0.373465
vt 0.042658 0.370870
vt 0.041156 0.368255
vt 0.039686 0.365621
vt 0.038250 0.362969
vt 0.036847 0.360299
vt 0.035478 0.357612
vt 0.034143 0.354908
vt 0.032842 0.352187
vt 0.031575 0.349450
vt 0.030342 0.346698
vt 0.029144 0.343930
vt 0.027981 0.341147
vt 0.026854 0.338350
vt 0.025761 0.335539
vt 0.024704 0.332714
vt 0.023682 0.329877
vt 0.022696 0.327026
vt 0.021746 0.324164
vt 0.020833 0.321290
vt 0.019955 0.318405
vt 0.019113 0.315508
vt 0.018308 0.312602
vt 0.017540 0.309686
vt 0.016808 0.306760
vt 0.016114 0.303825
vt 0.015456 0.300882
vt 0.014835 0.297930
vt 0.014251 0.294972
vt 0.013705 0.292006
vt 0.013195 0.289033
vt 0.012724 0.286054
vt 0.012289 0.283070
vt 0.011892 0.280080
vt 0.011533 0.277086
vt 0.011212 0.274087
vt 0.010928 0.271084
vt 0.010682 0.268078
vt 0.010474 0.265070
vt 0.010303 0.262059
vt 0.010171 0.259046
vt 0.010076 0.256031
vt 0.010019 0.253016
vt 0.010000 0.250000
vt 0.010019 0.246984
vt 0.010076 0.243969
vt 0.010171 0.240954
vt 0.010303 0.237941
vt 0.010474 0.234930
vt 0.010682 0.231922
vt 0.010928 0.228916
vt 0.011212 0.225913
vt 0.011533 0.222914
vt 0.011892 0.219920
vt 0.012289 0.216930
vt 0.012724 0.213946
vt 0.013195 0.210967
vt 0.013705 0.207994
vt 0.014251 0.205028
vt 0.014835 0.202070
vt 0.015456 0.199118
vt 0.016114 0.196175
vt 0.016808 0.193240
vt 0.017540 0.190314
vt 0.018308 0.187398
vt 0.019113 0.184492
vt 0.019955 0.181595
vt 0.020833 0.178710
vt 0.021746 0.175836
vt 0.022696 0.172974
vt 0.023682 0.170123
vt 0.024704 0.167286
vt 0.025761 0.164461
vt 0.026854 0.161650
vt 0.027981 0.158853
vt 0.029144 0.156070
vt 0.030342 0.153302
vt 0.031575 0.150550
vt 0.032842 0.147813
vt 0.034143 0.145092
vt 0.035478 0.142388
vt 0.036847 0.139701
vt 0.038250 0.137031
vt 0.039686 0.134379
vt 0.041156 0.131745
vt 0.042658 0.129130
vt 0.044194 0.126535
vt 0.045761 0.123958
vt 0.047361 0.121402
vt 0.048993 0.118865
vt 0.050657 0.116350
vt 0.052352 0.113855
vt 0.054079 0.111383
vt 0.055836 0.108932
vt 0.057624 0.106503
vt 0.059442 0.104097
vt 0.061291 0.101714
vt 0.063169 0.099354
vt 0.065077 0.097018
vt 0.067014 0.094707
vt 0.068980 0.092419
vt 0.070974 0.090157
vt 0.072997 0.087920
vt 0.075048 0.085709
vt 0.077126 0.083523
vt 0.079231 0.081364
vt 0.081364 0.079231
vt 0.083523 0.077126
vt 0.085709 0.075048
vt 0.087920 0.072997
vt 0.090157 0.070974
vt 0.092419 0.068980
vt 0.094707 0.067014
vt 0.097018 0.065077
vt 0.099354 0.063169
vt 0.101714 0.061291
vt 0.104097 0.059442
vt 0.106503 0.057624
vt 0.108932 0.055836
vt 0.111383 0.054079
vt 0.113855 0.052352
vt 0.116350 0.050657
vt 0.118865 0.048993
vt 0.121402 0.047361
vt 0.123958 0.045761
vt 0.126535 0.044194
vt 0.129130 0.042658
vt 0.131745 0.041156
vt 0.134379 0.039686
vt 0.137031 0.038250
vt 0.139701 0.036847
vt 0.142388 0.035478
vt 0.145092 0.034143
vt 0.147813 0.032842
vt 0.150550 0.031575
vt 0.153302 0.030342
vt 0.156070 0.029144
vt 0.158853 0.027981
vt 0.161650 0.026854
vt 0.164461 0.025761
vt 0.167286 0.024704
vt 0.170123 0.023682
vt 0.172974 0.022696
vt 0.175836 0.021746
vt 0.178710 0.020833
vt 0.181595 0.019955
vt 0.184492 0.019113
vt 0.187398 0.018308
vt 0.190314 0.017540
vt 0.193240 0.016808
vt 0.196175 0.016114
vt 0.199118 0.015456
vt 0.202070 0.014835
vt 0.205028 0.014251
vt 0.207994 0.013705
vt 0.210967 0.013195
vt 0.213946 0.012724
vt 0.216930 0.012289
vt 0.219920 0.011892
vt 0.222914 0.011533
vt 0.225913 0.011212
vt 0.228916 0.010928
vt 0.231922 0.010682
vt 0.234930 0.010474
vt 0.237941 0.010303
vt 0.240954 0.010171
vt 0.243969 0.010076
vt 0.246984 0.010019
vt 0.250000 0.010000
vt 0.253016 0.010019
vt 0.256031 0.010076
vt 0.259046 0.010171
vt 0.262059 0.010303
vt 0.265070 0.010474
vt 0.268078 0.010682
vt 0.271084 0.010928
vt 0.274087 0.011212
vt 0.277086 0.011533
vt 0.280080 0.011892
vt 0.283070 0.012289
vt 0.286054 0.012724
vt 0.289033 0.013195
vt 0.292006 0.013705
vt 0.294972 0.014251
vt 0.297930 0.014835
vt 0.300882 0.015456
vt 0.303825 0.016114
vt 0.306760 0.016808
vt 0.309686 0.017540
vt 0.312602 0.018308
vt 0.315508 0.019113
vt 0.318405 0.019955
vt 0.321290 0.020833
vt 0.324164 0.021746
vt 0.327026 0.022696
vt 0.329877 0.023682
vt 0.332714 0.024704
vt 0.335539 0.025761
vt 0.338350 0.026854
vt 0.341147 0.027981
vt 0.343930 0.029144
vt 0.346698 0.030342
vt 0.349450 0.031575
vt 0.352187 0.032842
vt 0.354908 0.034143
vt 0.357612 0.035478
vt 0.360299 0.036847
vt 0.362969 0.038250
vt 0.365621 0.039686
vt 0.368255 0.041156
vt 0.370870 0.042658
vt 0.373465 0.044194
vt 0.376042 0.045761
vt 0.378598 0.047361
vt 0.381135 0.048993
vt 0.383650 0.050657
vt 0.386145 0.052352
vt 0.388617 0.054079
vt 0.391068 0.055836
vt 0.393497 0.057624
vt 0.395903 0.059442
vt 0.398286 0.061291
vt 0.400646 0.063169
vt 0.402982 0.065077
vt 0.405293 0.067014
vt 0.407581 0.068980
vt 0.409843 0.070974
vt 0.412080 0.072997
vt 0.414291 0.075048
vt 0.416477 0.077126
vt 0.418636 0.079231
vt 0.420769 0.081364
vt 0.422874 0.083523
vt 0.424952 0.085709
vt 0.427003 0.087920
vt 0.429026 0.090157
vt 0.431020 0.092419
vt 0.432986 0.094707
vt 0.434923 0.097018
vt 0.436831 0.099354
vt 0.438709 0.101714
vt 0.440558 0.104097
vt 0.442376 0.106503
vt 0.444164 0.108932
vt 0.445921 0.111383
vt 0.447648 0.113855
vt 0.449343 0.116350
vt 0.451007 0.118865
vt 0.452639 0.121402
vt 0.454239 0.123958
vt 0.455806 0.126535
vt 0.457342 0.129130
vt 0.458844 0.131745
vt 0.460314 0.134379
vt 0.461750 0.137031
vt 0.463153 0.139701
vt 0.464522 0.142388
vt 0.465857 0.145092
vt 0.467158 0.147813
vt 0.468425 0.150550
vt 0.469658 0.153302
vt 0.470856 0.156070
vt 0.472019 0.158853
vt 0.473146 0.161650
vt 0.474239 0.164461
vt 0.475296 0.167286
vt 0.476318 0.170123
vt 0.477304 0.172974
vt 0.478254 0.175836
vt 0.479167 0.178710
vt 0.480045 0.181595
vt 0.480887 0.184492
vt 0.481692 0.187398
vt 0.482460 0.190314
vt 0.483192 0.193240
vt 0.483886 0.196175
vt 0.484544 0.199118
vt 0.485165 0.202070
vt 0.485749 0.205028
vt 0.486295 0.207994
vt 0.486805 0.210967
vt 0.487276 0.213946
vt 0.487711 0.216930
vt 0.488108 0.219920
vt 0.488467 0.222914
vt 0.488788 0.225913
vt 0.489072 0.228916
vt 0.489318 0.231922
vt 0.489526 0.234930
vt 0.489697 0.237941
vt 0.489829 0.240954
vt 0.489924 0.243969
vt 0.489981 0.246984
vt 0.490000 0.250000
vt 0.489981 0.253016
vt 0.489924 0.256031
vt 0.489829 0.259046
vt 0.489697 0.262059
vt 0.489526 0.265070
vt 0.489318 0.268078
vt 0.489072 0.271084
vt 0.488788 0.274087
vt 0.488467 0.277086
vt 0.488108 0.280080
vt 0.487711 0.283070
vt 0.487276 0.286054
vt 0.486805 0.289033
vt 0.486295 0.292006
vt 0.485749 0.294972
vt 0.485165 0.297930
vt 0.484544 0.300882
vt 0.483886 0.303825
vt 0.483192 0.306760
vt 0.482460 0.309686
vt 0.481692 0.312602
vt 0.480887 0.315508
vt 0.480045 0.318405
vt 0.479167 0.321290
vt 0.478254 0.324164
vt 0.477304 0.327026
vt 0.476318 0.329877
vt 0.475296 0.332714
vt 0.474239 0.335539
vt 0.473146 0.338350
vt 0.472019 0.341147
vt 0.470856 0.343930
vt 0.469658 0.346698
vt 0.468425 0.349450
vt 0.467158 0.352187
vt 0.465857 0.354908
vt 0.464522 0.357612
vt 0.463153 0.360299
vt 0.461750 0.362969
vt 0.460314 0.365621
vt 0.458844 0.368255
vt 0.457342 0.370870
vt 0.455806 0.373465
vt 0.454239 0.376042
vt 0.452639 0.378598
vt 0.451007 0.381135
vt 0.449343 0.383650
vt 0.447648 0.386145
vt 0.445921 0.388617
vt 0.444164 0.391068
vt 0.442376 0.393497
vt 0.440558 0.395903
vt 0.438709 0.398286
vt 0.436831 0.400646
vt 0.434923 0.402982
vt 0.432986 0.405293
vt 0.431020 0.407581
vt 0.429026 0.409843
vt 0.427003 0.412080
vt 0.424952 0.414291
vt 0.422874 0.416477
vt 0.420769 0.418636
vt 0.418636 0.420769
vt 0.416477 0.422874
vt 0.414291 0.424952
vt 0.412080 0.427003
vt 0.409843 0.429026
vt 0.407581 0.431020
vt 0.405293 0.432986
vt 0.402982 0.434923
vt 0.400646 0.436831
vt 0.398286 0.438709
vt 0.395903 0.440558
vt 0.393497 0.442376
vt 0.391068 0.444164
vt 0.388617 0.445921
vt 0.386145 0.447648
vt 0.383650 0.449343
vt 0.381135 0.451007
vt 0.378598 0.452639
vt 0.376042 0.454239
vt 0.373465 0.455806
vt 0.370870 0.457342
vt 0.368255 0.458844
vt 0.365621 0.460314
vt 0.362969 0.461750
vt 0.360299 0.463153
vt 0.357612 0.464522
vt 0.354908 0.465857
vt 0.352187 0.467158
vt 0.349450 0.468425
vt 0.346698 0.469658
vt 0.343930 0.470856
vt 0.341147 0.472019
vt 0.338350 0.473146
vt 0.335539 0.474239
vt 0.332714 0.475296
vt 0.329877 0.476318
vt 0.327026 0.477304
vt 0.324164 0.478254
vt 0.321290 0.479167
vt 0.318405 0.480045
vt 0.315508 0.480887
vt 0.312602 0.481692
vt 0.309686 0.482460
vt 0.306760 0.483192
vt 0.303825 0.483886
vt 0.300882 0.484544
vt 0.297930 0.485165
vt 0.294972 0.485749
vt 0.292006 0.486295
vt 0.289033 0.486805
vt 0.286054 0.487276
vt 0.283070 0.487711
vt 0.280080 0.488108
vt 0.277086 0.488467
vt 0.274087 0.488788
vt 0.271084 0.489072
vt 0.268078 0.489318
vt 0.265070 0.489526
vt 0.262059 0.489697
vt 0.259046 0.489829
vt 0.256031 0.489924
vt 0.002006 1.000000
vt 0.002006 0.500000
vt 0.000006 1.000000
vt 0.000006 0.500000
vt 0.750000 0.490000
vt 0.753016 0.489981
vt 0.756031 0.489924
vt 0.759046 0.489829
vt 0.762059 0.489697
vt 0.765070 0.489526
vt 0.768078 0.489318
vt 0.771084 0.489072
vt 0.774087 0.488788
vt 0.777086 0.488467
vt 0.780080 0.488108
vt 0.783070 0.487711
vt 0.786054 0.487276
vt 0.789033 0.486805
vt 0.792006 0.486295
vt 0.794972 0.485749
vt 0.797930 0.485165
vt 0.800882 0.484544
vt 0.803825 0.483886
vt 0.806760 0.483192
vt 0.809686 0.482460
vt 0.812602 0.481692
vt 0.815508 0.480887
vt 0.818405 0.480045
vt 0.821290 0.479167
vt 0.824164 0.478254
vt 0.827026 0.477304
vt 0.829877 0.476318
vt 0.832714 0.475296
vt 0.835539 0.474239
vt 0.838350 0.473146
vt 0.841147 0.472019
vt 0.843930 0.470856
vt 0.846698 0.469658
vt 0.849450 0.468425
vt 0.852187 0.467158
vt 0.854908 0.465857
vt 0.857612 0.464522
vt 0.860299 0.463153
vt 0.862969 0.461750
vt 0.865621 0.460314
vt 0.868255 0.458844
vt 0.870870 0.457342
vt 0.873465 0.455806
vt 0.876042 0.454239
vt 0.878598 0.452639
vt 0.881135 0.451007
vt 0.883650 0.449343
vt 0.886145 0.447648
vt 0.888617 0.445921
vt 0.891068 0.444164
vt 0.893497 0.442376
vt 0.895903 0.440558
vt 0.898286 0.438709
vt 0.900646 0.436831
vt 0.902982 0.434923
vt 0.905293 0.432986
vt 0.907581 0.431020
vt 0.909843 0.429026
vt 0.912080 0.427003
vt 0.914291 0.424952
vt 0.916477 0.422874
vt 0.918636 0.420769
vt 0.920769 0.418636
vt 0.922874 0.416477
vt 0.924952 0.414291
vt 0.927003 0.412080
vt 0.929026 0.409843
vt 0.931020 0.407581
vt 0.932986 0.405293
vt 0.934923 0.402982
vt 0.936831 0.400646
vt 0.938709 0.398286
vt 0.940558 0.395903
vt 0.942376 0.393497
vt 0.944164 0.391068
vt 0.945921 0.388617
vt 0.947648 0.386145
vt 0.949343 0.383650
vt 0.951007 0.381135
vt 0.952639 0.378598
vt 0.954239 0.376042
vt 0.955806 0.373465
vt 0.957342 0.370870
vt 0.958844 0.368255
vt 0.960314 0.365621
vt 0.961750 0.362969
vt 0.963153 0.360299
vt 0.964522 0.357612
vt 0.965857 0.354908
vt 0.967158 0.352187
vt 0.968425 0.349450
vt 0.969658 0.346698
vt 0.970856 0.343930
vt 0.972019 0.341147
vt 0.973146 0.338350
vt 0.974239 0.335539
vt 0.975296 0.332714
vt 0.976318 0.329877
vt 0.977304 0.327026
vt 0.978254 0.324164
vt 0.979167 0.321290
vt 0.980045 0.318405
vt 0.980887 0.315508
vt 0.981692 0.312602
vt 0.982460 0.309686
vt 0.983192 0.306760
vt 0.983886 0.303825
vt 0.984544 0.300882
vt 0.985165 0.297930
vt 0.985749 0.294972
vt 0.986295 0.292006
vt 0.986805 0.289033
vt 0.987276 0.286054
vt 0.987711 0.283070
vt 0.988108 0.280080
vt 0.988467 0.277086
vt 0.988788 0.274087
vt 0.989072 0.271084
vt 0.989318 0.268078
vt 0.989526 0.265070
vt 0.989697 0.262059
vt 0.989829 0.259046
vt 0.989924 0.256031
vt 0.989981 0.253016
vt 0.990000 0.250000
vt 0.989981 0.246984
vt 0.989924 0.243969
vt 0.989829 0.240954
vt 0.989697 0.237941
vt 0.989526 0.234930
vt 0.989318 0.231922
vt 0.989072 0.228916
vt 0.988788 0.225913
vt 0.988467 0.222914
vt 0.988108 0.219920
vt 0.987711 0.216930
vt 0.987276 0.213946
vt 0.986805 0.210967
vt 0.986295 0.207994
vt 0.985749 0.205028
vt 0.985165 0.202070
vt 0.984544 0.199118
vt 0.983886 0.196175
vt 0.983192 0.193240
vt 0.982460 0.190314
vt 0.981692 0.187398
vt 0.980887 0.184492
vt 0.980045 0.181595
vt 0.979167 0.178710
vt 0.978254 0.175836
vt 0.977304 0.172974
vt 0.976318 0.170123
vt 0.975296 0.167286
vt 0.974239 0.164461
vt 0.973146 0.161650
vt 0.972019 0.158853
vt 0.970856 0.156070
vt 0.969658 0.153302
vt 0.968425 0.150550
vt 0.967158 0.147813
vt 0.965857 0.145092
vt 0.964522 0.142388
vt 0.963153 0.139701
vt 0.961750 0.137031
vt 0.960314 0.134379
vt 0.958844 0.131745
vt 0.957342 0.129130
vt 0.955806 0.126535
vt 0.954239 0.123958
vt 0.952639 0.121402
vt 0.951007 0.118865
vt 0.949343 0.116350
vt 0.947648 0.113855
vt 0.945921 0.111383
vt 0.944164 0.108932
vt 0.942376 0.106503
vt 0.940558 0.104097
vt 0.938709 0.101714
vt 0.936831 0.099354
vt 0.934923 0.097018
vt 0.932986 0.094707
vt 0.931020 0.092419
vt 0.929026 0.090157
vt 0.927003 0.087920
vt 0.924952 0.085709
vt 0.922874 0.083523
vt 0.920769 0.081364
vt 0.918636 0.079231
vt 0.916477 0.077126
vt 0.914291 0.075048
vt 0.912080 0.072997
vt 0.909843 0.070974
vt 0.907581 0.068980
vt 0.905293 0.067014
vt 0.902982 0.065077
vt 0.900646 0.063169
vt 0.898286 0.061291
vt 0.895903 0.059442
vt 0.893497 0.057624
vt 0.891068 0.055836
vt 0.888617 0.054079
vt 0.886145 0.052352
vt 0.883650 0.050657
vt 0.881135 0.048993
vt 0.878598 0.047361
vt 0.876042 0.045761
vt 0.873465 0.044194
vt 0.870870 0.042658
vt 0.868255 0.041156
vt 0.865621 0.039686
vt 0.862969 0.038250
vt 0.860299 0.036847
vt 0.857612 0.035478
vt 0.854908 0.034143
vt 0.852187 0.032842
vt 0.849450 0.031575
vt 0.846698 0.030342
vt 0.843930 0.029144
vt 0.841147 0.027981
vt 0.838350 0.026854
vt 0.835539 0.025761
vt 0.832714 0.024704
vt 0.829877 0.023682
vt 0.827026 0.022696
vt 0.824164 0.021746
vt 0.821290 0.020833
vt 0.818405 0.019955
vt 0.815508 0.019113
vt 0.812602 0.018308
vt 0.809686 0.017540
vt 0.806760 0.016808
vt 0.803825 0.016114
vt 0.800882 0.015456
vt 0.797930 0.014835
vt 0.794972 0.014251
vt 0.792006 0.013705
vt 0.789033 0.013195
vt 0.786054 0.012724
vt 0.783070 0.012289
vt 0.780080 0.011892
vt 0.777086 0.011533
vt 0.774087 0.011212
vt 0.771084 0.010928
vt 0.768078 0.010682
vt 0.765070 0.010474
vt 0.762059 0.010303
vt 0.759046 0.010171
vt 0.756031 0.010076
vt 0.753016 0.010019
vt 0.750000 0.010000
vt 0.746984 0.010019
vt 0.743969 0.010076
vt 0.740954 0.010171
vt 0.737941 0.010303
vt 0.734930 0.010474
vt 0.731922 0.010682
vt 0.728916 0.010928
vt 0.725913 0.011212
vt 0.722914 0.011533
vt 0.719920 0.011892
vt 0.716930 0.012289
vt 0.713946 0.012724
vt 0.710967 0.013195
vt 0.707994 0.013705
vt 0.705028 0.014251
vt 0.702070 0.014835
vt 0.699118 0.015456
vt 0.696175 0.016114
vt 0.693240 0.016808
vt 0.690314 0.017540
vt 0.687398 0.018308
vt 0.684492 0.019113
vt 0.681595 0.019955
vt 0.678710 0.020833
vt 0.675836 0.021746
vt 0.672974 0.022696
vt 0.670123 0.023682
vt 0.667286 0.024704
vt 0.664461 0.025761
vt 0.661650 0.026854
vt 0.658853 0.027981
vt 0.656070 0.029144
vt 0.653302 0.030342
vt 0.650550 0.031575
vt 0.647813 0.032842
vt 0.645092 0.034143
vt 0.642388 0.035478
vt 0.639701 0.036847
vt 0.637031 0.038250
vt 0.634379 0.039686
vt 0.631745 0.041156
vt 0.629130 0.042658
vt 0.626535 0.044194
vt 0.623958 0.045761
vt 0.621402 0.047361
vt 0.618865 0.048993
vt 0.616350 0.050657
vt 0.613855 0.052352
vt 0.611383 0.054079
vt 0.608932 0.055836
vt 0.606503 0.057624
vt 0.604097 0.059442
vt 0.601714 0.061291
vt 0.599354 0.063169
vt 0.597018 0.065077
vt 0.594707 0.067014
vt 0.592419 0.068980
vt 0.590157 0.070974
vt 0.587920 0.072997
vt 0.585709 0.075048
vt 0.583523 0.077126
vt 0.581364 0.079231
vt 0.579231 0.081364
vt 0.577126 0.083523
vt 0.575048 0.085709
vt 0.572997 0.087920
vt 0.570974 0.090157
vt 0.568980 0.092419
vt 0.567014 0.094707
vt 0.565077 0.097018
vt 0.563169 0.099354
vt 0.561291 0.101714
vt 0.559442 0.104097
vt 0.557624 0.106503
vt 0.555836 0.108932
vt 0.554079 0.111383
vt 0.552352 0.113855
vt 0.550657 0.116350
vt 0.548993 0.118865
vt 0.547361 0.121402
vt 0.545761 0.123958
vt 0.544194 0.126535
vt 0.542658 0.129130
vt 0.541156 0.131745
vt 0.539686 0.134379
vt 0.538250 0.137031
vt 0.536847 0.139701
vt 0.535478 0.142388
vt 0.534143 0.145092
vt 0.532842 0.147813
vt 0.531575 0.150550
vt 0.530342 0.153302
vt 0.529144 0.156070
vt 0.527981 0.158853
vt 0.526854 0.161650
vt 0.525761 0.164461
vt 0.524704 0.167286
vt 0.523682 0.170123
vt 0.522696 0.172974
vt 0.521746 0.175836
vt 0.520833 0.178710
vt 0.519955 0.181595
vt 0.519113 0.184492
vt 0.518308 0.187398
vt 0.517540 0.190314
vt 0.516808 0.193240
vt 0.516114 0.196175
vt 0.515456 0.199118
vt 0.514835 0.202070
vt 0.514251 0.205028
vt 0.513705 0.207994
vt 0.513195 0.210967
vt 0.512724 0.213946
vt 0.512289 0.216930
vt 0.511892 0.219920
vt 0.511533 0.222914
vt 0.511212 0.225913
vt 0.510928 0.228916
vt 0.510682 0.231922
vt 0.510474 0.234930
vt 0.510303 0.237941
vt 0.510171 0.240954
vt 0.510076 0.243969
vt 0.510019 0.246984
vt 0.510000 0.250000
vt 0.510019 0.253016
vt 0.510076 0.256031
vt 0.510171 0.259046
vt 0.510303 0.262059
vt 0.510474 0.265070
vt 0.510682 0.268078
vt 0.510928 0.271084
vt 0.511212 0.274087
vt 0.511533 0.277086
vt 0.511892 0.280080
vt 0.512289 0.283070
vt 0.512724 0.286054
vt 0.513195 0.289033
vt 0.513705 0.292006
vt 0.514251 0.294972
vt 0.514835 0.297930
vt 0.515456 0.300882
vt 0.516114 0.303825
vt 0.516808 0.306760
vt 0.517540 0.309686
vt 0.518308 0.312602
vt 0.519113 0.315508
vt 0.519955 0.318405
vt 0.520833 0.321290
vt 0.521746 0.324164
vt 0.522696 0.327026
vt 0.523682 0.329877
vt 0.524704 0.332714
vt 0.525761 0.335539
vt 0.526854 0.338350
vt 0.527981 0.341147
vt 0.529144 0.343930
vt 0.530342 0.346698
vt 0.531575 0.349450
vt 0.532842 0.352187
vt 0.534143 0.354908
vt 0.535478 0.357612
vt 0.536847 0.360299
vt 0.538250 0.362969
vt 0.539686 0.365621
vt 0.541156 0.368255
vt 0.542658 0.370870
vt 0.544194 0.373465
vt 0.545761 0.376042
vt 0.547361 0.378598
vt 0.548993 0.381135
vt 0.550657 0.383650
vt 0.552352 0.386145
vt 0.554079 0.388617
vt 0.555836 0.391068
vt 0.557624 0.393497
vt 0.559442 0.395903
vt 0.561291 0.398286
vt 0.563169 0.400646
vt 0.565077 0.402982
vt 0.567014 0.405293
vt 0.568980 0.407581
vt 0.570974 0.409843
vt 0.572997 0.412080
vt 0.575048 0.414291
vt 0.577126 0.416477
vt 0.579231 0.418636
vt 0.581364 0.420769
vt 0.583523 0.422874
vt 0.585709 0.424952
vt 0.587920 0.427003
vt 0.590157 0.429026
vt 0.592419 0.431020
vt 0.594707 0.432986
vt 0.597018 0.434923
vt 0.599354 0.436831
vt 0.601714 0.438709
vt 0.604097 0.440558
vt 0.606503 0.442376
vt 0.608932 0.444164
vt 0.611383 0.445921
vt 0.613855 0.447648
vt 0.616350 0.449343
vt 0.618865 0.451007
vt 0.621402 0.452639
vt 0.623958 0.454239
vt 0.626535 0.455806
vt 0.629130 0.457342
vt 0.631745 0.458844
vt 0.634379 0.460314
vt 0.637031 0.461750
vt 0.639701 0.463153
vt 0.642388 0.464522
vt 0.645092 0.465857
vt 0.647813 0.467158
vt 0.650550 0.468425
vt 0.653302 0.469658
vt 0.656070 0.470856
vt 0.658853 0.472019
vt 0.661650 0.473146
vt 0.664461 0.474239
vt 0.667286 0.475296
vt 0.670123 0.476318
vt 0.672974 0.477304
vt 0.675836 0.478254
vt 0.678710 0.479167
vt 0.681595 0.480045
vt 0.684492 0.480887
vt 0.687398 0.481692
vt 0.690314 0.482460
vt 0.693240 0.483192
vt 0.696175 0.483886
vt 0.699118 0.484544
vt 0.702070 0.485165
vt 0.705028 0.485749
vt 0.707994 0.486295
vt 0.710967 0.486805
vt 0.713946 0.487276
vt 0.716930 0.487711
vt 0.719920 0.488108
vt 0.722914 0.488467
vt 0.725913 0.488788
vt 0.728916 0.489072
vt 0.731922 0.489318
vt 0.734930 0.489526
vt 0.737941 0.489697
vt 0.740954 0.489829
vt 0.743969 0.489924
vt 0.746984 0.489981
s 0
f 6871/10710/2520 6872/10711/2520 6874/10712/2520 6873/10713/2520
f 6873/10713/2521 6874/10712/2521 6876/10714/2521 6875/10715/2521
f 6875/10715/2522 6876/10714/2522 6878/10716/2522 6877/10717/2522
f 6877/10717/2523 6878/10716/2523 6880/10718/2523 6879/10719/2523
f 6879/10719/2524 6880/10718/2524 6882/10720/2524 6881/10721/2524
f 6881/10721/2525 6882/10720/2525 6884/10722/2525 6883/10723/2525
f 6883/10723/2526 6884/10722/2526 6886/10724/2526 6885/10725/2526
f 6885/10725/2527 6886/10724/2527 6888/10726/2527 6887/10727/2527
f 6887/10727/2528 6888/10726/2528 6890/10728/2528 6889/10729/2528
f 6889/10729/2529 6890/10728/2529 6892/10730/2529 6891/10731/2529
f 6891/10731/2530 6892/10730/2530 6894/10732/2530 6893/10733/2530
f 6893/10733/2531 6894/10732/2531 6896/10734/2531 6895/10735/2531
f 6895/10735/2532 6896/10734/2532 6898/10736/2532 6897/10737/2532
f 6897/10737/2533 6898/10736/2533 6900/10738/2533 6899/10739/2533
f 6899/10739/2534 6900/10738/2534 6902/10740/2534 6901/10741/2534
f 6901/10741/2535 6902/10740/2535 6904/10742/2535 6903/10743/2535
f 6903/10743/2536 6904/10742/2536 6906/10744/2536 6905/10745/2536
f 6905/10745/2537 6906/10744/2537 6908/10746/2537 6907/10747/2537
f 6907/10747/2538 6908/10746/2538 6910/10748/2538 6909/10749/2538
f 6909/10749/2539 6910/10748/2539 6912/10750/2539 6911/10751/2539
f 6911/10751/2540 6912/10750/2540 6914/10752/2540 6913/10753/2540
f 6913/10753/2541 6914/10752/2541 6916/10754/2541 6915/10755/2541
f 6915/10755/2542 6916/10754/2542 6918/10756/2542 6917/10757/2542
f 6917/10757/2543 6918/10756/2543 6920/10758/2543 6919/10759/2543
f 6919/10759/2544 6920/10758/2544 6922/10760/2544 6921/10761/2544
f 6921/10761/2545 6922/10760/2545 6924/10762/2545 6923/10763/2545
f 6923/10763/2546 6924/10762/2546 6926/10764/2546 6925/10765/2546
f 6925/10765/2547 6926/10764/2547 6928/10766/2547 6927/10767/2547
f 6927/10767/2548 6928/10766/2548 6930/10768/2548 6929/10769/2548
f 6929/10769/2549 6930/10768/2549 6932/10770/2549 6931/10771/2549
f 6931/10771/2550 6932/10770/2550 6934/10772/2550 6933/10773/2550
f 6933/10773/2551 6934/10772/2551 6936/10774/2551 6935/10775/2551
f 6935/10775/2552 6936/10774/2552 6938/10776/2552 6937/10777/2552
f 6937/10777/2553 6938/10776/2553 6940/10778/2553 6939/10779/2553
f 6939/10779/2554 6940/10778/2554 6942/10780/2554 6941/10781/2554
f 6941/10781/2555 6942/10780/2555 6944/10782/2555 6943/10783/2555
f 6943/10783/2556 6944/10782/2556 6946/10784/2556 6945/10785/2556
f 6945/10785/2557 6946/10784/2557 6948/10786/2557 6947/10787/2557
f 6947/10787/2558 6948/10786/2558 6950/10788/2558 6949/10789/2558
f 6949/10789/2559 6950/10788/2559 6952/10790/2559 6951/10791/2559
f 6951/10791/2560 6952/10790/2560 6954/10792/2560 6953/10793/2560
f 6953/10793/2561 6954/10792/2561 6956/10794/2561 6955/10795/2561
f 6955/10795/2562 6956/10794/2562 6958/10796/2562 6957/10797/2562
f 6957/10797/2563 6958/10796/2563 6960/10798/2563 6959/10799/2563
f 6959/10799/2564 6960/10798/2564 6962/10800/2564 6961/10801/2564
f 6961/10801/2565 6962/10800/2565 6964/10802/2565 6963/10803/2565
f 6963/10803/2566 6964/10802/2566 6966/10804/2566 6965/10805/2566
f 6965/10805/2567 6966/10804/2567 6968/10806/2567 6967/10807/2567
f 6967/10807/2568 6968/10806/2568 6970/10808/2568 6969/10809/2568
f 6969/10809/2569 6970/10808/2569 6972/10810/2569 6971/10811/2569
f 6971/10811/2570 6972/10810/2570 6974/10812/2570 6973/10813/2570
f 6973/10813/2571 6974/10812/2571 6976/10814/2571 6975/10815/2571
f 6975/10815/2572 6976/10814/2572 6978/10816/2572 6977/10817/2572
f 6977/10817/2573 6978/10816/2573 6980/10818/2573 6979/10819/2573
f 6979/10819/2574 6980/10818/2574 6982/10820/2574 6981/10821/2574
f 6981/10821/2575 6982/10820/2575 6984/10822/2575 6983/10823/2575
f 6983/10823/2576 6984/10822/2576 6986/10824/2576 6985/10825/2576
f 6985/10825/2577 6986/10824/2577 6988/10826/2577 6987/10827/2577
f 6987/10827/2578 6988/10826/2578 6990/10828/2578 6989/10829/2578
f 6989/10829/2579 6990/10828/2579 6992/10830/2579 6991/10831/2579
f 6991/10831/2580 6992/10830/2580 6994/10832/2580 6993/10833/2580
f 6993/10833/2581 6994/10832/2581 6996/10834/2581 6995/10835/2581
f 6995/10835/2582 6996/10834/2582 6998/10836/2582 6997/10837/2582
f 6997/10837/2583 6998/10836/2583 7000/10838/2583 6999/10839/2583
f 6999/10839/2584 7000/10838/2584 7002/10840/2584 7001/10841/2584
f 7001/10841/2585 7002/10840/2585 7004/10842/2585 7003/10843/2585
f 7003/10843/2586 7004/10842/2586 7006/10844/2586 7005/10845/2586
f 7005/10845/2587 7006/10844/2587 7008/10846/2587 7007/10847/2587
f 7007/10847/2588 7008/10846/2588 7010/10848/2588 7009/10849/2588
f 7009/10849/2589 7010/10848/2589 7012/10850/2589 7011/10851/2589
f 7011/10851/2590 7012/10850/2590 7014/10852/2590 7013/10853/2590
f 7013/10853/2591 7014/10852/2591 7016/10854/2591 7015/10855/2591
f 7015/10855/2592 7016/10854/2592 7018/10856/2592 7017/10857/2592
f 7017/10857/2593 7018/10856/2593 7020/10858/2593 7019/10859/2593
f 7019/10859/2594 7020/10858/2594 7022/10860/2594 7021/10861/2594
f 7021/10861/2595 7022/10860/2595 7024/10862/2595 7023/10863/2595
f 7023/10863/2596 7024/10862/2596 7026/10864/2596 7025/10865/2596
f 7025/10865/2597 7026/10864/2597 7028/10866/2597 7027/10867/2597
f 7027/10867/2598 7028/10866/2598 7030/10868/2598 7029/10869/2598
f 7029/10869/2599 7030/10868/2599 7032/10870/2599 7031/10871/2599
f 7031/10871/2600 7032/10870/2600 7034/10872/2600 7033/10873/2600
f 7033/10873/2601 7034/10872/2601 7036/10874/2601 7035/10875/2601
f 7035/10875/2602 7036/10874/2602 7038/10876/2602 7037/10877/2602
f 7037/10877/2603 7038/10876/2603 7040/10878/2603 7039/10879/2603
f 7039/10879/2604 7040/10878/2604 7042/10880/2604 7041/10881/2604
f 7041/10881/2605 7042/10880/2605 7044/10882/2605 7043/10883/2605
f 7043/10883/2606 7044/10882/2606 7046/10884/2606 7045/10885/2606
f 7045/10885/2607 7046/10884/2607 7048/10886/2607 7047/10887/2607
f 7047/10887/2608 7048/10886/2608 7050/10888/2608 7049/10889/2608
f 7049/10889/2609 7050/10888/2609 7052/10890/2609 7051/10891/2609
f 7051/10891/2610 7052/10890/2610 7054/10892/2610 7053/10893/2610
f 7053/10893/2611 7054/10892/2611 7056/10894/2611 7055/10895/2611
f 7055/10895/2612 7056/10894/2612 7058/10896/2612 7057/10897/2612
f 7057/10897/2613 7058/10896/2613 7060/10898/2613 7059/10899/2613
f 7059/10899/2614 7060/10898/2614 7062/10900/2614 7061/10901/2614
f 7061/10901/2615 7062/10900/2615 7064/10902/2615 7063/10903/2615
f 7063/10903/2616 7064/10902/2616 7066/10904/2616 7065/10905/2616
f 7065/10905/2617 7066/10904/2617 7068/10906/2617 7067/10907/2617
f 7067/10907/2618 7068/10906/2618 7070/10908/2618 7069/10909/2618
f 7069/10909/2619 7070/10908/2619 7072/10910/2619 7071/10911/2619
f 7071/10911/2620 7072/10910/2620 7074/10912/2620 7073/10913/2620
f 7073/10913/2621 7074/10912/2621 7076/10914/2621 7075/10915/2621
f 7075/10915/2622 7076/10914/2622 7078/10916/2622 7077/10917/2622
f 7077/10917/2623 7078/10916/2623 7080/10918/2623 7079/10919/2623
f 7079/10919/2624 7080/10918/2624 7082/10920/2624 7081/10921/2624
f 7081/10921/2625 7082/10920/2625 7084/10922/2625 7083/10923/2625
f 7083/10923/2626 7084/10922/2626 7086/10924/2626 7085/10925/2626
f 7085/10925/2627 7086/10924/2627 7088/10926/2627 7087/10927/2627
f 7087/10927/2628 7088/10926/2628 7090/10928/2628 7089/10929/2628
f 7089/10929/2629 7090/10928/2629 7092/10930/2629 7091/10931/2629
f 7091/10931/2630 7092/10930/2630 7094/10932/2630 7093/10933/2630
f 7093/10933/2631 7094/10932/2631 7096/10934/2631 7095/10935/2631
f 7095/10935/2632 7096/10934/2632 7098/10936/2632 7097/10937/2632
f 7097/10937/2633 7098/10936/2633 7100/10938/2633 7099/10939/2633
f 7099/10939/2634 7100/10938/2634 7102/10940/2634 7101/10941/2634
f 7101/10941/2635 7102/10940/2635 7104/10942/2635 7103/10943/2635
f 7103/10943/2636 7104/10942/2636 7106/10944/2636 7105/10945/2636
f 7105/10945/2637 7106/10944/2637 7108/10946/2637 7107/10947/2637
f 7107/10947/2638 7108/10946/2638 7110/10948/2638 7109/10949/2638
f 7109/10949/2639 7110/10948/2639 7112/10950/2639 7111/10951/2639
f 7111/10951/2640 7112/10950/2640 7114/10952/2640 7113/10953/2640
f 7113/10953/2641 7114/10952/2641 7116/10954/2641 7115/10955/2641
f 7115/10955/2642 7116/10954/2642 7118/10956/2642 7117/10957/2642
f 7117/10957/2643 7118/10956/2643 7120/10958/2643 7119/10959/2643
f 7119/10959/2644 7120/10958/2644 7122/10960/2644 7121/10961/2644
f 7121/10961/2645 7122/10960/2645 7124/10962/2645 7123/10963/2645
f 7123/10963/2646 7124/10962/2646 7126/10964/2646 7125/10965/2646
f 7125/10965/2647 7126/10964/2647 7128/10966/2647 7127/10967/2647
f 7127/10967/2648 7128/10966/2648 7130/10968/2648 7129/10969/2648
f 7129/10969/2649 7130/10968/2649 7132/10970/2649 7131/10971/2649
f 7131/10971/2650 7132/10970/2650 7134/10972/2650 7133/10973/2650
f 7133/10973/2651 7134/10972/2651 7136/10974/2651 7135/10975/2651
f 7135/10975/2652 7136/10974/2652 7138/10976/2652 7137/10977/2652
f 7137/10977/2653 7138/10976/2653 7140/10978/2653 7139/10979/2653
f 7139/10979/2654 7140/10978/2654 7142/10980/2654 7141/10981/2654
f 7141/10981/2655 7142/10980/2655 7144/10982/2655 7143/10983/2655
f 7143/10983/2656 7144/10982/2656 7146/10984/2656 7145/10985/2656
f 7145/10985/2657 7146/10984/2657 7148/10986/2657 7147/10987/2657
f 7147/10987/2658 7148/10986/2658 7150/10988/2658 7149/10989/2658
f 7149/10989/2659 7150/10988/2659 7152/10990/2659 7151/10991/2659
f 7151/10991/2660 7152/10990/2660 7154/10992/2660 7153/10993/2660
f 7153/10993/2661 7154/10992/2661 7156/10994/2661 7155/10995/2661
f 7155/10995/2662 7156/10994/2662 7158/10996/2662 7157/10997/2662
f 7157/10997/2663 7158/10996/2663 7160/10998/2663 7159/10999/2663
f 7159/10999/2664 7160/10998/2664 7162/11000/2664 7161/11001/2664
f 7161/11001/2665 7162/11000/2665 7164/11002/2665 7163/11003/2665
f 7163/11003/2666 7164/11002/2666 7166/11004/2666 7165/11005/2666
f 7165/11005/2667 7166/11004/2667 7168/11006/2667 7167/11007/2667
f 7167/11007/2668 7168/11006/2668 7170/11008/2668 7169/11009/2668
f 7169/11009/2669 7170/11008/2669 7172/11010/2669 7171/11011/2669
f 7171/11011/2670 7172/11010/2670 7174/11012/2670 7173/11013/2670
f 7173/11013/2671 7174/11012/2671 7176/11014/2671 7175/11015/2671
f 7175/11015/2672 7176/11014/2672 7178/11016/2672 7177/11017/2672
f 7177/11017/2673 7178/11016/2673 7180/11018/2673 7179/11019/2673
f 7179/11019/2674 7180/11018/2674 7182/11020/2674 7181/11021/2674
f 7181/11021/2675 7182/11020/2675 7184/11022/2675 7183/11023/2675
f 7183/11023/2676 7184/11022/2676 7186/11024/2676 7185/11025/2676
f 7185/11025/2677 7186/11024/2677 7188/11026/2677 7187/11027/2677
f 7187/11027/2678 7188/11026/2678 7190/11028/2678 7189/11029/2678
f 7189/11029/2679 7190/11028/2679 7192/11030/2679 7191/11031/2679
f 7191/11031/2680 7192/11030/2680 7194/11032/2680 7193/11033/2680
f 7193/11033/2681 7194/11032/2681 7196/11034/2681 7195/11035/2681
f 7195/11035/2682 7196/11034/2682 7198/11036/2682 7197/11037/2682
f 7197/11037/2683 7198/11036/2683 7200/11038/2683 7199/11039/2683
f 7199/11039/2684 7200/11038/2684 7202/11040/2684 7201/11041/2684
f 7201/11041/2685 7202/11040/2685 7204/11042/2685 7203/11043/2685
f 7203/11043/2686 7204/11042/2686 7206/11044/2686 7205/11045/2686
f 7205/11045/2687 7206/11044/2687 7208/11046/2687 7207/11047/2687
f 7207/11047/2688 7208/11046/2688 7210/11048/2688 7209/11049/2688
f 7209/11049/2689 7210/11048/2689 7212/11050/2689 7211/11051/2689
f 7211/11051/2690 7212/11050/2690 7214/11052/2690 7213/11053/2690
f 7213/11053/2691 7214/11052/2691 7216/11054/2691 7215/11055/2691
f 7215/11055/2692 7216/11054/2692 7218/11056/2692 7217/11057/2692
f 7217/11057/2693 7218/11056/2693 7220/11058/2693 7219/11059/2693
f 7219/11059/2694 7220/11058/2694 7222/11060/2694 7221/11061/2694
f 7221/11061/2695 7222/11060/2695 7224/11062/2695 7223/11063/2695
f 7223/11063/2696 7224/11062/2696 7226/11064/2696 7225/11065/2696
f 7225/11065/2697 7226/11064/2697 7228/11066/2697 7227/11067/2697
f 7227/11067/2698 7228/11066/2698 7230/11068/2698 7229/11069/2698
f 7229/11069/2699 7230/11068/2699 7232/11070/2699 7231/11071/2699
f 7231/11071/2700 7232/11070/2700 7234/11072/2700 7233/11073/2700
f 7233/11073/2701 7234/11072/2701 7236/11074/2701 7235/11075/2701
f 7235/11075/2702 7236/11074/2702 7238/11076/2702 7237/11077/2702
f 7237/11077/2703 7238/11076/2703 7240/11078/2703 7239/11079/2703
f 7239/11079/2704 7240/11078/2704 7242/11080/2704 7241/11081/2704
f 7241/11081/2705 7242/11080/2705 7244/11082/2705 7243/11083/2705
f 7243/11083/2706 7244/11082/2706 7246/11084/2706 7245/11085/2706
f 7245/11085/2707 7246/11084/2707 7248/11086/2707 7247/11087/2707
f 7247/11087/2708 7248/11086/2708 7250/11088/2708 7249/11089/2708
f 7249/11089/2709 7250/11088/2709 7252/11090/2709 7251/11091/2709
f 7251/11091/2710 7252/11090/2710 7254/11092/2710 7253/11093/2710
f 7253/11093/2711 7254/11092/2711 7256/11094/2711 7255/11095/2711
f 7255/11095/2712 7256/11094/2712 7258/11096/2712 7257/11097/2712
f 7257/11097/2713 7258/11096/2713 7260/11098/2713 7259/11099/2713
f 7259/11099/2714 7260/11098/2714 7262/11100/2714 7261/11101/2714
f 7261/11101/2715 7262/11100/2715 7264/11102/2715 7263/11103/2715
f 7263/11103/2716 7264/11102/2716 7266/11104/2716 7265/11105/2716
f 7265/11105/2717 7266/11104/2717 7268/11106/2717 7267/11107/2717
f 7267/11107/2718 7268/11106/2718 7270/11108/2718 7269/11109/2718
f 7269/11109/2719 7270/11108/2719 7272/11110/2719 7271/11111/2719
f 7271/11111/2720 7272/11110/2720 7274/11112/2720 7273/11113/2720
f 7273/11113/2721 7274/11112/2721 7276/11114/2721 7275/11115/2721
f 7275/11115/2722 7276/11114/2722 7278/11116/2722 7277/11117/2722
f 7277/11117/2723 7278/11116/2723 7280/11118/2723 7279/11119/2723
f 7279/11119/2724 7280/11118/2724 7282/11120/2724 7281/11121/2724
f 7281/11121/2725 7282/11120/2725 7284/11122/2725 7283/11123/2725
f 7283/11123/2726 7284/11122/2726 7286/11124/2726 7285/11125/2726
f 7285/11125/2727 7286/11124/2727 7288/11126/2727 7287/11127/2727
f 7287/11127/2728 7288/11126/2728 7290/11128/2728 7289/11129/2728
f 7289/11129/2729 7290/11128/2729 7292/11130/2729 7291/11131/2729
f 7291/11131/2730 7292/11130/2730 7294/11132/2730 7293/11133/2730
f 7293/11133/2731 7294/11132/2731 7296/11134/2731 7295/11135/2731
f 7295/11135/2732 7296/11134/2732 7298/11136/2732 7297/11137/2732
f 7297/11137/2733 7298/11136/2733 7300/11138/2733 7299/11139/2733
f 7299/11139/2734 7300/11138/2734 7302/11140/2734 7301/11141/2734
f 7301/11141/2735 7302/11140/2735 7304/11142/2735 7303/11143/2735
f 7303/11143/2736 7304/11142/2736 7306/11144/2736 7305/11145/2736
f 7305/11145/2737 7306/11144/2737 7308/11146/2737 7307/11147/2737
f 7307/11147/2738 7308/11146/2738 7310/11148/2738 7309/11149/2738
f 7309/11149/2739 7310/11148/2739 7312/11150/2739 7311/11151/2739
f 7311/11151/2740 7312/11150/2740 7314/11152/2740 7313/11153/2740
f 7313/11153/2741 7314/11152/2741 7316/11154/2741 7315/11155/2741
f 7315/11155/2742 7316/11154/2742 7318/11156/2742 7317/11157/2742
f 7317/11157/2743 7318/11156/2743 7320/11158/2743 7319/11159/2743
f 7319/11159/2744 7320/11158/2744 7322/11160/2744 7321/11161/2744
f 7321/11161/2745 7322/11160/2745 7324/11162/2745 7323/11163/2745
f 7323/11163/2746 7324/11162/2746 7326/11164/2746 7325/11165/2746
f 7325/11165/2747 7326/11164/2747 7328/11166/2747 7327/11167/2747
f 7327/11167/2748 7328/11166/2748 7330/11168/2748 7329/11169/2748
f 7329/11169/2749 7330/11168/2749 7332/11170/2749 7331/11171/2749
f 7331/11171/2750 7332/11170/2750 7334/11172/2750 7333/11173/2750
f 7333/11173/2751 7334/11172/2751 7336/11174/2751 7335/11175/2751
f 7335/11175/2752 7336/11174/2752 7338/11176/2752 7337/11177/2752
f 7337/11177/2753 7338/11176/2753 7340/11178/2753 7339/11179/2753
f 7339/11179/2754 7340/11178/2754 7342/11180/2754 7341/11181/2754
f 7341/11181/2755 7342/11180/2755 7344/11182/2755 7343/11183/2755
f 7343/11183/2756 7344/11182/2756 7346/11184/2756 7345/11185/2756
f 7345/11185/2757 7346/11184/2757 7348/11186/2757 7347/11187/2757
f 7347/11187/2758 7348/11186/2758 7350/11188/2758 7349/11189/2758
f 7349/11189/2759 7350/11188/2759 7352/11190/2759 7351/11191/2759
f 7351/11191/2760 7352/11190/2760 7354/11192/2760 7353/11193/2760
f 7353/11193/2761 7354/11192/2761 7356/11194/2761 7355/11195/2761
f 7355/11195/2762 7356/11194/2762 7358/11196/2762 7357/11197/2762
f 7357/11197/2763 7358/11196/2763 7360/11198/2763 7359/11199/2763
f 7359/11199/2764 7360/11198/2764 7362/11200/2764 7361/11201/2764
f 7361/11201/2765 7362/11200/2765 7364/11202/2765 7363/11203/2765
f 7363/11203/2766 7364/11202/2766 7366/11204/2766 7365/11205/2766
f 7365/11205/2767 7366/11204/2767 7368/11206/2767 7367/11207/2767
f 7367/11207/2768 7368/11206/2768 7370/11208/2768 7369/11209/2768
f 7369/11209/2769 7370/11208/2769 7372/11210/2769 7371/11211/2769
f 7371/11211/2770 7372/11210/2770 7374/11212/2770 7373/11213/2770
f 7373/11213/2771 7374/11212/2771 7376/11214/2771 7375/11215/2771
f 7375/11215/2772 7376/11214/2772 7378/11216/2772 7377/11217/2772
f 7377/11217/2773 7378/11216/2773 7380/11218/2773 7379/11219/2773
f 7379/11219/2774 7380/11218/2774 7382/11220/2774 7381/11221/2774
f 7381/11221/2775 7382/11220/2775 7384/11222/2775 7383/11223/2775
f 7383/11223/2776 7384/11222/2776 7386/11224/2776 7385/11225/2776
f 7385/11225/2777 7386/11224/2777 7388/11226/2777 7387/11227/2777
f 7387/11227/2778 7388/11226/2778 7390/11228/2778 7389/11229/2778
f 7389/11229/2779 7390/11228/2779 7392/11230/2779 7391/11231/2779
f 7391/11231/2780 7392/11230/2780 7394/11232/2780 7393/11233/2780
f 7393/11233/2781 7394/11232/2781 7396/11234/2781 7395/11235/2781
f 7395/11235/2782 7396/11234/2782 7398/11236/2782 7397/11237/2782
f 7397/11237/2783 7398/11236/2783 7400/11238/2783 7399/11239/2783
f 7399/11239/2784 7400/11238/2784 7402/11240/2784 7401/11241/2784
f 7401/11241/2785 7402/11240/2785 7404/11242/2785 7403/11243/2785
f 7403/11243/2786 7404/11242/2786 7406/11244/2786 7405/11245/2786
f 7405/11245/2787 7406/11244/2787 7408/11246/2787 7407/11247/2787
f 7407/11247/2788 7408/11246/2788 7410/11248/2788 7409/11249/2788
f 7409/11249/2789 7410/11248/2789 7412/11250/2789 7411/11251/2789
f 7411/11251/2790 7412/11250/2790 7414/11252/2790 7413/11253/2790
f 7413/11253/2791 7414/11252/2791 7416/11254/2791 7415/11255/2791
f 7415/11255/2792 7416/11254/2792 7418/11256/2792 7417/11257/2792
f 7417/11257/2793 7418/11256/2793 7420/11258/2793 7419/11259/2793
f 7419/11259/2794 7420/11258/2794 7422/11260/2794 7421/11261/2794
f 7421/11261/2795 7422/11260/2795 7424/11262/2795 7423/11263/2795
f 7423/11263/2796 7424/11262/2796 7426/11264/2796 7425/11265/2796
f 7425/11265/2797 7426/11264/2797 7428/11266/2797 7427/11267/2797
f 7427/11267/2798 7428/11266/2798 7430/11268/2798 7429/11269/2798
f 7429/11269/2799 7430/11268/2799 7432/11270/2799 7431/11271/2799
f 7431/11271/2800 7432/11270/2800 7434/11272/2800 7433/11273/2800
f 7433/11273/2801 7434/11272/2801 7436/11274/2801 7435/11275/2801
f 7435/11275/2802 7436/11274/2802 7438/11276/2802 7437/11277/2802
f 7437/11277/2803 7438/11276/2803 7440/11278/2803 7439/11279/2803
f 7439/11279/2804 7440/11278/2804 7442/11280/2804 7441/11281/2804
f 7441/11281/2805 7442/11280/2805 7444/11282/2805 7443/11283/2805
f 7443/11283/2806 7444/11282/2806 7446/11284/2806 7445/11285/2806
f 7445/11285/2807 7446/11284/2807 7448/11286/2807 7447/11287/2807
f 7447/11287/2808 7448/11286/2808 7450/11288/2808 7449/11289/2808
f 7449/11289/2809 7450/11288/2809 7452/11290/2809 7451/11291/2809
f 7451/11291/2810 7452/11290/2810 7454/11292/2810 7453/11293/2810
f 7453/11293/2811 7454/11292/2811 7456/11294/2811 7455/11295/2811
f 7455/11295/2812 7456/11294/2812 7458/11296/2812 7457/11297/2812
f 7457/11297/2813 7458/11296/2813 7460/11298/2813 7459/11299/2813
f 7459/11299/2814 7460/11298/2814 7462/11300/2814 7461/11301/2814
f 7461/11301/2815 7462/11300/2815 7464/11302/2815 7463/11303/2815
f 7463/11303/2816 7464/11302/2816 7466/11304/2816 7465/11305/2816
f 7465/11305/2817 7466/11304/2817 7468/11306/2817 7467/11307/2817
f 7467/11307/2818 7468/11306/2818 7470/11308/2818 7469/11309/2818
f 7469/11309/2819 7470/11308/2819 7472/11310/2819 7471/11311/2819
f 7471/11311/2820 7472/11310/2820 7474/11312/2820 7473/11313/2820
f 7473/11313/2821 7474/11312/2821 7476/11314/2821 7475/11315/2821
f 7475/11315/2822 7476/11314/2822 7478/11316/2822 7477/11317/2822
f 7477/11317/2823 7478/11316/2823 7480/11318/2823 7479/11319/2823
f 7479/11319/2824 7480/11318/2824 7482/11320/2824 7481/11321/2824
f 7481/11321/2825 7482/11320/2825 7484/11322/2825 7483/11323/2825
f 7483/11323/2826 7484/11322/2826 7486/11324/2826 7485/11325/2826
f 7485/11325/2827 7486/11324/2827 7488/11326/2827 7487/11327/2827
f 7487/11327/2828 7488/11326/2828 7490/11328/2828 7489/11329/2828
f 7489/11329/2829 7490/11328/2829 7492/11330/2829 7491/11331/2829
f 7491/11331/2830 7492/11330/2830 7494/11332/2830 7493/11333/2830
f 7493/11333/2831 7494/11332/2831 7496/11334/2831 7495/11335/2831
f 7495/11335/2832 7496/11334/2832 7498/11336/2832 7497/11337/2832
f 7497/11337/2833 7498/11336/2833 7500/11338/2833 7499/11339/2833
f 7499/11339/2834 7500/11338/2834 7502/11340/2834 7501/11341/2834
f 7501/11341/2835 7502/11340/2835 7504/11342/2835 7503/11343/2835
f 7503/11343/2836 7504/11342/2836 7506/11344/2836 7505/11345/2836
f 7505/11345/2837 7506/11344/2837 7508/11346/2837 7507/11347/2837
f 7507/11347/2838 7508/11346/2838 7510/11348/2838 7509/11349/2838
f 7509/11349/2839 7510/11348/2839 7512/11350/2839 7511/11351/2839
f 7511/11351/2840 7512/11350/2840 7514/11352/2840 7513/11353/2840
f 7513/11353/2841 7514/11352/2841 7516/11354/2841 7515/11355/2841
f 7515/11355/2842 7516/11354/2842 7518/11356/2842 7517/11357/2842
f 7517/11357/2843 7518/11356/2843 7520/11358/2843 7519/11359/2843
f 7519/11359/2844 7520/11358/2844 7522/11360/2844 7521/11361/2844
f 7521/11361/2845 7522/11360/2845 7524/11362/2845 7523/11363/2845
f 7523/11363/2846 7524/11362/2846 7526/11364/2846 7525/11365/2846
f 7525/11365/2847 7526/11364/2847 7528/11366/2847 7527/11367/2847
f 7527/11367/2848 7528/11366/2848 7530/11368/2848 7529/11369/2848
f 7529/11369/2849 7530/11368/2849 7532/11370/2849 7531/11371/2849
f 7531/11371/2850 7532/11370/2850 7534/11372/2850 7533/11373/2850
f 7533/11373/2851 7534/11372/2851 7536/11374/2851 7535/11375/2851
f 7535/11375/2852 7536/11374/2852 7538/11376/2852 7537/11377/2852
f 7537/11377/2853 7538/11376/2853 7540/11378/2853 7539/11379/2853
f 7539/11379/2854 7540/11378/2854 7542/11380/2854 7541/11381/2854
f 7541/11381/2855 7542/11380/2855 7544/11382/2855 7543/11383/2855
f 7543/11383/2856 7544/11382/2856 7546/11384/2856 7545/11385/2856
f 7545/11385/2857 7546/11384/2857 7548/11386/2857 7547/11387/2857
f 7547/11387/2858 7548/11386/2858 7550/11388/2858 7549/11389/2858
f 7549/11389/2859 7550/11388/2859 7552/11390/2859 7551/11391/2859
f 7551/11391/2860 7552/11390/2860 7554/11392/2860 7553/11393/2860
f 7553/11393/2861 7554/11392/2861 7556/11394/2861 7555/11395/2861
f 7555/11395/2862 7556/11394/2862 7558/11396/2862 7557/11397/2862
f 7557/11397/2863 7558/11396/2863 7560/11398/2863 7559/11399/2863
f 7559/11399/2864 7560/11398/2864 7562/11400/2864 7561/11401/2864
f 7561/11401/2865 7562/11400/2865 7564/11402/2865 7563/11403/2865
f 7563/11403/2866 7564/11402/2866 7566/11404/2866 7565/11405/2866
f 7565/11405/2867 7566/11404/2867 7568/11406/2867 7567/11407/2867
f 7567/11407/2868 7568/11406/2868 7570/11408/2868 7569/11409/2868
f 7569/11409/2869 7570/11408/2869 7572/11410/2869 7571/11411/2869
f 7571/11411/2870 7572/11410/2870 7574/11412/2870 7573/11413/2870
f 7573/11413/2871 7574/11412/2871 7576/11414/2871 7575/11415/2871
f 7575/11415/2872 7576/11414/2872 7578/11416/2872 7577/11417/2872
f 7577/11417/2873 7578/11416/2873 7580/11418/2873 7579/11419/2873
f 7579/11419/2874 7580/11418/2874 7582/11420/2874 7581/11421/2874
f 7581/11421/2875 7582/11420/2875 7584/11422/2875 7583/11423/2875
f 7583/11423/2876 7584/11422/2876 7586/11424/2876 7585/11425/2876
f 7585/11425/2877 7586/11424/2877 7588/11426/2877 7587/11427/2877
f 7587/11427/2878 7588/11426/2878 7590/11428/2878 7589/11429/2878
f 7589/11429/2879 7590/11428/2879 7592/11430/2879 7591/11431/2879
f 7591/11431/2880 7592/11430/2880 7594/11432/2880 7593/11433/2880
f 7593/11433/2881 7594/11432/2881 7596/11434/2881 7595/11435/2881
f 7595/11435/2882 7596/11434/2882 7598/11436/2882 7597/11437/2882
f 7597/11437/2883 7598/11436/2883 7600/11438/2883 7599/11439/2883
f 7599/11439/2884 7600/11438/2884 7602/11440/2884 7601/11441/2884
f 7601/11441/2885 7602/11440/2885 7604/11442/2885 7603/11443/2885
f 7603/11443/2886 7604/11442/2886 7606/11444/2886 7605/11445/2886
f 7605/11445/2887 7606/11444/2887 7608/11446/2887 7607/11447/2887
f 7607/11447/2888 7608/11446/2888 7610/11448/2888 7609/11449/2888
f 7609/11449/2889 7610/11448/2889 7612/11450/2889 7611/11451/2889
f 7611/11451/2890 7612/11450/2890 7614/11452/2890 7613/11453/2890
f 7613/11453/2891 7614/11452/2891 7616/11454/2891 7615/11455/2891
f 7615/11455/2892 7616/11454/2892 7618/11456/2892 7617/11457/2892
f 7617/11457/2893 7618/11456/2893 7620/11458/2893 7619/11459/2893
f 7619/11459/2894 7620/11458/2894 7622/11460/2894 7621/11461/2894
f 7621/11461/2895 7622/11460/2895 7624/11462/2895 7623/11463/2895
f 7623/11463/2896 7624/11462/2896 7626/11464/2896 7625/11465/2896
f 7625/11465/2897 7626/11464/2897 7628/11466/2897 7627/11467/2897
f 7627/11467/2898 7628/11466/2898 7630/11468/2898 7629/11469/2898
f 7629/11469/2899 7630/11468/2899 7632/11470/2899 7631/11471/2899
f 7631/11471/2900 7632/11470/2900 7634/11472/2900 7633/11473/2900
f 7633/11473/2901 7634/11472/2901 7636/11474/2901 7635/11475/2901
f 7635/11475/2902 7636/11474/2902 7638/11476/2902 7637/11477/2902
f 7637/11477/2903 7638/11476/2903 7640/11478/2903 7639/11479/2903
f 7639/11479/2904 7640/11478/2904 7642/11480/2904 7641/11481/2904
f 7641/11481/2905 7642/11480/2905 7644/11482/2905 7643/11483/2905
f 7643/11483/2906 7644/11482/2906 7646/11484/2906 7645/11485/2906
f 7645/11485/2907 7646/11484/2907 7648/11486/2907 7647/11487/2907
f 7647/11487/2908 7648/11486/2908 7650/11488/2908 7649/11489/2908
f 7649/11489/2909 7650/11488/2909 7652/11490/2909 7651/11491/2909
f 7651/11491/2910 7652/11490/2910 7654/11492/2910 7653/11493/2910
f 7653/11493/2911 7654/11492/2911 7656/11494/2911 7655/11495/2911
f 7655/11495/2912 7656/11494/2912 7658/11496/2912 7657/11497/2912
f 7657/11497/2913 7658/11496/2913 7660/11498/2913 7659/11499/2913
f 7659/11499/2914 7660/11498/2914 7662/11500/2914 7661/11501/2914
f 7661/11501/2915 7662/11500/2915 7664/11502/2915 7663/11503/2915
f 7663/11503/2916 7664/11502/2916 7666/11504/2916 7665/11505/2916
f 7665/11505/2917 7666/11504/2917 7668/11506/2917 7667/11507/2917
f 7667/11507/2918 7668/11506/2918 7670/11508/2918 7669/11509/2918
f 7669/11509/2919 7670/11508/2919 7672/11510/2919 7671/11511/2919
f 7671/11511/2920 7672/11510/2920 7674/11512/2920 7673/11513/2920
f 7673/11513/2921 7674/11512/2921 7676/11514/2921 7675/11515/2921
f 7675/11515/2922 7676/11514/2922 7678/11516/2922 7677/11517/2922
f 7677/11517/2923 7678/11516/2923 7680/11518/2923 7679/11519/2923
f 7679/11519/2924 7680/11518/2924 7682/11520/2924 7681/11521/2924
f 7681/11521/2925 7682/11520/2925 7684/11522/2925 7683/11523/2925
f 7683/11523/2926 7684/11522/2926 7686/11524/2926 7685/11525/2926
f 7685/11525/2927 7686/11524/2927 7688/11526/2927 7687/11527/2927
f 7687/11527/2928 7688/11526/2928 7690/11528/2928 7689/11529/2928
f 7689/11529/2929 7690/11528/2929 7692/11530/2929 7691/11531/2929
f 7691/11531/2930 7692/11530/2930 7694/11532/2930 7693/11533/2930
f 7693/11533/2931 7694/11532/2931 7696/11534/2931 7695/11535/2931
f 7695/11535/2932 7696/11534/2932 7698/11536/2932 7697/11537/2932
f 7697/11537/2933 7698/11536/2933 7700/11538/2933 7699/11539/2933
f 7699/11539/2934 7700/11538/2934 7702/11540/2934 7701/11541/2934
f 7701/11541/2935 7702/11540/2935 7704/11542/2935 7703/11543/2935
f 7703/11543/2936 7704/11542/2936 7706/11544/2936 7705/11545/2936
f 7705/11545/2937 7706/11544/2937 7708/11546/2937 7707/11547/2937
f 7707/11547/2938 7708/11546/2938 7710/11548/2938 7709/11549/2938
f 7709/11549/2939 7710/11548/2939 7712/11550/2939 7711/11551/2939
f 7711/11551/2940 7712/11550/2940 7714/11552/2940 7713/11553/2940
f 7713/11553/2941 7714/11552/2941 7716/11554/2941 7715/11555/2941
f 7715/11555/2942 7716/11554/2942 7718/11556/2942 7717/11557/2942
f 7717/11557/2943 7718/11556/2943 7720/11558/2943 7719/11559/2943
f 7719/11559/2944 7720/11558/2944 7722/11560/2944 7721/11561/2944
f 7721/11561/2945 7722/11560/2945 7724/11562/2945 7723/11563/2945
f 7723/11563/2946 7724/11562/2946 7726/11564/2946 7725/11565/2946
f 7725/11565/2947 7726/11564/2947 7728/11566/2947 7727/11567/2947
f 7727/11567/2948 7728/11566/2948 7730/11568/2948 7729/11569/2948
f 7729/11569/2949 7730/11568/2949 7732/11570/2949 7731/11571/2949
f 7731/11571/2950 7732/11570/2950 7734/11572/2950 7733/11573/2950
f 7733/11573/2951 7734/11572/2951 7736/11574/2951 7735/11575/2951
f 7735/11575/2952 7736/11574/2952 7738/11576/2952 7737/11577/2952
f 7737/11577/2953 7738/11576/2953 7740/11578/2953 7739/11579/2953
f 7739/11579/2954 7740/11578/2954 7742/11580/2954 7741/11581/2954
f 7741/11581/2955 7742/11580/2955 7744/11582/2955 7743/11583/2955
f 7743/11583/2956 7744/11582/2956 7746/11584/2956 7745/11585/2956
f 7745/11585/2957 7746/11584/2957 7748/11586/2957 7747/11587/2957
f 7747/11587/2958 7748/11586/2958 7750/11588/2958 7749/11589/2958
f 7749/11589/2959 7750/11588/2959 7752/11590/2959 7751/11591/2959
f 7751/11591/2960 7752/11590/2960 7754/11592/2960 7753/11593/2960
f 7753/11593/2961 7754/11592/2961 7756/11594/2961 7755/11595/2961
f 7755/11595/2962 7756/11594/2962 7758/11596/2962 7757/11597/2962
f 7757/11597/2963 7758/11596/2963 7760/11598/2963 7759/11599/2963
f 7759/11599/2964 7760/11598/2964 7762/11600/2964 7761/11601/2964
f 7761/11601/2965 7762/11600/2965 7764/11602/2965 7763/11603/2965
f 7763/11603/2966 7764/11602/2966 7766/11604/2966 7765/11605/2966
f 7765/11605/2967 7766/11604/2967 7768/11606/2967 7767/11607/2967
f 7767/11607/2968 7768/11606/2968 7770/11608/2968 7769/11609/2968
f 7769/11609/2969 7770/11608/2969 7772/11610/2969 7771/11611/2969
f 7771/11611/2970 7772/11610/2970 7774/11612/2970 7773/11613/2970
f 7773/11613/2971 7774/11612/2971 7776/11614/2971 7775/11615/2971
f 7775/11615/2972 7776/11614/2972 7778/11616/2972 7777/11617/2972
f 7777/11617/2973 7778/11616/2973 7780/11618/2973 7779/11619/2973
f 7779/11619/2974 7780/11618/2974 7782/11620/2974 7781/11621/2974
f 7781/11621/2975 7782/11620/2975 7784/11622/2975 7783/11623/2975
f 7783/11623/2976 7784/11622/2976 7786/11624/2976 7785/11625/2976
f 7785/11625/2977 7786/11624/2977 7788/11626/2977 7787/11627/2977
f 7787/11627/2978 7788/11626/2978 7790/11628/2978 7789/11629/2978
f 7789/11629/2979 7790/11628/2979 7792/11630/2979 7791/11631/2979
f 7791/11631/2980 7792/11630/2980 7794/11632/2980 7793/11633/2980
f 7793/11633/2981 7794/11632/2981 7796/11634/2981 7795/11635/2981
f 7795/11635/2982 7796/11634/2982 7798/11636/2982 7797/11637/2982
f 7797/11637/2983 7798/11636/2983 7800/11638/2983 7799/11639/2983
f 7799/11639/2984 7800/11638/2984 7802/11640/2984 7801/11641/2984
f 7801/11641/2985 7802/11640/2985 7804/11642/2985 7803/11643/2985
f 7803/11643/2986 7804/11642/2986 7806/11644/2986 7805/11645/2986
f 7805/11645/2987 7806/11644/2987 7808/11646/2987 7807/11647/2987
f 7807/11647/2988 7808/11646/2988 7810/11648/2988 7809/11649/2988
f 7809/11649/2989 7810/11648/2989 7812/11650/2989 7811/11651/2989
f 7811/11651/2990 7812/11650/2990 7814/11652/2990 7813/11653/2990
f 7813/11653/2991 7814/11652/2991 7816/11654/2991 7815/11655/2991
f 7815/11655/2992 7816/11654/2992 7818/11656/2992 7817/11657/2992
f 7817/11657/2993 7818/11656/2993 7820/11658/2993 7819/11659/2993
f 7819/11659/2994 7820/11658/2994 7822/11660/2994 7821/11661/2994
f 7821/11661/2995 7822/11660/2995 7824/11662/2995 7823/11663/2995
f 7823/11663/2996 7824/11662/2996 7826/11664/2996 7825/11665/2996
f 7825/11665/2997 7826/11664/2997 7828/11666/2997 7827/11667/2997
f 7827/11667/2998 7828/11666/2998 7830/11668/2998 7829/11669/2998
f 7829/11669/2999 7830/11668/2999 7832/11670/2999 7831/11671/2999
f 7831/11671/3000 7832/11670/3000 7834/11672/3000 7833/11673/3000
f 7833/11673/3001 7834/11672/3001 7836/11674/3001 7835/11675/3001
f 7835/11675/3002 7836/11674/3002 7838/11676/3002 7837/11677/3002
f 7837/11677/3003 7838/11676/3003 7840/11678/3003 7839/11679/3003
f 7839/11679/3004 7840/11678/3004 7842/11680/3004 7841/11681/3004
f 7841/11681/3005 7842/11680/3005 7844/11682/3005 7843/11683/3005
f 7843/11683/3006 7844/11682/3006 7846/11684/3006 7845/11685/3006
f 7845/11685/3007 7846/11684/3007 7848/11686/3007 7847/11687/3007
f 7847/11687/3008 7848/11686/3008 7850/11688/3008 7849/11689/3008
f 7849/11689/3009 7850/11688/3009 7852/11690/3009 7851/11691/3009
f 7851/11691/3010 7852/11690/3010 7854/11692/3010 7853/11693/3010
f 7853/11693/3011 7854/11692/3011 7856/11694/3011 7855/11695/3011
f 7855/11695/3012 7856/11694/3012 7858/11696/3012 7857/11697/3012
f 7857/11697/3013 7858/11696/3013 7860/11698/3013 7859/11699/3013
f 7859/11699/3014 7860/11698/3014 7862/11700/3014 7861/11701/3014
f 7861/11701/3015 7862/11700/3015 7864/11702/3015 7863/11703/3015
f 7863/11703/3016 7864/11702/3016 7866/11704/3016 7865/11705/3016
f 7865/11705/3017 7866/11704/3017 7868/11706/3017 7867/11707/3017
f 6874/11708/3018 6872/11709/3018 7870/11710/3018 7868/11711/3018 7866/11712/3018 7864/11713/3018 7862/11714/3018 7860/11715/3018 7858/11716/3018 7856/11717/3018 7854/11718/3018 7852/11719/3018 7850/11720/3018 7848/11721/3018 7846/11722/3018 7844/11723/3018 7842/11724/3018 7840/11725/3018 7838/11726/3018 7836/11727/3018 7834/11728/3018 7832/11729/3018 7830/11730/3018 7828/11731/3018 7826/11732/3018 7824/11733/3018 7822/11734/3018 7820/11735/3018 7818/11736/3018 7816/11737/3018 7814/11738/3018 7812/11739/3018 7810/11740/3018 7808/11741/3018 7806/11742/3018 7804/11743/3018 7802/11744/3018 7800/11745/3018 7798/11746/3018 7796/11747/3018 7794/11748/3018 7792/11749/3018 7790/11750/3018 7788/11751/3018 7786/11752/3018 7784/11753/3018 7782/11754/3018 7780/11755/3018 7778/11756/3018 7776/11757/3018 7774/11758/3018 7772/11759/3018 7770/11760/3018 7768/11761/3018 7766/11762/3018 7764/11763/3018 7762/11764/3018 7760/11765/3018 7758/11766/3018 7756/11767/3018 7754/11768/3018 7752/11769/3018 7750/11770/3018 7748/11771/3018 7746/11772/3018 7744/11773/3018 7742/11774/3018 7740/11775/3018 7738/11776/3018 7736/11777/3018 7734/11778/3018 7732/11779/3018 7730/11780/3018 7728/11781/3018 7726/11782/3018 7724/11783/3018 7722/11784/3018 7720/11785/3018 7718/11786/3018 7716/11787/3018 7714/11788/3018 7712/11789/3018 7710/11790/3018 7708/11791/3018 7706/11792/3018 7704/11793/3018 7702/11794/3018 7700/11795/3018 7698/11796/3018 7696/11797/3018 7694/11798/3018 7692/11799/3018 7690/11800/3018 7688/11801/3018 7686/11802/3018 7684/11803/3018 7682/11804/3018 7680/11805/3018 7678/11806/3018 7676/11807/3018 7674/11808/3018 7672/11809/3018 7670/11810/3018 7668/11811/3018 7666/11812/3018 7664/11813/3018 7662/11814/3018 7660/11815/3018 7658/11816/3018 7656/11817/3018 7654/11818/3018 7652/11819/3018 7650/11820/3018 7648/11821/3018 7646/11822/3018 7644/11823/3018 7642/11824/3018 7640/11825/3018 7638/11826/3018 7636/11827/3018 7634/11828/3018 7632/11829/3018 7630/11830/3018 7628/11831/3018 7626/11832/3018 7624/11833/3018 7622/11834/3018 7620/11835/3018 7618/11836/3018 7616/11837/3018 7614/11838/3018 7612/11839/3018 7610/11840/3018 7608/11841/3018 7606/11842/3018 7604/11843/3018 7602/11844/3018 7600/11845/3018 7598/11846/3018 7596/11847/3018 7594/11848/3018 7592/11849/3018 7590/11850/3018 7588/11851/3018 7586/11852/3018 7584/11853/3018 7582/11854/3018 7580/11855/3018 7578/11856/3018 7576/11857/3018 7574/11858/3018 7572/11859/3018 7570/11860/3018 7568/11861/3018 7566/11862/3018 7564/11863/3018 7562/11864/3018 7560/11865/3018 7558/11866/3018 7556/11867/3018 7554/11868/3018 7552/11869/3018 7550/11870/3018 7548/11871/3018 7546/11872/3018 7544/11873/3018 7542/11874/3018 7540/11875/3018 7538/11876/3018 7536/11877/3018 7534/11878/3018 7532/11879/3018 7530/11880/3018 7528/11881/3018 7526/11882/3018 7524/11883/3018 7522/11884/3018 7520/11885/3018 7518/11886/3018 7516/11887/3018 7514/11888/3018 7512/11889/3018 7510/11890/3018 7508/11891/3018 7506/11892/3018 7504/11893/3018 7502/11894/3018 7500/11895/3018 7498/11896/3018 7496/11897/3018 7494/11898/3018 7492/11899/3018 7490/11900/3018 7488/11901/3018 7486/11902/3018 7484/11903/3018 7482/11904/3018 7480/11905/3018 7478/11906/3018 7476/11907/3018 7474/11908/3018 7472/11909/3018 7470/11910/3018 7468/11911/3018 7466/11912/3018 7464/11913/3018 7462/11914/3018 7460/11915/3018 7458/11916/3018 7456/11917/3018 7454/11918/3018 7452/11919/3018 7450/11920/3018 7448/11921/3018 7446/11922/3018 7444/11923/3018 7442/11924/3018 7440/11925/3018 7438/11926/3018 7436/11927/3018 7434/11928/3018 7432/11929/3018 7430/11930/3018 7428/11931/3018 7426/11932/3018 7424/11933/3018 7422/11934/3018 7420/11935/3018 7418/11936/3018 7416/11937/3018 7414/11938/3018 7412/11939/3018 7410/11940/3018 7408/11941/3018 7406/11942/3018 7404/11943/3018 7402/11944/3018 7400/11945/3018 7398/11946/3018 7396/11947/3018 7394/11948/3018 7392/11949/3018 7390/11950/3018 7388/11951/3018 7386/11952/3018 7384/11953/3018 7382/11954/3018 7380/11955/3018 7378/11956/3018 7376/11957/3018 7374/11958/3018 7372/11959/3018 7370/11960/3018 7368/11961/3018 7366/11962/3018 7364/11963/3018 7362/11964/3018 7360/11965/3018 7358/11966/3018 7356/11967/3018 7354/11968/3018 7352/11969/3018 7350/11970/3018 7348/11971/3018 7346/11972/3018 7344/11973/3018 7342/11974/3018 7340/11975/3018 7338/11976/3018 7336/11977/3018 7334/11978/3018 7332/11979/3018 7330/11980/3018 7328/11981/3018 7326/11982/3018 7324/11983/3018 7322/11984/3018 7320/11985/3018 7318/11986/3018 7316/11987/3018 7314/11988/3018 7312/11989/3018 7310/11990/3018 7308/11991/3018 7306/11992/3018 7304/11993/3018 7302/11994/3018 7300/11995/3018 7298/11996/3018 7296/11997/3018 7294/11998/3018 7292/11999/3018 7290/12000/3018 7288/12001/3018 7286/12002/3018 7284/12003/3018 7282/12004/3018 7280/12005/3018 7278/12006/3018 7276/12007/3018 7274/12008/3018 7272/12009/3018 7270/12010/3018 7268/12011/3018 7266/12012/3018 7264/12013/3018 7262/12014/3018 7260/12015/3018 7258/12016/3018 7256/12017/3018 7254/12018/3018 7252/12019/3018 7250/12020/3018 7248/12021/3018 7246/12022/3018 7244/12023/3018 7242/12024/3018 7240/12025/3018 7238/12026/3018 7236/12027/3018 7234/12028/3018 7232/12029/3018 7230/12030/3018 7228/12031/3018 7226/12032/3018 7224/12033/3018 7222/12034/3018 7220/12035/3018 7218/12036/3018 7216/12037/3018 7214/12038/3018 7212/12039/3018 7210/12040/3018 7208/12041/3018 7206/12042/3018 7204/12043/3018 7202/12044/3018 7200/12045/3018 7198/12046/3018 7196/12047/3018 7194/12048/3018 7192/12049/3018 7190/12050/3018 7188/12051/3018 7186/12052/3018 7184/12053/3018 7182/12054/3018 7180/12055/3018 7178/12056/3018 7176/12057/3018 7174/12058/3018 7172/12059/3018 7170/12060/3018 7168/12061/3018 7166/12062/3018 7164/12063/3018 7162/12064/3018 7160/12065/3018 7158/12066/3018 7156/12067/3018 7154/12068/3018 7152/12069/3018 7150/12070/3018 7148/12071/3018 7146/12072/3018 7144/12073/3018 7142/12074/3018 7140/12075/3018 7138/12076/3018 7136/12077/3018 7134/12078/3018 7132/12079/3018 7130/12080/3018 7128/12081/3018 7126/12082/3018 7124/12083/3018 7122/12084/3018 7120/12085/3018 7118/12086/3018 7116/12087/3018 7114/12088/3018 7112/12089/3018 7110/12090/3018 7108/12091/3018 7106/12092/3018 7104/12093/3018 7102/12094/3018 7100/12095/3018 7098/12096/3018 7096/12097/3018 7094/12098/3018 7092/12099/3018 7090/12100/3018 7088/12101/3018 7086/12102/3018 7084/12103/3018 7082/12104/3018 7080/12105/3018 7078/12106/3018 7076/12107/3018 7074/12108/3018 7072/12109/3018 7070/12110/3018 7068/12111/3018 7066/12112/3018 7064/12113/3018 7062/12114/3018 7060/12115/3018 7058/12116/3018 7056/12117/3018 7054/12118/3018 7052/12119/3018 7050/12120/3018 7048/12121/3018 7046/12122/3018 7044/12123/3018 7042/12124/3018 7040/12125/3018 7038/12126/3018 7036/12127/3018 7034/12128/3018 7032/12129/3018 7030/12130/3018 7028/12131/3018 7026/12132/3018 7024/12133/3018 7022/12134/3018 7020/12135/3018 7018/12136/3018 7016/12137/3018 7014/12138/3018 7012/12139/3018 7010/12140/3018 7008/12141/3018 7006/12142/3018 7004/12143/3018 7002/12144/3018 7000/12145/3018 6998/12146/3018 6996/12147/3018 6994/12148/3018 6992/12149/3018 6990/12150/3018 6988/12151/3018 6986/12152/3018 6984/12153/3018 6982/12154/3018 6980/12155/3018 6978/12156/3018 6976/12157/3018 6974/12158/3018 6972/12159/3018 6970/12160/3018 6968/12161/3018 6966/12162/3018 6964/12163/3018 6962/12164/3018 6960/12165/3018 6958/12166/3018 6956/12167/3018 6954/12168/3018 6952/12169/3018 6950/12170/3018 6948/12171/3018 6946/12172/3018 6944/12173/3018 6942/12174/3018 6940/12175/3018 6938/12176/3018 6936/12177/3018 6934/12178/3018 6932/12179/3018 6930/12180/3018 6928/12181/3018 6926/12182/3018 6924/12183/3018 6922/12184/3018 6920/12185/3018 6918/12186/3018 6916/12187/3018 6914/12188/3018 6912/12189/3018 6910/12190/3018 6908/12191/3018 6906/12192/3018 6904/12193/3018 6902/12194/3018 6900/12195/3018 6898/12196/3018 6896/12197/3018 6894/12198/3018 6892/12199/3018 6890/12200/3018 6888/12201/3018 6886/12202/3018 6884/12203/3018 6882/12204/3018 6880/12205/3018 6878/12206/3018 6876/12207/3018
f 7867/11707/3019 7868/11706/3019 7870/12208/3019 7869/12209/3019
f 7869/12209/3020 7870/12208/3020 6872/12210/3020 6871/12211/3020
f 6871/12212/3021 6873/12213/3021 6875/12214/3021 6877/12215/3021 6879/12216/3021 6881/12217/3021 6883/12218/3021 6885/12219/3021 6887/12220/3021 6889/12221/3021 6891/12222/3021 6893/12223/3021 6895/12224/3021 6897/12225/3021 6899/12226/3021 6901/12227/3021 6903/12228/3021 6905/12229/3021 6907/12230/3021 6909/12231/3021 6911/12232/3021 6913/12233/3021 6915/12234/3021 6917/12235/3021 6919/12236/3021 6921/12237/3021 6923/12238/3021 6925/12239/3021 6927/12240/3021 6929/12241/3021 6931/12242/3021 6933/12243/3021 6935/12244/3021 6937/12245/3021 6939/12246/3021 6941/12247/3021 6943/12248/3021 6945/12249/3021 6947/12250/3021 6949/12251/3021 6951/12252/3021 6953/12253/3021 6955/12254/3021 6957/12255/3021 6959/12256/3021 6961/12257/3021 6963/12258/3021 6965/12259/3021 6967/12260/3021 6969/12261/3021 6971/12262/3021 6973/12263/3021 6975/12264/3021 6977/12265/3021 6979/12266/3021 6981/12267/3021 6983/12268/3021 6985/12269/3021 6987/12270/3021 6989/12271/3021 6991/12272/3021 6993/12273/3021 6995/12274/3021 6997/12275/3021 6999/12276/3021 7001/12277/3021 7003/12278/3021 7005/12279/3021 7007/12280/3021 7009/12281/3021 7011/12282/3021 7013/12283/3021 7015/12284/3021 7017/12285/3021 7019/12286/3021 7021/12287/3021 7023/12288/3021 7025/12289/3021 7027/12290/3021 7029/12291/3021 7031/12292/3021 7033/12293/3021 7035/12294/3021 7037/12295/3021 7039/12296/3021 7041/12297/3021 7043/12298/3021 7045/12299/3021 7047/12300/3021 7049/12301/3021 7051/12302/3021 7053/12303/3021 7055/12304/3021 7057/12305/3021 7059/12306/3021 7061/12307/3021 7063/12308/3021 7065/12309/3021 7067/12310/3021 7069/12311/3021 7071/12312/3021 7073/12313/3021 7075/12314/3021 7077/12315/3021 7079/12316/3021 7081/12317/3021 7083/12318/3021 7085/12319/3021 7087/12320/3021 7089/12321/3021 7091/12322/3021 7093/12323/3021 7095/12324/3021 7097/12325/3021 7099/12326/3021 7101/12327/3021 7103/12328/3021 7105/12329/3021 7107/12330/3021 7109/12331/3021 7111/12332/3021 7113/12333/3021 7115/12334/3021 7117/12335/3021 7119/12336/3021 7121/12337/3021 7123/12338/3021 7125/12339/3021 7127/12340/3021 7129/12341/3021 7131/12342/3021 7133/12343/3021 7135/12344/3021 7137/12345/3021 7139/12346/3021 7141/12347/3021 7143/12348/3021 7145/12349/3021 7147/12350/3021 7149/12351/3021 7151/12352/3021 7153/12353/3021 7155/12354/3021 7157/12355/3021 7159/12356/3021 7161/12357/3021 7163/12358/3021 7165/12359/3021 7167/12360/3021 7169/12361/3021 7171/12362/3021 7173/12363/3021 7175/12364/3021 7177/12365/3021 7179/12366/3021 7181/12367/3021 7183/12368/3021 7185/12369/3021 7187/12370/3021 7189/12371/3021 7191/12372/3021 7193/12373/3021 7195/12374/3021 7197/12375/3021 7199/12376/3021 7201/12377/3021 7203/12378/3021 7205/12379/3021 7207/12380/3021 7209/12381/3021 7211/12382/3021 7213/12383/3021 7215/12384/3021 7217/12385/3021 7219/12386/3021 7221/12387/3021 7223/12388/3021 7225/12389/3021 7227/12390/3021 7229/12391/3021 7231/12392/3021 7233/12393/3021 7235/12394/3021 7237/12395/3021 7239/12396/3021 7241/12397/3021 7243/12398/3021 7245/12399/3021 7247/12400/3021 7249/12401/3021 7251/12402/3021 7253/12403/3021 7255/12404/3021 7257/12405/3021 7259/12406/3021 7261/12407/3021 7263/12408/3021 7265/12409/3021 7267/12410/3021 7269/12411/3021 7271/12412/3021 7273/12413/3021 7275/12414/3021 7277/12415/3021 7279/12416/3021 7281/12417/3021 7283/12418/3021 7285/12419/3021 7287/12420/3021 7289/12421/3021 7291/12422/3021 7293/12423/3021 7295/12424/3021 7297/12425/3021 7299/12426/3021 7301/12427/3021 7303/12428/3021 7305/12429/3021 7307/12430/3021 7309/12431/3021 7311/12432/3021 7313/12433/3021 7315/12434/3021 7317/12435/3021 7319/12436/3021 7321/12437/3021 7323/12438/3021 7325/12439/3021 7327/12440/3021 7329/12441/3021 7331/12442/3021 7333/12443/3021 7335/12444/3021 7337/12445/3021 7339/12446/3021 7341/12447/3021 7343/12448/3021 7345/12449/3021 7347/12450/3021 7349/12451/3021 7351/12452/3021 7353/12453/3021 7355/12454/3021 7357/12455/3021 7359/12456/3021 7361/12457/3021 7363/12458/3021 7365/12459/3021 7367/12460/3021 7369/12461/3021 7371/12462/3021 7373/12463/3021 7375/12464/3021 7377/12465/3021 7379/12466/3021 7381/12467/3021 7383/12468/3021 7385/12469/3021 7387/12470/3021 7389/12471/3021 7391/12472/3021 7393/12473/3021 7395/12474/3021 7397/12475/3021 7399/12476/3021 7401/12477/3021 7403/12478/3021 7405/12479/3021 7407/12480/3021 7409/12481/3021 7411/12482/3021 7413/12483/3021 7415/12484/3021 7417/12485/3021 7419/12486/3021 7421/12487/3021 7423/12488/3021 7425/12489/3021 7427/12490/3021 7429/12491/3021 7431/12492/3021 7433/12493/3021 7435/12494/3021 7437/12495/3021 7439/12496/3021 7441/12497/3021 7443/12498/3021 7445/12499/3021 7447/12500/3021 7449/12501/3021 7451/12502/3021 7453/12503/3021 7455/12504/3021 7457/12505/3021 7459/12506/3021 7461/12507/3021 7463/12508/3021 7465/12509/3021 7467/12510/3021 7469/12511/3021 7471/12512/3021 7473/12513/3021 7475/12514/3021 7477/12515/3021 7479/12516/3021 7481/12517/3021 7483/12518/3021 7485/12519/3021 7487/12520/3021 7489/12521/3021 7491/12522/3021 7493/12523/3021 7495/12524/3021 7497/12525/3021 7499/12526/3021 7501/12527/3021 7503/12528/3021 7505/12529/3021 7507/12530/3021 7509/12531/3021 7511/12532/3021 7513/12533/3021 7515/12534/3021 7517/12535/3021 7519/12536/3021 7521/12537/3021 7523/12538/3021 7525/12539/3021 7527/12540/3021 7529/12541/3021 7531/12542/3021 7533/12543/3021 7535/12544/3021 7537/12545/3021 7539/12546/3021 7541/12547/3021 7543/12548/3021 7545/12549/3021 7547/12550/3021 7549/12551/3021 7551/12552/3021 7553/12553/3021 7555/12554/3021 7557/12555/3021 7559/12556/3021 7561/12557/3021 7563/12558/3021 7565/12559/3021 7567/12560/3021 7569/12561/3021 7571/12562/3021 7573/12563/3021 7575/12564/3021 7577/12565/3021 7579/12566/3021 7581/12567/3021 7583/12568/3021 7585/12569/3021 7587/12570/3021 7589/12571/3021 7591/12572/3021 7593/12573/3021 7595/12574/3021 7597/12575/3021 7599/12576/3021 7601/12577/3021 7603/12578/3021 7605/12579/3021 7607/12580/3021 7609/12581/3021 7611/12582/3021 7613/12583/3021 7615/12584/3021 7617/12585/3021 7619/12586/3021 7621/12587/3021 7623/12588/3021 7625/12589/3021 7627/12590/3021 7629/12591/3021 7631/12592/3021 7633/12593/3021 7635/12594/3021 7637/12595/3021 7639/12596/3021 7641/12597/3021 7643/12598/3021 7645/12599/3021 7647/12600/3021 7649/12601/3021 7651/12602/3021 7653/12603/3021 7655/12604/3021 7657/12605/3021 7659/12606/3021 7661/12607/3021 7663/12608/3021 7665/12609/3021 7667/12610/3021 7669/12611/3021 7671/12612/3021 7673/12613/3021 7675/12614/3021 7677/12615/3021 7679/12616/3021 7681/12617/3021 7683/12618/3021 7685/12619/3021 7687/12620/3021 7689/12621/3021 7691/12622/3021 7693/12623/3021 7695/12624/3021 7697/12625/3021 7699/12626/3021 7701/12627/3021 7703/12628/3021 7705/12629/3021 7707/12630/3021 7709/12631/3021 7711/12632/3021 7713/12633/3021 7715/12634/3021 7717/12635/3021 7719/12636/3021 7721/12637/3021 7723/12638/3021 7725/12639/3021 7727/12640/3021 7729/12641/3021 7731/12642/3021 7733/12643/3021 7735/12644/3021 7737/12645/3021 7739/12646/3021 7741/12647/3021 7743/12648/3021 7745/12649/3021 7747/12650/3021 7749/12651/3021 7751/12652/3021 7753/12653/3021 7755/12654/3021 7757/12655/3021 7759/12656/3021 7761/12657/3021 7763/12658/3021 7765/12659/3021 7767/12660/3021 7769/12661/3021 7771/12662/3021 7773/12663/3021 7775/12664/3021 7777/12665/3021 7779/12666/3021 7781/12667/3021 7783/12668/3021 7785/12669/3021 7787/12670/3021 7789/12671/3021 7791/12672/3021 7793/12673/3021 7795/12674/3021 7797/12675/3021 7799/12676/3021 7801/12677/3021 7803/12678/3021 7805/12679/3021 7807/12680/3021 7809/12681/3021 7811/12682/3021 7813/12683/3021 7815/12684/3021 7817/12685/3021 7819/12686/3021 7821/12687/3021 7823/12688/3021 7825/12689/3021 7827/12690/3021 7829/12691/3021 7831/12692/3021 7833/12693/3021 7835/12694/3021 7837/12695/3021 7839/12696/3021 7841/12697/3021 7843/12698/3021 7845/12699/3021 7847/12700/3021 7849/12701/3021 7851/12702/3021 7853/12703/3021 7855/12704/3021 7857/12705/3021 7859/12706/3021 7861/12707/3021 7863/12708/3021 7865/12709/3021 7867/12710/3021 7869/12711/3021
